{"x": [2.7626013800034803, 2.762552364283078, 2.7640239452810436, 2.7656544271854764, 2.769538360655667, 2.775074043896167, 2.783005727307529, 2.793108533716339, 2.8041975497484093, 2.811950302607022, 2.819351436605599, 2.8268459204104506, 2.833718146934962, 2.840680282748008, 2.8481924239001075, 2.8535228536827635, 2.8599353463854773, 2.8653292782168975, 2.872635272382725, 2.876951298532704, 2.8833886924013776, 2.88839357958815, 2.8949150100805157, 2.8990892825052956, 2.904889345434549, 2.9094844051935103, 2.9153461696227008, 2.9245060997309786, 2.9341949888791925, 2.9427146136985547, 2.951708526547192, 2.959611294118264, 2.9679512785904683, 2.975245127056767, 2.9828625711440435, 2.9894764490538943, 2.996464455700144, 3.00244987830901, 3.0087867902704626, 3.0141034522317605, 3.019747358069892, 3.0243329287733673, 3.0292276619003107, 3.0329953468927306, 3.037024679463462, 3.039825122780896, 3.0428300942490516, 3.0444422838139498, 3.046153067971995, 3.0461998078303627, 3.0461494819276145, 3.0444719158663633, 3.042395726185874, 3.0380629860584034, 3.0318308564064704, 3.0228822331498515, 3.017556082275414, 3.0109540690352317, 3.0043165485012038, 2.9973233201174754, 2.989362387363711, 2.981744236691379, 2.9740927728762534, 2.96712250567767, 2.9599896563280597, 2.9536306450770375, 2.9470216599739487, 2.9410609260320997, 2.9356293481225766, 2.928738106714692, 2.9244210327183593, 2.9184110513372366, 2.9135500520499527, 2.907430652746765, 2.903421807524732, 2.8980172237283757, 2.8936744665174086, 2.88821599138101, 2.879686922580406, 2.87066662521945, 2.862768023814568, 2.854413452133109, 2.8470848705811367, 2.8393214983906954, 2.8325274586378533, 2.8254155182324636, 2.8192214052996936, 2.8126245822594766, 2.806948215679161, 2.8008691202188745, 2.795741659610113, 2.7902061822420983, 2.7856877888790743, 2.780740089323934, 2.7769266823684084, 2.7726818760041434, 2.7697562852566673, 2.7663929269063425, 2.764661373540563, 2.7625339508762483, 2.7626013800034803], "y": [1.8961779316277252, 1.8856114513945699, 1.8751478307771674, 1.8646704015955724, 1.8548037884839137, 1.8451400873902328, 1.8373222036593824, 1.8325469601484448, 1.8311673328933027, 1.8311601968188636, 1.8334685389393928, 1.8353025786077946, 1.838810211941291, 1.842279434611304, 1.8442979925927234, 1.8499708351125272, 1.8543838342355687, 1.8600082535704643, 1.862719534209878, 1.869147590587904, 1.8734496773729357, 1.8792564152627165, 1.8832860610295528, 1.889700426290358, 1.8946932112839265, 1.9006468853760614, 1.905358628913273, 1.9171565942345372, 1.9285155339174243, 1.9407758796133312, 1.9526854382126746, 1.9653453876232252, 1.9777192153309873, 1.9907371540191463, 2.0033823387244536, 2.016580170730041, 2.029583143811514, 2.0430770039722987, 2.056410092824482, 2.0701818326251282, 2.083823093076738, 2.0978555626078568, 2.111816098242313, 2.126122024195666, 2.1403582768872034, 2.154886316289983, 2.169386885599422, 2.1841075244656225, 2.1988237476947616, 2.21363900415393, 2.2266413075441682, 2.2395350346336653, 2.2523974842162313, 2.264684897932763, 2.276875240467973, 2.2872369986650813, 2.2918172700603336, 2.2942173097199854, 2.2964206670705596, 2.2964995291462484, 2.2964244056961154, 2.294112291041443, 2.2920172095872666, 2.2882291177200913, 2.284889518408781, 2.2802426442643986, 2.275991890636089, 2.27087161316549, 2.2651844156921994, 2.2613953464732917, 2.254833469442168, 2.24977624867776, 2.243667859469999, 2.2388207278488643, 2.232123841313524, 2.22649271324984, 2.220193354184423, 2.2148317766167867, 2.2022105015591027, 2.1899428185457115, 2.1769246041196126, 2.164201249113081, 2.1508605398726037, 2.1377701266193707, 2.1241513935378924, 2.1109364501436274, 2.0972672369175656, 2.0837880471828423, 2.0698961253368746, 2.056174848628937, 2.0420703109258898, 2.028119843448975, 2.013807569907247, 1.9996012828496659, 1.985049435879543, 1.9706137245943725, 1.9558540138872758, 1.941166133582568, 1.9261979095670216, 1.911263226790379, 1.8961779316277252]}