{"x": [2.1503094531549447, 2.150222299826079, 2.1521464788816513, 2.154930699394654, 2.159592416746397, 2.1675249009407387, 2.1796331537572735, 2.1867999859987526, 2.1961552033429608, 2.2051989029315324, 2.2148614178348205, 2.223565044728718, 2.2319357888287783, 2.2404926647925123, 2.2483905118347756, 2.256481112354927, 2.2651115529247123, 2.2714025518962866, 2.278920195690845, 2.2854052260866, 2.2937388206161633, 2.3063573711805985, 2.319716623080309, 2.3312185699954435, 2.3431200691034904, 2.35340695160676, 2.364134701002167, 2.3733752598410285, 2.382974147397217, 2.3911827449613132, 2.3996858604532156, 2.4068801790640055, 2.414154672576996, 2.42024570869399, 2.426515806608805, 2.4316704131757434, 2.43695153131515, 2.4412012306873088, 2.4455347954114797, 2.448892378143739, 2.4523037825327054, 2.4547964785380647, 2.4573167685860224, 2.458972619455549, 2.4606199016161163, 2.461466094601507, 2.462281376627445, 2.4623177214986054, 2.462293271700745, 2.4613391407716336, 2.460280984922745, 2.458317279576978, 2.4561800431204746, 2.4531347432701285, 2.4498381488544876, 2.4455851937576645, 2.440779450746272, 2.434814400280723, 2.428165058568904, 2.420020744684923, 2.4102284746793177, 2.3979205658892773, 2.390673851431324, 2.3823280849366397, 2.373218537609883, 2.3631971208226794, 2.3523349550708663, 2.342358662856923, 2.3330256835051837, 2.3248139233710354, 2.3172563577777914, 2.3100528246787038, 2.2978729443903383, 2.2867652589378116, 2.2771492350588796, 2.2678135635686756, 2.259543019029632, 2.251883058955192, 2.243616587797877, 2.2375543061871803, 2.2306121726040655, 2.2244129914975423, 2.2173920014582347, 2.2123774842389428, 2.2064133561443797, 2.201297922334131, 2.1952200321157807, 2.1911387864884735, 2.186041150433405, 2.181830697257235, 2.1763777465644636, 2.1732816576319136, 2.168988344327426, 2.1650994869177795, 2.16191272522453, 2.1585611465687933, 2.156097971594283, 2.1534404367048436, 2.1519682168838377, 2.1502942025724194, 2.1503094531549447], "y": [0.8342516057541751, 0.8166316010101802, 0.7991167587944127, 0.7817205316210556, 0.7647308584321879, 0.7477393678354401, 0.7334206642655027, 0.7268623686206584, 0.7242442329126927, 0.7207490832320789, 0.7215493202481947, 0.7211979787285954, 0.7236077930747387, 0.7250243501184235, 0.7286091474925781, 0.7319864640719055, 0.7335290526836528, 0.7396432362726705, 0.7441648444820026, 0.7500458079946908, 0.7527277015959085, 0.7642899828709517, 0.7749123788924223, 0.7875223006097959, 0.7994090138271098, 0.812717645631072, 0.8256618888365487, 0.8397064647147556, 0.8534969679354817, 0.8681576482548911, 0.8826452030981232, 0.8978252557373844, 0.91257396465123, 0.9278494989959709, 0.9430502507402753, 0.9586645714937827, 0.974232998961, 0.990114000121212, 1.0059711093500863, 1.0220631674692664, 1.038132986619073, 1.0543706968652071, 1.0706032794173872, 1.0869466804140302, 1.1032893956100134, 1.1196931096993596, 1.136098097214483, 1.1525232906441967, 1.170839898138741, 1.1891316542619763, 1.207417419035612, 1.2256282056323595, 1.2438222823298255, 1.2618865663002954, 1.2799074740906984, 1.2977269304593941, 1.3160191200059879, 1.3339667531993509, 1.3516805809710113, 1.3687587421976715, 1.3856588584900542, 1.4008251983179363, 1.4076721975592403, 1.4131260448858276, 1.4174281396241648, 1.4184591959820891, 1.4177590414637116, 1.4134058294505556, 1.4080401171492856, 1.4010786253853604, 1.393688875224485, 1.385953610779962, 1.3686820556218595, 1.351370065126528, 1.333187167233658, 1.3148696235639035, 1.2960471566348828, 1.2774876774772486, 1.25919028122669, 1.2400464812410614, 1.2212038933739098, 1.202111702992432, 1.1833061910658182, 1.1638678146084716, 1.1446994803482455, 1.125601644526926, 1.1067879727263763, 1.0874421813615383, 1.0683390319863086, 1.049015650098377, 1.030005486178048, 1.0104735617979825, 0.9911694353599287, 0.9717762777129951, 0.9522554599693189, 0.9327603564488227, 0.9131332091827169, 0.8935203388860662, 0.8737830710467612, 0.8540527796788754, 0.8342516057541751]}