{"x": [2.150306391646504, 2.1517290667132407, 2.1573503108835688, 2.1627542422458017, 2.169913362605199, 2.1779561201757325, 2.1868335147968714, 2.194628445578423, 2.2021658971664837, 2.209767274165217, 2.2169191629247615, 2.223716598283855, 2.2317068274849294, 2.2366718983759175, 2.2445518306270484, 2.2504277968767643, 2.258227944609959, 2.262736957356059, 2.270053036159192, 2.275388633894101, 2.2828000751957873, 2.287255327634455, 2.293968447881651, 2.29900091591669, 2.3058027245276618, 2.3101287798912864, 2.3162775789876138, 2.3210733608677394, 2.327421050704403, 2.3373096105060966, 2.347800486261618, 2.3570917395280335, 2.366940079333789, 2.375611450701711, 2.3847628404593775, 2.3927469235846845, 2.4012151936696857, 2.4084966335413083, 2.416231297297924, 2.4227404707850178, 2.429666972132243, 2.435308781575797, 2.441344528382408, 2.446000770140107, 2.450974821039868, 2.4544431231774975, 2.458146482718474, 2.4601486587146333, 2.4622419766751262, 2.462318979766069, 2.462250484952387, 2.4602285682930662, 2.457741616619183, 2.4525886911793835, 2.4454187683722752, 2.4355254927634014, 2.429772016111266, 2.423021932957835, 2.4162268867271615, 2.409153399128413, 2.4010166792995062, 2.3931713647939206, 2.385296993576774, 2.37803405960877, 2.3706298677879922, 2.36394799969291, 2.3569736843616433, 2.350755701683092, 2.3453549506114815, 2.337617979728461, 2.3335665863311617, 2.3268327920912446, 2.3219498226160193, 2.315074922910348, 2.311212822173247, 2.305159347774747, 2.300750743503922, 2.294611685914716, 2.285540390971349, 2.275776640619896, 2.2672869840711574, 2.2581736079248618, 2.250200495538574, 2.241649477271513, 2.2341504777093584, 2.2262166226620383, 2.219262797155399, 2.2117909944221257, 2.205294975392614, 2.1982805353675983, 2.19227539570448, 2.1857375575726925, 2.1802941342972937, 2.1742667907941517, 2.1695018769872063, 2.164119442305015, 2.1602871557605994, 2.1557691414798725, 2.1533384949487226, 2.151156492298632, 2.150306391646504], "y": [0.8340659545880158, 0.8173473603653677, 0.801537964073775, 0.7946697976074111, 0.7896576942109238, 0.7858942886191532, 0.7860968613890755, 0.786031404871923, 0.7880193822365955, 0.7895956603176804, 0.7926149436824689, 0.7968529163912735, 0.7974201707045454, 0.8039377270853753, 0.8061820839748697, 0.8115726079214087, 0.8132286342274664, 0.8198358389039136, 0.8230702384660136, 0.8288906793788584, 0.831614036395548, 0.8380740269229674, 0.8421378635896279, 0.8479911626188051, 0.8516411275047143, 0.8580020874618558, 0.8626247313220841, 0.8686110910829955, 0.8729172332968949, 0.8844206651262534, 0.895369559640292, 0.9073532726682578, 0.9188803119502379, 0.9313169413222789, 0.9433205838824367, 0.9561303374263941, 0.9686245320994363, 0.9818456187475281, 0.9948085799337784, 1.0084281998498794, 1.0218409936966206, 1.0358427595099355, 1.0497333178867676, 1.064145023692381, 1.0784526333628541, 1.0931977938271604, 1.1079053612262806, 1.1229392796100486, 1.1379698127516884, 1.1531452197356753, 1.1664759863438843, 1.1796527038002462, 1.1927868556923433, 1.2051212885518134, 1.2170793730376341, 1.2269041720359226, 1.2310558282915363, 1.2332410332414674, 1.2352074708434035, 1.235280294669506, 1.2352234221929754, 1.2330646066934094, 1.231100452242474, 1.2274792072978487, 1.2242773223565435, 1.2197577247576248, 1.2157194304635135, 1.210592483364603, 1.204361533086479, 1.2015098432258422, 1.194391815191009, 1.189729613275732, 1.1832713765604421, 1.1789949333650214, 1.1718945366166473, 1.166538520952504, 1.1599777904240534, 1.1549987394502144, 1.1422656590733142, 1.1300671012208745, 1.116949884813066, 1.1042676754560856, 1.0908392899301271, 1.0777746767504168, 1.0640790921880159, 1.0508742486450833, 1.0371280397230411, 1.0236568686251837, 1.0096889760281984, 0.9959732466185917, 0.9817865662553587, 0.9678358308036713, 0.9534227988490386, 0.9391885356882532, 0.9244834782640967, 0.9099859575766264, 0.8950038919969681, 0.8801703282995897, 0.8648556613934621, 0.849526389395456, 0.8340659545880158]}