{"x": [2.2076428015026908, 2.207487723248827, 2.2084925245905165, 2.2096159132221533, 2.212220651393851, 2.2158395857189253, 2.220704230668888, 2.2263887438197583, 2.232373205656471, 2.2372042434415533, 2.241857181851826, 2.246551275819838, 2.250946129252204, 2.2551024176487053, 2.260057712054631, 2.2630352405028566, 2.2678617910550853, 2.271398115912199, 2.276218164260859, 2.278907303586787, 2.2833482223971844, 2.2865722325299815, 2.291062763404405, 2.2937519730819096, 2.2977825353798775, 2.3008130526665873, 2.304903183032707, 2.311174226661358, 2.3140420354045315, 2.3178547526409496, 2.3237572772085575, 2.330031010587616, 2.335567208968435, 2.3414495967863584, 2.3466137244641674, 2.3520704847676748, 2.3568212163850575, 2.361880055647991, 2.3662228776717744, 2.370860590274065, 2.374758554921258, 2.3789369255619857, 2.3823361260456797, 2.3860103442565426, 2.3888395458204825, 2.3919082446552244, 2.3940389967407785, 2.39636978822895, 2.39761304386349, 2.3989735891825066, 2.398994779842857, 2.398968122815553, 2.3978096044238457, 2.3964082625394396, 2.3934203084094086, 2.3892439901325044, 2.3834761885218683, 2.3762866348334386, 2.3684154989782944, 2.3634415772345174, 2.358649622335123, 2.353833457330468, 2.3493770212591274, 2.3448317592854018, 2.340702236367215, 2.336402538637408, 2.332533929343047, 2.329150337726246, 2.32437201396431, 2.321812039337018, 2.317602654455887, 2.314530993602696, 2.310242837475986, 2.307776982653483, 2.3039831489146954, 2.3011853217940694, 2.2973367249788184, 2.291586338821536, 2.288984350575604, 2.2854160406465405, 2.2800322410833855, 2.2742676757655067, 2.2692184760099465, 2.263813394400301, 2.2590801489229575, 2.2540694118936213, 2.2496945941380324, 2.244996896640331, 2.240935800181957, 2.236553207786351, 2.232830008560231, 2.2287805129358316, 2.2254408640334087, 2.2217512683146725, 2.2188665726230328, 2.2156264938235295, 2.2133461422824614, 2.2106935234452507, 2.2092787237050597, 2.2080317478233686, 2.2076428015026908], "y": [0.900026540027165, 0.8942384728384323, 0.88853617985141, 0.8828319398606623, 0.8776342774104221, 0.8728188919868869, 0.8692664488927334, 0.8673345206465481, 0.8668525942665282, 0.8669372907684133, 0.8682396976666336, 0.8693144174171931, 0.8712828696088367, 0.8740175193403606, 0.8744626033095455, 0.8785720054867553, 0.8801395742032166, 0.8836075049761336, 0.8847473607816462, 0.888903142490188, 0.8910895166673963, 0.8947510249223776, 0.896657859079697, 0.9006946682751773, 0.9033932317323695, 0.9070782918546962, 0.9095348212598442, 0.9165417290462573, 0.9203244979634982, 0.9231523690609469, 0.9304660680222525, 0.9374589196600648, 0.9450490587910806, 0.9523722690352645, 0.9602185216470694, 0.9677922787806597, 0.9758277364047245, 0.9836724862850739, 0.9919351645580787, 1.000036968964548, 1.0085195089397772, 1.0168680156029843, 1.025562944055166, 1.0341783796745236, 1.043107054205658, 1.0519582685758258, 1.0610808122953652, 1.070168429421753, 1.0794674449300925, 1.0887577816345293, 1.098147190061199, 1.1057044864981111, 1.1131725033144115, 1.1206233465935849, 1.127591198110704, 1.1343090897383201, 1.1397224220623827, 1.1430853879261402, 1.1441073673728335, 1.144055629166646, 1.1427215592294366, 1.1415358049317221, 1.1393582751044484, 1.1374448066236011, 1.134748919291912, 1.1323431607593026, 1.129292105726611, 1.1255429446156495, 1.1239081592195337, 1.1195891661076205, 1.1168526993134427, 1.1129566474414403, 1.1104614445199679, 1.1061691696079063, 1.102989407118536, 1.0990292199646727, 1.0960797757044471, 1.0884083340892028, 1.0843361912387408, 1.0810773794189683, 1.07315083047197, 1.0655024552479102, 1.0573640623659863, 1.0494595154330584, 1.0411352643152105, 1.0331089967778107, 1.024719156149738, 1.0165060605737868, 1.0079602548028015, 0.999574132739978, 0.9908751703374142, 0.9823223201038004, 0.9734681455437859, 0.9647188814700938, 0.9556722650216338, 0.9467429801936481, 0.937521796158209, 0.9283760589375867, 0.9189590935187613, 0.9095298870395221, 0.900026540027165]}