{"x": [2.2818419792805797, 2.283196759835975, 2.288078818583602, 2.2973784707914007, 2.309237014894949, 2.3159940051281214, 2.3225535436933935, 2.328812039875644, 2.334740300445291, 2.34546981663714, 2.3547207505428474, 2.362320764316369, 2.368181077493013, 2.3720390216541025, 2.3734776914301348, 2.371940111290716, 2.366653247287331, 2.3567516706638965, 2.350432265558499, 2.343725303994167, 2.336847510597322, 2.330234097742068, 2.324019238002585, 2.318225733413902, 2.3129051341501685, 2.307991802787398, 2.299348473814618, 2.2923508183000245, 2.2869152835011683, 2.2832523293483864, 2.2818419792805797], "y": [1.1363116683521297, 1.1244993623953299, 1.1136581675924013, 1.1058998169027918, 1.1034400469230592, 1.1041042920935031, 1.1058566027019152, 1.108458094473805, 1.1117432520835433, 1.119863952921655, 1.1296357757651936, 1.1406001989470145, 1.1525850024305686, 1.1653756914525415, 1.1786578482082204, 1.1916737732554465, 1.2036665847077228, 1.212676166039995, 1.215037284620831, 1.2157628384875194, 1.2149730099809337, 1.2129259043448049, 1.209913483932899, 1.2061539011235414, 1.201852786501213, 1.1970917426619625, 1.1865017041200512, 1.175003817179261, 1.162690265772192, 1.1497175848305288, 1.1363116683521297]}