{"x": [2.181166745715284, 2.182406247217489, 2.1869243485882466, 2.1951792662249154, 2.205268190751545, 2.212045769989592, 2.218635202534791, 2.224947495815823, 2.23096409884852, 2.236638236822513, 2.2419957169978884, 2.251710492182205, 2.2599406018331947, 2.2664924328578504, 2.2709878295464794, 2.272763668520452, 2.271401725063119, 2.2665550425751984, 2.257701295723661, 2.2465135979428763, 2.239616444091136, 2.2329596241048115, 2.226662433794129, 2.220741342950004, 2.2152447775502817, 2.2101155019193395, 2.2009390251116745, 2.193288867463602, 2.1871720233333147, 2.182891078803716, 2.181166745715284], "y": [0.98065076022991, 0.9705955469989589, 0.9615274470272215, 0.9554489686767613, 0.9536309570868194, 0.9542874700423347, 0.9560038523776648, 0.9585250752852847, 0.961687684866406, 0.9653579095584744, 0.9694766226109505, 0.9788567768367635, 0.9894979256027138, 1.001247064386078, 1.0139633906375265, 1.027333504349082, 1.038512737983573, 1.0486783576644776, 1.055918834359805, 1.0582955452072782, 1.0575697871148473, 1.0556244841222595, 1.0527576076602618, 1.0491779052043422, 1.045072146486502, 1.0405158302832127, 1.0303309241497924, 1.0191362305904432, 1.0070353920321509, 0.9941340250739741, 0.98065076022991]}