{"x": [2.2817028293540504, 2.282990609048514, 2.2875979848806387, 2.2968778410373636, 2.3093609008292963, 2.316539000948984, 2.323449770349341, 2.3299686352307747, 2.3360763315007302, 2.3417181626195904, 2.346944843925154, 2.3561432421195128, 2.36354255616739, 2.369165260824041, 2.372817613704534, 2.3741674124770458, 2.3727336942768504, 2.367744485391625, 2.3578927195120327, 2.351287147281572, 2.3441466316526705, 2.3368044895435376, 2.3298226796723127, 2.3233593823403327, 2.3174129582363756, 2.3071005469414985, 2.298535861714593, 2.2917180892060056, 2.2864845859824876, 2.283005110940399, 2.2817028293540504], "y": [1.2247421981336981, 1.2123118014745293, 1.2006952087904712, 1.1918398052113557, 1.1888890220831725, 1.1896987266624721, 1.1918015840349756, 1.194872934384433, 1.1986971779155742, 1.2030833535065888, 1.2079568119519872, 1.2188771991001688, 1.2308663551020917, 1.2437843620056988, 1.2574047161859476, 1.271441516848235, 1.2852189675166232, 1.298141099287234, 1.30843515141229, 1.3112908363453353, 1.3121861337719352, 1.3112219763238195, 1.3087539849831697, 1.305191012618181, 1.300819625555574, 1.2905265379140904, 1.2787392716121015, 1.2661756256307053, 1.25287383378396, 1.2389930533553, 1.2247421981336981]}