{"x": [2.2065808640337488, 2.208883834526729, 2.2176149901021724, 2.2258031166695846, 2.236982962890204, 2.2508474970630377, 2.2661168992538325, 2.2778610172960496, 2.2891868458807703, 2.3096273009971613, 2.32639491185349, 2.3394993590880198, 2.3488739659352986, 2.355214053778986, 2.3588193266723994, 2.360034702448877, 2.356786479302917, 2.347219181587754, 2.3393491390281325, 2.3288362278686665, 2.314248272088405, 2.2949827905504856, 2.2813192706472107, 2.2693587022596726, 2.2507746885764823, 2.237082603182382, 2.226335079279362, 2.2181398537435335, 2.211993705770504, 2.207993845076183, 2.2065808640337488], "y": [0.7471751275669867, 0.717874178089256, 0.6898096767449338, 0.6768028446414146, 0.6662560851136546, 0.6594808062772717, 0.6572503202593493, 0.6584419233280461, 0.6617690592333515, 0.673380658344573, 0.689595206094939, 0.708891262563959, 0.72952614491639, 0.7512858533099793, 0.7736355639704335, 0.7962415459434414, 0.834337745364222, 0.871355824438416, 0.8895604798569924, 0.9063779037902988, 0.9204762310143146, 0.9268333141091292, 0.9240635226720795, 0.9169005397320644, 0.8966548403619752, 0.8735997009423697, 0.8490333950326323, 0.8242952182052795, 0.7989700532617281, 0.7732077616686828, 0.7471751275669867]}