{"x": [2.2592221369100822, 2.2607511052418263, 2.266025279464805, 2.27456945697256, 2.2843822025005074, 2.296817278898682, 2.308565743537218, 2.319367089540051, 2.329108959337549, 2.33762131916367, 2.3445516082431093, 2.3494132333935687, 2.3513512285010663, 2.3496693683365892, 2.3439814550587124, 2.334678221502302, 2.323726320432417, 2.3173843985463165, 2.311194886170731, 2.305243454529789, 2.2995610702483815, 2.294194523157517, 2.289123555186227, 2.2843569008015288, 2.2799025854260466, 2.2720167212113527, 2.265610496858066, 2.2630619206783833, 2.2610592368943023, 2.2597194186909735, 2.2592221369100822], "y": [0.881942563292893, 0.8721263591922968, 0.863707410720563, 0.8586733791843966, 0.8572400376358132, 0.8590285554388618, 0.8634786677517508, 0.8698142518447716, 0.8776822041909199, 0.8869323878623369, 0.8974203457684178, 0.9090688958993066, 0.9215415978607392, 0.9324844859367704, 0.941983069810209, 0.9480390836496485, 0.9498505253914775, 0.9492697193700494, 0.9477706378524567, 0.9455271151450773, 0.9426699414377678, 0.9393195969783681, 0.9355367515533943, 0.931378969862618, 0.9268881773772033, 0.9170728695473346, 0.9062337085215438, 0.9004447488378512, 0.8944450361427264, 0.8882557004180535, 0.881942563292893]}