{"x": [2.273405558967343, 2.2748416782125775, 2.2800031396112423, 2.2849169998749845, 2.2920268423385597, 2.3021147453302415, 2.3145620381108056, 2.3237108186111812, 2.3321173428910584, 2.3459516300086807, 2.3561904715638637, 2.3637944778989732, 2.3690915220403577, 2.372680201689881, 2.3747558201273544, 2.375439995996782, 2.3736407872282452, 2.367929816613694, 2.3630577165063755, 2.3563475170346937, 2.3465318311034458, 2.3323894180393285, 2.3221767763718097, 2.313662714562375, 2.3010866907450476, 2.292152589368353, 2.285319944757678, 2.2802484190252192, 2.2765562576022247, 2.2742343624760353, 2.273405558967343], "y": [0.9435269504003811, 0.919758128046392, 0.8965120816984189, 0.8849802051572672, 0.8746564297143834, 0.8668229597559513, 0.8639604537220431, 0.8655072514045468, 0.8694344790840303, 0.8815491883062294, 0.8964198034652652, 0.9127950335172647, 0.9293985238474848, 0.946453023141061, 0.9637484845643864, 0.9811546065082144, 1.0097964652626785, 1.0379207970723983, 1.0519833402284378, 1.065267379618678, 1.0769955870403394, 1.0828171583359867, 1.08022825235119, 1.0740225102092407, 1.057594519348121, 1.0395529803696004, 1.0206154445281357, 1.0017187950427702, 0.9825049542228221, 0.9630762976507631, 0.9435269504003811]}