{"x": [2.30571189180573, 2.3073243446708607, 2.313114062396234, 2.3185745862599707, 2.326345648250257, 2.3369665936383996, 2.3496116108379, 2.3585236354118035, 2.3668623200988566, 2.3809892578258305, 2.391714874129575, 2.399756620993611, 2.4053765355924597, 2.409181582160011, 2.411375471210406, 2.4120942473539264, 2.4100835827775158, 2.403770465910098, 2.398426155962147, 2.391132637197535, 2.3806819515708106, 2.366241539507865, 2.356234816661699, 2.3476350647732582, 2.3346100307329265, 2.3252734989753705, 2.318126561296447, 2.3128356500181546, 2.308988886735868, 2.306573440460301, 2.30571189180573], "y": [0.9281174311968408, 0.9039816662461189, 0.8804951951902267, 0.8690085736568088, 0.8589402872752276, 0.8516069952347968, 0.849021421195537, 0.8503330109865357, 0.8537404715476606, 0.8647079706559418, 0.8786772276936702, 0.8943459639112477, 0.9103959782776575, 0.9269702964198641, 0.9438234597181555, 0.9608036135213408, 0.9896445932706702, 1.0178578780910947, 1.0318812696022537, 1.044996975543043, 1.056298976874159, 1.061630633615689, 1.059450423094714, 1.0538887607988692, 1.0385106599730332, 1.021246335306945, 1.0029665920579403, 0.9846759416820697, 0.9660280451364229, 0.9471398976517574, 0.9281174311968408]}