{"x": [2.2229521269746138, 2.2245078363582786, 2.2299076040126686, 2.2387711509062687, 2.2490182623070942, 2.2554212818015413, 2.261702506252831, 2.2677936593673165, 2.2736676714477175, 2.2846385925010324, 2.2944988611752626, 2.3030680733621796, 2.310003353788851, 2.314828066857378, 2.3167287338802627, 2.3150045132901345, 2.3091920029130932, 2.299585040767554, 2.2881878196714966, 2.2817120841224177, 2.2753962690473446, 2.269331022770967, 2.2635486090976475, 2.2580982926041524, 2.2529575817695426, 2.2481344690122875, 2.2436367057890805, 2.235707203038546, 2.229296734815013, 2.2247707392774942, 2.2229521269746138], "y": [0.9052855636819073, 0.8950396505348999, 0.8861942292797507, 0.8808277365504376, 0.8792920231371043, 0.8797980892346313, 0.8811400955438021, 0.8831564840475914, 0.8857379469936035, 0.8922843151345157, 0.9004078086112418, 0.909935045217649, 0.9207100867610626, 0.9326332486791603, 0.945354377213489, 0.95673838370145, 0.9666773606849302, 0.9731119677798341, 0.9750616450400953, 0.9744632765474626, 0.9729128973383481, 0.9705904598315228, 0.9676333293851566, 0.9641677014340648, 0.9602575071819108, 0.9559637851900588, 0.9513303640781293, 0.9412302034441918, 0.9301038313554499, 0.9180407588377724, 0.9052855636819073]}