{"x": [2.1779614081759924, 2.1798411788849004, 2.187031742908692, 2.2041991643604155, 2.2182396930250996, 2.2349204902671844, 2.2480794540599036, 2.2603803674661025, 2.271424850008285, 2.2812104988143975, 2.297001982397306, 2.3087675974546555, 2.3168965203823095, 2.3223246092728402, 2.325401976254055, 2.3263832541681446, 2.3236270673496335, 2.3152149456220936, 2.3082228573344765, 2.2987220798621926, 2.2848546192521253, 2.2641816153848566, 2.2488787476861485, 2.2365783104864625, 2.2187398702910226, 2.2059822005411998, 2.1960564930233017, 2.188506129962861, 2.1828718548905033, 2.179225394835582, 2.1779614081759924], "y": [0.8780641263726986, 0.8462724436535629, 0.8152476081656506, 0.7866300440035339, 0.7770014652819055, 0.7735960318658975, 0.7754831867021784, 0.7805237433031273, 0.7878121263493834, 0.7967195501911551, 0.8173508531456178, 0.8405153068985199, 0.864230979893965, 0.8887064448453631, 0.9135696719815919, 0.9386033961316279, 0.9810971032180468, 1.0228409400777072, 1.0437234100147241, 1.0635905204416183, 1.0815094611868135, 1.0907842556484428, 1.086400613120026, 1.0762964888968338, 1.050730341784755, 1.023218690918016, 0.9945633353779423, 0.9659790971061046, 0.9369563197694221, 0.9076095487030478, 0.8780641263726986]}