{"x": [2.2795585325275325, 2.2816220620699084, 2.288220184578038, 2.297772877724098, 2.308305126738436, 2.320346801474381, 2.3319338878495075, 2.3428257927264893, 2.3528541400565253, 2.3618708838237126, 2.369355034672866, 2.3723530487305395, 2.374692733823799, 2.3762333488744556, 2.3768034367906203, 2.376261226503548, 2.37451350783278, 2.367425374941296, 2.35702230472877, 2.3453111017499046, 2.3332047788146197, 2.32171245019633, 2.31114097580475, 2.30161959051166, 2.2932923537157723, 2.289660552101294, 2.2864437525931325, 2.283695742807419, 2.2815310301528346, 2.2800850870778615, 2.2795585325275325], "y": [0.8126684396638554, 0.8021064823292955, 0.7936048427064325, 0.7889832777542143, 0.787685379587824, 0.7890478547433804, 0.7925971783875623, 0.7978628609547276, 0.8046299322987824, 0.8129133712635667, 0.8226038054805423, 0.8279956298489665, 0.8337040212138186, 0.839686960779396, 0.8458387134034456, 0.8518121648882282, 0.8575498991173736, 0.8671495875274591, 0.8727773946928133, 0.874433839115359, 0.8728327301523963, 0.8687032038049884, 0.8626573745036291, 0.8550645262334768, 0.8461332651248723, 0.8412189587564902, 0.8360235193166022, 0.8305288737884421, 0.8247793776030715, 0.8187987786266337, 0.8126684396638554]}