{"x": [2.2038359352363326, 2.205122554908845, 2.209797089113422, 2.220829138511136, 2.2304423934096533, 2.2427872026502964, 2.252169939840202, 2.2606354388797683, 2.2679238459931437, 2.27419458437477, 2.284014530605466, 2.2912517018058938, 2.2962793398304613, 2.2996856547361397, 2.3016590630963187, 2.3023132284899503, 2.30066596284823, 2.295397307637919, 2.2908838479288653, 2.284630933936496, 2.2753345396833, 2.261337201811618, 2.2509269907890506, 2.2425328662962687, 2.2304047967879757, 2.2218467778018707, 2.215304117519891, 2.210436134559625, 2.2068865816022063, 2.2046468322647637, 2.2038359352363326], "y": [0.9795707980161329, 0.9558734255549, 0.9326060754325002, 0.9103211579585141, 0.9019165975252674, 0.8986520928718632, 0.9003801527394476, 0.9047798429662576, 0.9108165295003435, 0.9179045689126436, 0.9335558247094207, 0.9505563101438316, 0.9676664542495214, 0.9851716304607709, 1.0028883211820971, 1.0207025721713732, 1.0494461968428068, 1.0777508027510598, 1.0919639870052655, 1.10550233963006, 1.1177230290805562, 1.1240351388120406, 1.1211110417553765, 1.1142947736319202, 1.096934252959488, 1.0782058815848101, 1.0586819173421416, 1.0392403136777348, 1.0195153577855713, 0.9995976400631217, 0.9795707980161329]}