{"x": [2.259256079488435, 2.260797810452871, 2.2663824604072786, 2.2716321695085466, 2.2790066119552748, 2.2887605715717014, 2.3000286254189777, 2.3083873779813335, 2.3162838220132977, 2.329938687802354, 2.340580733706178, 2.3487018836523634, 2.354463383025818, 2.358401199678441, 2.360689193938933, 2.3614457316069677, 2.3595479285038086, 2.3535342508907395, 2.3484155126895874, 2.3414373288778756, 2.331596203748872, 2.3185591095976648, 2.309250909388566, 2.301080415185577, 2.28837534083293, 2.279095084605165, 2.2719222609787124, 2.2665678568518235, 2.2626435860162326, 2.2601566114169542, 2.259256079488435], "y": [0.8246039555104714, 0.8030932637352488, 0.7822630337820758, 0.7722266210845955, 0.7636297248957393, 0.7576302467956408, 0.755589553735106, 0.7567168891038407, 0.7596809743054432, 0.7694028968975138, 0.7820699147919702, 0.7964835682812539, 0.8114231988680634, 0.8269435415547108, 0.8427811065522675, 0.8587651934371889, 0.8844224136205676, 0.9094370150709767, 0.9218005352533096, 0.93321819975884, 0.9427454043833554, 0.9469465408789512, 0.9450931759205843, 0.9402640375626047, 0.9265257081657002, 0.9108002829212872, 0.8940085362582865, 0.8771203747188953, 0.8598438084471053, 0.8423001320827948, 0.8246039555104714]}