{"x": [2.3382465357633793, 2.34046668670038, 2.3486630001087816, 2.356582573656232, 2.368132305341959, 2.3845341928789847, 2.404791274531685, 2.4185094983241937, 2.431314763607229, 2.4526957925144086, 2.4684579217835525, 2.4799175368698014, 2.4876422955161495, 2.492717727312426, 2.4964504161918106, 2.493146929238762, 2.483317139242773, 2.4753245199766254, 2.4645876429135276, 2.4489597473611373, 2.438034021406242, 2.4246226120162446, 2.408447264618551, 2.3957427560887328, 2.377745509573153, 2.365122355287907, 2.355446676578482, 2.348196837020398, 2.342871145383044, 2.3394815211073623, 2.3382465357633793], "y": [1.0257137382029113, 0.9868016464156439, 0.948697835530707, 0.9297863068808704, 0.9128461398499707, 0.8999476035537061, 0.8949431259307028, 0.8967770451002256, 0.90202853103973, 0.9192491594013747, 0.9411395406825482, 0.9655590151610739, 0.990295252569579, 1.0157077166247546, 1.0673294578544976, 1.118703773068794, 1.1692370147857234, 1.194534392381324, 1.2187946221180745, 1.241187912059055, 1.2498227327334444, 1.2535731612281915, 1.2486212574095772, 1.2374517149891977, 1.2097020082324037, 1.180144251135975, 1.1494948421662643, 1.1190230176484717, 1.0881567047548828, 1.0570150091994417, 1.0257137382029113]}