{"x": [2.2525347981943695, 2.254895949399724, 2.263603710193124, 2.271886618525838, 2.2834625471314847, 2.298356475663797, 2.315150584994303, 2.327431058491537, 2.339191047463811, 2.3600485304851184, 2.3766987286013173, 2.3894311336066334, 2.3983592769192033, 2.4043345139752295, 2.407711029786311, 2.4087825670268366, 2.4055277025845343, 2.39575904173087, 2.387748537956085, 2.3770211543870077, 2.3618738965716166, 2.340961888903937, 2.3265251738318007, 2.314204178154913, 2.2955776815159727, 2.28209243748216, 2.2715985947342525, 2.2636547539290333, 2.2577418939847633, 2.25392741533192, 2.2525347981943695], "y": [0.8271505200382337, 0.795047681245531, 0.7640582928112666, 0.7493331511908554, 0.73702728904689, 0.7287912839409941, 0.7260310703577793, 0.7274152499254892, 0.7312137551267421, 0.7442433161008568, 0.7620117756715576, 0.7827682955052125, 0.8045832906804152, 0.827384656859401, 0.8506896341779169, 0.874213550407601, 0.9161280049056406, 0.9570179658194403, 0.9772659751542297, 0.9962152045451429, 1.012620898704807, 1.0204486797117882, 1.017177160837512, 1.0089726106762338, 0.9865956388525763, 0.9616494379770353, 0.9353047229632696, 0.908911257325647, 0.8819899326483123, 0.8546852062847147, 0.8271505200382337]}