{"x": [2.3173351266590414, 2.3194490387919644, 2.327129177783924, 2.3345879436657104, 2.3457381522272502, 2.362897987718244, 2.3864288868376597, 2.4026986724951143, 2.4171296353193936, 2.4394762732262936, 2.454961157120244, 2.465956676430321, 2.4733105692134427, 2.47812829325036, 2.4816751392930168, 2.4784571327285345, 2.468826278699302, 2.4609942526066306, 2.4504168614237387, 2.434756257281505, 2.4231760246457474, 2.40756081827194, 2.388592984848572, 2.375153775477155, 2.356921132903968, 2.344243564920865, 2.3345491282893978, 2.327263514056385, 2.321925774309744, 2.318543963738736, 2.3173351266590414], "y": [1.2611590381837832, 1.215552974638179, 1.1705485623912049, 1.1477370168862049, 1.1264844253773998, 1.1087573391399428, 1.1013407140867213, 1.1045687187828601, 1.1127463255001135, 1.1366890008583495, 1.1646566503073323, 1.1946744716808442, 1.2245418786083342, 1.2549216625236628, 1.3162836388902581, 1.3778558144694126, 1.4387551988872118, 1.4693841217542867, 1.4991765762432603, 1.527703691277487, 1.5397101217429872, 1.5455771048113598, 1.5377176214779906, 1.5221954491263079, 1.4866357951617972, 1.4498755035856217, 1.4122183971496494, 1.3748461671226095, 1.3371464020524748, 1.2992183583712877, 1.2611590381837832]}