{"x": [2.3178813052962535, 2.3200434301437483, 2.3270957763008124, 2.3377717832799494, 2.349771972330214, 2.362098689674208, 2.3739210458235696, 2.3849547684967454, 2.394998825383797, 2.403855439408105, 2.4110336619214707, 2.415977972339443, 2.4173578266112523, 2.417854349225406, 2.417273320828862, 2.415429669045241, 2.412279288564069, 2.407903685863076, 2.4025300956360995, 2.3964297253170117, 2.389909187513931, 2.3832059731432556, 2.37076492165239, 2.3590224259931865, 2.348338868117209, 2.338853174404818, 2.3307336840958417, 2.324201927402421, 2.3196550739982955, 2.3183532692547044, 2.3178813052962535], "y": [0.9180416365365013, 0.9060230251876964, 0.8960537616095421, 0.8903339519627331, 0.8886941927815727, 0.8901324399189878, 0.8939071465810566, 0.8995414163663825, 0.9067943435886882, 0.9156195746694722, 0.9258566366089844, 0.9373987040503022, 0.9435397062487968, 0.9498142079108397, 0.9565366696934645, 0.9630274350194636, 0.9690056596371621, 0.9741552390140498, 0.9782126902696887, 0.981062929661272, 0.9826929871446627, 0.9831843299387818, 0.9814798402318495, 0.9770302511437418, 0.9705052749985553, 0.9623361050664677, 0.9528250616560305, 0.942160999384516, 0.9304646696083261, 0.9243123956745966, 0.9180416365365013]}