{"x": [2.2225241775846367, 2.225244539370644, 2.2344683819447035, 2.248797883899303, 2.2649215397192006, 2.2845569744534164, 2.3033181202376327, 2.320818607551007, 2.336811778383501, 2.3510191290315268, 2.3626665683602566, 2.3672715786315726, 2.370839330207234, 2.3731842369172327, 2.374093987100771, 2.3709706787865175, 2.3607057865939427, 2.344447714003459, 2.325403346551353, 2.305468065921322, 2.2868916757727074, 2.2702175889317324, 2.2555072801422096, 2.2489543222579025, 2.24294483193523, 2.2375181129403803, 2.2327339504367547, 2.2286645819824007, 2.2254614965215223, 2.2233167124039177, 2.2225241775846367], "y": [0.8666066345654783, 0.8504658236283008, 0.83694373524945, 0.8292657758409414, 0.8271889007972684, 0.8296190751230922, 0.8359020245355047, 0.8450312274513325, 0.8565996278942014, 0.8705629668602783, 0.88672343729282, 0.8956262251827831, 0.9049930229550724, 0.9147487016430333, 0.9247409090440475, 0.9438112475027354, 0.9601839336607737, 0.9706368794214519, 0.9739385559322953, 0.9707717203886962, 0.9628747595679283, 0.9516561027747827, 0.9379633949512859, 0.9303974354521692, 0.9223929975432668, 0.91398149382878, 0.905188629510096, 0.8959982200476164, 0.8864712252834931, 0.8766389064990786, 0.8666066345654783]}