{"x": [2.160755449594933, 2.1626176361374547, 2.169697590881822, 2.1867180801467874, 2.201180576108695, 2.218985231320011, 2.232197467645869, 2.244407071322464, 2.264610472877731, 2.279506562961089, 2.2904134217924623, 2.2978473999923827, 2.302773423326251, 2.3055490986934877, 2.306500444332371, 2.303651633508714, 2.2952452115900206, 2.2883087454218876, 2.278901738261298, 2.265084305146295, 2.2554006521270025, 2.2435639831331984, 2.228121766314591, 2.216076924976164, 2.1989787980281745, 2.1868906801098658, 2.1775531147516936, 2.170494021814818, 2.1652661694233553, 2.1619114391533074, 2.160755449594933], "y": [0.9403034162518603, 0.90632027077247, 0.873030690477575, 0.8416510212327477, 0.8304845093574261, 0.826379752395553, 0.8284566573158421, 0.8339158056778762, 0.851088010363967, 0.8724522878244364, 0.896103213421798, 0.9200594608251372, 0.9446541780554913, 0.969566499354954, 0.9946149138306714, 1.0398629450388703, 1.0844143998058258, 1.106752679291313, 1.12816812954467, 1.1478949126220146, 1.1554442175061175, 1.1587089391117547, 1.1538576463850585, 1.14304474212556, 1.116425961382991, 1.0881425242909042, 1.0588357796451608, 1.0296697942206519, 1.0001205969684899, 0.9702949084053357, 0.9403034162518603]}