{"x": [2.2179354742510227, 2.220186496425796, 2.2289880327892595, 2.2373931738869177, 2.249187779383386, 2.2644796398577576, 2.281845099382886, 2.294220807781628, 2.3060819765736302, 2.3271026341316126, 2.3438241848825725, 2.356556614451454, 2.3654390608036224, 2.3713638873869765, 2.374702552585699, 2.37576047658041, 2.372412000137143, 2.3624031961437315, 2.3542223364212393, 2.343281860613679, 2.327819170293071, 2.306325036388949, 2.291810270924816, 2.2794442814721747, 2.260800229226194, 2.2473381768393463, 2.2368819764683097, 2.2289784922107487, 2.2230983619694764, 2.219293946002619, 2.2179354742510227], "y": [0.8463265503005275, 0.8130670778741033, 0.7809144331219522, 0.7655745458819934, 0.7526576647340973, 0.743880250960106, 0.7408265966233111, 0.7421402436723585, 0.7459080682207933, 0.7589992685242523, 0.7769234089983458, 0.7978702538329605, 0.8198437015536681, 0.8427920498142948, 0.8662328447089718, 0.8898865621213552, 0.9330808687680766, 0.9752327876307286, 0.9961173401108736, 1.0156978658239182, 1.0327347174526706, 1.0409415020290331, 1.0376275776783617, 1.0293364489290349, 1.00676098529706, 0.9816269429517976, 0.9551012042649973, 0.9285429155205669, 0.9014646616479899, 0.8740101196476543, 0.8463265503005275]}