{"x": [2.227585873815657, 2.2288632663702788, 2.2333874802713947, 2.241562310058258, 2.2515375479546003, 2.2579322329329865, 2.264155528552473, 2.270122351539948, 2.275810640630049, 2.2811745436060815, 2.286235315097092, 2.295395721114671, 2.303127563306318, 2.309251722180775, 2.313421647396402, 2.315043036406981, 2.3136536687635676, 2.308790305324064, 2.2999899658760046, 2.2889343388770262, 2.282446385437014, 2.27617967344788, 2.2702430930932302, 2.264656656715129, 2.25946711946944, 2.254626090742526, 2.245978347809364, 2.238793470306352, 2.2330847651717822, 2.2291334046050038, 2.227585873815657], "y": [1.0206257700998314, 1.0106862411165278, 1.0017443477641397, 0.9957510906634004, 0.9939506458208346, 0.9945558227234391, 0.9961460512254852, 0.9984951329574443, 1.0014556276415671, 1.004903589843504, 1.00878282822211, 1.0176399534715592, 1.0277022195499135, 1.0388164113958611, 1.0508344396201292, 1.0634515857467144, 1.0744788385046748, 1.084472753748052, 1.0915334012277702, 1.093785473361024, 1.0930734730084857, 1.0912489716555043, 1.088569699142815, 1.0852210850865396, 1.0813714342327505, 1.0770917672613995, 1.0675045568123256, 1.0569429628994802, 1.0455157840525522, 1.0333363132629096, 1.0206257700998314]}