{"x": [2.2696159210371496, 2.2713437216620957, 2.2772934071155655, 2.286808586832176, 2.297688015295058, 2.3105320964295295, 2.322720151386315, 2.3339687108955007, 2.344130190296605, 2.3530163781796563, 2.3602241022517347, 2.3630520553590624, 2.365233983499796, 2.366657779739893, 2.367185668828317, 2.3652275723627176, 2.358809681547519, 2.3485111315160325, 2.336437789335079, 2.329890829176583, 2.3234879933551325, 2.317316765608545, 2.311414330979487, 2.300555063949663, 2.290965207011658, 2.282781856677334, 2.276163396481919, 2.273543867781162, 2.271493785646714, 2.2701277651856526, 2.2696159210371496], "y": [0.9166281901604673, 0.9057392068154593, 0.896457154440462, 0.8909561820057237, 0.8893949712293737, 0.8911501044672507, 0.89556623730515, 0.901937647882145, 0.9099294749669402, 0.9194114455630444, 0.9302244384502633, 0.9361139485758989, 0.9422721007245456, 0.9486548374539603, 0.9551731084670938, 0.9672360799406282, 0.9776360847494775, 0.9842483283676519, 0.9862524009708088, 0.9856926451566678, 0.9842162619638798, 0.9819811380061874, 0.9791104070093495, 0.9718699002126586, 0.9630164679400008, 0.9529129948508536, 0.9417217761594368, 0.9357396219503409, 0.929539197542487, 0.9231458124538535, 0.9166281901604673]}