{"x": [2.24527746632556, 2.246352441066014, 2.250305136047733, 2.2585392240269595, 2.2699460377825225, 2.276861572299322, 2.283477148436137, 2.289669310955856, 2.2954354494625036, 2.30072870522209, 2.305614601937391, 2.3141809504241238, 2.321045476368864, 2.3262665395772744, 2.3296737991175704, 2.330946602141254, 2.3297401660622774, 2.325463710570553, 2.316756848952091, 2.310785321009809, 2.304283213038931, 2.297230842728502, 2.290570416433934, 2.2844500312165748, 2.2788457968981946, 2.2691723827369503, 2.261149691470228, 2.254759047781046, 2.249837099457739, 2.2465420691632536, 2.24527746632556], "y": [1.2308640127400734, 1.2194966160059861, 1.2087844975607742, 1.2003847970471548, 1.1975142964786056, 1.1983647633446368, 1.200551556412412, 1.2037000555563617, 1.2075740160946515, 1.2119684007507112, 1.216811662702042, 1.2275618689118726, 1.2392343865418196, 1.251728780614412, 1.2648470905731457, 1.2783407722876095, 1.2908518788323453, 1.3026711513739908, 1.312284749044665, 1.314993123824176, 1.3158399011542865, 1.3148429449030103, 1.3123193422526285, 1.308733025146007, 1.3043840777672944, 1.2942776734115569, 1.282816836820126, 1.2706774383576669, 1.2578719806737293, 1.244539390651222, 1.2308640127400734]}