{"x": [2.190182741470566, 2.191573498758032, 2.1964873430555025, 2.2047391845077797, 2.214374837002817, 2.220650305265571, 2.2267956222994347, 2.2327404066590546, 2.238460192604409, 2.249106528611945, 2.2586455851270895, 2.2669080504354833, 2.2735935934153195, 2.2782555693823316, 2.2801084333393518, 2.2785574284072956, 2.2732309189314273, 2.264254094766601, 2.2535228418004642, 2.2471888345277566, 2.2410241135530717, 2.2351190915517303, 2.2295013325233652, 2.2242174500203027, 2.2192395020543056, 2.214572964323364, 2.210223144076688, 2.2025605395567753, 2.1963592106479894, 2.1919666823083452, 2.190182741470566], "y": [0.9022163944700654, 0.8925829359758326, 0.8841810396057881, 0.8789809649068178, 0.877468395826324, 0.87797748091974, 0.8793470604546615, 0.881397112944367, 0.8840100088535549, 0.8905876977099946, 0.89868812127166, 0.9081131330621728, 0.9187151467995944, 0.9303990579938294, 0.9428415133732369, 0.9535563575145717, 0.9629819502320537, 0.9691505988699102, 0.9710149507359261, 0.9703991307962749, 0.9688195429914758, 0.9664726801709093, 0.963503196472672, 0.9600426473191042, 0.9561548653295553, 0.9519004063948365, 0.9473226275619183, 0.9373858776108299, 0.9264772559112706, 0.9146788797704473, 0.9022163944700654]}