{"x": [2.164816674547567, 2.1658276719008556, 2.1695221797739257, 2.1770166031547538, 2.1869221971284367, 2.1943290040488543, 2.2014145202366575, 2.2080705817111372, 2.2143118104224753, 2.220096631147073, 2.2254921652830886, 2.2351234955669033, 2.2430910498359773, 2.249353123118019, 2.2536177446307204, 2.2553217887685624, 2.254270723830047, 2.2503248485484364, 2.2422925850394417, 2.2311931017184294, 2.223616222337849, 2.216448169061733, 2.209827130220162, 2.20371513894905, 2.198143827752321, 2.1930021935741797, 2.1839162210349174, 2.176464431198744, 2.1705539053075458, 2.166446218481109, 2.164816674547567], "y": [1.0627772736198937, 1.0529322027534722, 1.043750800486441, 1.0369147993972594, 1.0347292786970743, 1.0356599114057017, 1.038009874457983, 1.0413368444971707, 1.0453888746261886, 1.049962114645417, 1.0549887324423357, 1.0661419867595092, 1.0783576001813067, 1.0915291441497168, 1.105503106652895, 1.1200136151988807, 1.1311185847802878, 1.1415519521739403, 1.1497409574185955, 1.1526355271589024, 1.1516011504177865, 1.1489369340937636, 1.1451750081417873, 1.1406325633252163, 1.1355786575055955, 1.130088204840964, 1.118113406409878, 1.1053280947522048, 1.0917612583621026, 1.077514533813197, 1.0627772736198937]}