{"x": [2.235769761929123, 2.2382231939214625, 2.2467009586144293, 2.2596692478794482, 2.274179592440251, 2.2923966697250218, 2.3098039216545896, 2.326053231309877, 2.3409287189707735, 2.3541881531333577, 2.365122504079704, 2.369477972188071, 2.3728736407450195, 2.375122999471365, 2.3760026847792637, 2.373191980847141, 2.3638930359215675, 2.3492926183076794, 2.3323452930234496, 2.313897894036048, 2.296649736409313, 2.2810785903676583, 2.2672535469764425, 2.26105180797211, 2.255344393493377, 2.250171176702277, 2.2455915533866255, 2.241675532176138, 2.2385765396836472, 2.2364871633394126, 2.235769761929123], "y": [0.8236892480698021, 0.8091400112046954, 0.7970641208562074, 0.7903085418492722, 0.788501811402598, 0.7907501409456699, 0.7965728955166722, 0.8050133501588728, 0.8156904848724083, 0.8285647674548371, 0.8434644223403119, 0.8516843560237557, 0.8603450053790043, 0.8693827946465991, 0.8786546554784012, 0.8956329505496615, 0.9101137027190753, 0.9191690566499022, 0.9219903675195109, 0.9191023065854631, 0.9119504897643719, 0.9017851572983983, 0.889348809425115, 0.8824474460950873, 0.8751319965218307, 0.8674283599931242, 0.8593577194968023, 0.8508963830873433, 0.8421028808563484, 0.8330006290747681, 0.8236892480698021]}