{"x": [2.330711029229154, 2.333050573672494, 2.3405363585591132, 2.3512849836859138, 2.363117352215847, 2.3755082571004285, 2.387470719642471, 2.3987523329237237, 2.4091555181491984, 2.4185190763571263, 2.426260314819075, 2.429340171770063, 2.4317260016927356, 2.4332805550591634, 2.433845438919886, 2.4332061862115553, 2.4311849113826125, 2.427782508833061, 2.423158680764048, 2.4115296597584086, 2.3984493086722543, 2.385989614644085, 2.374124079367237, 2.3631853290134135, 2.353337395624404, 2.3447456208031605, 2.3377173068301014, 2.3349155208352803, 2.332718993890458, 2.3312570242403505, 2.330711029229154], "y": [0.8457748762293039, 0.8339032034948697, 0.824396726421467, 0.8192411069963965, 0.8177890709277998, 0.8191102290457478, 0.8226001391537007, 0.8278534841836371, 0.834683284282891, 0.8431357837286396, 0.8530954120484556, 0.8586547375044479, 0.8645453600474626, 0.8707161796705271, 0.8770546776955614, 0.8837311326480195, 0.8901262982301756, 0.8959137577644042, 0.900781123063797, 0.9070586906045777, 0.9089418791882314, 0.9073769452250809, 0.9032657329733834, 0.8971587669925938, 0.8894147692679417, 0.8802447272643267, 0.8698278626869633, 0.8641628784013774, 0.858236891471137, 0.8520796778823209, 0.8457748762293039]}