{"x": [2.241306993930187, 2.2437766223123856, 2.2524030625380007, 2.266009142422352, 2.2814266575731073, 2.3001428095805907, 2.317980011787251, 2.3345587290623184, 2.349650471655105, 2.362980811015379, 2.3738584584757265, 2.378141455148577, 2.3814510161432043, 2.383618821345307, 2.3844493229540493, 2.3815407925256986, 2.371969765117354, 2.356652283065509, 2.3386197993776103, 2.319637563412816, 2.3019837542198824, 2.286175310135197, 2.2789752904991776, 2.272259561076329, 2.2604098452380788, 2.2553020159290584, 2.2508066021831152, 2.246990326371074, 2.243992758091754, 2.24198955016292, 2.241306993930187], "y": [0.8894352515555916, 0.8739940704966926, 0.8609513075273769, 0.853413856293342, 0.8513550198498472, 0.8537368750158403, 0.8598851916503117, 0.8687898403815435, 0.8800319905774049, 0.893524001064496, 0.9090613457595278, 0.9175857100977989, 0.9265330926141593, 0.9358328931470093, 0.9453458283629635, 0.9633976169017088, 0.9789771564664372, 0.9890100431806121, 0.9921902325261921, 0.989128995330697, 0.9815106309150436, 0.9707201875401932, 0.9644059778557981, 0.9575789356692681, 0.9426688548817205, 0.9346241436964686, 0.926221849155274, 0.9174478757785599, 0.9083615589064895, 0.8989921096956658, 0.8894352515555916]}