{"x": [2.3343411025024876, 2.335883413819586, 2.341384679377765, 2.346581604104254, 2.3540488587136887, 2.364550797381361, 2.3774509553820513, 2.386366268506241, 2.394614494855516, 2.408288432298314, 2.418426465815472, 2.425929996839801, 2.4311259441067707, 2.434627149877036, 2.4366398629483434, 2.4372987054283546, 2.4353666541057373, 2.4293066879358407, 2.4241831307131787, 2.4171709739041725, 2.406986347957175, 2.392375320248723, 2.3823556430728345, 2.373937971470654, 2.361466593579476, 2.3526372016188484, 2.345916293264529, 2.340960331791645, 2.3373732619678207, 2.3351331451949613, 2.3343411025024876], "y": [0.9602014171599873, 0.9355254656984023, 0.9114211635514464, 0.8995039048375679, 0.8888611049022036, 0.8808017537819732, 0.8778302592395031, 0.8792432740180268, 0.882910177474322, 0.894460765829036, 0.9088282886341432, 0.9247311958311698, 0.9408704698206044, 0.9574600928139526, 0.9742861258985708, 0.9912192983673851, 1.0207679717573754, 1.0497530322444824, 1.0642229811145527, 1.0778780137326844, 1.0899218713408128, 1.095863165902436, 1.093464433201004, 1.0875238394529192, 1.07158818982414, 1.05399513680708, 1.0354937025992048, 1.0170395258947151, 0.9982711716237557, 0.9792939621072428, 0.9602014171599873]}