{"x": [2.2358854388806075, 2.237264320441923, 2.2422254167085423, 2.246955322909695, 2.253858867866631, 2.2639494475959916, 2.2768892024842096, 2.286276949046803, 2.2947749842019127, 2.3084220874764325, 2.3182954204687145, 2.3255486522775852, 2.330566058788075, 2.3339519900591514, 2.33590576250916, 2.336549439605185, 2.3347882111581635, 2.3292025251853663, 2.324445559267252, 2.31788059617557, 2.308157149516732, 2.293555018058297, 2.2831115155334136, 2.274648710755522, 2.262414840810717, 2.2538108859174653, 2.247258805436534, 2.2424063811853228, 2.2388853907001436, 2.236676381660049, 2.2358854388806075], "y": [1.0055853222136726, 0.9807552113420692, 0.9563867225893873, 0.9441899148280216, 0.9330779753363322, 0.9242956222855108, 0.9209026489851903, 0.9226148832400369, 0.9269559580112738, 0.9400058741042293, 0.9556430031255733, 0.9726545620410114, 0.9897736722006438, 1.007288630669812, 1.0250128471827977, 1.0428328010991714, 1.0728550261637901, 1.1024055935980461, 1.1172319691050807, 1.131351154457875, 1.1440916388753921, 1.1506979324649067, 1.147735632314002, 1.1409368896021044, 1.1235283043703845, 1.1047090880901018, 1.0850810167997136, 1.065540898722167, 1.0457175573892463, 1.0257044412159118, 1.0055853222136726]}