{"x": [2.275496808231283, 2.277750185524979, 2.2857425572316816, 2.3004584517855218, 2.3186761752995184, 2.328588341912218, 2.3382625917235274, 2.3475708940157767, 2.356463325688573, 2.3727690247361175, 2.3870016383687007, 2.3988303886364055, 2.407955309228908, 2.413919871543111, 2.4161233052886852, 2.413481169222548, 2.4046363031146285, 2.397479883624298, 2.3886501514789757, 2.378553445648509, 2.36783691604769, 2.3576159231972644, 2.3477500406202405, 2.3384537345753826, 2.329781304680088, 2.3144667409089354, 2.3015571607608822, 2.291126192880934, 2.2830277729266863, 2.2775728762571608, 2.275496808231283], "y": [1.1446409481347501, 1.126518975145505, 1.1100993037495064, 1.0988472227721877, 1.09548843894356, 1.0963013166397528, 1.0986079825659865, 1.1020676404526681, 1.1064878647910277, 1.1176251234408277, 1.1313126016909378, 1.1470141533188882, 1.1644266166885973, 1.1831888053806188, 1.2027525628889275, 1.223632846887059, 1.2427308961687942, 1.2508057335307794, 1.2570067954225805, 1.260825452854541, 1.2621222205763871, 1.2609884130414364, 1.2580869349093213, 1.2537347193205501, 1.2482436314208694, 1.2348837769429268, 1.219187780142038, 1.2021235974588629, 1.1838367985098415, 1.1645634719594429, 1.1446409481347501]}