{"x": [2.1667621137446527, 2.1680730266218093, 2.172911993238545, 2.177560540486602, 2.184344269937584, 2.194117465292861, 2.2063546558329166, 2.215708427991279, 2.2242394189120533, 2.238141549680791, 2.2483700852851523, 2.255967081812151, 2.2612710461093988, 2.2648747859902816, 2.2669672944473613, 2.267662579783343, 2.2659600570678933, 2.2605059462128003, 2.2558264638168555, 2.249350429737288, 2.2397977891896796, 2.2258505619239615, 2.2155085644452397, 2.206992430033899, 2.194494367100189, 2.185608826660427, 2.1787939663737688, 2.1737110480174544, 2.1699922443936788, 2.1676320677967227, 2.1667621137446527], "y": [0.956097757795804, 0.9326992164616327, 0.9097690042685338, 0.8983370605514049, 0.8880278732214116, 0.8800887690545388, 0.8771229824622104, 0.8787607783905563, 0.8829318241830547, 0.8955942944248201, 0.9109415873374905, 0.9277477762012919, 0.9447495920774656, 0.9621911183645978, 0.9798697844656303, 0.9976582752688524, 1.025967474344508, 1.053798428526535, 1.067743551003351, 1.0809505559245147, 1.0926813933588775, 1.0985414564934932, 1.0957380513280672, 1.0892348638742557, 1.0723221400407503, 1.0538838507070987, 1.0345840833061317, 1.0153306908750757, 0.9957679794390553, 0.9759935389806984, 0.956097757795804]}