{"x": [2.260250580695638, 2.2616626895709473, 2.266749201754979, 2.2762838614300813, 2.288275991083097, 2.295141507444061, 2.301817725795969, 2.3082039090444937, 2.314269338283486, 2.325296011441488, 2.3348526315888494, 2.3427534903902836, 2.3488745742751505, 2.352923547825096, 2.354442875641465, 2.3528419477930624, 2.3473383373779266, 2.3371625991329843, 2.3307380266219897, 2.323944587980228, 2.31695577567446, 2.310222114843463, 2.3038758671482373, 2.297943341380914, 2.2924780525961155, 2.2874194992097054, 2.2784924119026018, 2.2712290063051284, 2.2655651913862793, 2.261731581999343, 2.260250580695638], "y": [1.1103477298160438, 1.098401013584496, 1.0874993864584863, 1.0798439696373796, 1.0774556714545374, 1.0781098587178095, 1.0798394206264295, 1.0824132932275983, 1.0856719317159187, 1.0937626325942356, 1.1035461888492404, 1.114589340359786, 1.1267098641586777, 1.139693273386534, 1.15320825562746, 1.1664109164154546, 1.1785180834770363, 1.187481340972521, 1.1898004793467842, 1.190509511199828, 1.1897279787427706, 1.187700146836573, 1.1847068808828896, 1.1809599302695668, 1.1766592682447938, 1.171886835637684, 1.1612388587192761, 1.149627602449448, 1.1371576572369764, 1.123985875733118, 1.1103477298160438]}