{"x": [2.264882978608951, 2.2677537789032765, 2.277414860732362, 2.2924357844834753, 2.309384270028056, 2.328427887971355, 2.3466442655049877, 2.363632080596501, 2.379115390595125, 2.392795274816753, 2.403907127760166, 2.411584304088282, 2.4145579768006713, 2.4137945621354495, 2.411255033220646, 2.406854704226637, 2.4006567317467264, 2.392881980281457, 2.3839173626439267, 2.374229914492408, 2.3642247587898746, 2.3448403946106025, 2.3267516660304235, 2.3105312721503477, 2.296274641087862, 2.284180119869615, 2.2744377388380594, 2.270594338810901, 2.2675947094027094, 2.2656078163881737, 2.264882978608951], "y": [0.8871647841981769, 0.8702089860212531, 0.8559821070930342, 0.8478276669673748, 0.8456204329868361, 0.8479074612831221, 0.8539119156588785, 0.862728134103099, 0.8739788532235001, 0.8876134038642457, 0.9034110912790604, 0.9212232286043992, 0.9403900891472559, 0.950398160355658, 0.9601087259496077, 0.9691472122726434, 0.9770618990892831, 0.9834524343043063, 0.9880264184859628, 0.9906835371723856, 0.9915800809639278, 0.9885836169862464, 0.9809987459025158, 0.9701158746203408, 0.9567634764942602, 0.9415505470338849, 0.92473398739462, 0.9157624691112136, 0.9064747305548281, 0.89690837372949, 0.8871647841981769]}