{"x": [2.3093337536985006, 2.311097315177493, 2.317372675223697, 2.3232576447217337, 2.3315819512238165, 2.3428503617724346, 2.3561641592333946, 2.3651583115860806, 2.3736117508028833, 2.3880420591151417, 2.39906247688015, 2.4073295651402145, 2.4130970835294066, 2.4169908786637375, 2.4192264717191145, 2.419953669453839, 2.417759712805581, 2.4109388309148456, 2.4052028562485246, 2.397412112565902, 2.3863238523544616, 2.3711337475317067, 2.3609937526536275, 2.352217855895232, 2.3388501923486857, 2.329265275675171, 2.321946442623814, 2.3165479706028718, 2.312638349340179, 2.3101958016207433, 2.3093337536985006], "y": [0.9486094443451053, 0.9232070278737291, 0.898528843824534, 0.8865104349173615, 0.8760327949201007, 0.8684725022539511, 0.865849927439276, 0.8671457601811385, 0.8704794254981786, 0.8813245583173868, 0.8952945128721825, 0.9110509239381159, 0.9272344656917625, 0.9439679546140868, 0.9609912675781918, 0.978145341264571, 1.00839444977371, 1.0379460585557165, 1.0526059460181272, 1.066285054858066, 1.0780155067919528, 1.0834757020781625, 1.0813102965340506, 1.0757883300922912, 1.0603542050520327, 1.0429213290752504, 1.024422397343216, 1.0059040905017849, 0.9870153094395617, 0.9678803731831166, 0.9486094443451053]}