{"x": [2.3242611457604543, 2.327021001615711, 2.3376028376500213, 2.347406422825442, 2.360662367404425, 2.3770041793151973, 2.3950033450549344, 2.4184687012915935, 2.439573850558312, 2.4570567310539526, 2.470701533936789, 2.4803793845149076, 2.486851550315271, 2.4904869757123818, 2.4916343347844343, 2.4876785250037274, 2.4828519666072686, 2.476072814788808, 2.466741385149123, 2.4544483146258265, 2.437574414281943, 2.4152929514043064, 2.4012155985229366, 2.3887699570683703, 2.369345406292386, 2.35512807752688, 2.3440818757364776, 2.335768186958134, 2.3296066751318687, 2.325645278530506, 2.3242611457604543], "y": [0.8210422812991889, 0.7864013557801401, 0.7533009740406336, 0.7380486111250855, 0.7256782922076831, 0.7176573830658584, 0.7149334460875241, 0.7190029183011767, 0.7300372384814404, 0.7459921646150457, 0.7653320232660857, 0.7861812328205493, 0.8082371028036381, 0.830903499748405, 0.8538308946164548, 0.8980343321977681, 0.9197167107068167, 0.940870062790738, 0.9618649276570987, 0.98127472793908, 0.9976267163455097, 1.005086773295145, 1.0023832983907557, 0.9952708691651214, 0.9747158690535875, 0.951063308364922, 0.9257738344604849, 0.9003253471285222, 0.8742719653786799, 0.8477865327065307, 0.8210422812991889]}