{"x": [2.2275438017563896, 2.22897787278781, 2.234185639615361, 2.2391777806104614, 2.246456531992853, 2.2569422034246953, 2.270057381757664, 2.2798866051924063, 2.288851229110837, 2.3034670947447493, 2.314219381370054, 2.3221951077245535, 2.327755818852282, 2.3315261940559324, 2.33370964509218, 2.334430648470813, 2.332587949671615, 2.326721692869131, 2.321704958512705, 2.314777134289621, 2.304566472837826, 2.2896085129524395, 2.2786662819588344, 2.269681975480086, 2.2565290243177265, 2.2472023037758837, 2.2400635060222984, 2.2347519063529098, 2.2308764967040586, 2.2284295447484985, 2.2275438017563896], "y": [1.006292195601169, 0.9812634766245867, 0.9567405792019379, 0.9445134249779022, 0.9334932366652353, 0.9250246370923262, 0.9219168112610961, 0.9236847930436513, 0.9280864871396357, 0.9414150305916423, 0.957570619995787, 0.9752624973915345, 0.9931606023323923, 1.0115194677533192, 1.0301253736810327, 1.0488450784849717, 1.079183600250376, 1.1090065523661845, 1.1239496865733127, 1.1381084342251795, 1.1507098738307169, 1.1569799076011467, 1.1540295194261887, 1.1471215930661105, 1.129198057231086, 1.1096805419171814, 1.0892609756454033, 1.0689003682396838, 1.048218283600285, 1.0273172896687521, 1.006292195601169]}