{"x": [2.25259767313192, 2.2538824200183147, 2.2584758430154217, 2.2692722693278795, 2.2789811319551427, 2.2921210047860012, 2.301619844598409, 2.3100063034156615, 2.3230109201854034, 2.3321629705901805, 2.338809487603109, 2.3433807763384205, 2.3464559766805246, 2.348227662568626, 2.3488124293108656, 2.3471681801449633, 2.34194988340474, 2.337512566589623, 2.3313742429935753, 2.322167669173708, 2.3156138067925767, 2.307531155519218, 2.2969702394882914, 2.288771606867921, 2.2772352115949284, 2.2692047041411527, 2.2631137593373563, 2.258610310499056, 2.2553536953367193, 2.2533194815301907, 2.25259767313192], "y": [1.0516792203527079, 1.0262201356422556, 1.001145925105815, 0.976752819411735, 0.9670222310641314, 0.9629861308306819, 0.9649404202478548, 0.9698101752123669, 0.9838576458554216, 1.0001550291147656, 1.0176246753421618, 1.0350687837346866, 1.0528377662932817, 1.0707771776110369, 1.088794374872844, 1.11968613813879, 1.1501783334046247, 1.1655250583603647, 1.1802740492009287, 1.1939246795790437, 1.1991789423533559, 1.201466110428858, 1.198121201675966, 1.1906711154258849, 1.172358164630891, 1.1529197904399866, 1.1327892208368218, 1.1127941675098998, 1.092558612991427, 1.0721631567917633, 1.0516792203527079]}