{"x": [2.2605885530868006, 2.262066602479264, 2.2674052757987218, 2.272459323246654, 2.27966673257506, 2.289518671414962, 2.3012302270254756, 2.3099015266809384, 2.318001201095347, 2.331705214255205, 2.3421269614604134, 2.3499730189075216, 2.355485615406543, 2.3592361366523176, 2.361409913478654, 2.3621270858329657, 2.36029014883673, 2.3544646664565083, 2.349495835139539, 2.342684231163347, 2.3328952090449397, 2.3194147744944127, 2.3097456963599337, 2.3014525191120794, 2.2888650901433762, 2.2797966749313456, 2.2728236523732326, 2.2676343035876276, 2.263843693588707, 2.2614494843219974, 2.2605885530868006], "y": [0.873235653448564, 0.8508820711470317, 0.8291250989563511, 0.8184822604347388, 0.8091620319946271, 0.8023934973080894, 0.8000032617778785, 0.8012845166399495, 0.804635386096821, 0.815355561947657, 0.8289502850194429, 0.8441775202492706, 0.8597830549889928, 0.8759030743766575, 0.8923008864843107, 0.9088266001276855, 0.9356167733271742, 0.961830347532621, 0.9748700143312663, 0.9870488585353653, 0.9974976226393156, 1.0023225070590325, 1.00019584717538, 0.9947887254487047, 0.9799240991254455, 0.9632554357684169, 0.9456072786699612, 0.9279322405268217, 0.9099053830631322, 0.891638572144894, 0.873235653448564]}