{"x": [2.2121503482264138, 2.214634626151789, 2.223211810212412, 2.2362770819312368, 2.2508734612333385, 2.269162197030453, 2.2866541394435176, 2.3030026112250255, 2.317989420136698, 2.331375989355902, 2.337243707526587, 2.342433743472879, 2.346844231497986, 2.35028407501668, 2.35256155143794, 2.3534471844983043, 2.350559269033613, 2.341083507932541, 2.3263197282392682, 2.309237196080497, 2.2907359327233436, 2.273417702120031, 2.257764540714719, 2.243856125783721, 2.2318657758986644, 2.2266556865334395, 2.2220428667614294, 2.2180976795331584, 2.214975251239165, 2.212869560346034, 2.2121503482264138], "y": [0.8364227345102695, 0.8217822660892571, 0.8096601018440674, 0.8029043151825391, 0.8010911164146134, 0.8033220834866307, 0.8091088806794736, 0.8175101569646412, 0.8281520332773722, 0.8410106991377286, 0.8482137705350957, 0.8559194749780619, 0.8641581151361375, 0.8728469052038494, 0.8819217681414239, 0.8912360416110805, 0.9083474755762198, 0.9228853976983782, 0.9319254877418152, 0.9347325349215935, 0.9318698976823738, 0.924758616043695, 0.9146257029772883, 0.9022058244231604, 0.8879839144375162, 0.8802711692013422, 0.8721870264500845, 0.8637074473883155, 0.8548916544642633, 0.8457632285183349, 0.8364227345102695]}