{"x": [2.280820550106849, 2.2821544923906094, 2.286935406302676, 2.296218705026704, 2.308272969162171, 2.315205375134527, 2.3219177204143593, 2.328297263473752, 2.334317061197492, 2.345145924926529, 2.354418451493324, 2.3619762245528224, 2.367772159546898, 2.3715698312780664, 2.372984481406219, 2.3714941815803727, 2.3663305381443105, 2.356445963116162, 2.3500214017522367, 2.343159812971479, 2.336091577943241, 2.329321394855749, 2.3229926126655402, 2.31712022509153, 2.3117533897943243, 2.3068139386621356, 2.2981602953027376, 2.291194875978671, 2.2858060196121754, 2.2821923521100134, 2.280820550106849], "y": [1.1401140557706222, 1.128105156745335, 1.1170084941848466, 1.1088788672469172, 1.106239703458548, 1.106944719278812, 1.1088154733291085, 1.1115839669782421, 1.1150660873232616, 1.1236151254738282, 1.1338313182103616, 1.1452012004241083, 1.1575624824254944, 1.1706935068430593, 1.1842892737521862, 1.197575893024323, 1.2099084528445243, 1.219386174249356, 1.2219202007391978, 1.2227043425464208, 1.2218508486738484, 1.219647891759432, 1.2164294032157745, 1.2124385114987057, 1.207902323306744, 1.2029041489467465, 1.1918480164473018, 1.1799273440587543, 1.1672159427348863, 1.1538711980332126, 1.1401140557706222]}