{"x": [2.2497204315955424, 2.2511838495260963, 2.2564227813244186, 2.2613865446229457, 2.268531359693698, 2.278585691917743, 2.290918799435652, 2.299733005410177, 2.3078752083134755, 2.321360264363662, 2.3313734976262754, 2.338806555452732, 2.343973212518555, 2.347466188992735, 2.349481397074903, 2.350143993636642, 2.34831759492156, 2.3425490666901947, 2.3376473145563423, 2.3309185735068776, 2.321124695635815, 2.307104906024547, 2.2972346360869946, 2.2889509320822548, 2.276662172376542, 2.2679345393991266, 2.261271613663137, 2.2563412409636365, 2.252761919781579, 2.250517694963887, 2.2497204315955424], "y": [0.9275810900267312, 0.9040017796826864, 0.8809653072541053, 0.8695725491827158, 0.8594046831252892, 0.851724959375744, 0.8489032201439018, 0.850316976046792, 0.8539766843132836, 0.8654402397841344, 0.8796530491332166, 0.8953698694641044, 0.9113270979477023, 0.9277321764743168, 0.944374781709774, 0.9611258514796147, 0.9894257771150786, 1.017191684362694, 1.0310588610853002, 1.0441374622385953, 1.0556476586360033, 1.0612912535998533, 1.0589128903452771, 1.053042703945109, 1.0373394645914134, 1.0200130102801117, 1.001792609158655, 0.9836092338048492, 0.9651124185630556, 0.946405384195905, 0.9275810900267312]}