{"x": [2.2867647121465637, 2.288468842507814, 2.2942968449305643, 2.3038668190951332, 2.3149596854451477, 2.3215346064188274, 2.327988733139044, 2.3342517485347902, 2.340292931746898, 2.351573575360277, 2.361692016760889, 2.3704499946844075, 2.377491038891167, 2.3823364292095914, 2.384215460017543, 2.3823287137628135, 2.376046980139337, 2.36567037793061, 2.3533025265757086, 2.3466375320048907, 2.340134558508525, 2.3338895710467646, 2.32794017251299, 2.3223393657530123, 2.317065985103442, 2.3121299326555538, 2.3075386127529445, 2.299488658676408, 2.293033241798348, 2.28853091436885, 2.2867647121465637], "y": [0.9461150231165733, 0.9350298749945434, 0.9254476541175285, 0.9195899487212688, 0.9179031072466172, 0.9184124492130891, 0.9197664297625523, 0.921810752117305, 0.9244391967401266, 0.9311392482310504, 0.9394915385717579, 0.949312077390143, 0.960428230342973, 0.9727109546975946, 0.985780475275346, 0.9981332932732807, 1.008935688683722, 1.0160089846564395, 1.0181865158683614, 1.0175803747293484, 1.0159989527695266, 1.013616229851716, 1.0105696097593968, 1.0069890665228396, 1.0029417485521075, 0.9984915088715666, 0.9936864044466384, 0.9832187663163995, 0.9716991829215698, 0.959242300307611, 0.9461150231165733]}