{"x": [2.2691766114498635, 2.2709198665253236, 2.2769197562203205, 2.287098262348068, 2.299115091191678, 2.30595332825046, 2.3126560253037898, 2.3191438739468495, 2.325381900265452, 2.3369584653154396, 2.347242622342568, 2.356015699876066, 2.362966467674694, 2.367661709877753, 2.369444506256878, 2.367514608912348, 2.3610818297632825, 2.3501308159806324, 2.3435825263322556, 2.336768275544117, 2.3298116662142405, 2.3230411019481645, 2.3165666710475916, 2.3104285815818972, 2.3046845684060004, 2.2993048169195207, 2.2896614438217435, 2.2816232410014727, 2.275251695039146, 2.270870631811677, 2.2691766114498635], "y": [0.9771614424606493, 0.965167519290302, 0.9546368756764401, 0.9479552455143245, 0.9459951452211562, 0.9465451211178425, 0.9480072468888757, 0.9502149701976903, 0.9530527950464016, 0.9602709461697442, 0.9692350232687753, 0.9796877264554034, 0.9914313511226889, 1.004283660587355, 1.017850119041628, 1.0311937982379529, 1.043042748852847, 1.0511208193487795, 1.0530980315847118, 1.0536942293214653, 1.0530375745887768, 1.0513098395612255, 1.0487081952930337, 1.0453899629178625, 1.041505877344878, 1.037131167977747, 1.027183746732828, 1.0160467271262374, 1.0038791755094432, 0.9908257991624321, 0.9771614424606493]}