{"x": [2.388825000440014, 2.390646674633206, 2.396591893159376, 2.4067182635157742, 2.412689156941123, 2.4188659996214796, 2.430728761530297, 2.441868535532896, 2.4519361988351256, 2.460771385126513, 2.4681600967174377, 2.47388194481537, 2.4776298973750093, 2.478990362683058, 2.4785247456917374, 2.4770554567516108, 2.4744934033604067, 2.470794228602238, 2.465922366912977, 2.460091616873828, 2.4536078345051497, 2.446819638584547, 2.440701516264419, 2.4347404741355883, 2.42364421460814, 2.413922493606816, 2.4056005042289743, 2.398803182839171, 2.3935478716650005, 2.3900691635514173, 2.388825000440014], "y": [1.1129304681081824, 1.100818622448563, 1.0901102295334395, 1.083059292639574, 1.0813987703992662, 1.0808932835947278, 1.0826082179248493, 1.0870321929511026, 1.0934641723949179, 1.101505794565177, 1.1108564687656306, 1.1213105885908998, 1.1326453208179483, 1.1445058620026416, 1.151211267044588, 1.1577702643741796, 1.1639969335351241, 1.1696229118969532, 1.1744019282426887, 1.1779482485233552, 1.180064182430337, 1.1807252469102618, 1.180181254290011, 1.1787002662977397, 1.1735156944961733, 1.1661772593537385, 1.1572829363124728, 1.1473348812413533, 1.1364928757886275, 1.1249356191025934, 1.1129304681081824]}