{"x": [2.230053091903883, 2.2323657213872994, 2.240389906279789, 2.2536072109280583, 2.268866556501691, 2.2783832796983123, 2.287725260440967, 2.296799576980041, 2.305568919261933, 2.322003905921521, 2.336830154462985, 2.3497592970197227, 2.360205970700767, 2.367428327624447, 2.370276761993683, 2.3676439059534573, 2.358745421283928, 2.343918588827613, 2.326086252010019, 2.316380054413354, 2.3069227061443476, 2.297868474786913, 2.2892719256975527, 2.2812089337287103, 2.2736364008766046, 2.2665608513474433, 2.25998599557903, 2.2484715243735383, 2.239198061250044, 2.232664184679047, 2.230053091903883], "y": [0.9156464666898244, 0.9004069151061944, 0.8872461915543213, 0.8793121681582141, 0.8771216791535359, 0.8777863202216355, 0.8797194948010193, 0.882626059746632, 0.8863529856081712, 0.8958397109552674, 0.9076840808624772, 0.9216926752896507, 0.9376385353818273, 0.9553559357326886, 0.9742756380657035, 0.9921242399338523, 1.0078188724610058, 1.0182846069195055, 1.021657190805399, 1.0207000591612332, 1.0183157486763141, 1.0147214505939284, 1.0101391555430599, 1.0047781441652484, 0.9987441547149408, 0.9921380729392889, 0.9850334977098494, 0.9696661904428158, 0.9528513142470562, 0.9347310015362161, 0.9156464666898244]}