{"x": [2.263436950042244, 2.2656043953078147, 2.273316036524898, 2.2875972221043175, 2.305327691657498, 2.315342873751701, 2.325106459437742, 2.33448671243114, 2.3434372851843723, 2.3598230979667894, 2.374115152994918, 2.385993816326852, 2.3951794291653257, 2.401215985745215, 2.4034795711332038, 2.4009872821235043, 2.392485765919048, 2.385537986102947, 2.3769248222706154, 2.367053642148691, 2.3565738274142887, 2.346258329972658, 2.3363164541534327, 2.326963884241589, 2.3182464492603927, 2.3028558873893608, 2.2898619199573265, 2.279330355097691, 2.2711223521970507, 2.2655646028361187, 2.263436950042244], "y": [1.0902484427626526, 1.0726129360587384, 1.0566054532640567, 1.0455930110947944, 1.0422980765720884, 1.0431209210781998, 1.0454985964161327, 1.0490559572349225, 1.0535870950174548, 1.0649520360232665, 1.0788586498339308, 1.0947511587000422, 1.112338057158683, 1.131270208290407, 1.1510121064516252, 1.1714240023691178, 1.1901478166621453, 1.1980903902915745, 1.2041870720964027, 1.207927740717202, 1.2091951324730157, 1.2080023926127483, 1.2050038561301157, 1.2005387672003833, 1.1949339558338012, 1.1813695305772132, 1.1654943978967325, 1.1482635608333662, 1.129812428275172, 1.1103635878948188, 1.0902484427626526]}