{"x": [2.2878531432229687, 2.289457033104974, 2.295199846148531, 2.3006164135318237, 2.3083520122824535, 2.319043797375374, 2.331926384433759, 2.3408207581674514, 2.3491115294483893, 2.363049128396121, 2.3735317733730525, 2.381344719674267, 2.386778883539438, 2.390447919819705, 2.3925581340196116, 2.3932481303952162, 2.3912392792546315, 2.384949987100265, 2.379636921132887, 2.3723850197359293, 2.3619460449824214, 2.347310784315802, 2.337306463992086, 2.3287758292262293, 2.3159674442727174, 2.3068411431757654, 2.299878631983674, 2.29473898590747, 2.2910132637365037, 2.288681789509549, 2.2878531432229687], "y": [0.9426337629055438, 0.9180317863078361, 0.8940557604984051, 0.8822774878010698, 0.8718742468676012, 0.8641775352897405, 0.8614220701259072, 0.8627712544816772, 0.8662631442433418, 0.8774214838759463, 0.8915182147015602, 0.9072523030379256, 0.9233079502070716, 0.939856427953007, 0.9566650277933249, 0.9735915140667094, 1.002966551720127, 1.0317306460782285, 1.0460507361558462, 1.0594933391751131, 1.0711903219346575, 1.0768117759104154, 1.0745608591257454, 1.0688704002688008, 1.0532962138651283, 1.0359190700142715, 1.0175675595035367, 0.999232356670766, 0.9805584545875843, 0.9616587212187037, 0.9426337629055438]}