{"x": [2.2866639126573487, 2.289018401020457, 2.296153557163053, 2.305777002724304, 2.316152992942875, 2.327777981835035, 2.339052443174602, 2.349773716185812, 2.3597774049397016, 2.368964494577034, 2.3767453324132295, 2.3799269680701487, 2.382442129295884, 2.384119933655993, 2.3847464390316784, 2.3841306011041645, 2.3821671824250745, 2.374558641790682, 2.3640949181788278, 2.3526042118110335, 2.340932501708429, 2.3297330071352476, 2.3192751818189787, 2.3097124596671437, 2.301173683322913, 2.2974023526430605, 2.2940316947390635, 2.2911197682283144, 2.2888024997575642, 2.2872381053668085, 2.2866639126573487], "y": [0.7658794494878904, 0.7554727174475053, 0.7475396704898, 0.7435055372743673, 0.742399299391112, 0.7435725907498789, 0.7466391035670712, 0.7512503135048446, 0.7572615665677601, 0.7647767291420985, 0.7737399231648754, 0.7788191447421579, 0.7842592974323925, 0.7900255448446586, 0.7959981596576617, 0.8018933892532893, 0.8074860608357021, 0.8164713013741586, 0.821432486429451, 0.822870031610397, 0.8215112663832402, 0.8179550913359396, 0.8126452275655993, 0.805854416962147, 0.7976814942743796, 0.793124398561193, 0.7882634602021759, 0.7830673127502816, 0.7775800975020616, 0.7718202656001854, 0.7658794494878904]}