{"x": [2.258359857808794, 2.2606998254799056, 2.2688068691791794, 2.282215903339249, 2.2977453616991657, 2.3071939904503664, 2.3164696766598514, 2.3254786982884696, 2.3341817637204114, 2.3504771070444614, 2.3651482493346117, 2.3778983686998254, 2.388160180477044, 2.395216603322733, 2.397983150825289, 2.3953294023369778, 2.386378886539716, 2.371414370186137, 2.35334825983418, 2.3437047120571277, 2.334308273157549, 2.3253144183172703, 2.3167793557283343, 2.308779793899862, 2.30127344465414, 2.294266855864812, 2.2877638679974983, 2.2764033372224066, 2.2672863397584124, 2.260896064305176, 2.258359857808794], "y": [0.9315866566269295, 0.9160806402527569, 0.9026572340175266, 0.8945024012475398, 0.8922353728710176, 0.8928885836215277, 0.8948029803687496, 0.8976887992098599, 0.901396503779531, 0.9108518183636607, 0.922671241862109, 0.9366457003452887, 0.9525374042430543, 0.9701591760642282, 0.9889385839465545, 1.0070220447262364, 1.02295760878191, 1.0336587811587343, 1.0371326114202695, 1.0361825428128746, 1.033814509854164, 1.030238210902832, 1.0256739973144633, 1.0203306485946466, 1.0143140809693023, 1.007725966578139, 1.0006402988967302, 0.9853228702406909, 0.9685727765882312, 0.9505448002255962, 0.9315866566269295]}