{"x": [2.271956219454342, 2.273861449629873, 2.2810772698822057, 2.2986834548778736, 2.3144298957210223, 2.3349854585394274, 2.3499831968647644, 2.36358852789894, 2.375313080397608, 2.385358646081788, 2.4008878510960963, 2.4120762532710174, 2.419622932554848, 2.4245968114870733, 2.4282768714567684, 2.42529646943249, 2.4163034207927856, 2.408924240541856, 2.3989226878271777, 2.3841264702686904, 2.3734367588252927, 2.359721853979791, 2.342358687428475, 2.3294532491994002, 2.3115777461770093, 2.299044152240043, 2.2893987092197485, 2.282111901617309, 2.276723925651262, 2.273258983407095, 2.271956219454342], "y": [1.0977566673096142, 1.0581378445737912, 1.0191351144760106, 0.9814634441202943, 0.9670190525067393, 0.9611829848639579, 0.9637079706577153, 0.9705052256613527, 0.9800065062017316, 0.9912682144773812, 1.0162768427202802, 1.0435056390899358, 1.0707962215610143, 1.0986707401791234, 1.1551190343503503, 1.2082184797921698, 1.2606356428079128, 1.286976381103633, 1.312437247908101, 1.3364165555926788, 1.346079466815483, 1.3505002324869178, 1.3441894529929086, 1.3309699539620725, 1.2996955777683576, 1.2669851947755604, 1.2333098987641744, 1.1998548455858882, 1.1660420098103097, 1.131974820577488, 1.0977566673096142]}