{"x": [2.206386103599091, 2.20847341208456, 2.2164794497614384, 2.2241980077335612, 2.2352115399389647, 2.249876396089858, 2.2668070644850866, 2.2796961859731555, 2.2919131306614235, 2.3131317279334724, 2.329653778986829, 2.3421215852936714, 2.350793750749914, 2.3565907185433326, 2.359872379771356, 2.3609178015508077, 2.357879230965359, 2.3486742231015456, 2.3410708835155805, 2.330812311325748, 2.3160796186935713, 2.294987278759254, 2.2799075399602438, 2.2673910770170775, 2.2488699591499253, 2.2355555619444627, 2.225198134742318, 2.2173390885001525, 2.2114806961820084, 2.207693323908656, 2.206386103599091], "y": [0.8632626861433907, 0.8309531370483584, 0.7995816981244867, 0.7843952846852312, 0.7713989237069588, 0.7623856830157782, 0.759279402060307, 0.7608963638811477, 0.7653111436885749, 0.7800239814749227, 0.7994455798314812, 0.8216881169985459, 0.8447462332113234, 0.8686894648516942, 0.8930843674940494, 0.9176767986192664, 0.9604210645307112, 1.0022728626968378, 1.0231115373139161, 1.0427793493244568, 1.060163272030545, 1.0687868557948879, 1.0649550237545649, 1.0557127505264043, 1.0314341432327938, 1.004866599105482, 0.977012851141271, 0.9491761492981442, 0.9208507928699131, 0.892166444135936, 0.8632626861433907]}