{"x": [2.2722025476711134, 2.274072839707597, 2.2803090794257246, 2.2899847157617996, 2.30093858477813, 2.3131968246465853, 2.324886663981931, 2.3357307710433908, 2.345562484777313, 2.354196237020794, 2.357932598731949, 2.3612054263075835, 2.363953667280426, 2.366070195893152, 2.3674465333151513, 2.367953156794302, 2.365883279392695, 2.3592313577100175, 2.3488124865269895, 2.336717472780328, 2.3243489258944616, 2.312743985279333, 2.302239446823589, 2.2929275808189695, 2.284955384563165, 2.2815239380711483, 2.278513249782121, 2.2759708259455826, 2.27398940804315, 2.2726797572997453, 2.2722025476711134], "y": [0.8996357017959943, 0.8886691946438902, 0.8794566170677208, 0.8741002360818835, 0.8725765860740083, 0.8741403563009691, 0.8781475346485262, 0.8840141119366113, 0.8914537888174757, 0.9003741777347626, 0.9053387731657142, 0.910620459098234, 0.916225737565963, 0.9220987505726833, 0.9281941176769639, 0.9344223708418182, 0.9465101944276221, 0.9568131944483309, 0.9632591885326989, 0.9652122269174477, 0.9633872849765241, 0.9587357563595037, 0.952042330134744, 0.9437696984913958, 0.934234429866358, 0.9290474261099406, 0.9236054054353219, 0.9179022876841676, 0.9119808474755655, 0.9058685192079644, 0.8996357017959943]}