{"x": [2.2341230349179817, 2.2358983167645516, 2.2427000226016998, 2.259427732495856, 2.2746510887873272, 2.2948471588222366, 2.3095874042226456, 2.3228047158654954, 2.334077411257818, 2.3436777034754193, 2.3584439582516765, 2.369060109948598, 2.37622900703662, 2.38095788684262, 2.3844635700615275, 2.3816613894455587, 2.3731745999097518, 2.3661961475308604, 2.3567175218646947, 2.342639617385936, 2.3323681417208597, 2.319020975315854, 2.301975047184724, 2.289502165187572, 2.2723142366644016, 2.260261712053236, 2.250979544136741, 2.2439552541945034, 2.2387542928922697, 2.2354005832723383, 2.2341230349179817], "y": [1.089107981004076, 1.050279259151643, 1.012009714288485, 0.974808013621721, 0.9603398499593896, 0.9545781582215294, 0.9573826798027586, 0.9644849927147353, 0.9741934508220432, 0.9855584061482259, 1.0105251939975064, 1.0375192692507222, 1.0645160883579128, 1.0920453277797608, 1.1477441458902087, 1.199675277494095, 1.2509848189970125, 1.276789485789822, 1.3017841908565575, 1.3254491343901187, 1.3350927833304336, 1.3396045818830462, 1.3331255727835636, 1.3198226242589708, 1.288721802534897, 1.2563257855803576, 1.2230300407652681, 1.1899561275739288, 1.1565469314669656, 1.1228987446997623, 1.089107981004076]}