{"x": [2.2430743633466133, 2.2449603491633425, 2.251863401312194, 2.2687026622833333, 2.2841967860551065, 2.305171148082672, 2.3206312346334146, 2.334346003761203, 2.345911695015721, 2.355692276372161, 2.370627319879426, 2.3813191458072316, 2.3885270554764477, 2.3932775570527416, 2.3968014740384387, 2.393957188359479, 2.3853343496314077, 2.3782518657874205, 2.368631188980927, 2.354312985110387, 2.3437579989727535, 2.329749582185711, 2.311861126270869, 2.299072564931591, 2.2815987088181116, 2.269372313037338, 2.2599717694077883, 2.2528671173592523, 2.2476284922731526, 2.244283621129494, 2.2430743633466133], "y": [1.1526064446722293, 1.1121240720542491, 1.072190035114414, 1.0331680832232002, 1.0176770317182127, 1.0113432582993247, 1.0144424072311036, 1.0222221313926185, 1.0327158625179957, 1.0448905836834514, 1.0713835272764873, 1.0998548539599626, 1.1282484911944841, 1.1571549840979616, 1.2155834918867652, 1.2704677742111818, 1.3247450351918129, 1.3520568208274863, 1.3785811076189218, 1.4038670351808902, 1.4143615443755944, 1.4193921223467485, 1.4121387098910152, 1.3976797491350768, 1.364405571600269, 1.3299351492976863, 1.2945893638774206, 1.2594886700086043, 1.2240613980559067, 1.1884019772378855, 1.1526064446722293]}