{"x": [2.192112303466622, 2.1937792672189804, 2.199459752849544, 2.208298171604548, 2.2182813143303197, 2.2304141835109856, 2.241962580493161, 2.252671705397244, 2.262403842161186, 2.2709939612488035, 2.274735932479607, 2.2780340645286636, 2.2808270325440136, 2.28300070826906, 2.284435250033225, 2.284979400048678, 2.2831300560167813, 2.277039773514107, 2.26746473552071, 2.256395519557496, 2.244181026579797, 2.232735481858389, 2.2223626400240266, 2.213127991381115, 2.2051614044649646, 2.2017065513328506, 2.198655262973254, 2.1960557595811006, 2.194007747591244, 2.1926326023099, 2.192112303466622], "y": [0.8377893003216336, 0.8277865822363083, 0.8193862715130595, 0.8145493464305669, 0.8131890701132991, 0.8147948336218895, 0.8188469340824832, 0.8247058235352562, 0.8320745042746424, 0.8408632818517044, 0.8457447923088309, 0.8509364989667787, 0.856452421807172, 0.8622404446957137, 0.8682618397589403, 0.8744277954303074, 0.8854962956737092, 0.8949218052102869, 0.9007373886479529, 0.9024621556627074, 0.900598511147353, 0.8959437806919869, 0.88932024140926, 0.8811846169837784, 0.8718302140792501, 0.8667446059197113, 0.8614070915297135, 0.8558053916594299, 0.8499794062310279, 0.8439508134724327, 0.8377893003216336]}