{"x": [2.234159854760834, 2.236672755119385, 2.2452212020203794, 2.258770042110271, 2.2741757275443586, 2.292330814969333, 2.309621477867455, 2.3256625678424596, 2.340220959669933, 2.3530158992585006, 2.363398216374259, 2.3705914850468863, 2.373407853291163, 2.370562183878977, 2.361206685268717, 2.3461350430453685, 2.3283095922880572, 2.3189876941998104, 2.3098720160416932, 2.3011000325255955, 2.2927308403326188, 2.2848390855064564, 2.2773996624228143, 2.27042625450414, 2.263929141208297, 2.2524942378654713, 2.243263197801368, 2.2396118048946256, 2.236754962659049, 2.234856273060291, 2.234159854760834], "y": [0.8872899660361935, 0.8718838088637916, 0.8588228593342346, 0.8511984736427011, 0.8491086934483656, 0.851411422290501, 0.8574066483973615, 0.8661170147169102, 0.8771279309551122, 0.8903261688753764, 0.9054955938672086, 0.9224929473907375, 0.940733594608231, 0.9585795220002259, 0.9740407510793524, 0.9840884766629172, 0.9873078700855855, 0.9864593949472126, 0.9843328706125938, 0.9810912114566401, 0.9769183621989879, 0.9719900670930426, 0.9664023241614015, 0.9602461080474314, 0.9535891617758202, 0.9390576314353336, 0.9230354503156742, 0.9144970332771628, 0.9056609884536022, 0.8965603942319257, 0.8872899660361935]}