{"x": [2.2108837750128063, 2.212426254445181, 2.2180427652414507, 2.2233075087681873, 2.230638479227189, 2.240153035572543, 2.250974771519557, 2.2592536531617906, 2.2671114263833, 2.2808457611890867, 2.2917089774239265, 2.3000871535467606, 2.3060888221733595, 2.3102144526854547, 2.312623056812333, 2.3134226874605672, 2.311538473660135, 2.3055408865741285, 2.300428603794665, 2.293474250019993, 2.2837819881075974, 2.2712286728602287, 2.262029390524498, 2.2538567196057246, 2.240968604422714, 2.2314579396812237, 2.224065119456227, 2.2185199025576643, 2.2144354726193494, 2.211832347306239, 2.2108837750128063], "y": [0.7921707780077915, 0.7715001594031196, 0.7515475023676644, 0.7420306419628461, 0.7339966498981031, 0.7285288051121729, 0.7267083271131132, 0.7277780811097261, 0.7305958204267506, 0.739916350556401, 0.7522060625589012, 0.7663075749928235, 0.7810333859666578, 0.7963907525383807, 0.8120987901169525, 0.827970286871709, 0.8526054189874663, 0.8765735007870666, 0.8883662347162082, 0.8991755349857645, 0.9080348497112589, 0.911887339125134, 0.9101707156425817, 0.9056120928541981, 0.8923810701171975, 0.8770504725407517, 0.8605936753129547, 0.8439898393880662, 0.8269676706087443, 0.8096536639171042, 0.7921707780077915]}