{"x": [2.237875115174696, 2.2401143114349567, 2.2485655719671924, 2.2566632542648604, 2.268114365584754, 2.2831400549311125, 2.300334034263884, 2.3132721619934746, 2.3256127883726077, 2.3472808368628715, 2.3643537038595714, 2.3773122739647032, 2.3863485122800223, 2.3923883115119526, 2.39580151463448, 2.396945519173609, 2.393665189445951, 2.383960573403693, 2.375975903060402, 2.3652428821145843, 2.3499470126112074, 2.328400929370289, 2.313271065494346, 2.3005539954875793, 2.281564238723986, 2.267875530954048, 2.257226715244747, 2.2491550586520437, 2.2431410271617227, 2.2392545293471025, 2.237875115174696], "y": [0.863997765213361, 0.8310965353698473, 0.7992205080056357, 0.78390690312083, 0.7709087877689302, 0.7619806660427009, 0.7588422313061027, 0.7602900960605458, 0.7644374328041709, 0.778608437134029, 0.7976788326046843, 0.8197523060903994, 0.842779590042581, 0.8667677169878767, 0.891243876080699, 0.9159303819717162, 0.9593636882495991, 1.0018258253227952, 1.0229192856314806, 1.04275590050554, 1.060135317504614, 1.0686072745434247, 1.0649472782747045, 1.0559703921756924, 1.0320010020978558, 1.0055658280225293, 0.9777665137721214, 0.9499575370042401, 0.9216322434618862, 0.89292953718502, 0.863997765213361]}