{"x": [2.17290140151968, 2.1746970378632566, 2.181563548278338, 2.198257518138684, 2.212462939906918, 2.2297990711014037, 2.244097139649373, 2.2572497828128157, 2.2688529239953925, 2.2790101763942863, 2.2951939600460847, 2.3071730112972366, 2.315441383394577, 2.3209694212513075, 2.324111731039224, 2.325115327963552, 2.3224384877898423, 2.3142135376661908, 2.3073419600092353, 2.297953078447213, 2.2840770852389936, 2.2626313082293743, 2.246084427072719, 2.233219494298265, 2.214872722196523, 2.201784520814935, 2.1915886436578504, 2.183803124781439, 2.1779802694806065, 2.1742027870345932, 2.17290140151968], "y": [0.9384191973577697, 0.9054537864772598, 0.8731614706866762, 0.8427687459440373, 0.8321384076183953, 0.8283626089295599, 0.8307589575977165, 0.8368569268463231, 0.8454018802859852, 0.8556233937890806, 0.8787578703461811, 0.9043238866565396, 0.9302936293205384, 0.9569813476311948, 0.9840380171485374, 1.0112580514870062, 1.0559962827666332, 1.1000533481115744, 1.1221626783896823, 1.1433260894535053, 1.1627197183623128, 1.1731473105206567, 1.1678369059674516, 1.156153876512727, 1.1275666844234915, 1.0972235389728704, 1.0657902511995527, 1.034472111730429, 1.0027304274630808, 0.9706725851427375, 0.9384191973577697]}