{"x": [2.31070338854726, 2.3124188495580036, 2.3183215192393547, 2.328016106332075, 2.339271098488774, 2.345699665013084, 2.352015357382287, 2.3581493242690623, 2.364069257123955, 2.3751284815166716, 2.385043024070233, 2.3936109038060627, 2.4004758823415018, 2.4051722082131115, 2.406971877681701, 2.405032792044035, 2.3986568188385657, 2.388185280511484, 2.375707308395174, 2.369199590937336, 2.3628440835430617, 2.3567344053287567, 2.3509098938929216, 2.345424123064241, 2.340259409268009, 2.3354268756382273, 2.330935052704838, 2.323072253114351, 2.316786162835173, 2.3124198475088713, 2.31070338854726], "y": [0.9701042347655052, 0.9588505491169108, 0.9491167555198791, 0.9431391447774444, 0.9413950115717992, 0.9418715870334289, 0.9431621766760697, 0.9451250468597124, 0.9476613441844474, 0.9541611438814719, 0.9623009034739608, 0.9719002667195796, 0.98278274840332, 0.9948079621875928, 1.0075916405726915, 1.020055550190092, 1.0309393023805857, 1.038078603011447, 1.0402973730080836, 1.0397244879923342, 1.038212499396596, 1.0359211655980154, 1.0329794917560164, 1.0295100450149497, 1.025578572812719, 1.021247488034397, 1.016563984711556, 1.0063466221461932, 0.9950903712519451, 0.9829198514381421, 0.9701042347655052]}