{"x": [2.184456470233395, 2.186556007636586, 2.1940600476370333, 2.2059884019619584, 2.2195070544303164, 2.238132071118743, 2.2557895853085577, 2.272138249219014, 2.2870085621586425, 2.3001592734593386, 2.3109505949789226, 2.3152311359695448, 2.3185531199978278, 2.3207254512768776, 2.3215037252846376, 2.3188983527401668, 2.3105116710352576, 2.297055911259408, 2.2813002619987675, 2.2625492471173985, 2.2536591116546685, 2.2451815023825104, 2.2296271995456247, 2.2225192754945238, 2.2158664724020563, 2.204039763942973, 2.194330982487141, 2.190416083858681, 2.1873026596564245, 2.1851875067408573, 2.184456470233395], "y": [0.820705664822636, 0.807160821783331, 0.7956908516901495, 0.7890838054709043, 0.787299223703668, 0.7898650750870041, 0.7963216246765343, 0.8054858111694394, 0.8168934804673857, 0.8304308801715381, 0.8459147355804865, 0.8543932120008725, 0.863291077795504, 0.8725491979821152, 0.8820268613093557, 0.8977679901493317, 0.9113412975293608, 0.9199552611266845, 0.9226042904540203, 0.9193818187160601, 0.915958820991819, 0.9116135289424324, 0.9008232833776701, 0.8945639980914579, 0.8878229708979767, 0.8731476495578685, 0.8569929087040367, 0.8483658693574254, 0.8394183094165306, 0.8301672490311539, 0.820705664822636]}