{"x": [2.251874636243785, 2.2538686835068895, 2.2610148623908457, 2.274389821255844, 2.2910451542032346, 2.301174801814779, 2.3110303664351055, 2.320478487938349, 2.3294821721695556, 2.3459519503290283, 2.3603463589503852, 2.3723623335915454, 2.3817266803310293, 2.387952638380957, 2.3903327443994415, 2.3880408964235116, 2.380056439059989, 2.3652718455251143, 2.3558823139737703, 2.345926469294449, 2.3355152351167843, 2.3255052037907276, 2.3161096074680847, 2.307360281307859, 2.299330044784457, 2.2919114681389208, 2.2788308185319983, 2.2681729171120972, 2.2598094156928057, 2.2540903849635363, 2.251874636243785], "y": [1.0795470864513532, 1.0629858650221762, 1.0479132936731257, 1.0375132879820523, 1.0344069191330054, 1.0352879879997101, 1.0377887656980476, 1.0414945283785184, 1.046177833541409, 1.0578122299819461, 1.0719336241623807, 1.0880017349653788, 1.1057465043777193, 1.1248572805431698, 1.1448152216851362, 1.1641974852325137, 1.1820068408630486, 1.195330453725374, 1.1988397668847435, 1.200005845066278, 1.1987509386388153, 1.1956255810440366, 1.1910209916063168, 1.1852826324427574, 1.1787324394363832, 1.1714968021046173, 1.1554465201039283, 1.1380625027014886, 1.1194655468287076, 1.0998544985316976, 1.0795470864513532]}