{"x": [2.2621664083262933, 2.2642439432088097, 2.271784361045192, 2.2859570159633384, 2.3036905263065646, 2.313794018135066, 2.3236353810875743, 2.3330798794811467, 2.3420830612020147, 2.3585442985359983, 2.3728881829856565, 2.384800563637335, 2.394009869944351, 2.4000585428314154, 2.402314343025753, 2.399825825635426, 2.391374550124045, 2.3844567612282175, 2.3758670934808257, 2.3660067307798784, 2.3555294787842587, 2.345145036736499, 2.3351475343814543, 2.3257555436958115, 2.3170120483319523, 2.301601727775796, 2.288608839772519, 2.2780903882148693, 2.269891346528287, 2.26432807867289, 2.2621664083262933], "y": [1.1309546129271284, 1.1133149610664177, 1.097233432289342, 1.0860548566206971, 1.0826862794262146, 1.0835434449837644, 1.0859853407961686, 1.089627150679078, 1.0942536015899254, 1.105816915358875, 1.1199213663861136, 1.1359992566232073, 1.153764167110178, 1.172870138456057, 1.1927833489015747, 1.2131775847515225, 1.2319043975325588, 1.2398674899889812, 1.245989928446507, 1.2497511477086367, 1.2510163407975883, 1.2498047061172841, 1.2467461702089337, 1.2422030190613744, 1.2365108314141733, 1.222769943897982, 1.2067239216273242, 1.1893441834549712, 1.1707573914366625, 1.1511860938429241, 1.1309546129271284]}