{"x": [2.256111278586651, 2.2577110762310175, 2.263524935364798, 2.269020726967972, 2.276779865911749, 2.287103616074297, 2.2990605842911673, 2.3080822857237573, 2.3165817031757063, 2.33122806412889, 2.342618161007596, 2.351310292645587, 2.3574841604321217, 2.361707433920139, 2.3641641424429807, 2.364975862791493, 2.3629852629448327, 2.3566704197946065, 2.3512864704822394, 2.343933888668858, 2.333530527184769, 2.319681282664318, 2.3096303922753743, 2.300849460384975, 2.2872598717487205, 2.2773508146304793, 2.269687995099506, 2.2639597853691265, 2.25975437197426, 2.2570829425083545, 2.256111278586651], "y": [0.8749223781094019, 0.8521338596835888, 0.8300414409269405, 0.8193624465663405, 0.8101950909634191, 0.8037915070751244, 0.801642876093801, 0.8029182874265346, 0.8062012241886362, 0.8168432284711434, 0.8306049765926102, 0.8462116054999956, 0.8623674630327008, 0.8791392350651396, 0.8962485754808635, 0.9135143235475746, 0.9408148848039696, 0.9674495593589881, 0.9806284846149109, 0.9928190761418579, 1.0030278504953285, 1.0075717948371365, 1.0055049236277982, 1.000195725068437, 0.9852168393858883, 0.9681549366539527, 0.9499731013603875, 0.9316995692384044, 0.9130167198543665, 0.894050826204838, 0.8749223781094019]}