{"x": [2.257466735315314, 2.2592456859885406, 2.266254581371285, 2.273127065671422, 2.2834176091418117, 2.299109905176959, 2.320166431663919, 2.33517713423872, 2.348596460988786, 2.3696555514513875, 2.3844443128659876, 2.3950267592264023, 2.4021448874584417, 2.4068279492767357, 2.4102902532526858, 2.4073846796643825, 2.3986239282500557, 2.391449473546352, 2.381726032213701, 2.3673015251269636, 2.356728123029506, 2.342819139430742, 2.3254149912133433, 2.3128027738772983, 2.2955138485512903, 2.283428542794623, 2.274144624806088, 2.2671358887689363, 2.261963673773455, 2.258644231138189, 2.257466735315314], "y": [1.1356817836612083, 1.0950755204415183, 1.0550391786546085, 1.0347789840102144, 1.016022352047935, 1.0006602043206536, 0.9944259096569823, 0.9973046157157546, 1.0046210226164753, 1.026271001936502, 1.051815988525235, 1.079370763665407, 1.1068760205251935, 1.1348987940577442, 1.1915613275082926, 1.2459161737890267, 1.2996389893028812, 1.3266571082396852, 1.3528660044360012, 1.3777806795687515, 1.3880497407087784, 1.3929273040206647, 1.3861434864331452, 1.3723646428640244, 1.340350610066632, 1.3070845725633755, 1.2729306162305818, 1.2390159494258544, 1.2047730640720373, 1.1702971302242027, 1.1356817836612083]}