{"x": [2.2478364511670246, 2.249564194581046, 2.2553349170520107, 2.2642538147642237, 2.2743006997559148, 2.2868576848495468, 2.2988094786193742, 2.3099010157461315, 2.319996694706006, 2.3289325717926044, 2.33283478277942, 2.3362812139355986, 2.339207254439709, 2.3414901519296163, 2.3430005912798046, 2.3435734615072286, 2.3416771975941844, 2.33544364499677, 2.3256861515402742, 2.3144378440752584, 2.301791804293427, 2.2899449759201898, 2.2792064207994644, 2.269640053569925, 2.261376266475615, 2.2577886423343254, 2.254617771626453, 2.251914100139772, 2.2497840153148063, 2.248358452535057, 2.2478364511670246], "y": [0.8648984308124923, 0.8548378064130948, 0.846417591286773, 0.8415989724485571, 0.8402477042025553, 0.8419167747784196, 0.8461141902823226, 0.8521637726705061, 0.8597596208288625, 0.8688175678197194, 0.8738499383024422, 0.8792047600125208, 0.8848998525565046, 0.8908818397820685, 0.8971120991533612, 0.9034971894868419, 0.914744520222025, 0.9242965402968457, 0.9301523251202503, 0.9318769913557986, 0.9299337191226906, 0.9251014022217926, 0.9182394989410083, 0.9098200630486651, 0.900142223193852, 0.8948813181564955, 0.889359203729466, 0.883561228139689, 0.8775288903601881, 0.871283323285632, 0.8648984308124923]}