{"x": [2.2328766841376826, 2.235382806102837, 2.2439843107960527, 2.2568659209796844, 2.2711517627611246, 2.289782139373778, 2.3076263822423866, 2.324353997232537, 2.3397566515194073, 2.353617180617688, 2.3597319707383253, 2.365169660805294, 2.3698235561730217, 2.373480961141376, 2.3759256995321754, 2.376892170310971, 2.3739851282565176, 2.3644143724040183, 2.349707544876395, 2.332842210485849, 2.3140226941687456, 2.296366171832572, 2.280342783339454, 2.2660358549661828, 2.253614990658543, 2.248188389551392, 2.243362636118474, 2.2392115843309655, 2.235904969780465, 2.233657155975291, 2.2328766841376826], "y": [0.8110980260922138, 0.7967581584851141, 0.7850139442795593, 0.7786080320469864, 0.7769091156128642, 0.7791608074717714, 0.7849697699783547, 0.7933791024912353, 0.8040227962809898, 0.8169117818896118, 0.8241472544813565, 0.8319044607169106, 0.8402266923659156, 0.8490324672103523, 0.8582628125060349, 0.8677623890392658, 0.8846649898719018, 0.8988969764101765, 0.9075682599870429, 0.9102220178306972, 0.9073432329116503, 0.900222220623215, 0.890076333555319, 0.8776264418402087, 0.863326233191166, 0.8555562194723884, 0.8473994298728702, 0.8388237612071043, 0.8298884590733208, 0.8206114817584665, 0.8110980260922138]}