{"x": [2.222325519378207, 2.224108765254721, 2.2308189023593017, 2.243549965089406, 2.2594944990908115, 2.2698241986231467, 2.2798461298719226, 2.28942339119326, 2.2985287828874736, 2.307086311114036, 2.3151366747199713, 2.3296324642430917, 2.3417347396572, 2.3512010432199073, 2.3575461606086794, 2.360021753847976, 2.3579519407659326, 2.3505286724053476, 2.336463625954163, 2.317867338076837, 2.3072531361267625, 2.2970825363137735, 2.2875696943941755, 2.2787278944255736, 2.2706221751189495, 2.2631308553634546, 2.2498957633644836, 2.2390600507324785, 2.2305005735442305, 2.2245881086733243, 2.222325519378207], "y": [1.0355831904651862, 1.0197265551854235, 1.0052494384735486, 0.9951966522563034, 0.9922116389488762, 0.9931711969748548, 0.9958515585322514, 0.9997808128886764, 1.0047057307874454, 1.0104151481034498, 1.0168198636513048, 1.031395403856202, 1.0478641369886827, 1.0659769318598908, 1.0854432659029796, 1.1057673923016211, 1.1243937330275535, 1.1416018642997128, 1.1545893111712116, 1.1591365504542936, 1.157786128341164, 1.1544629036474934, 1.1496249889837036, 1.143648187749213, 1.136873335788074, 1.1294247498219947, 1.1129807188759808, 1.0952320005647178, 1.0762803510270174, 1.0562983556640593, 1.0355831904651862]}