{"x": [2.269658667740678, 2.2726830940246225, 2.282850207631107, 2.2977935758086376, 2.314295076438269, 2.333227940859867, 2.3514579562460374, 2.3686262741156066, 2.3844604769705704, 2.3987160259284113, 2.4105110101541554, 2.415206799921326, 2.418851389877653, 2.4212423334331477, 2.422152467225074, 2.4213346480327425, 2.418608561744221, 2.4139336669062548, 2.407464570286547, 2.3906614518372744, 2.3713925673716703, 2.352193826107866, 2.334098412262622, 2.3176439927925143, 2.302985824423845, 2.290330706965477, 2.2799872172135744, 2.2758483103158405, 2.2725856526371757, 2.2703979303372033, 2.269658667740678], "y": [0.8295274545816305, 0.8129620459172789, 0.7995385694869044, 0.792276581769521, 0.7903423648564154, 0.7924349657633283, 0.7979575442174749, 0.8061335178555821, 0.816663271098154, 0.8296229850979296, 0.844856277918585, 0.8533491470767192, 0.8623433803472592, 0.8717608189725262, 0.8814343094401405, 0.8912577551074727, 0.9007307359771838, 0.9094233377113362, 0.9168776489189207, 0.9268148378008354, 0.9299457488417852, 0.9272152478876222, 0.9202436412331614, 0.9101038566166535, 0.897506188092551, 0.8829251260427879, 0.8666226235313196, 0.8578412131959223, 0.848697976205743, 0.839223291927761, 0.8295274545816305]}