{"x": [2.345098049618225, 2.3459361507328427, 2.348635107105249, 2.3533960246470977, 2.36010636433027, 2.3772742078027482, 2.396477099813307, 2.4142239912493277, 2.431342572578936, 2.4474346757968553, 2.462152533637797, 2.475177473956546, 2.4856538801858874, 2.492727768128804, 2.4953397147573693, 2.494350518297956, 2.49126126055662, 2.48609133698447, 2.479004164391058, 2.4703070048136615, 2.4603841649314275, 2.4496912050022606, 2.4386444622932095, 2.420507912593868, 2.4034078787124593, 2.3879491592329574, 2.374356032312765, 2.3628798856425357, 2.353759062017555, 2.3475006005808323, 2.345098049618225], "y": [0.9186187794091502, 0.9088365817136325, 0.899396802069363, 0.8907781138429517, 0.8835725976282167, 0.8746197070994469, 0.8721422009447679, 0.8739799701243812, 0.8790082625244932, 0.8866654153963591, 0.8967139195961449, 0.9091989643787975, 0.9238880870908462, 0.9405618575371112, 0.9584848105954995, 0.969556310990924, 0.9802340034967416, 0.9900835160437875, 0.9986574878064812, 1.0055669854769518, 1.0105588780483599, 1.0135116288374209, 1.0145253372713894, 1.01205852414084, 1.0055310098151273, 0.9958324775786948, 0.9836562533684321, 0.9695523145499114, 0.9538222920135263, 0.9366948646341694, 0.9186187794091502]}