{"x": [2.3241900708218375, 2.324802506075691, 2.326618963731179, 2.3297402701107437, 2.3340759162619915, 2.345089887545669, 2.357409598502627, 2.3690488618814665, 2.380248680354333, 2.3907332782512487, 2.4002859455061936, 2.4087065985732865, 2.415496596992198, 2.4201241286873376, 2.4218476733363734, 2.421217470875278, 2.419256465840004, 2.4159512231741704, 2.4114116382914412, 2.4058856851058064, 2.3996372245628885, 2.3929639124841744, 2.386102292441632, 2.374293619926219, 2.363103993813497, 2.352893396383635, 2.3438328090049474, 2.3361019378539196, 2.3299410602441304, 2.3257347094309018, 2.3241900708218375], "y": [0.9487641416951414, 0.942489805455873, 0.936453013777392, 0.9309581792285404, 0.9263605784753723, 0.9205955030487774, 0.9189316580893506, 0.9202163759374618, 0.9236350040433067, 0.9288156812487549, 0.9355619956264997, 0.943850935985416, 0.9535209852004506, 0.9644449100282151, 0.9761826941919723, 0.9830702357040604, 0.9897027195882729, 0.9957867821110712, 1.0010148424544358, 1.0051332570527143, 1.0080408743343972, 1.0097183906264777, 1.0102334880948094, 1.008706931294259, 1.0046366254459143, 0.9985714695658287, 0.9908936982695736, 0.9818791543611933, 0.971726718313273, 0.9605787436167408, 0.9487641416951414]}