{"x": [2.2814497868547927, 2.2829540838779905, 2.2883697713413147, 2.293479255069882, 2.300756737488492, 2.3107246503017613, 2.322627861383641, 2.331124760660162, 2.339067537773184, 2.35249419973342, 2.362666170761678, 2.370289325181147, 2.375618045141941, 2.3792295783682524, 2.3813148193528892, 2.3819999958140055, 2.3801255608873766, 2.3742158880836137, 2.3691993746571294, 2.362338164133577, 2.352482058695926, 2.3388469991257828, 2.3293599238588096, 2.3212204380251444, 2.3088907884472443, 2.3000408264932557, 2.2932598027960194, 2.2882329108159265, 2.2845744273665645, 2.282274172143635, 2.2814497868547927], "y": [0.8832603752034788, 0.8605131991962158, 0.8383689616808034, 0.8275297831559615, 0.8180096537076446, 0.8110410867120964, 0.8085443332672018, 0.8097770804865277, 0.8130373342734217, 0.8235337511115787, 0.8368742231028271, 0.8518182755734903, 0.8671113819902989, 0.8828984396025221, 0.8989490351893038, 0.9151200086254194, 0.9423021733858112, 0.9689002814897294, 0.9821309488308043, 0.9945059136953921, 1.0051667896079541, 1.0101549997217887, 1.0080391125992465, 1.0027258889261723, 0.9881016937437272, 0.9717032642623287, 0.9543467659501412, 0.9369755223487062, 0.9192654899915741, 0.9013269729847505, 0.8832603752034788]}