{"x": [2.1608166481348774, 2.1619407409697238, 2.1659725993660217, 2.1734728977253344, 2.1827475492742363, 2.1894059962432855, 2.195853155737648, 2.2019993144550525, 2.207834810700538, 2.2133164381965105, 2.2184792059240017, 2.227816745060918, 2.2357029158324946, 2.2419876557417617, 2.246320926118523, 2.2480540972017544, 2.246883247256568, 2.242619312481341, 2.234592614442869, 2.2242807854791744, 2.2174937334098597, 2.2109728638728154, 2.2048359888618405, 2.199086070417383, 2.193765443173651, 2.1888070851551094, 2.1799425384414306, 2.1725517996540806, 2.166630415635622, 2.162475383072621, 2.1608166481348774], "y": [0.9636705799878416, 0.9544377182674757, 0.9460559858617643, 0.9403340355536607, 0.9386089183247224, 0.9393065984526149, 0.941110984235854, 0.9437289412266627, 0.9469810096998305, 0.9507211095942547, 0.9548903321377096, 0.9643068545300894, 0.9748794292872524, 0.9864756817296206, 0.9989687074787952, 1.0120778280642468, 1.022378701130941, 1.0318284490515421, 1.038687936656961, 1.0409565562886332, 1.0401903909660675, 1.038158311840161, 1.0352036288165114, 1.0315526255910052, 1.0274025386312966, 1.0228257513520103, 1.01266525512563, 1.001572962166771, 0.9896314717148245, 0.9769305404026538, 0.9636705799878416]}