{"x": [2.095099369282907, 2.0968852920647074, 2.1036669185364207, 2.1198890948590825, 2.1331950788050262, 2.149011198400184, 2.161952222558032, 2.1740120461708843, 2.184809140582675, 2.194363556420207, 2.209777614074555, 2.221282889009452, 2.229257476784883, 2.2345979560419, 2.2376337837666056, 2.238677450037722, 2.2360164338325945, 2.2280881491541407, 2.2214669999235985, 2.212442339606971, 2.1992316463677457, 2.179525619592457, 2.1645325390652643, 2.152523476071961, 2.1351137364801827, 2.122636210998071, 2.112906500969332, 2.105484803123097, 2.099934117714372, 2.0963357743859166, 2.095099369282907], "y": [0.8498884225176434, 0.8197680950189984, 0.7903668502969404, 0.7632131001593101, 0.754079983573348, 0.7508685371244455, 0.7527888745798169, 0.7578602113486969, 0.7651338558080737, 0.7739767223943145, 0.794358474588631, 0.8171759600888904, 0.840521695559571, 0.8646068921782502, 0.8890717416482057, 0.9137021267502746, 0.9541755436624446, 0.9939539396312073, 1.0138661094225685, 1.0328104919435852, 1.0498899926543792, 1.0587163321630606, 1.0543655620477268, 1.0443903893517652, 1.019265713045782, 0.9922713188305021, 0.9641693846628447, 0.9361309107247624, 0.9076629021679508, 0.8788744895170081, 0.8498884225176434]}