{"x": [2.2603785094193487, 2.2620492987780447, 2.2675928339461504, 2.276080928086277, 2.285623627318544, 2.2971482861416557, 2.3081346135633485, 2.3183396859956207, 2.3276280359514034, 2.3358445300277233, 2.3394287784524823, 2.3425909624739223, 2.3452722914570643, 2.3473607225025757, 2.3487393670727266, 2.349259796616707, 2.3474527410945694, 2.3415507073983974, 2.3323779516089873, 2.3218317855762742, 2.310225575692838, 2.2993204819158235, 2.2894050543613975, 2.280554981871053, 2.2728975073900024, 2.269573956493904, 2.2666383200794296, 2.2641381663403504, 2.262172097114185, 2.260859376413927, 2.2603785094193487], "y": [0.8371254393350704, 0.8275669617045103, 0.8196029646216989, 0.8150574239200525, 0.8137742350156184, 0.8152630972984183, 0.8190492670872188, 0.8245470557763999, 0.8314821649260608, 0.8397785827424371, 0.8443943541236372, 0.8493089013488095, 0.8545369013281947, 0.8600287101985429, 0.865747508511549, 0.871607070618516, 0.8821540509578636, 0.8910798698103793, 0.8965269085025728, 0.8981356537579978, 0.8964149419804864, 0.8920855209344133, 0.8858942928590539, 0.8782573284369916, 0.8694339789360213, 0.864624729784943, 0.859569345843231, 0.8542546560229104, 0.8487201037914124, 0.8429871116127543, 0.8371254393350704]}