{"x": [2.1932494995554315, 2.1945494383307724, 2.199138870687653, 2.207290761013504, 2.2171158909669453, 2.2236806258432487, 2.23007655822482, 2.236219483341873, 2.2420882922472525, 2.2476372536550615, 2.252886757822743, 2.262431310986717, 2.2705532049464217, 2.2770390916028784, 2.2815031810893545, 2.2832696233172642, 2.2818722066599677, 2.2769275661208197, 2.2680630779943143, 2.2570518880619708, 2.250397888811944, 2.243965563787478, 2.237861510603253, 2.232104750366083, 2.226741837558549, 2.2217252737044437, 2.2127236617180124, 2.2051844522617556, 2.19914614876532, 2.1949225305212225, 2.1932494995554315], "y": [0.9408259908596971, 0.9310276668837038, 0.9222735761713695, 0.9165266997531709, 0.9148100967563348, 0.9154110747898897, 0.9170076234309694, 0.9193698834073004, 0.9223486219358777, 0.9258211345006583, 0.9297316360300538, 0.9386768727960607, 0.9488853375621737, 0.9602039588851644, 0.9725004056764385, 0.9854622875031392, 0.996443842982729, 1.006348279564585, 1.013223992972538, 1.0153706836552217, 1.0146403930361505, 1.0127872267761278, 1.0100731696628797, 1.0066841752896842, 1.0027870887671058, 0.9984532447178388, 0.9887345649981547, 0.9779929790738758, 0.9663413595178265, 0.9538783979235358, 0.9408259908596971]}