{"x": [2.2836293583661456, 2.2851272567525585, 2.2903217997624035, 2.299211833360174, 2.309740327552177, 2.316165627951859, 2.3224531726883817, 2.3285258746902704, 2.3343550927677863, 2.33989451565376, 2.345151720433943, 2.3547432791888143, 2.362942399669854, 2.3694789902812476, 2.3739440565979315, 2.3756667587859757, 2.374020236288015, 2.368437593576715, 2.3588444893982503, 2.3471552372606967, 2.3406410616667075, 2.334309658949211, 2.328262261871709, 2.3225303486782223, 2.3171649242525385, 2.3121340246331337, 2.3030921070376373, 2.295514040535251, 2.289467307044455, 2.285270345079396, 2.2836293583661456], "y": [0.9693503842689007, 0.9588405776030937, 0.9495822592543047, 0.9436782596042057, 0.9419344937693519, 0.942467397976116, 0.9438940210188153, 0.9460363021384277, 0.9487725942653674, 0.952001191240932, 0.9556714558416771, 0.9641663637671681, 0.9740054530599931, 0.9850193641706677, 0.9970633596010567, 1.009792339933783, 1.0214599527539152, 1.0318367694919504, 1.0388695097012761, 1.041071433200275, 1.0404373695460611, 1.0387790993582422, 1.0363033462519862, 1.0331655865418643, 1.0295105349848717, 1.02540721557597, 1.0161056243201056, 1.0057066524880307, 0.9943487160042248, 0.982148003099366, 0.9693503842689007]}