{"x": [2.2115776596360424, 2.213321935713206, 2.219198671106577, 2.228102129845572, 2.2380486491267373, 2.2503580714994262, 2.2621147603667, 2.2730723275078493, 2.283088936595001, 2.2920090360048166, 2.2959196370406034, 2.2993831558506677, 2.3023343223915345, 2.304644691202722, 2.30617916527096, 2.30676506207356, 2.304834241411424, 2.298531116590236, 2.2888476677423704, 2.277784564210511, 2.265404895742883, 2.253754660798542, 2.2431322508487606, 2.2336164317853076, 2.2253374835083903, 2.2217261973671794, 2.218523127148625, 2.2157794211631776, 2.213605692293189, 2.212136564908278, 2.2115776596360424], "y": [0.8109875708888652, 0.8010116020492539, 0.7927637881304895, 0.7881465412765174, 0.786859179549222, 0.7884268475001095, 0.7923966999950548, 0.7981574796057707, 0.8054322580746476, 0.8141687338853, 0.8190428987220143, 0.8242442755367518, 0.8297943586645499, 0.8356402976510338, 0.8417448218252938, 0.8480119225103729, 0.8590803167565891, 0.8683812864429994, 0.8739760107378644, 0.8756124280954264, 0.8737879926776974, 0.869221070113926, 0.8626922441803498, 0.8546355482841541, 0.8453112099897079, 0.840223078745112, 0.8348685658512114, 0.8292300500602897, 0.8233482403337828, 0.8172425763311417, 0.8109875708888652]}