{"x": [2.2427427603420913, 2.2455082548077554, 2.2547803021233634, 2.2687567882350677, 2.2842849373611225, 2.3041267418189775, 2.32314017790359, 2.3409712285562345, 2.357388165974608, 2.3721514252516953, 2.378652025519438, 2.3844201902642395, 2.3893403376595006, 2.3931890442943713, 2.3957437650765745, 2.39673973940932, 2.393531228299684, 2.3830945812241326, 2.367026959758286, 2.348520325133723, 2.328443477642902, 2.3096378483757225, 2.292627314451424, 2.277497186844011, 2.2644310964540395, 2.25874199701106, 2.253695366985985, 2.249368611644537, 2.2459336302332367, 2.2436097169733986, 2.2427427603420913], "y": [0.826120492227859, 0.8105603754545355, 0.7977621594766651, 0.7907476926685756, 0.7888979647557608, 0.7912756834307719, 0.7974271059083461, 0.8063492308389016, 0.817664479243371, 0.831400267435586, 0.8391211198722222, 0.8474034891990585, 0.8562899763894083, 0.8656902403332586, 0.8755352669629826, 0.8856574793073028, 0.9041983994111772, 0.9198552400777776, 0.9295159025145487, 0.932516124699642, 0.929420932419539, 0.9217392445655668, 0.9107821653130657, 0.8973473192507287, 0.8819619225297471, 0.8736170838164221, 0.8648687290560384, 0.8556894657764427, 0.8461406130262474, 0.8362466597945749, 0.826120492227859]}