{"x": [2.2892051253630106, 2.2914283148271126, 2.2993343271450994, 2.314034943912551, 2.3323643065800588, 2.342349225846417, 2.352086260205969, 2.361442992122472, 2.3703692113522594, 2.386698023141547, 2.4009088962143257, 2.4126744948664602, 2.4217262919062827, 2.4276290333274666, 2.429808158056387, 2.4272024392723557, 2.4184484982792442, 2.4113219215077355, 2.4024865942547935, 2.3923376451277707, 2.38154157928683, 2.3712434180433934, 2.3613173714398075, 2.3519829016036953, 2.3432907038332944, 2.3279804371744763, 2.3151040283568776, 2.30472341785278, 2.296675931303599, 2.291263158115606, 2.2892051253630106], "y": [1.152296101644043, 1.1340654198999454, 1.1174884691104998, 1.1060072634279325, 1.102548841609834, 1.1033822137903164, 1.1057451111278669, 1.109284804787552, 1.1138014931345022, 1.125153963998404, 1.1390665401680096, 1.154968848126793, 1.1725579834213133, 1.1914666094425248, 1.2111549285610077, 1.2321709816356936, 1.2514539475462734, 1.259660481643276, 1.2659907494653269, 1.2699028438570406, 1.27122595128678, 1.2700552794342956, 1.2670726302082806, 1.2626151908015697, 1.2570074469498926, 1.2434151103903117, 1.2274980134729994, 1.2102428677941603, 1.1917838567947465, 1.1723573258839273, 1.152296101644043]}