{"x": [2.2406153191527753, 2.241788663361217, 2.2459668493151765, 2.255790952770018, 2.2651462169351975, 2.2717612662309756, 2.2795003039041406, 2.2900971754158475, 2.298813642305495, 2.3114010193870573, 2.319904594319017, 2.325998932969047, 2.330181621477988, 2.332988310450678, 2.3351401647248946, 2.333605846740748, 2.3287185604128773, 2.324578196593005, 2.3188320143634984, 2.3100796425921253, 2.303482244383178, 2.2945235236602306, 2.2829251058484497, 2.274785210455132, 2.2637960153880465, 2.2562194643358997, 2.2504934908997423, 2.246251599880623, 2.243193298145504, 2.241289040202299, 2.2406153191527753], "y": [1.2330193379453847, 1.204251004860519, 1.1757635253783432, 1.1474220477986308, 1.1350097358963962, 1.130675653546132, 1.1290476354572343, 1.1319538048035667, 1.1386442988859846, 1.1561559786277027, 1.1753255031814196, 1.1953914069651457, 1.215258479000012, 1.235366137526354, 1.2758902045014795, 1.3111807225281331, 1.3461648507381578, 1.363822079540951, 1.3810238739630571, 1.3975364168841946, 1.4044883830606072, 1.407893793440229, 1.4029857393257719, 1.3933756199762046, 1.3714754838877776, 1.3488670195361594, 1.32572052921057, 1.302764746340929, 1.2796215314157475, 1.2563544706134853, 1.2330193379453847]}