{"x": [2.2630400994043027, 2.2657206324257446, 2.2749334309586993, 2.2892385143568155, 2.305406379682819, 2.3231173751648955, 2.3400594065733697, 2.3558451581442053, 2.3702086819387795, 2.3828637273305273, 2.393113325630157, 2.4001691235576286, 2.4028837411242514, 2.4021527348378133, 2.399746156111033, 2.3955844272350544, 2.3897292911189525, 2.382395771493176, 2.3739497004933026, 2.364830861855782, 2.3554166145265523, 2.337424395246878, 2.3206015160735802, 2.3054849108393696, 2.2921865498028304, 2.280901693233456, 2.2718288901524644, 2.2682585590188316, 2.2654789057466975, 2.263642601326496, 2.2630400994043027], "y": [0.909130838048139, 0.8929357982332018, 0.8793494479109988, 0.871513580000592, 0.8693603573607771, 0.8714606892017398, 0.8770336889830587, 0.8852528347293116, 0.895761568889855, 0.9084939285649197, 0.923231936960176, 0.9398186204390241, 0.9576380818418777, 0.9670567018931349, 0.9761919716041266, 0.9846892188419784, 0.9921216194582162, 0.998112169163195, 1.0023936502777835, 1.0048786444843367, 1.0057155205371802, 1.0029840791073472, 0.9960435126165542, 0.9860403204712169, 0.9737224797251554, 0.9596381437513739, 0.9440368376564582, 0.9357045445754497, 0.9270762249199014, 0.9181873693354666, 0.909130838048139]}