{"x": [2.2524368138626314, 2.2539295214599346, 2.2592598710727256, 2.2642962713590498, 2.271541586714569, 2.2816721435732967, 2.294012495190469, 2.3028410564011565, 2.3110179467686716, 2.32462781893217, 2.334788376930266, 2.342350626796137, 2.347619343320158, 2.3511869013412423, 2.353249838932014, 2.353935031798994, 2.3520956878514396, 2.3462520728962315, 2.3412819478792786, 2.3344626041052186, 2.32456204074536, 2.3104932301898815, 2.3005928314549506, 2.292242458062842, 2.279800233361402, 2.270944706444269, 2.2641785282701687, 2.259168738410269, 2.255529673331385, 2.2532472934671524, 2.2524368138626314], "y": [0.9228376528733987, 0.8992623052010634, 0.8762489923833063, 0.8648879468647476, 0.854791210336645, 0.8472275527458697, 0.8444793132397557, 0.8458734073780816, 0.849482486960886, 0.8608397978378334, 0.8749920703367202, 0.8906871693386876, 0.906652444648679, 0.9230817452820143, 0.9397578991638295, 0.9565471913028221, 0.9848714278008593, 1.0126472756476743, 1.0265083692944283, 1.0395593696491685, 1.0509952274259653, 1.0565511762637199, 1.0542107001860113, 1.0483997632913864, 1.0327560021976625, 1.015436959411412, 0.9971999521753445, 0.9789900266678634, 0.9604574449054644, 0.9417080540173098, 0.9228376528733987]}