{"x": [2.2291871029050636, 2.231290731608509, 2.239327300261965, 2.247035461268559, 2.2579692300123875, 2.2724140374680526, 2.2890151716739435, 2.3012294505631266, 2.3128435300347476, 2.3331206053671067, 2.348978458294503, 2.3609529024121665, 2.3692736050392416, 2.374825656065137, 2.377961492809335, 2.37895755383214, 2.3759213739857015, 2.3667752679684826, 2.3592515567871035, 2.3491316450664756, 2.3346682735026434, 2.314119113797794, 2.299783733093553, 2.2877865658648564, 2.2699482096603645, 2.257126316458241, 2.2471710183784146, 2.2396390993598327, 2.2340401590563075, 2.2304319319942487, 2.2291871029050636], "y": [0.8341051971797878, 0.8024014712633478, 0.7716611873514351, 0.7568417339054364, 0.7442130107871571, 0.7355001015676255, 0.7325051737593058, 0.7339854470472186, 0.7380466015402803, 0.7517337597547702, 0.7699807223768721, 0.7909815755136442, 0.81280333262295, 0.8354880831164335, 0.8586103857578251, 0.881923090748135, 0.9234911127384603, 0.9641539653802741, 0.9843728679311315, 1.0034253648034202, 1.0202044928092924, 1.0284785661142324, 1.024960837544064, 1.0163616787063885, 0.9935140291770274, 0.968385325241291, 0.9419894023190222, 0.9156016370404183, 0.8887372400068214, 0.8615261908996341, 0.8341051971797878]}