{"x": [2.2942846923334894, 2.29642804239844, 2.3041180015136704, 2.3190994525838624, 2.328588433807749, 2.338574827398524, 2.348630488593059, 2.358397253867137, 2.376551227947178, 2.3924849157541352, 2.406098809954627, 2.4170996532428135, 2.425397740385812, 2.4306999816156654, 2.432618114784385, 2.4300922872631356, 2.421615766414363, 2.414562635483251, 2.405618667163622, 2.3950668790797898, 2.3836661855001404, 2.373253315585823, 2.3632801583772745, 2.353993092028273, 2.3454294443771566, 2.330570152019934, 2.3182675628400418, 2.3085231635397543, 2.3010727177062966, 2.2961387717294364, 2.2942846923334894], "y": [1.2287600243539378, 1.209395168923546, 1.1914938811445348, 1.1783762407988236, 1.1751340011977562, 1.174225802239293, 1.1751423191122363, 1.177704861076519, 1.186391958785056, 1.1985021346498825, 1.2131718535055536, 1.2296478866978569, 1.2476373272831645, 1.2667404069338628, 1.2864726693319648, 1.3085818893579841, 1.3291572632094204, 1.338213614654064, 1.3454087232785237, 1.3500046612071417, 1.3515817037280489, 1.3503122973312551, 1.3470603152054894, 1.3422390445033403, 1.3362258763315953, 1.3218538952360321, 1.3052406863515496, 1.2874750933316297, 1.268632045012539, 1.2489582011366909, 1.2287600243539378]}