{"x": [2.250425281937239, 2.2526039673707277, 2.260521643853928, 2.2743513603697796, 2.2908620739640484, 2.3004303847600984, 2.3097994907084662, 2.3188601014183887, 2.3275678368708963, 2.34371478412066, 2.3580439557868345, 2.3702338283379554, 2.3798473505758224, 2.386297952134768, 2.3887621115377264, 2.386180935267268, 2.3774493132377237, 2.3622104248701357, 2.3529031567314482, 2.343148125993719, 2.3333376053725523, 2.3238214650885287, 2.3147784709873713, 2.3062635217200165, 2.298356931364324, 2.2909950243412527, 2.277893630879785, 2.2670796330705065, 2.2585345564806487, 2.252654286437329, 2.250425281937239], "y": [1.0200233324295247, 1.003549752861455, 0.9889403075225315, 0.9795185517126922, 0.976793321803662, 0.9775239995578753, 0.9795991658641207, 0.9827224047808859, 0.9867254824789962, 0.9968781154619267, 1.0094667889954654, 1.024135965159197, 1.0406089100178793, 1.0586060983147376, 1.0775649212080938, 1.0966463466639893, 1.1138079912559637, 1.125975318047491, 1.1290688130308675, 1.1300858315771827, 1.1290699723405662, 1.1264774139628746, 1.1225782235095643, 1.1176309952472814, 1.1118840543725896, 1.1054541379303966, 1.09097117015135, 1.0749826847927668, 1.0576750021415802, 1.0392423651828486, 1.0200233324295247]}