{"x": [2.354406257741169, 2.355767610379982, 2.3605577152244144, 2.37174690602748, 2.382259107416008, 2.3895641644898116, 2.397996418360856, 2.408858587922031, 2.4179751415872945, 2.4313167737652885, 2.4403408321478315, 2.4467827117130683, 2.451173749248492, 2.454103992606327, 2.4563250180211456, 2.454545592853675, 2.4489716851279715, 2.4442888266706873, 2.4378305077164044, 2.428070969171424, 2.4207946156429037, 2.411066134234164, 2.3990310159888124, 2.390398186413907, 2.378716524130126, 2.370703364389545, 2.364676782455289, 2.3602406332867885, 2.3570600335431346, 2.3550940131010676, 2.354406257741169], "y": [1.2931614486604268, 1.2618808502943846, 1.230939227668475, 1.2002706879742926, 1.1870327725624095, 1.1825098822434632, 1.180861401020338, 1.1836520713755403, 1.1901837647145974, 1.2077353087331097, 1.22719287243154, 1.2476509418037212, 1.2679111554024864, 1.2884336099235458, 1.3298086533555051, 1.367961783870129, 1.4057474858572283, 1.4247995707329146, 1.4433252614818735, 1.4610282221477635, 1.46840093570582, 1.471958867037503, 1.4671821218139447, 1.45753144206374, 1.4351964152054142, 1.4120370101447965, 1.3882830824279007, 1.364737746361957, 1.3409901979585097, 1.3171112855470695, 1.2931614486604268]}