{"x": [2.3205419959468423, 2.321824452827483, 2.3264329207001264, 2.3360203977749587, 2.3425474763547176, 2.349595402292333, 2.356618380035556, 2.3633518819369024, 2.3696559421173435, 2.3755092117229375, 2.3857571365670136, 2.3942468165795603, 2.400894712427073, 2.405832758778423, 2.408959585055907, 2.4100796060244103, 2.4086270406360963, 2.403661004163419, 2.3936611137406576, 2.386686684092831, 2.3789832448038903, 2.3717818796884704, 2.364974548206006, 2.358734888022488, 2.3530533992395846, 2.343362049605407, 2.3354637368528377, 2.3293115141379257, 2.3246771359699827, 2.32165971141798, 2.3205419959468423], "y": [1.3612841309234804, 1.3477153322879174, 1.3348888356528272, 1.3246004700519756, 1.3218015211105305, 1.320927673331426, 1.3217558115273513, 1.3239163627065473, 1.327078947378412, 1.3310137093139762, 1.3404851965597528, 1.3515601397894632, 1.3635448572115547, 1.3763293661625733, 1.389678216934018, 1.403342565162821, 1.4181640997155458, 1.4322042676083089, 1.4438912243424844, 1.4473538427986896, 1.4484893684951625, 1.4475136644794817, 1.4449696723529915, 1.4412996727526368, 1.436813812580705, 1.4263472739322218, 1.414469254540309, 1.4019585427063903, 1.388809767329127, 1.3751896445200966, 1.3612841309234804]}