{"x": [2.2066419904043233, 2.2085013697042553, 2.215518041149901, 2.2325447237080196, 2.2475151241885216, 2.266581882975538, 2.2807893438377085, 2.2937300979006605, 2.3146550713942733, 2.329763353215167, 2.340724117666538, 2.3481601902684672, 2.3530774088292787, 2.3558464954053506, 2.356784633823971, 2.3539124192082523, 2.3453930394725506, 2.3383693822151708, 2.3288297204164463, 2.3147183958883444, 2.304617131530442, 2.2918923338376573, 2.275348730190882, 2.2628638009187125, 2.2454254107161566, 2.2331507149156935, 2.2236825408319256, 2.2165213658223135, 2.211223098220125, 2.207826733008392, 2.2066419904043233], "y": [1.0223952454514316, 0.9859126715635992, 0.9500629601186513, 0.9157133617307025, 0.9029404880831239, 0.8980703852996724, 0.9005315649329421, 0.9068913002748819, 0.9263072627519805, 0.9498515145496174, 0.9755896888230902, 1.0014799012740914, 1.027964221883168, 1.0547429098269756, 1.0816480369362298, 1.1306421728081495, 1.1789753408768144, 1.2032560253842663, 1.2266628246995401, 1.2485453498818635, 1.2571993256397878, 1.2610731301940594, 1.2553123017469188, 1.2430239126300369, 1.2136243798915203, 1.1827346226700561, 1.150872436026413, 1.1191965159656228, 1.087156311540066, 1.0548540020506212, 1.0223952454514316]}