{"x": [2.21845803271055, 2.220849217595954, 2.2299478552588097, 2.238527720211243, 2.250305159722995, 2.264986323587425, 2.281185853055078, 2.2937357363620654, 2.3058240292917787, 2.3276024965248667, 2.345442822890986, 2.359383198161021, 2.3693593956741412, 2.376109187417203, 2.379951627646456, 2.3811782555785643, 2.377823280579121, 2.367698300587281, 2.3593728662427655, 2.3482493527428816, 2.332776908279954, 2.312220534906326, 2.2975710573830246, 2.2848164214716227, 2.2651135962664677, 2.250644893308999, 2.2392983068400207, 2.2306477586246145, 2.224159155001891, 2.219936201859001, 2.21845803271055], "y": [0.7919456531190541, 0.760901560437418, 0.7311245853012114, 0.7172659823230537, 0.7059980243157118, 0.6987561017181306, 0.6963987175003521, 0.697718144199771, 0.7013394190967613, 0.7138753125835772, 0.7312867440984983, 0.7519531692750749, 0.7740316007324674, 0.7973000764854008, 0.8211954834491646, 0.845366751616049, 0.8860973698998796, 0.9256918632442177, 0.9451812318323124, 0.9632205165300317, 0.9784158297763835, 0.9853244907202379, 0.9822798244097956, 0.9744570085858593, 0.9525278891320775, 0.9276807236280286, 0.901261412994345, 0.8746867149261371, 0.8475031797463511, 0.8198652465790893, 0.7919456531190541]}