{"x": [2.2200434556727147, 2.222155495949521, 2.2302255572405296, 2.237977458174761, 2.2489906442296106, 2.263560963222205, 2.280335639419003, 2.293168732569769, 2.3053756998684265, 2.326687562306274, 2.343371455808563, 2.3559971182064263, 2.3647893384497776, 2.37066815834011, 2.3739942880512817, 2.3750518067891857, 2.371972272305385, 2.362663589054045, 2.3549833943265597, 2.34463445010446, 2.3298217657282794, 2.308793193909935, 2.293829744170558, 2.281333211205145, 2.26275520686025, 2.2493770349877114, 2.238966203369647, 2.231066911333218, 2.225177323963295, 2.2213686451727583, 2.2200434556727147], "y": [0.8527889193212713, 0.8206878888445883, 0.7895461004798341, 0.7745220960946275, 0.761695467200716, 0.7528026151683315, 0.7496423538961512, 0.7511126807905133, 0.7553364339038015, 0.7696623437832663, 0.7887720996574036, 0.8107750022154759, 0.8336501670418066, 0.8574412531737262, 0.8816998294962909, 0.9061625218700304, 0.948656127336009, 0.9902318228113873, 1.0109109596454424, 1.0303920131267497, 1.0475299770532855, 1.055951651070742, 1.0522382043380143, 1.0432087426384449, 1.0193070665461215, 0.993053755335807, 0.9654888062667971, 0.9379262372579311, 0.9098654677450093, 0.8814388848255412, 0.8527889193212713]}