{"x": [2.2233947291435685, 2.2246638517775885, 2.2293157709546536, 2.240337842996619, 2.2499673273486986, 2.262334960879775, 2.2717976623394893, 2.2803267570385346, 2.2876676281620862, 2.2939856303090855, 2.3038889675009844, 2.3111966968218023, 2.316281609344448, 2.319730617626886, 2.321731736770393, 2.3223966583728584, 2.320756075330117, 2.3154959553032706, 2.310983783886979, 2.3047284970410162, 2.295423350035018, 2.281416849497794, 2.2709210866666454, 2.26246416800578, 2.2502431988817344, 2.2416133305184625, 2.2350096595920674, 2.2300906146188035, 2.2264987032668113, 2.2242258338625827, 2.2233947291435685], "y": [0.9817203538063365, 0.9580050349238801, 0.9347158385030753, 0.9123956204104597, 0.9039845972432202, 0.9007420796337376, 0.9025152803770323, 0.9069808714248584, 0.9130888299530577, 0.9202497234102537, 0.93604990829635, 0.9532056368482054, 0.9704770534473438, 0.9881480044283079, 1.0060335728550949, 1.0240184530336884, 1.052772831672533, 1.081089557135223, 1.0953100938930627, 1.1088546405095352, 1.121077313007837, 1.1273858331595639, 1.1244350470435533, 1.1175540076690347, 1.100046385275258, 1.0811645852505771, 1.0614823970989684, 1.0418817499079436, 1.0219950572066556, 1.0019132639575445, 0.9817203538063365]}