{"x": [2.2437165684538964, 2.2461771719477532, 2.2557718766878745, 2.2647249347272482, 2.2768633664312077, 2.2918110067686683, 2.308234465769117, 2.331317969458505, 2.3520102466389274, 2.3691528555102694, 2.3825944452526104, 2.3922033089370514, 2.39867567351132, 2.4023364672969643, 2.403496033599487, 2.3999433185655215, 2.395570032827916, 2.3893824990075654, 2.380799758656061, 2.369428341384246, 2.353793333977491, 2.3332933633189574, 2.319594811175407, 2.307487444161196, 2.288536762205961, 2.2745767536624966, 2.2636583968484, 2.255375092343591, 2.2491857538422595, 2.2451628183721675, 2.2437165684538964], "y": [0.7738812231137523, 0.7422893385006982, 0.7120892824757767, 0.6981789096103941, 0.6869399507049312, 0.6797151568274941, 0.6772862491120598, 0.6814264327802083, 0.6924635940308445, 0.7082391282835084, 0.7272670074367765, 0.747775185469129, 0.7694782756714617, 0.7918004598595393, 0.8143910934065988, 0.854934620191473, 0.8748307627794026, 0.8942394346361777, 0.9135048617403942, 0.9312674905627132, 0.9461148255348519, 0.9527967425788899, 0.9501607092065338, 0.9432317362124352, 0.9232741195260973, 0.9003230775471819, 0.8757787981539787, 0.8510475509784932, 0.8257110198566072, 0.7999320700307658, 0.7738812231137523]}