{"x": [2.246492550355166, 2.249163747569838, 2.2583871739703003, 2.272719342533177, 2.2888629476703946, 2.308006069753965, 2.326297332520351, 2.3433480588852555, 2.3589061193586986, 2.3726877593688114, 2.383945563646799, 2.388377474852394, 2.3917990246712315, 2.3940357543457407, 2.3949649331250145, 2.391774731860205, 2.381615699103826, 2.3655214539986638, 2.346644760541775, 2.3272021204786024, 2.3090734747384376, 2.2927993216554396, 2.28537822428088, 2.278452272226984, 2.266218966878912, 2.260944224932148, 2.2563018820973384, 2.2523612561237853, 2.2492674836438384, 2.2472019225445217, 2.246492550355166], "y": [0.8811710773414054, 0.8649962629516877, 0.8514430965121893, 0.843721931152681, 0.8416215827536792, 0.8440005928076725, 0.8501282773911438, 0.8590556133631254, 0.8703857215458474, 0.8840617489728169, 0.8998803826176702, 0.9085817701095785, 0.917727751634589, 0.9272402378086433, 0.9369678777919357, 0.9558452648830404, 0.9720726239088407, 0.9824729172293115, 0.9857685614442577, 0.9827281622618972, 0.9750722832501975, 0.9641606846259538, 0.95775465500793, 0.9508162769657053, 0.9356226540837936, 0.9274106559097898, 0.918825292223906, 0.9098521570001309, 0.9005530032402493, 0.8909591238771444, 0.8811710773414054]}