{"x": [2.1806160913391803, 2.181787803234606, 2.1860203228673587, 2.196077436815209, 2.205425158506294, 2.218694027046953, 2.22887621255462, 2.237603234492731, 2.2507503060157883, 2.259880203115124, 2.266504045235633, 2.2710795925177343, 2.2741676367287362, 2.275954626605869, 2.2765469009502133, 2.275015078748243, 2.27010617087103, 2.265909331460554, 2.2600665303736474, 2.2511895026705497, 2.244705444031187, 2.236462356980671, 2.22529971574989, 2.2169744754541085, 2.2054371033244267, 2.1974016177163844, 2.1912891150013403, 2.186740806420405, 2.183437443222952, 2.18136206150458, 2.1806160913391803], "y": [1.1076158888747365, 1.0816858856029248, 1.056076829470369, 1.0308641192147752, 1.0204048275279283, 1.0158535847245578, 1.0182664281247324, 1.0240403178949007, 1.0399064843064034, 1.0577961112512535, 1.076757084033074, 1.0956278215340611, 1.1147982244957308, 1.1341277252794149, 1.1535306153854905, 1.185291659481402, 1.2167084229170892, 1.2325570266879822, 1.247875426669146, 1.2622648141372692, 1.2679768368157434, 1.2705694677952157, 1.2664626331509639, 1.257967868642171, 1.2378316606588236, 1.2167357150642808, 1.1950045103106655, 1.1734235943077995, 1.1516173833105656, 1.1296592566653993, 1.1076158888747365]}