{"x": [2.3064187569426333, 2.3081440453562596, 2.314125349191476, 2.324221408474338, 2.3361060067718675, 2.342788977813887, 2.3493443344833635, 2.3556962725009125, 2.361810426434869, 2.373178685488566, 2.3833023482188196, 2.3919668569044004, 2.398847849403156, 2.40350485896789, 2.405270844644428, 2.403311416352576, 2.3968356828975126, 2.385952477621064, 2.3794879401011264, 2.3727722067075914, 2.365990099443536, 2.359381397346952, 2.3530506406849985, 2.3470388175334893, 2.341402990168675, 2.3361183395155964, 2.326633085368029, 2.318713310749248, 2.312430605997239, 2.3081055970158704, 2.3064187569426333], "y": [1.011729092069418, 0.9998609001869078, 0.9894659685805383, 0.9829082565177877, 0.9809872349543065, 0.981514208549827, 0.9829167427044145, 0.9850390729289864, 0.9877719329387215, 0.9947409950131983, 1.003419508309493, 1.0135743282558825, 1.0250131228225385, 1.0375637309298513, 1.0508335009557268, 1.0639944545227167, 1.075618349491373, 1.0834551086399236, 1.0853621034238665, 1.0859328918606999, 1.0853096110936322, 1.0836632470833507, 1.0811765219577956, 1.0779952856952828, 1.0742597075097409, 1.0700419400978032, 1.0604220388463212, 1.0496122018587706, 1.0377756894201853, 1.0250568503454678, 1.011729092069418]}