{"x": [2.204960739656974, 2.2073003182488367, 2.2155786617683084, 2.2300696033674092, 2.2473312622794177, 2.2577415031304566, 2.267929160236838, 2.2777785700739086, 2.287246507797455, 2.30481944353876, 2.320450203785269, 2.333796459786309, 2.3443641481065782, 2.35149307898274, 2.3542443580202757, 2.3515443639499267, 2.3423194289480778, 2.326147761732667, 2.3162558635917083, 2.305888267216305, 2.295197776791638, 2.2848415016782044, 2.2750166203160083, 2.2657770361111567, 2.2572064270928225, 2.249228142587504, 2.2350220792634428, 2.223272737210255, 2.213950477793855, 2.2074953005100117, 2.204960739656974], "y": [0.9853305405325419, 0.9681317567424901, 0.9528759112917106, 0.9430930772385194, 0.9403134437831338, 0.9411139051994766, 0.9433998395245364, 0.9468202475666098, 0.9511869649350589, 0.9622190652039023, 0.9758643809212469, 0.9917639422815852, 1.0096313025864012, 1.0291832697975938, 1.0498116856583009, 1.070093337990884, 1.0883563049878247, 1.1013204480858019, 1.1046094817547751, 1.1056959147731762, 1.104540574577573, 1.1016476587021382, 1.0973209270280648, 1.0918547597710073, 1.085528645542351, 1.0784701728653934, 1.0626208571601687, 1.0451775875916511, 1.0263252622365098, 1.0062577776415547, 0.9853305405325419]}