{"x": [2.269515790256892, 2.2707169072563738, 2.275132212535041, 2.284049830310715, 2.295959110043654, 2.30321695904225, 2.3102019996089025, 2.3167932133729066, 2.32297712991129, 2.328701189549832, 2.33401789016237, 2.3434206940069826, 2.3510505733919467, 2.356903261858376, 2.3607510254492956, 2.3621979733612144, 2.3608319566057836, 2.356012291706887, 2.346481472551724, 2.340140809844164, 2.3333212694264645, 2.325924536522112, 2.3188912348929196, 2.3123720412251614, 2.306360617337913, 2.2958857642285553, 2.287123845805738, 2.2800825305390835, 2.274622875501973, 2.270939966340891, 2.269515790256892], "y": [1.179003198477127, 1.167147398416078, 1.1560790762112367, 1.1477214516490724, 1.144975026452987, 1.1457987480653906, 1.1479351229536954, 1.1510403903443132, 1.1548934359833294, 1.1593031145421222, 1.1641962544679876, 1.1751519880600416, 1.1872027975795532, 1.2002098382583384, 1.2139614290346423, 1.2281676908677468, 1.241331730086901, 1.2536576686151386, 1.2633659742110088, 1.2660041305771121, 1.2668151429533463, 1.26582885078659, 1.2633354398518797, 1.259756617194171, 1.2553781881904202, 1.2450831489647356, 1.2332959030661845, 1.2207032254030497, 1.207348532659006, 1.193379347776047, 1.179003198477127]}