{"x": [2.234831366037716, 2.2365479789963434, 2.2433111859128996, 2.259866563090777, 2.274940292101503, 2.295033770206473, 2.3095193512345813, 2.322483950485979, 2.333510229044717, 2.3428773370725025, 2.3572380826958215, 2.3675336412153567, 2.374471206149008, 2.379041606632846, 2.3824256170320375, 2.379655061852018, 2.371277040762781, 2.3643966421294187, 2.3550563082141105, 2.3411826705308143, 2.3310334533287134, 2.317770853274917, 2.3010005410847856, 2.2887750243541563, 2.2719615336470733, 2.260186914907607, 2.251130546396696, 2.244287316589553, 2.239231676704722, 2.2359834076748366, 2.234831366037716], "y": [1.0842714930674773, 1.0455795994284562, 1.0074447279113408, 0.9703460843079157, 0.9558370017780049, 0.950007514682756, 0.9527819669923502, 0.9598139517470818, 0.9694154547634385, 0.9806415389526736, 1.0052529554552474, 1.0318227562051898, 1.0583635057900043, 1.08541258405803, 1.140119543313369, 1.1918092731514371, 1.242890707248047, 1.2685830689931814, 1.2934867936091368, 1.3171109845982814, 1.3267868304591839, 1.3313400757581355, 1.324895767825039, 1.3117310719926187, 1.2810296444407785, 1.2490796063371135, 1.2162553962067844, 1.1836532236119346, 1.1507264570313447, 1.117568375822556, 1.0842714930674773]}