{"x": [2.3201734838398136, 2.321734438306295, 2.3272857397404985, 2.332529447258517, 2.3400742739435465, 2.350730694112434, 2.3638840294577284, 2.3729321780385293, 2.381287024694991, 2.3950906168223103, 2.405288782373178, 2.4128218647707698, 2.41803096388106, 2.42153769442437, 2.4235517321604596, 2.424209735141685, 2.422250419409568, 2.4161159534123793, 2.4109295639000274, 2.4038289896077507, 2.393487500855666, 2.3785618618392452, 2.3684099546790107, 2.3599219482746814, 2.3473830691718938, 2.3385162209567736, 2.331772120029627, 2.3268007182360178, 2.3232060120642517, 2.3209642248411604, 2.3201734838398136], "y": [0.9790929890177058, 0.9539278833682544, 0.9293331243009024, 0.9171550731886868, 0.9062520007905444, 0.8979513939913077, 0.8948774497260941, 0.8963354003627458, 0.9001025146623374, 0.9119188758280574, 0.926562172661456, 0.9427387419004825, 0.9591350372471046, 0.9759777227672677, 0.99305416970578, 1.0102363820232587, 1.0404122941800957, 1.0700229834588784, 1.0848173115947006, 1.09879417196762, 1.1111574400827517, 1.11724201796849, 1.1147191053895484, 1.1086051824139895, 1.0923319584883024, 1.0744192233384515, 1.055604224520935, 1.0368419717195951, 1.0177680352220195, 0.9984874007218718, 0.9790929890177058]}