{"x": [2.20810252805572, 2.2105002372985294, 2.2186881672366328, 2.230981279635159, 2.244633864580537, 2.2622684363721612, 2.2791448633636673, 2.294940199716733, 2.3094535893506327, 2.3224680849004207, 2.3281963979405766, 2.3332819643660803, 2.3376249625506555, 2.3410323730788285, 2.3433054570686, 2.344268436061491, 2.341494161356526, 2.3325352489571176, 2.3186716024601335, 2.302735739014858, 2.2849092353067815, 2.2681883033034187, 2.2530146095366304, 2.2394663342485286, 2.2277066647286836, 2.2225713761608894, 2.218007333845381, 2.21408483263745, 2.2109641166198393, 2.208846490726102, 2.20810252805572], "y": [0.7951572362265283, 0.7814573023447949, 0.7702147491959038, 0.7640514795100924, 0.7624042302963772, 0.7645684785753579, 0.7701226036088237, 0.7781662771803447, 0.7883424678412101, 0.8006378082826414, 0.8075289003681803, 0.8149070935446415, 0.822806840418022, 0.8311529285668021, 0.8398865139092674, 0.8488595343159047, 0.8648094975068096, 0.8782941485794019, 0.8865466136952705, 0.8890669571114553, 0.8863474468099022, 0.8795953801875084, 0.8699819788829579, 0.8581877979496149, 0.8446393451512136, 0.8372768260747411, 0.8295471822557677, 0.8214209569800787, 0.8129543942480779, 0.8041662502563705, 0.7951572362265283]}