{"x": [2.315135099385544, 2.316975639788423, 2.323144739343078, 2.332984400719347, 2.344265455434462, 2.3567602309552935, 2.3686281882916815, 2.379573831685235, 2.3894323112407756, 2.3980048675360908, 2.404901364558403, 2.4096358372614284, 2.4114522430220946, 2.4094242073954213, 2.4028350796604805, 2.392245348412339, 2.379768150392184, 2.3733836342350525, 2.3671358180546807, 2.3611115529201427, 2.3553510203625114, 2.349906664319301, 2.3447676245861806, 2.339947505206164, 2.33545777687318, 2.3275665377478365, 2.3212429552196263, 2.318766823757886, 2.3168478651830813, 2.3155886219792046, 2.315135099385544], "y": [0.9313465595734469, 0.9200658659732076, 0.9104438158921764, 0.9046833171349952, 0.9030279964875961, 0.9046938968152569, 0.9089419820167723, 0.9151283649131048, 0.9229314939964837, 0.9322109156492633, 0.9427955609653644, 0.9545572073412382, 0.9671052042873414, 0.9795715205825175, 0.9903467405880237, 0.9972828457636626, 0.9994209506444465, 0.9988885833648411, 0.9974707489396154, 0.9953099678936013, 0.9925212388295847, 0.9892143921764691, 0.9854505486444044, 0.9812881131581332, 0.9767712824649399, 0.9668549885890385, 0.9558724186176922, 0.9500105958850005, 0.9439434886044669, 0.9376997997688131, 0.9313465595734469]}