{"x": [2.298426370188823, 2.3010345005410695, 2.310085736118981, 2.3244078462140303, 2.3407182674637004, 2.358588523025059, 2.37564051321283, 2.3914736174382756, 2.4058238420401814, 2.4183923809919925, 2.4285173521164594, 2.4354438598854937, 2.438096756717379, 2.43738425948157, 2.4350332592991966, 2.4309528130956606, 2.425177800622568, 2.4178714255937215, 2.409395150264879, 2.400195190230165, 2.3906742744858085, 2.38148505802626, 2.3724898981081597, 2.363825778118501, 2.3555580582180196, 2.3404261233995274, 2.3271775817913385, 2.3159992857980143, 2.3070484670971583, 2.300811457273746, 2.298426370188823], "y": [0.9152473141414655, 0.8989203940997207, 0.8850840001873969, 0.876963588171801, 0.8747199109365352, 0.8769177331530171, 0.882697533059559, 0.8911833830338906, 0.9019893023874455, 0.9150081642163039, 0.9300062939140628, 0.9467968575606592, 0.964765209623224, 0.9742699139155835, 0.9835067886109938, 0.9921375718998406, 0.9997395250919234, 1.00593220341501, 1.0103914788522335, 1.0129938598331003, 1.01386782482026, 1.0130654828236247, 1.0110228007955535, 1.0078795564303258, 1.0038062570327944, 0.9934690579301972, 0.980807727751502, 0.966420149103107, 0.9505506952605036, 0.9333693796350836, 0.9152473141414655]}