{"x": [2.216152985944648, 2.2184129917737705, 2.2267622158823683, 2.2347214839270806, 2.2458589439752243, 2.260189998193907, 2.276337405744679, 2.288525488315723, 2.300184080596684, 2.3208342320973347, 2.3373216869790574, 2.3499570281600124, 2.358847757904195, 2.364817205999892, 2.3682019517905233, 2.3692811212413556, 2.36617694632589, 2.3567985577216346, 2.3490723766810615, 2.3386990687631752, 2.324032058208008, 2.303831900545692, 2.2895655787011644, 2.2773971145807144, 2.258984609750433, 2.2456218542752797, 2.235198517779144, 2.2272851636753814, 2.2213778470749874, 2.2175538245612505, 2.216152985944648], "y": [0.8042822187218371, 0.7734235205091736, 0.7436299416957394, 0.729469763089865, 0.717645314280984, 0.7097508379471308, 0.7071120691065835, 0.7085065954854384, 0.7123238309518733, 0.7253391145073513, 0.7430046392036899, 0.7636020925539134, 0.7852487050024464, 0.8078758257939622, 0.8310087407682768, 0.854363047706665, 0.8947922794959612, 0.9342410375520269, 0.9537798318691124, 0.9720514721807486, 0.9878318910336484, 0.9953216472523712, 0.9920773530709365, 0.983954430896211, 0.9618412858784438, 0.9372013483219421, 0.911181282738524, 0.8851025063915876, 0.8584974813115813, 0.8315066141782296, 0.8042822187218371]}