{"x": [2.253042012833327, 2.255867854911427, 2.265271390365393, 2.2796329341716883, 2.2957411770632934, 2.3137285117244804, 2.3309679927645712, 2.347083323638004, 2.3618086352735976, 2.374869970468503, 2.38552139657943, 2.3929189492309852, 2.39500981672619, 2.3957966555198675, 2.3950537724845082, 2.3925877507935507, 2.38832599109377, 2.3823523571491134, 2.3749266722174616, 2.3664217950926476, 2.347853528492258, 2.3295827000160925, 2.312458219048591, 2.2970123807023137, 2.283367713471406, 2.2717238743075003, 2.2623104477362417, 2.2585867441599135, 2.255676602617329, 2.2537470092610024, 2.253042012833327], "y": [0.8648644815522125, 0.8487393221211019, 0.8353385881451179, 0.8277581503953364, 0.8256986630990713, 0.8277893209614491, 0.833331464227318, 0.8415104778878136, 0.851987373938335, 0.8647370852684588, 0.8795593906855864, 0.8963359923143523, 0.905286336965151, 0.9144439174842266, 0.9238886425518198, 0.9330359614938037, 0.9415133355734933, 0.9488851850375629, 0.9547738045330181, 0.9589551561516022, 0.9621810825502277, 0.959451364604977, 0.9525212358284139, 0.9425139726028086, 0.930163171185748, 0.9159923056632163, 0.9002512821793349, 0.8918236191638932, 0.8830816200545172, 0.874061602321962, 0.8648644815522125]}