{"x": [2.258274500171689, 2.2600124906381613, 2.2666482912217245, 2.2828849620902916, 2.2978718727079577, 2.318185412205169, 2.3335596510816368, 2.3471455984763026, 2.3585732678491023, 2.368230806086362, 2.3829853069555846, 2.39356489298297, 2.4007142441570997, 2.4054338801436237, 2.40901258913928, 2.406211153759187, 2.397938155103971, 2.3911183359567763, 2.381829231945554, 2.3679621520769754, 2.3577204434256664, 2.3441345074173854, 2.3264403624522654, 2.3138182022004834, 2.2965464103366493, 2.284427680108845, 2.275087871399001, 2.268009859451285, 2.262777249364806, 2.2594246385427748, 2.258274500171689], "y": [1.1240073279859832, 1.0848265702595006, 1.0461727407273822, 1.0083730937688877, 0.9933597435337053, 0.9872467828564724, 0.9904146038094206, 0.9982774496053142, 1.0088111538770914, 1.020988284416555, 1.0474146279491745, 1.0757716251084841, 1.1040509258605715, 1.132835593817537, 1.1910108653937996, 1.2441803914441443, 1.2967770076267269, 1.3232556826745256, 1.3489722670541835, 1.3734879102724185, 1.3836500643285692, 1.3885064327184384, 1.3812565316540992, 1.366892517519196, 1.3339088109649475, 1.2997527780725742, 1.2647346944793403, 1.2299485740938347, 1.1948374331797351, 1.1594923874042822, 1.1240073279859832]}