{"x": [2.2849867217333064, 2.286856376878712, 2.2930521691190475, 2.302686335222164, 2.3136060251420054, 2.325878620846905, 2.3375746243164106, 2.3484147694648163, 2.3582342468130877, 2.3668457479964258, 2.3705695847586146, 2.3738301491066944, 2.3765666439577413, 2.3786734010396606, 2.3800434098387644, 2.380549109823251, 2.3785038504818266, 2.3719075529929774, 2.3615273594149655, 2.349451304962816, 2.3370583658773993, 2.3254415731136966, 2.3149385046667943, 2.305636727337182, 2.2976820653491146, 2.2942603302929188, 2.291259817595525, 2.288727654101907, 2.286756463322786, 2.2854565293202898, 2.2849867217333064], "y": [0.8872530092113039, 0.8763248424259327, 0.8671306813349884, 0.8617678053659036, 0.8602387640921881, 0.8618173807861619, 0.8658562096812394, 0.871762500566511, 0.8792438696569066, 0.8882015856928145, 0.8931826633390413, 0.8984785877041737, 0.9040953368594963, 0.9099773305471338, 0.9160792725038545, 0.9223126413585347, 0.9343820398781182, 0.9446942814306039, 0.9511717105054386, 0.9531400638795179, 0.951292486347395, 0.9465968918379392, 0.939852289743567, 0.9315287662875991, 0.9219487583059708, 0.9167415074152121, 0.9112806781570416, 0.9055605405563549, 0.8996236867564449, 0.8934977266733882, 0.8872530092113039]}