{"x": [2.268847243079887, 2.2704450950055604, 2.276158785217649, 2.281505599136811, 2.289020404921297, 2.2990370919524037, 2.310714007066901, 2.318946952926527, 2.3267172557793594, 2.3400949507940827, 2.350429619340292, 2.358250570439243, 2.36375131851891, 2.3674867547107725, 2.369644041248854, 2.3703520723302134, 2.3683954339955493, 2.3622523478344317, 2.357055492483029, 2.3499879616466077, 2.3399927270533065, 2.3265969709861496, 2.317393444283613, 2.3093340508408176, 2.296882473375245, 2.287856448975206, 2.280922285035089, 2.2757799565146026, 2.272036339583129, 2.269684056070757, 2.268847243079887], "y": [0.8440409118832238, 0.8217330612362727, 0.8001102243404502, 0.7896550941227665, 0.7806314661951356, 0.7742334501589985, 0.7720157302292899, 0.7731278888181403, 0.7760673935093343, 0.7857398916758211, 0.7983253464923495, 0.8126093155068325, 0.8273555962145853, 0.8426447276681481, 0.8582246465857968, 0.8739372673307816, 0.9004666124812561, 0.9263489825447333, 0.9391548579765012, 0.9510312109096872, 0.9610480372549773, 0.965608217514138, 0.9637096517423791, 0.9588768851342943, 0.9451554615138794, 0.9294963499497528, 0.9128052067324822, 0.8960476396754758, 0.8789232439619604, 0.8615513534189949, 0.8440409118832238]}