{"x": [2.2451369859820547, 2.247228201429478, 2.2551333189944134, 2.2628135635214432, 2.2739224815228654, 2.289185648075137, 2.307289987257909, 2.320166281959449, 2.3322809669458766, 2.352965476680469, 2.368689417403243, 2.3803528549834505, 2.3883493556997704, 2.3936517315022057, 2.3966361250634276, 2.39758432348262, 2.3945128708265755, 2.385272803911046, 2.3776882769735126, 2.36746829107206, 2.352677549343201, 2.3306980696531485, 2.315557273755985, 2.3032613132973934, 2.2854053901451064, 2.2727113099097176, 2.2628997329875444, 2.2554949799797215, 2.250003600971778, 2.2464641064400404, 2.2451369859820547], "y": [0.9122081313628897, 0.8776909163021019, 0.8440260914267999, 0.8275055858684643, 0.8130658767046465, 0.8026599405763827, 0.7989883383834676, 0.80074203068467, 0.8054440312809954, 0.8208834643532007, 0.8408833197177776, 0.8634930687272179, 0.8866742061618382, 0.9106156757766846, 0.9349361753717983, 0.9594207465390054, 1.0046869946398935, 1.0491064521100832, 1.0712878715575076, 1.0923850824097237, 1.1114247358505733, 1.1213331623952902, 1.117176755031092, 1.1074131092480126, 1.0823589781050704, 1.055268677489501, 1.0270063877951983, 0.9988347207526395, 0.9702284636109796, 0.9413110819679348, 0.9122081313628897]}