{"x": [2.3162132211723847, 2.3177684713851687, 2.3233288906753087, 2.328575498451681, 2.3360700951338793, 2.346426015944344, 2.3589010270805804, 2.367680922931572, 2.3758620573279123, 2.3896064638387826, 2.3999465261365063, 2.407663877370373, 2.413041852550257, 2.4166816205994537, 2.418783330872516, 2.419479296836839, 2.417558422843826, 2.411482750777332, 2.406328034276841, 2.399274249542036, 2.389094745142573, 2.3748266740697974, 2.3649857698155548, 2.3566048619952076, 2.3440072568112678, 2.3350090181982375, 2.328131548743703, 2.3230434177085484, 2.319349732642352, 2.3170348691163865, 2.3162132211723847], "y": [0.9216771100528832, 0.8978401539043313, 0.8746086877652735, 0.8631973708602861, 0.8531188755739687, 0.8456621993368214, 0.84297496777087, 0.8442955517139026, 0.84774512459962, 0.8587688369001897, 0.8726798988375584, 0.8882001121891598, 0.9040378697792092, 0.9203629814500267, 0.9369467927200978, 0.9536487570862956, 0.9822109483307924, 1.0101854855838852, 1.024121473659061, 1.037199202313032, 1.0485631571067193, 1.0539653720444886, 1.0517011909813785, 1.0460682258177594, 1.030715711449176, 1.0135990304910056, 0.9955255836956995, 0.9774591319904139, 0.9590568917658631, 0.9404296482495306, 0.9216771100528832]}