{"x": [2.2890656654854453, 2.290894338372798, 2.2970484394627855, 2.3067352186972947, 2.3177650199858837, 2.3302305771995186, 2.342093194338954, 2.3530673774539292, 2.362989797700769, 2.371669100636429, 2.378693812042113, 2.3814412308000015, 2.383554285205954, 2.3849279826252867, 2.385434933097611, 2.3834100928392603, 2.3768433601489747, 2.366410864273021, 2.3542117741830286, 2.341623647831575, 2.329848305886736, 2.3192293448585803, 2.314376231079396, 2.309844618585917, 2.3018382322398425, 2.2983975334602094, 2.2953813830179532, 2.29283673441302, 2.2908543945391613, 2.2895441583912586, 2.2890656654854453], "y": [0.8933157803516232, 0.8822760837673622, 0.8729301763755837, 0.8674253752837179, 0.8658505703645695, 0.8674773233710605, 0.8716384237776494, 0.8777066754110712, 0.8853749183240637, 0.8945282551460065, 0.9050052444125732, 0.9107206176439827, 0.9166996478398417, 0.9228964874217973, 0.9292234824923647, 0.94141580177517, 0.9518862673493477, 0.9585277682768022, 0.9605596899651115, 0.9586583298336474, 0.9538191752099752, 0.9468902680251993, 0.9428040160863637, 0.9383638971160775, 0.9285841802687815, 0.9232776902524702, 0.9177189061322635, 0.9119027283638694, 0.9058716845917967, 0.899652978037537, 0.8933157803516232]}