{"x": [2.271408198473015, 2.2739777511744244, 2.2835420530361588, 2.2926290480627944, 2.3052938415607738, 2.321526107406962, 2.339787593909222, 2.364730624792413, 2.386516100960326, 2.4039977590810544, 2.417377221735164, 2.42674526737373, 2.432996356178879, 2.4365161772700423, 2.4376316338310846, 2.4340105729737362, 2.429549968755557, 2.4232358916405445, 2.414468221037764, 2.4027865180848957, 2.3863727381923034, 2.363763759729552, 2.3487057852479567, 2.3358014026012897, 2.3162637860062874, 2.302150018322448, 2.29120014509695, 2.2829407108032833, 2.2768101863813905, 2.272862579091699, 2.271408198473015], "y": [0.8730300250436789, 0.8381174517069365, 0.8044423198144502, 0.7884805119071243, 0.7751780386055906, 0.7663070737935926, 0.7633577379488933, 0.7685784876153235, 0.7817998356879156, 0.800022480108691, 0.8214389018318299, 0.8440205070316559, 0.8676555035672429, 0.8918226750452041, 0.916219336177814, 0.9615559668120031, 0.9838750944359755, 1.0057422588171223, 1.0275925605044383, 1.0480338312023796, 1.065732236519957, 1.074186810076237, 1.070836155791201, 1.0623835592590922, 1.039156598979976, 1.0131816972293775, 0.9857227417588542, 0.9582199031288798, 0.9301656510827035, 0.9017157013059991, 0.8730300250436789]}