{"x": [2.174434083239012, 2.1755579009760155, 2.179599240552865, 2.187345510770057, 2.1971675822189374, 2.2038779948410006, 2.2103588685110394, 2.2165124629173976, 2.2223291171454873, 2.2277638005373843, 2.2328570614194128, 2.241996575594065, 2.249608256332928, 2.25559650682321, 2.259660586146797, 2.2612575390536422, 2.260065264197157, 2.255739783238058, 2.24740534057486, 2.2364542020356906, 2.2296310236021144, 2.2231046829714027, 2.2169956225890486, 2.211302192172225, 2.2060642538232136, 2.201206756531826, 2.192585363532165, 2.185481546398627, 2.179853511181864, 2.17596146907827, 2.174434083239012], "y": [1.014413896830868, 1.0046432317080671, 0.9956768256458526, 0.9893268124246251, 0.9873635797230306, 0.9880967475537463, 0.9899849872364496, 0.9927218256978134, 0.9961164600628678, 1.0000104490543833, 1.0043414567227913, 1.0140860686361497, 1.0249374086795124, 1.0367623873464153, 1.0494064146103756, 1.0625911750410209, 1.0735077022462869, 1.0836013784858538, 1.0911238684792444, 1.0935984098312368, 1.0927302773729002, 1.0905585739231753, 1.0874424752682077, 1.0836194477151384, 1.0792987829144867, 1.0745544323233307, 1.064077605152448, 1.0527296718944095, 1.0405820372812626, 1.0277428274858402, 1.014413896830868]}