{"x": [2.3265423409272383, 2.3278597425443808, 2.3325295038523324, 2.3369468342339474, 2.3434712941891602, 2.3536585989118795, 2.368492884871644, 2.3788822673234598, 2.3877315467869904, 2.400883902746289, 2.409868887142028, 2.416310970925286, 2.42071224793063, 2.423656069445682, 2.425895713697879, 2.4241770583908764, 2.4187673187476193, 2.4142036226471477, 2.4079002978882595, 2.39837256644941, 2.391344154501032, 2.3821520312926654, 2.370657933156379, 2.36223109951898, 2.3507062741519116, 2.3427682257113562, 2.3367837604087995, 2.3323713387337066, 2.329199909741224, 2.3272330043186207, 2.3265423409272383], "y": [1.2137618575443063, 1.184519048313661, 1.1556214572713692, 1.1409514549924262, 1.12708952161871, 1.115004404444105, 1.109547739281079, 1.1120616900531581, 1.118057477673718, 1.134475677712823, 1.1528822048673193, 1.1723251918551867, 1.1916139424335792, 1.211178222462262, 1.2506559687663796, 1.2862959969166567, 1.3215649648574543, 1.3393480433411953, 1.3565913985669145, 1.3729481404629842, 1.3796254291137957, 1.382705953284221, 1.3783546469081618, 1.369408327330117, 1.3484119281386926, 1.3265198225300152, 1.3040150880043964, 1.2816964607031618, 1.259167975894017, 1.236502265221352, 1.2137618575443063]}