{"x": [2.2648039061331064, 2.267073668749435, 2.27557745092436, 2.2837713087219567, 2.2954787452802687, 2.311191634917008, 2.329489365958686, 2.342225247386704, 2.354307541727809, 2.3752622734596285, 2.3914626955718234, 2.403573841218106, 2.4119085360048205, 2.4174364447713352, 2.4205442214688, 2.4215303909684875, 2.4182598242040427, 2.408470932384427, 2.400469144319086, 2.389732318818902, 2.3743390633588533, 2.3520139893830794, 2.336969536090724, 2.3245112073830887, 2.3061853422355707, 2.293113558678926, 2.283012592685294, 2.2754038824132485, 2.2697700326983106, 2.266147999670367, 2.2648039061331064], "y": [0.9053403361513429, 0.8704221498399476, 0.8364792971853279, 0.8199918071173206, 0.8057822130491217, 0.7957819564816123, 0.7923044471892076, 0.7938957154577534, 0.7982261858601334, 0.8127832479071718, 0.8320787944087644, 0.8541715973668089, 0.8769994055241324, 0.9006641089265486, 0.924745355798442, 0.9490062749200304, 0.9945689423962966, 1.0391876702071314, 1.0614067232904412, 1.0824408743391565, 1.1012008059156482, 1.1107128203389542, 1.1068724573852393, 1.09760563439704, 1.0732671051142355, 1.0466711266638289, 1.0188109744553115, 0.9910085507937939, 0.9627397168799595, 0.93413856883157, 0.9053403361513429]}