{"x": [2.286346397631455, 2.288542263942449, 2.296775072271718, 2.304726949785719, 2.316143321126406, 2.3316226410788885, 2.3497994200189547, 2.362449894773611, 2.3744122753033348, 2.3950208424518777, 2.4108267541061172, 2.4225904114063486, 2.43066380691803, 2.4360130554982304, 2.4390197003930876, 2.4399731134987093, 2.436792172973724, 2.4272651390412, 2.4194724197140314, 2.4090033955569403, 2.3939399759855653, 2.3718502597859255, 2.3569157272601737, 2.344647846777362, 2.3267115723508898, 2.313949386165368, 2.3040960037956584, 2.2966759764318825, 2.2911848247823623, 2.2876565277365595, 2.286346397631455], "y": [0.9048626007408945, 0.8701857710201475, 0.8364289166739417, 0.8199569257405096, 0.8056661837471675, 0.7954929063984523, 0.7919278502180904, 0.7935644017502881, 0.7979932011923305, 0.8127535564649702, 0.8321374807535244, 0.8542096290623943, 0.8769300053036345, 0.9004412951716697, 0.9243453698948084, 0.9484189177293757, 0.9937013083795644, 1.0380842883388723, 1.0602117999730039, 1.0812059129294709, 1.1000378637773465, 1.1097122330146372, 1.1057874336480076, 1.0964096183219045, 1.072012469085774, 1.0454737748370195, 1.0177233416054627, 0.9900487291404089, 0.9619277719246226, 0.9334892230186081, 0.9048626007408945]}