{"x": [2.3278900314765925, 2.3297433903904827, 2.3363752164689737, 2.342504790185964, 2.350939443712064, 2.361748106449029, 2.3739626062653594, 2.3904824808206904, 2.40474015795198, 2.4161056999048447, 2.424860244985308, 2.4310941802995405, 2.435345182033297, 2.4378016542671266, 2.438605478849607, 2.436347748793824, 2.4334735980137245, 2.4293176400747947, 2.423423747061094, 2.415494666574527, 2.404571406849969, 2.3905201955845112, 2.3810300373704765, 2.372513974902569, 2.358986216333933, 2.34902438392566, 2.341333575996183, 2.3356194697198327, 2.3314509627878346, 2.3288266766895203, 2.3278900314765925], "y": [0.8471156315125791, 0.8237598532818868, 0.8012888453185217, 0.7906566603281711, 0.7817419729239089, 0.7757170236684986, 0.7737337945015601, 0.7774727694680666, 0.7866163372588105, 0.7989373406827283, 0.8132321162909237, 0.82823450191424, 0.8439145053629743, 0.8599610394209792, 0.8761745947729335, 0.9037716804487038, 0.9173309001114498, 0.9305536530086037, 0.94367609543142, 0.9556788514747053, 0.9654970460330378, 0.9697723248974975, 0.9681078057192634, 0.9636010988212274, 0.9502105139706709, 0.9345040671543556, 0.9175694266232979, 0.9004781227479112, 0.8829456606088929, 0.8651145083045365, 0.8471156315125791]}