{"x": [2.231775242054141, 2.233436493356003, 2.239030007525826, 2.24783123982064, 2.25782406827415, 2.2701177774293027, 2.2817867191346943, 2.292570938312547, 2.302339180952191, 2.310921802077348, 2.3146501251635883, 2.3179301260264706, 2.3207016128657973, 2.3228542674753534, 2.324271677853814, 2.3248068060095397, 2.3230008756716973, 2.317017684432112, 2.307470861991501, 2.296354888773488, 2.2839551790683, 2.2723775557511177, 2.261928998420396, 2.252660235418476, 2.2446987442882564, 2.241255392027828, 2.2382204239457937, 2.235641779470388, 2.233617755157116, 2.2322683001468744, 2.231775242054141], "y": [0.8664242013583172, 0.8564244686901478, 0.8479706524776445, 0.8430387979046211, 0.8416501802699027, 0.8433348414151307, 0.8475549323432849, 0.853622162232225, 0.8612176936510438, 0.8702275501847089, 0.8752158289038459, 0.8805096849610762, 0.8861207186629725, 0.8919970199347191, 0.8980996366000785, 0.9043418013049097, 0.9154527181097083, 0.9249876685143429, 0.9309531219261161, 0.9327317710025246, 0.9307800824375829, 0.925930285807527, 0.9190709182689052, 0.9106856153085158, 0.901092289265144, 0.8958908706848702, 0.8904410634609731, 0.8847316988996199, 0.8788029910636524, 0.8726773311390117, 0.8664242013583172]}