{"x": [2.3405946071917687, 2.342227582877541, 2.34800918851352, 2.353439474950983, 2.3611962578851284, 2.372005628156454, 2.38518579051482, 2.393894828724895, 2.4019938329670425, 2.415518353817895, 2.425586916023356, 2.4330322867582517, 2.4381729856277117, 2.4416262970460085, 2.4436037280084166, 2.4442471771886125, 2.4422095660821608, 2.435874097948887, 2.4305472995706263, 2.423288960175441, 2.4128078269849564, 2.3979166308619453, 2.3881164862077267, 2.3798059263442357, 2.3674143494053785, 2.358639803369745, 2.351979009107961, 2.3470855376481286, 2.343557876014875, 2.341365457678793, 2.3405946071917687], "y": [0.9556261371366943, 0.9304182785752096, 0.9058281224326358, 0.8937129112458031, 0.882938001900152, 0.8748364107745833, 0.8718764133699182, 0.873214626271492, 0.8766851147962048, 0.8877630765328125, 0.9016938511761461, 0.9171860712129434, 0.932934839678422, 0.9491374670361681, 0.9655759776018229, 0.9821204883525445, 1.012160529118732, 1.0415955040938807, 1.0562657782089167, 1.0700827327502482, 1.0822104630862268, 1.0881424335922985, 1.0857987765088566, 1.0801005172550409, 1.0646370487737584, 1.0474597028001214, 1.0293575567220548, 1.0112931780455992, 0.9929132040713019, 0.9743261578532424, 0.9556261371366943]}