{"x": [2.2776617625313533, 2.2795660998240956, 2.2869687124802036, 2.2942065241424623, 2.3049797000901777, 2.321094182708659, 2.3421246114428995, 2.3569916671120565, 2.370452460651482, 2.391950545362612, 2.407247120769251, 2.4182410163569483, 2.4256435820148052, 2.4305144879419234, 2.4341137430370328, 2.4310868460038724, 2.4219763139885626, 2.414518717885134, 2.404424869854965, 2.3895041135219333, 2.3787050640877188, 2.364786102704274, 2.3474344816984543, 2.334565819806974, 2.3167763261538585, 2.304327805512588, 2.2947655445351236, 2.2875579998499576, 2.282244531945368, 2.2788438600457144, 2.2776617625313533], "y": [1.1085771825737312, 1.068182281147483, 1.028425823965983, 1.0083932382782286, 0.9900185522402281, 0.9753181469498148, 0.9695302688396817, 0.9721851093701225, 0.9790323394524871, 0.9997829717432881, 1.0247086086626425, 1.051808550633305, 1.0789544036572807, 1.106666667912793, 1.1627656563079287, 1.216729842913872, 1.2700054822632822, 1.2967765713174422, 1.3226690640659493, 1.3470966956884585, 1.3569852906906597, 1.3615313102469704, 1.3551847861798318, 1.341927536827604, 1.3106049036969674, 1.2778641809272266, 1.2441672410269922, 1.2106962746667482, 1.1768728900297232, 1.1427994715423475, 1.1085771825737312]}