{"x": [2.2514009673318984, 2.252997091806247, 2.2587301449962007, 2.2641170703884392, 2.271711828937575, 2.2818652010101865, 2.293709839390355, 2.302235003424485, 2.3102668505930097, 2.3240688311328435, 2.334728918764015, 2.342807753008882, 2.3485029197405556, 2.3523783134298397, 2.354621920515134, 2.3553605609490234, 2.3533982092311256, 2.3472094170168156, 2.341962450391986, 2.3348138124401885, 2.324690789935561, 2.3111041209283676, 2.301569723195408, 2.293237243933067, 2.2803920942176874, 2.2710829252151727, 2.263922484918352, 2.2586024927949175, 2.25472142160551, 2.2522758333436736, 2.2514009673318984], "y": [0.8616852251192934, 0.8390808372613511, 0.8171573780249288, 0.8065398895949865, 0.7973709382742609, 0.7908765334009986, 0.7886465556554219, 0.7898313920247484, 0.7929252068369779, 0.8030220780888206, 0.8160934921787112, 0.8308999695402448, 0.8461818944782513, 0.862023405696108, 0.8781666155541805, 0.894448243469852, 0.9214016738377986, 0.9477082715614225, 0.9607296730526393, 0.9728120788971578, 0.9830146015943348, 0.9877017627079074, 0.9857300474210932, 0.9806939585968987, 0.9664343393588909, 0.950196880159332, 0.9329039971281432, 0.9155464218701238, 0.8978115685734664, 0.8798205811710195, 0.8616852251192934]}