{"x": [2.2408930969923424, 2.243265270046335, 2.252264778220862, 2.2606554152401412, 2.2720669828696005, 2.286191482456363, 2.301760075760252, 2.3243843010863348, 2.34454191333064, 2.3611312135300584, 2.3740935444682867, 2.3833434205238344, 2.3895802921069733, 2.393116439613499, 2.3942404573434475, 2.390941771886701, 2.386860663884868, 2.3810655917377237, 2.372993740694345, 2.3622549362706096, 2.347407627205669, 2.3278205140191024, 2.314396501661396, 2.302600457139276, 2.2842343035230352, 2.270725608436502, 2.2601548062672254, 2.2521273843043867, 2.2461312486306477, 2.242247906068109, 2.2408930969923424], "y": [0.7515748715832067, 0.7216397380117484, 0.6929910333367416, 0.6797393874819059, 0.668979042148713, 0.6620164480719434, 0.6596504160788337, 0.6638299439693449, 0.6749202412422385, 0.6906161104178551, 0.7094188540190516, 0.7295825210394905, 0.7508718401363893, 0.7727468011398111, 0.7948772065186535, 0.8336490040436448, 0.8526927154998453, 0.8712866803099398, 0.8897729128968195, 0.906848440826329, 0.9211726405903398, 0.9276510881177771, 0.9249893675927218, 0.9180509097261975, 0.8982797414370834, 0.875677647940738, 0.8515613129195019, 0.8272776174528952, 0.80241431666908, 0.7771248555973679, 0.7515748715832067]}