{"x": [2.282763193071319, 2.285101240734627, 2.2922537909916065, 2.301962610916633, 2.312443700556312, 2.3244204234581596, 2.3360242577289996, 2.347046039263162, 2.3573203656468644, 2.366742827402933, 2.3747187702117816, 2.3779797713923845, 2.38055921270867, 2.3822828758162475, 2.3829304964334983, 2.3823240959704215, 2.3803738446133456, 2.3727482377071873, 2.3621766115016904, 2.3505405628848917, 2.338506551489966, 2.326976273516889, 2.3162279987354237, 2.3064117972020446, 2.2976584898407317, 2.293792480436974, 2.290336371675807, 2.287348709182719, 2.2849680501183345, 2.283357324725579, 2.282763193071319], "y": [0.7596697608930474, 0.749154407817343, 0.7410995867762512, 0.7369952344870994, 0.7358755684587405, 0.7371139190255839, 0.7403273959290202, 0.7451381290719334, 0.7513880121844617, 0.7591747441087585, 0.7684375901031286, 0.7736769930426765, 0.7792834138580157, 0.7852218696340649, 0.791371411003031, 0.7973382470709446, 0.8030098759222711, 0.8121663192011116, 0.8172461721888822, 0.818718095961908, 0.8172879706567878, 0.8135576384322915, 0.8080127371036062, 0.8009477863621774, 0.7924779743275956, 0.7877653029400566, 0.7827442858570491, 0.7773830949639903, 0.7717261560935772, 0.7657909151288155, 0.7596697608930474]}