{"x": [2.283771207457791, 2.2860871329150196, 2.294582761272848, 2.3027438533247446, 2.3143564470699154, 2.3297826297553774, 2.3475774392959057, 2.3606382740315404, 2.3730335405957437, 2.3945945712540873, 2.411364586398649, 2.4239645365086178, 2.4326690275548866, 2.4384465956218677, 2.441671423180088, 2.4426474499296296, 2.4393192008421756, 2.4295613178496356, 2.4215766798097595, 2.410854622867598, 2.395515576482291, 2.373564394009615, 2.3582422456690524, 2.3455042141829354, 2.326670933005511, 2.313172232621355, 2.3027039503885844, 2.29479139944827, 2.2889163147374783, 2.2851387961188245, 2.283771207457791], "y": [0.8900929350573323, 0.856144643884545, 0.8231950720651503, 0.8072634282429535, 0.7936410802490683, 0.7841980308896624, 0.7809602775226281, 0.7825887993147855, 0.7870154068218316, 0.8018410481626868, 0.8215100661936957, 0.8440787377425327, 0.8674689968277682, 0.8917484550523747, 0.9164750968097785, 0.9413920327603205, 0.9859176928025162, 1.0294882719091245, 1.0511664813725048, 1.0716295384533785, 1.0897340079319386, 1.09874532010953, 1.0948824515794744, 1.0855319148617557, 1.060888958662477, 1.0338975258932526, 1.005592624867249, 0.9773181142371878, 0.9485511228513386, 0.9194280820893743, 0.8900929350573323]}