{"x": [2.294252997459089, 2.2955899865296607, 2.3003422961803826, 2.3048524546480142, 2.311495909906451, 2.321669568131809, 2.3358068661500986, 2.3457817150792497, 2.354481743115767, 2.3677656784395453, 2.377002305073758, 2.3836705970726473, 2.3882395506467193, 2.391303252770699, 2.3936380868980676, 2.3919123109695826, 2.386470103337327, 2.3818643731663895, 2.3755031945452307, 2.365942141535759, 2.3590466199104303, 2.350371993457737, 2.339278647742405, 2.330827410493008, 2.3190783944382565, 2.310947262982249, 2.304801038761019, 2.3002678662130416, 2.297000668337501, 2.294968684223892, 2.294252997459089], "y": [1.1295622185822376, 1.1020444317709464, 1.0749071569676405, 1.0611763182783824, 1.0483411337163, 1.037493525993232, 1.032877172481851, 1.0350749270902584, 1.040426305290497, 1.05556821726221, 1.0729095317542627, 1.0913911534826088, 1.1097943244170734, 1.128507041122583, 1.1663276056068144, 1.199751798250666, 1.2327750829530706, 1.249403793351764, 1.2654431875573071, 1.280434495939822, 1.286340716433097, 1.2890207378708454, 1.2852501812776964, 1.2771350099833605, 1.2575079400944105, 1.2368180963022881, 1.215454368567652, 1.1942522632885504, 1.1728185436006868, 1.1512321871382205, 1.1295622185822376]}