{"x": [2.2888781741695334, 2.291475277044399, 2.300565814249425, 2.316812188916723, 2.33660234342637, 2.346695292097192, 2.356581794951463, 2.3753099904156834, 2.392232194984274, 2.4070820072882446, 2.4194793297742336, 2.4290307809791325, 2.4352361736009995, 2.4374952746765657, 2.434423054964275, 2.4303292735540203, 2.424396909978576, 2.4164544335689704, 2.4067686304550997, 2.3957768602976723, 2.3841433350371384, 2.373725247556077, 2.3636309339976718, 2.3540719495421563, 2.3451203627216417, 2.3292426112511335, 2.3158350011708277, 2.305002911875294, 2.2966170608392065, 2.2909981617662085, 2.2888781741695334], "y": [1.1146741388832602, 1.094963206215768, 1.0772819182737348, 1.065443208821828, 1.0619148216830414, 1.0626557181572212, 1.0648175696252462, 1.0723580685154699, 1.0832374693725626, 1.0968097000295831, 1.1125935784750443, 1.130245609618319, 1.1493635628260355, 1.1693360312456957, 1.1920309330371688, 1.2027738700840302, 1.2126215502695623, 1.2212261274861966, 1.227806925206343, 1.231858067133152, 1.2332335132852743, 1.232146457219503, 1.2293494818106394, 1.2251046969697508, 1.2196953092445992, 1.2063730285352958, 1.1905672654410573, 1.1732679223976425, 1.1546593509683063, 1.1350053410963485, 1.1146741388832602]}