{"x": [2.234174208244035, 2.236736142280269, 2.2456383758225376, 2.2593174272369847, 2.27463925423987, 2.293818529444043, 2.3121544968368064, 2.329285030275465, 2.344982485657396, 2.3589935415117242, 2.3651294357025656, 2.3705516318878987, 2.375153199261058, 2.3787363518786506, 2.3811043087701074, 2.382024801572541, 2.3789935462537493, 2.369048488513721, 2.353478203188883, 2.3353913075201307, 2.3159725596173124, 2.297831799459823, 2.2814833925937466, 2.266998101306989, 2.2545543772772985, 2.2491574952616364, 2.244385272711964, 2.2403090855828323, 2.2370865641145503, 2.234915689901086, 2.234174208244035], "y": [0.8608773700638126, 0.8455131103039016, 0.8327313177091618, 0.8255663505023254, 0.8236441590530238, 0.826005847030849, 0.8321062131865428, 0.840948549607333, 0.8521392593168962, 0.8656544442824757, 0.8732234566483367, 0.8813190686847121, 0.8899712038297664, 0.8990923266870159, 0.9086134283698717, 0.9183812986646567, 0.9364966378798503, 0.9519384593474345, 0.9616266628640378, 0.9646530926986174, 0.9616085474021816, 0.9540408630084115, 0.943276467376668, 0.9301114016072443, 0.9150846858953757, 0.9069502090206703, 0.8984342274887218, 0.8895144966401101, 0.8802520857601155, 0.8706721591607162, 0.8608773700638126]}