{"x": [2.2473373145884787, 2.2499970159106475, 2.2591193502490756, 2.272930331911939, 2.288326081602546, 2.3070301137968876, 2.324952967087627, 2.3417367560448388, 2.3571422071481525, 2.370922881017174, 2.3769612675327703, 2.382297637781776, 2.386825316349175, 2.390347060125577, 2.392668781726462, 2.3935636055016203, 2.3904444579980204, 2.380350575891742, 2.364745963350778, 2.346706528134221, 2.327759721234981, 2.310002212774688, 2.2939445470342297, 2.2796867914115864, 2.2674152242665038, 2.262092413113439, 2.257386796846419, 2.253370260286447, 2.250198848673878, 2.2480666418537734, 2.2473373145884787], "y": [0.851508631647282, 0.8360632376872306, 0.8233189361401752, 0.8162541194996454, 0.8143499818679549, 0.8165953340291241, 0.8223965198193979, 0.8308627975607298, 0.8416352395706458, 0.8547157812218349, 0.8620630122805126, 0.8699349287248644, 0.8783618837911313, 0.8872563070817071, 0.8965482020301574, 0.906083871557593, 0.9241482987474693, 0.9394507872664032, 0.9489752274836853, 0.9519413143121284, 0.9490827137495378, 0.9418838261871325, 0.9315660056984669, 0.9188765434059343, 0.9043187725052352, 0.8964175390997711, 0.888133881486955, 0.8794457640899773, 0.8704148118575201, 0.8610678877684645, 0.851508631647282]}