{"x": [2.2399197754593487, 2.2417075898647068, 2.2482614071957228, 2.264263257976062, 2.279101777568843, 2.299435931233465, 2.314616075589355, 2.327981581259482, 2.339173305812437, 2.348601050438913, 2.362949974564104, 2.3732104402665954, 2.380131697616112, 2.384696041046778, 2.388080504552861, 2.385380650521385, 2.3771889611702, 2.3704489076158017, 2.361277254492591, 2.347593076415573, 2.3374556004916323, 2.3238887051929003, 2.3064221878151114, 2.2940511147800158, 2.2771827336707435, 2.265372067304714, 2.2562851361404994, 2.249410115450599, 2.2443375874683857, 2.241095449595006, 2.2399197754593487], "y": [1.1272855361549348, 1.0879513717917202, 1.0491258615582142, 1.0110726656267879, 0.995795316216226, 0.9894627603766544, 0.9926223802185113, 1.0004826116650087, 1.010982282768725, 1.0230907683475818, 1.049285430545756, 1.0773349366874858, 1.1052719523265147, 1.1336893310789704, 1.1911025891235083, 1.2443951755388152, 1.2971235853782737, 1.3236673573091742, 1.3494720260577424, 1.3741341477780418, 1.384435314834305, 1.389417464248238, 1.3821435414478103, 1.3678276155547535, 1.3350883259013884, 1.3012384947420452, 1.266558088291968, 1.2321167637081605, 1.1973642068462054, 1.1623900072132392, 1.1272855361549348]}