{"x": [2.1969773031507516, 2.198709032175234, 2.2050977131521385, 2.2206921199008485, 2.235126242026425, 2.2548421478912055, 2.269672911270779, 2.2827346734750864, 2.293678600737033, 2.3029027159003337, 2.316953726984403, 2.327010690367274, 2.3338010705718766, 2.338282604505944, 2.3416323567688937, 2.3389981511745312, 2.3310560002511616, 2.3245104047794753, 2.3155942499925697, 2.30227831480771, 2.2924190344470947, 2.279262226449739, 2.262207620761783, 2.250099444416394, 2.2335643702017967, 2.2219746683198913, 2.2130514112332627, 2.206295204741717, 2.2013073270302663, 2.1981179139701466, 2.1969773031507516], "y": [1.098420626511272, 1.0603120832599586, 1.022702979182265, 0.9858690808345675, 0.9711257789945792, 0.9650436834172172, 0.9681340609789031, 0.9758081957192377, 0.9860577938929093, 0.9978789404570402, 1.0234597159904708, 1.0508579728126115, 1.0781534687281848, 1.1059216017982698, 1.1620272026345198, 1.2136450893532174, 1.2647162897221935, 1.2904287075286753, 1.3154182139933892, 1.3392822071070645, 1.3492244574803804, 1.3540152982245115, 1.3469528142416722, 1.3330197485069353, 1.3011156377281445, 1.2681112318795427, 1.2342883479383913, 1.200694544802408, 1.1667930549939756, 1.1326717160453668, 1.098420626511272]}