{"x": [2.3231821192593007, 2.324798882192287, 2.3305121042126307, 2.335879140526674, 2.3435629639721904, 2.3543486838736962, 2.3676183622007048, 2.376370216012931, 2.384484622396638, 2.3979534622852743, 2.407914947497068, 2.4152557126707017, 2.4203122902959704, 2.423704613886292, 2.4256460539313176, 2.4262775427381826, 2.4242591366213855, 2.4179853490683656, 2.4127112644652446, 2.4055191149583384, 2.395094590988718, 2.3801088808836877, 2.370249608579425, 2.3619526434232996, 2.3496610192242584, 2.3409854180226044, 2.3344070830841597, 2.3295782528771958, 2.3261004735480757, 2.323940969434329, 2.3231821192593007], "y": [0.9697793897262282, 0.9443678313141851, 0.9195541190272979, 0.9072969842533888, 0.8963424742725561, 0.8880160175174157, 0.8849213005696649, 0.8862801279127225, 0.8898294610809218, 0.9011055918293405, 0.9151983393475587, 0.9308172345358423, 0.9466562863019684, 0.9629331618863348, 0.979436694073339, 0.9960420241207278, 1.0263485062298867, 1.056067126837591, 1.0708977874589585, 1.0848991248357012, 1.0972705070446036, 1.103365610850113, 1.1009928995348952, 1.0951623439393285, 1.079482467623581, 1.062150269969565, 1.04391852180419, 1.0257407467292177, 1.0072568575610283, 0.9885726578032887, 0.9697793897262282]}