{"x": [2.1515671854023926, 2.1526911377920555, 2.1567122870139555, 2.1641372037312676, 2.1732726774209303, 2.179860103402538, 2.1862421040328237, 2.1923309010718977, 2.198116291766019, 2.2035556557623988, 2.2086826092568144, 2.2179660568663846, 2.2258227767108116, 2.2320966964449376, 2.2364347846038304, 2.2381794552503393, 2.237001670839177, 2.2326917902841537, 2.224621691309935, 2.214358092167914, 2.207676626675016, 2.201259095186851, 2.1952134420523355, 2.1895426752397884, 2.1842862710731996, 2.1793821819401606, 2.170600784794085, 2.163258166021829, 2.157364884617341, 2.153222060696589, 2.1515671854023926], "y": [0.9460901735821816, 0.9369941922514158, 0.9287582646000166, 0.9231787202953275, 0.9215042581809454, 0.9221879553103234, 0.9239576136906107, 0.9265273339479312, 0.9297220430270623, 0.9333991450148152, 0.9375006212831294, 0.9467726731316907, 0.9571985848212768, 0.9686469738975888, 0.9809960418779892, 0.9939681123832741, 1.0041928104666211, 1.0135392834172166, 1.0202185081622062, 1.022315428117683, 1.0214970970009856, 1.0194656107106665, 1.016545819753619, 1.012951726708991, 1.0088706592310892, 1.0043723477371032, 0.9943859353784059, 0.9834677244621797, 0.9717037704358583, 0.9591785485849575, 0.9460901735821816]}