{"x": [2.2023633184907188, 2.2044891526407917, 2.2123524143677757, 2.220025194302342, 2.2312547104021596, 2.2470706842887695, 2.266225781669019, 2.280586538903971, 2.2939575583911447, 2.3163950167518417, 2.333192417762253, 2.3455897141379394, 2.35408193865117, 2.3597193261387606, 2.362899302290922, 2.3639107763762075, 2.3607957556417416, 2.351369273890715, 2.3435993584890817, 2.3330834974227197, 2.317718304964243, 2.2942451644037596, 2.277427287433314, 2.264139100765204, 2.245136732373249, 2.2316677922362063, 2.2212483430871997, 2.2133623484842753, 2.2075087494290164, 2.2037409234314866, 2.2023633184907188], "y": [0.9895915740535962, 0.953074423267997, 0.9173506134579452, 0.8996521307490013, 0.883967558383552, 0.872379714545505, 0.868195769140739, 0.8703219335993945, 0.8759759376266396, 0.8940353651963834, 0.916852367780941, 0.9423293246286828, 0.9682825738933545, 0.9950016473595519, 1.0221046954738897, 1.049374906063308, 1.0982709344768378, 1.1463507263918458, 1.1704230367122854, 1.1934287832888488, 1.2144480173460006, 1.225713407346491, 1.2206335476049563, 1.2091413739263097, 1.180507174880679, 1.1499283519163204, 1.1181807245761222, 1.0865682903151646, 1.0545172327837666, 1.022149117262294, 0.9895915740535962]}