{"x": [2.2498380665477007, 2.2520284882730457, 2.2599316779363376, 2.2731452850421263, 2.2885074531402716, 2.2981050686295847, 2.307516861183775, 2.31664551465298, 2.3254532614317243, 2.341914534802604, 2.3567089605835494, 2.36954168605422, 2.3798652246803833, 2.386970472515822, 2.389769053537602, 2.3872149851557114, 2.3785013933427055, 2.3637439593066008, 2.3458182606311118, 2.336015381375058, 2.3264783890837037, 2.3173681283679555, 2.30873690921685, 2.300660820429199, 2.293089387792381, 2.286025874613971, 2.2794716069484946, 2.2680233172351016, 2.258823314528745, 2.252353781758041, 2.2498380665477007], "y": [0.9191256599938329, 0.9037745915998647, 0.890433195821417, 0.8822772261976424, 0.8800138118355754, 0.88071464163903, 0.8827205196041599, 0.8857273014867355, 0.889573942636068, 0.8993327090756753, 0.9114707488361035, 0.9257529153800084, 0.9419419139416096, 0.9598489297173775, 0.9789097194455375, 0.9968498649930034, 1.0127383956135472, 1.0234974597697337, 1.0269915473248026, 1.0260031165584966, 1.0235294118220326, 1.0198121289033337, 1.0150880312569954, 1.0095797637516533, 1.0033961055429101, 0.9966418893171084, 0.9893924596419028, 0.9737658198095728, 0.9567183812918901, 0.9383945327412809, 0.9191256599938329]}