{"x": [2.2601485813379925, 2.263062135982292, 2.2728529030207962, 2.287997728074352, 2.3050467192489665, 2.3242998160359916, 2.3427381186230396, 2.3599650620718755, 2.3757041576003544, 2.389663727402719, 2.4010416969448096, 2.4089288268050684, 2.4111495480467497, 2.4119769230905908, 2.411175946081179, 2.408544714784914, 2.404009824242014, 2.397655743264549, 2.389737746476912, 2.380647792242841, 2.360747148256706, 2.3411923418435543, 2.3229167211260724, 2.306499468521172, 2.2920506505015297, 2.27977475278091, 2.2698757508466603, 2.265966393518084, 2.262912830606834, 2.2608882634601772, 2.2601485813379925], "y": [0.9194266119176736, 0.9023645288457378, 0.8880906239764776, 0.8799564315103756, 0.8777512755280639, 0.8800271781602069, 0.886018043405729, 0.8948229506833403, 0.9060734993233903, 0.9197467267599172, 0.9356328385150746, 0.9536074036679089, 0.9631932628367201, 0.9729981467918909, 0.9831162779183765, 0.9929190715777332, 1.0020161134013803, 1.0099500315449639, 1.0163206137938865, 1.0208650305157339, 1.0243824115621765, 1.0213958282826354, 1.0138253711674923, 1.0029324787529044, 0.9895379669632149, 0.9742439562411356, 0.9573142725606908, 0.9482737280760564, 0.9389094196206402, 0.9292591664529698, 0.9194266119176736]}