{"x": [2.229571745390246, 2.231368840904529, 2.237961997698539, 2.254103054923051, 2.2692128395136977, 2.2901837408796553, 2.3060440776115936, 2.3199065171222557, 2.3314422799429546, 2.3411301355480054, 2.3558401651245067, 2.3663509752400023, 2.3734453271862543, 2.3781255817128373, 2.381598007346245, 2.3788619674248177, 2.370549877067242, 2.3637071446123272, 2.354387767458372, 2.340459032996589, 2.330085793186816, 2.3160497960406943, 2.2978646898875335, 2.285146403503323, 2.2678549964137797, 2.255740890710273, 2.246413213850775, 2.239345013834364, 2.2341251910773456, 2.230784672209866, 2.229571745390246], "y": [1.1720100521480572, 1.131374622203622, 1.0912373826056356, 1.051770854082282, 1.0357561358923826, 1.0290480746987964, 1.032483930286078, 1.0409212376575296, 1.052081599689023, 1.0648789806048626, 1.092424129290657, 1.1218289427908315, 1.151089364075536, 1.1808315445749895, 1.2408972638756897, 1.2962335200701711, 1.3510103063756893, 1.3785939289357094, 1.40544217711777, 1.431180647512097, 1.4420220322786619, 1.4473258527810764, 1.4394754152862372, 1.4242907965517646, 1.3898431445756125, 1.3543169246080282, 1.3179595552506926, 1.281851886554687, 1.2454310595388463, 1.2087865306589611, 1.1720100521480572]}