{"x": [2.281126974749942, 2.2825908910094275, 2.2878565444443955, 2.2928666507793745, 2.300120581849962, 2.3104554771852603, 2.3232849942107268, 2.3325791727016507, 2.3411122929066672, 2.355119392735509, 2.365447229490477, 2.3730951713547146, 2.3784081573839346, 2.3820005314337918, 2.3840742932512407, 2.384756332105227, 2.3829053544507666, 2.377046091037578, 2.3720568470637526, 2.3651907496769295, 2.355127405237477, 2.3405098227071117, 2.330136081929298, 2.32153404673196, 2.308872761289405, 2.2998982150660496, 2.2930452253564066, 2.2879659434968076, 2.284274107764436, 2.2819553967582538, 2.281126974749942], "y": [0.9745761700287412, 0.9500447443198187, 0.926040436539131, 0.9141177296734532, 0.9034110687319721, 0.895225716287781, 0.8921903334255287, 0.8937526963285629, 0.8977537700880259, 0.9101055133122335, 0.9252481882677347, 0.9419057331674633, 0.958773898415131, 0.976090297234032, 0.993644760048573, 1.0113081254069713, 1.040884431973438, 1.0699335810254464, 1.0844696605551434, 1.098219092186985, 1.1104091789683823, 1.1164254401007643, 1.1137583925736891, 1.1073761805198075, 1.090593420801429, 1.07221324599253, 1.0529412497814379, 1.0337208179666628, 1.0141863752492248, 0.9944404762921859, 0.9745761700287412]}