{"x": [2.2179264504129668, 2.219666894106096, 2.226216027482366, 2.2422586909347224, 2.257169458781849, 2.277705918459894, 2.2926155183504457, 2.3057478307069674, 2.316736447381262, 2.325979915703289, 2.340014975947956, 2.3500243993450103, 2.3567593104574076, 2.3611929083655308, 2.364475682981184, 2.361763869504924, 2.3535565602119126, 2.3468204919436877, 2.3376676381833477, 2.3240296935861076, 2.313920447387859, 2.300341289554048, 2.283185184708434, 2.2710285255030955, 2.2544674807330636, 2.242888873312748, 2.233990269396791, 2.2272630633896826, 2.222299329816751, 2.2191158810498064, 2.2179264504129668], "y": [1.1294853647714767, 1.0897055330788388, 1.050429929891066, 1.0119014963553699, 0.9963606360347645, 0.9898719411592507, 0.9929621173233206, 1.0006684608007475, 1.0109821191365385, 1.0228850405452394, 1.0486329248247466, 1.0761964497118288, 1.1036297919556302, 1.1315276503671021, 1.1878792319821585, 1.2413036275969493, 1.2941634427054471, 1.3207696573478431, 1.3466441726351537, 1.3713977072148826, 1.381770997041654, 1.386811678845878, 1.3796850852375735, 1.3656374552987949, 1.3334921963131585, 1.3002545501361418, 1.2662013546689137, 1.232389074608727, 1.1982732874633666, 1.1639427064352934, 1.1294853647714767]}