{"x": [2.2648900314549603, 2.2662267809705945, 2.271009608454241, 2.282251232165517, 2.29229640815123, 2.3057395586128466, 2.3154673262528442, 2.3241034743426576, 2.337591884293305, 2.3471339001685387, 2.354076763436624, 2.3588543746435158, 2.362068736056208, 2.3639199607952635, 2.3645284965735613, 2.3628128052443826, 2.3573776138732567, 2.352757658184442, 2.3463713776267836, 2.336816808029753, 2.330060998703761, 2.3218105358672405, 2.3109976478386853, 2.302523456289559, 2.290542052333307, 2.282187797789856, 2.2758470051701156, 2.271157499687869, 2.267763958543786, 2.2656429102032085, 2.2648900314549603], "y": [1.0694664619477838, 1.0434796124921593, 1.0179017352315556, 0.9930911987737268, 0.9833015865253474, 0.9792986158504721, 0.9812493832854161, 0.9861332242957106, 1.0003461786168433, 1.0169419163128341, 1.0347819058385603, 1.052620003022662, 1.0708049187690232, 1.0891718191866737, 1.1076217446118053, 1.1391778558267447, 1.1703096795206094, 1.1859677410119163, 1.2009921977698506, 1.2148318997634036, 1.220105068162022, 1.2224239315889065, 1.219041270831428, 1.2115213626599828, 1.1928852845553262, 1.1730379601009406, 1.1524587422847101, 1.1320098797588267, 1.1113064665432744, 1.0904334530029578, 1.0694664619477838]}