{"x": [2.1888504813660483, 2.190154811259841, 2.194706907263812, 2.202595885246704, 2.2119917608479414, 2.2180577061031803, 2.2239815809148245, 2.22968796389242, 2.235153690187905, 2.240335598085892, 2.2452470553575186, 2.254198383660067, 2.2618440047127883, 2.2679594771121168, 2.2721699998553158, 2.2738237874639684, 2.272430219048621, 2.26757120864279, 2.259063365867822, 2.2486430578245744, 2.242501171896436, 2.236543777416612, 2.2308659250113636, 2.2254911845015064, 2.2204644508146383, 2.215750400644335, 2.2072677728087737, 2.2001370713641606, 2.1944215510862, 2.1904271750105497, 2.1888504813660483], "y": [0.9238208893477655, 0.9144436231141804, 0.9061422485016235, 0.9007973141672138, 0.8992092907606534, 0.8997329027024329, 0.901139163176559, 0.9032371285289892, 0.905899852955179, 0.9090227335882293, 0.9125557408597306, 0.9206828920128178, 0.9300250966449164, 0.9404334253293338, 0.9517855901687375, 0.963779969471455, 0.9741782659960778, 0.9834764712754993, 0.9898054746331542, 0.9917693617145834, 0.9911387935387763, 0.989517118481813, 0.9871198272668461, 0.9841036744927235, 0.9806113904128724, 0.9767073116937719, 0.967896291445854, 0.958080462744294, 0.9473785832765179, 0.935885610587991, 0.9238208893477655]}