{"x": [2.229800642376045, 2.2324628012091043, 2.2416168239851793, 2.255603815275117, 2.271265560897105, 2.2898890820934734, 2.30771871489861, 2.324384977630748, 2.339641522828362, 2.353226231172451, 2.3643810178796048, 2.3687971384971958, 2.3722197427803025, 2.374468339596228, 2.37533579421445, 2.3722370337039274, 2.3621629862322853, 2.346434285108622, 2.3281457658866636, 2.309264978900973, 2.2915939146465405, 2.2756529749533154, 2.2615385396919674, 2.2552290434081903, 2.249437404335011, 2.244203856088311, 2.2395880888950224, 2.235660148757561, 2.232569181333926, 2.2305000042237286, 2.229800642376045], "y": [0.8486416334768977, 0.8329388271607181, 0.8199054437599664, 0.8125875350970233, 0.8106133424478319, 0.8128347203685541, 0.8186548797866661, 0.8271671870508293, 0.8380051535136569, 0.8511456254816943, 0.8664029856024577, 0.8748275386245993, 0.8837022777674274, 0.8929549353517298, 0.9024373075495641, 0.9207542085738233, 0.9363626917600006, 0.946195884752845, 0.9492964956829844, 0.9464012444245473, 0.9391486528074618, 0.928762074175272, 0.9160036537699504, 0.9089152591873599, 0.9013978129481425, 0.8934805768213158, 0.8851879687661964, 0.8765018693473843, 0.8674839451281979, 0.8581634241659751, 0.8486416334768977]}