{"x": [2.271619143027745, 2.27378842475409, 2.2805583284226136, 2.2900658390699316, 2.300445893291381, 2.3121351455133428, 2.323423814894016, 2.334089724396678, 2.3439659558798858, 2.3529248789430888, 2.360422006886871, 2.3634499373201603, 2.365825487132615, 2.3673984313625778, 2.367985417699956, 2.367422293384691, 2.365605803424811, 2.358365475480663, 2.3480311572467563, 2.336526582360145, 2.3247785808750536, 2.3135686914529905, 2.3031853912591402, 2.2937714897086843, 2.2854664856367064, 2.2818266233510536, 2.278592067338953, 2.2758179615123666, 2.2736257223643177, 2.272157031404275, 2.271619143027745], "y": [0.8065512141067445, 0.7961410815970836, 0.7879407738957919, 0.7836036450111806, 0.7823962014181481, 0.7836512121743913, 0.7869344442893589, 0.7918394453105113, 0.7981861540817237, 0.8060275480532877, 0.8152764849902677, 0.8204608044835084, 0.8259746320474958, 0.8317788563580677, 0.8377637223079228, 0.8436471978956187, 0.8492714985820251, 0.8585272605784495, 0.8638145579146743, 0.8653632357894009, 0.8638985863306812, 0.8600908158444562, 0.8544602810187357, 0.8473262567029944, 0.8388450554778061, 0.8341504668644679, 0.8291679567428943, 0.8238750433153715, 0.818315845243157, 0.8125129086715741, 0.8065512141067445]}