{"x": [2.3096020068228786, 2.3113072215399204, 2.3174069746844865, 2.323099810625637, 2.331050474858355, 2.34150199777201, 2.3535384185315578, 2.362035696837001, 2.3700895726994156, 2.3840842451049307, 2.3950211778419, 2.403353322349977, 2.4092421879405967, 2.413249222790945, 2.4155652258410845, 2.4163240267183186, 2.414240116066213, 2.407711823146002, 2.4022023591045576, 2.394732903314139, 2.3842632793804803, 2.370432256943028, 2.360902716619359, 2.3524881034998897, 2.339369452207131, 2.3298104551023604, 2.322450866820559, 2.3169868064764834, 2.3130031962822923, 2.310496216549807, 2.3096020068228786], "y": [0.8577900196715937, 0.8348029320582756, 0.8125744151093441, 0.8019008232548307, 0.792783757806554, 0.7864393440292797, 0.7842921382424366, 0.7854102930170512, 0.78834100833809, 0.798061255125184, 0.8108509776700239, 0.8254718144574146, 0.8406510000477111, 0.8564316871315217, 0.8725362971590251, 0.8887888832761613, 0.9160898828533355, 0.9426806454047694, 0.9557968808272178, 0.9679046079415878, 0.9780127782959448, 0.9825394715216481, 0.9807109516340363, 0.9758787771949776, 0.9619411131165447, 0.9458959790589779, 0.9287303968405771, 0.9114693444464673, 0.8938077835013913, 0.8758750492392074, 0.8577900196715937]}