{"x": [2.164441331253841, 2.1663659758059497, 2.173717173298307, 2.1913036549352043, 2.2056782239718244, 2.222706346609455, 2.2364341569358253, 2.249256608157988, 2.2607712103331856, 2.2709833024315644, 2.2875006746724695, 2.2998440895457444, 2.308400745113093, 2.3141266882806493, 2.3173786953857753, 2.3184173935366794, 2.31559519329104, 2.306959960037871, 2.2997686749072157, 2.2899873848980468, 2.2757068460417256, 2.2544733509954855, 2.238510637371114, 2.225690465213249, 2.2070926271692697, 2.1937747973699, 2.1833992310948678, 2.175492759611196, 2.1695836058895535, 2.1657543278540263, 2.164441331253841], "y": [0.9007546075571291, 0.8683425548127053, 0.8367165320594782, 0.8075745011572331, 0.797836121451511, 0.7944438782822778, 0.7964591495229526, 0.8017599833427904, 0.8093854404928413, 0.8186831195029253, 0.8401964406076562, 0.8643477693488681, 0.8891003946079109, 0.9146566538520717, 0.9406258963369941, 0.9667773439375343, 1.0103617845445332, 1.0531753457595834, 1.0745925332397215, 1.094957622661237, 1.1132971762902377, 1.1227529525914817, 1.1181636682262999, 1.1076036993304694, 1.0809189694571986, 1.0522151847085521, 1.0223217159581042, 0.9924976236032599, 0.9622144487629893, 0.9315897953552503, 0.9007546075571291]}