{"x": [2.368966779800179, 2.3710773990333918, 2.3777559670277437, 2.3826938381881835, 2.3883420035710676, 2.39437169562583, 2.4005592608058004, 2.4123257238008367, 2.4235244222604533, 2.4338366242654863, 2.443060272521224, 2.4509723096181966, 2.4572149239517644, 2.461376688205203, 2.4629083305302273, 2.462374404855506, 2.460690829838375, 2.4577918125280385, 2.453694235889688, 2.4484941066189054, 2.4424461507937623, 2.4358647690743194, 2.4290422490700725, 2.417067385434134, 2.40588223354305, 2.395873902574349, 2.3871520296121935, 2.379876957891096, 2.374172658030339, 2.370345018823906, 2.368966779800179], "y": [0.9976020407837606, 0.9854079131699709, 0.9749892668397695, 0.9712072383167745, 0.9686025235236654, 0.9671459734232094, 0.9667069271682236, 0.9681913559575583, 0.972095499020348, 0.9779015652980295, 0.9853161609490322, 0.9941762565179565, 1.0042822641766058, 1.015441661601415, 1.0272529487613409, 1.0340448242863058, 1.0406463563005002, 1.0468237258521256, 1.052280287190168, 1.0567492204031086, 1.0599795359963127, 1.0618703693099043, 1.0624560797745997, 1.060686449962229, 1.0560581321311453, 1.0493337059737378, 1.0410082313351652, 1.0314786636991158, 1.0209335088412808, 1.0095410383520602, 0.9976020407837606]}