{"x": [2.2785036326135386, 2.2810046710022736, 2.28987124773426, 2.304585975054087, 2.321718048055009, 2.340396748032956, 2.3581009004350024, 2.3743828459379532, 2.3889838800576664, 2.4015726190834914, 2.411575968173879, 2.4183150985535686, 2.420865443288941, 2.420174193764022, 2.417890073204319, 2.4138968904822775, 2.4081716036502567, 2.400755803836309, 2.391995591296959, 2.382355758656662, 2.3723156558439142, 2.362670799811119, 2.3532643774546163, 2.3442566252191477, 2.3357146175534718, 2.320241912587524, 2.306852196225274, 2.295711540758131, 2.2868819761371255, 2.280799338497905, 2.2785036326135386], "y": [0.9973870592170393, 0.9802641311545327, 0.9654036575580589, 0.9562538459793775, 0.9536587878464421, 0.956146432992731, 0.9625997421411574, 0.9719813857889847, 0.9838104512436543, 0.9978588706317403, 1.0138516016224037, 1.0315285424018268, 1.050273831285289, 1.0602438943235795, 1.069973374071332, 1.07915324031581, 1.087365215913022, 1.0942241226550657, 1.0992537712354364, 1.1022289967160372, 1.103216253269734, 1.1023201959727496, 1.1000081871008127, 1.0964752941047486, 1.091930512669216, 1.0805350563809089, 1.0667518594106673, 1.0513091650509465, 1.0344381899182271, 1.0163407925417558, 0.9973870592170393]}