{"x": [2.263470310418456, 2.2662403333380428, 2.2756078533483732, 2.289491564296542, 2.3048656690141573, 2.3231530243031013, 2.3407270737420003, 2.3572428502318052, 2.3724551621190617, 2.386132275935955, 2.3974647932229964, 2.401990136515808, 2.405514606123392, 2.4078383922660285, 2.4087292401834155, 2.4079869981004443, 2.4054876235457407, 2.3951656593244324, 2.379521950985574, 2.3615961686399007, 2.3430992649602955, 2.325682353097253, 2.309847475295946, 2.295728758779505, 2.2835185922436874, 2.2782116795819616, 2.2735149502619083, 2.2695011229130855, 2.2663301034362666, 2.2641976099474506, 2.263470310418456], "y": [0.8350493536499751, 0.8196186763035698, 0.8070477416048307, 0.8001953113802895, 0.7983649743057871, 0.8004368424931024, 0.8059024428781288, 0.8139422950734168, 0.8242377146097014, 0.8368309634863065, 0.8515696001792736, 0.859768430830138, 0.8684447013390931, 0.8775288146602577, 0.8868630252244433, 0.8959992956296218, 0.9048183367941462, 0.9198635468825689, 0.9290760630215226, 0.9319505006182177, 0.929261784409348, 0.922478288132395, 0.912667890482004, 0.9005167958412117, 0.8864731810003555, 0.8788216838421117, 0.8707811947739053, 0.8623276290428582, 0.8535231859013005, 0.8443950334533712, 0.8350493536499751]}