{"x": [2.2001334290362533, 2.2018631324082336, 2.208325008174391, 2.2240859517787244, 2.238246617950862, 2.2567191705078735, 2.271042856764094, 2.2839115068506133, 2.294926286266645, 2.304343779344165, 2.3189149451537685, 2.3294570065970492, 2.3366173734311935, 2.3413609792824497, 2.344934561060468, 2.3422933996055173, 2.3343759880505526, 2.3278185147865122, 2.3188742998118386, 2.3055506433093726, 2.2958843748771405, 2.2834834283954364, 2.266960103737316, 2.254776564700465, 2.2378836885559905, 2.225981232715578, 2.216782909376866, 2.209802550977598, 2.2046281085961996, 2.2013047683646767, 2.2001334290362533], "y": [1.0197923612116448, 0.9843477384592346, 0.9494542244860263, 0.9157086229516824, 0.9028137626828165, 0.8977574112491478, 0.9004405117694412, 0.9072789956159798, 0.9166320036084474, 0.9275917001473966, 0.9517225778569252, 0.9778660870438965, 1.0040663351718124, 1.030809971025821, 1.084957814289076, 1.1329267828316196, 1.180311508969226, 1.2041489468527466, 1.2271972639051074, 1.2489094720152352, 1.2576438031712607, 1.2616365231094733, 1.2554654579424338, 1.2427114907325405, 1.2127636759669007, 1.181501321081168, 1.1493393227634174, 1.1173694420035853, 1.0850580844768316, 1.0524993241794278, 1.0197923612116448]}