{"x": [2.210839284372909, 2.2122101946766923, 2.2170663333483067, 2.2258832202488708, 2.2366763127172784, 2.243495524214022, 2.25013247192936, 2.256495570932401, 2.2625601533583874, 2.268276720626945, 2.273666758674014, 2.283410523339949, 2.2916109972716323, 2.2980836937223863, 2.3024706909833172, 2.304176120318436, 2.3027100292568936, 2.297556516132189, 2.2881506974092054, 2.2761913881463305, 2.2692279542802805, 2.262502237742033, 2.256138934074975, 2.2501607926164584, 2.244619746486201, 2.239459478275368, 2.2302638866198095, 2.222654413340578, 2.216624215599896, 2.2124624852134027, 2.210839284372909], "y": [0.9920468237955914, 0.9812941078910496, 0.971602967009458, 0.9650743651306216, 0.9631073135100261, 0.963751257069, 0.9654445478793289, 0.9679491864990984, 0.9711087882994156, 0.9747912724959376, 0.9789370319010081, 0.9884078887607561, 0.9991668837652061, 1.011045770365658, 1.0238751301604874, 1.0373261423341311, 1.049282845810901, 1.0601710726410896, 1.068006855548825, 1.0706229292445941, 1.0699058790529923, 1.067964665713024, 1.0650846867161041, 1.0614725215366223, 1.0573174288994829, 1.0526979463491186, 1.0423561673700343, 1.0309926500528759, 1.0187178659564864, 1.0056576475573644, 0.9920468237955914]}