{"x": [2.237963073664007, 2.239243699855778, 2.24377622383531, 2.252275266246267, 2.262989864920795, 2.2693060660565623, 2.2754385516498687, 2.281292463110088, 2.28684264011732, 2.2969083902338636, 2.3056189702540837, 2.3128156702564002, 2.318401557016801, 2.322110952990197, 2.323510117563982, 2.322113164293937, 2.3172720461189775, 2.308242541552142, 2.302529338092095, 2.2964886065722605, 2.290061215102452, 2.2838747231319467, 2.2780493763386755, 2.2726053519675737, 2.2675902401487105, 2.262946297524676, 2.254743306377925, 2.24805864541787, 2.242840336488099, 2.2393091848768893, 2.237963073664007], "y": [1.0993443291727387, 1.0886744190864954, 1.0789305383879988, 1.0720609598511919, 1.0699110281266038, 1.070531080520344, 1.0721655474690273, 1.0745879294168523, 1.0776427205510588, 1.085186549611994, 1.0942614864173192, 1.1044580300767763, 1.1156186690648693, 1.1275566042438563, 1.139979013564137, 1.1517145008192298, 1.1624958140216743, 1.170485598252959, 1.1725451871010983, 1.1731714160564775, 1.172444166118705, 1.1705553647323679, 1.1677789204480198, 1.1643139663685544, 1.1603461289381551, 1.155949667027202, 1.1461532507207688, 1.1354747509282799, 1.124008090477977, 1.1118922558730797, 1.0993443291727387]}