{"x": [2.253644479083549, 2.2554018673360456, 2.2620641951628975, 2.278461094564478, 2.2939702746276196, 2.3159017426744337, 2.3319049276135315, 2.345825140372187, 2.3573448700423794, 2.366979246197751, 2.3815358822090875, 2.3918932933869925, 2.398862715778216, 2.403450050327134, 2.4068502452147174, 2.4040358396412063, 2.3955083814536438, 2.3885188759741975, 2.379022807235155, 2.3648605314803355, 2.3542748920270182, 2.3397423664850963, 2.3214301235790695, 2.3087142907302574, 2.291539582197054, 2.279542344988056, 2.270324003284776, 2.2633478778436555, 2.258197916697267, 2.2548904313233717, 2.253644479083549], "y": [1.2156683188459259, 1.1730000770863294, 1.130818556769336, 1.0891911200562914, 1.0720360255047234, 1.0646982707653128, 1.0682422568882068, 1.0768961255368519, 1.0882935046592488, 1.10132359363173, 1.1292684669192086, 1.1590264175998515, 1.1885925088310267, 1.2186205450787366, 1.279229598327155, 1.3368816867345499, 1.3939690463978383, 1.422711063395492, 1.4507250136068421, 1.4776774633140182, 1.4891617399606496, 1.4948845080063924, 1.4867564579202481, 1.4712738537008905, 1.4362705128805993, 1.4002436097626747, 1.3634075727179698, 1.3268372538635218, 1.2899654157282057, 1.2528800397588618, 1.2156683188459259]}