{"x": [2.3108702061285813, 2.3131853726092615, 2.321356208585869, 2.336411598468808, 2.3551252149607036, 2.3649809063122107, 2.3746037889050604, 2.383863310320132, 2.392704985534087, 2.4088929070785476, 2.422975460391557, 2.4346148310873144, 2.443541345402863, 2.449333837998879, 2.451454572907367, 2.44875748922167, 2.4397804913302417, 2.4325122892011484, 2.423524382269976, 2.4132115241451153, 2.4022423094560215, 2.3920749265938093, 2.382260817679218, 2.373015980294478, 2.364397641707624, 2.3492027135581073, 2.336428779666471, 2.3261475970151757, 2.318199899024373, 2.3128785844018642, 2.3108702061285813], "y": [1.141522649502911, 1.1228999043237804, 1.106005997928767, 1.0943423342942054, 1.090805899408371, 1.0915912351927217, 1.0938609344931987, 1.0972852625945828, 1.1016772483861166, 1.1127821612251216, 1.1264587684534435, 1.1421386795101371, 1.1595068084569573, 1.1781815220518326, 1.197618609842277, 1.2189781567154687, 1.238546447695854, 1.246861065285774, 1.2532780082380326, 1.2572520619597745, 1.2586027931659556, 1.257473784336387, 1.2545869865574297, 1.2502507499087436, 1.244774053226799, 1.231439686730097, 1.215770679605539, 1.198750027093465, 1.1805225910342418, 1.1613339387612416, 1.141522649502911]}