{"x": [2.22694477758556, 2.228863764658822, 2.2360046988361497, 2.2493293998105655, 2.265864304318946, 2.276081537829587, 2.286021921784717, 2.2955529007848083, 2.304639082843969, 2.321274843190655, 2.3358385296266033, 2.348027258155746, 2.3575526284026997, 2.3639086892759185, 2.366349406654556, 2.364068815674924, 2.3560980477801037, 2.341356059256999, 2.332020652769969, 2.322135904024311, 2.3116446670455177, 2.301555403840468, 2.292080032498695, 2.2832492605833914, 2.2751356486448824, 2.2676322972561307, 2.2543798869961162, 2.243548907450317, 2.23502388442053, 2.2291684355468293, 2.22694477758556], "y": [1.0680072072513318, 1.0515527801737097, 1.036604946186298, 1.0263539571709885, 1.023316299397585, 1.0242085299627328, 1.0267337433828096, 1.0304689922223877, 1.0351841741045158, 1.0468873625352366, 1.0610863828941444, 1.0772525500650993, 1.0951180863239087, 1.1143804526051304, 1.1345170154511979, 1.153768274877802, 1.1714396908904956, 1.1845980232891746, 1.1880427858185838, 1.189186440223243, 1.1879212744627556, 1.1847790673203256, 1.180154198116498, 1.1743931613524345, 1.1678172108736924, 1.160552670879686, 1.1444336652530507, 1.1269557563139267, 1.1082444922960306, 1.0884904572111762, 1.0680072072513318]}