{"x": [2.2259808531196077, 2.2275370247803408, 2.2331792609508176, 2.238478366823613, 2.245911375197019, 2.2557217965634524, 2.2670386096505553, 2.2753759677698033, 2.283260829570274, 2.296922287224517, 2.3075903375331723, 2.3157377381746698, 2.3215203775072277, 2.3254723331136047, 2.3277685673127784, 2.3285287562080503, 2.326607769839471, 2.320521663564992, 2.315346483189815, 2.3082989066063577, 2.2983804817241573, 2.285283437823237, 2.276006344556606, 2.2678453881360268, 2.2551297058414757, 2.2458350057502594, 2.238652942383986, 2.2332938249754495, 2.2293681074903273, 2.226881224950292, 2.2259808531196077], "y": [0.8276856142375095, 0.8060774239967115, 0.7851609059615136, 0.7750947304055232, 0.7664831800285011, 0.7604845491293782, 0.7584455097471103, 0.7595564321484323, 0.7624846813485211, 0.7721200277932889, 0.7847121815947112, 0.7990645158137013, 0.8139552816297337, 0.8294328741790807, 0.8452307385228968, 0.8611765004101999, 0.8869443359139969, 0.9120567003107388, 0.9244590073458, 0.9359015322423356, 0.9454278590551288, 0.9496223191807429, 0.9477632331568354, 0.9429758068520798, 0.9293166294678913, 0.9136512223209821, 0.8969116166904143, 0.8800703081491309, 0.8628384030017544, 0.8453384451631234, 0.8276856142375095]}