{"x": [2.2462300967051014, 2.248591300910631, 2.2573676464421153, 2.2658165312803096, 2.2777708861353134, 2.293382117135329, 2.311114202016899, 2.3246471934484663, 2.3375403367664913, 2.360215078424534, 2.3781760176468745, 2.391880892296293, 2.4014961615265613, 2.4079433948709865, 2.4115954152356482, 2.412756231399092, 2.4094157931883005, 2.399334919023971, 2.3910286055786147, 2.3798597391487784, 2.3639686903516233, 2.341730608147614, 2.325863707360197, 2.312508010825534, 2.292523420382999, 2.27808666917898, 2.2668338415087788, 2.25828443046899, 2.2518970340175635, 2.2477551403275626, 2.2462300967051014], "y": [0.8805771908275213, 0.8467694068194828, 0.8140353679005473, 0.7983397899665764, 0.7851175276151081, 0.7762052126017761, 0.7732534236551353, 0.7749148906652122, 0.779349886166147, 0.7942281771867176, 0.8141555276025851, 0.8372178571290904, 0.8613423211513831, 0.8864993549379006, 0.9121877816825577, 0.9381085267951931, 0.9828302396191151, 1.0265288219923274, 1.0482210681887418, 1.0685878256815493, 1.0863555382576544, 1.0949395199647862, 1.091116718771245, 1.0817360087961394, 1.0566579497350168, 1.0289751145622323, 0.9998523911670026, 0.9707083462006643, 0.9410154353851258, 0.9109189963956662, 0.8805771908275213]}