{"x": [2.16244130301056, 2.1633248126408025, 2.166561957290405, 2.1738313191247625, 2.1848202326971453, 2.192870466010414, 2.200383774671726, 2.2072419566725356, 2.2135240456266345, 2.2192063734873058, 2.2244125166410327, 2.233487475118087, 2.2407289951712004, 2.246269621498498, 2.2499400719748346, 2.2513696960862872, 2.2504422998856923, 2.246953933102985, 2.2392420664681914, 2.2270369579159235, 2.2187699063579824, 2.211188179836029, 2.204422703026685, 2.198333697767122, 2.192917666278937, 2.187998540320534, 2.179474235974763, 2.1726751854363364, 2.167398345023996, 2.163821493604508, 2.16244130301056], "y": [1.2850130019678814, 1.2740260585514909, 1.2634897209800553, 1.2546283522063648, 1.2513708598393982, 1.252665920244255, 1.25583351093911, 1.2601628531088698, 1.2652924946511095, 1.2709282928199308, 1.2770067090921804, 1.2901758681254105, 1.304125538573578, 1.3188338484082727, 1.334130349782304, 1.3497959597571803, 1.3621739350255582, 1.3740863500891276, 1.3844479203982143, 1.3886752542495167, 1.3872156245247313, 1.383611171259471, 1.3787409243466282, 1.373047507411356, 1.3668966602549075, 1.3603416226784808, 1.346356229523065, 1.3318242246381065, 1.3166729471519256, 1.301014941692793, 1.2850130019678814]}