{"x": [2.317931956332111, 2.3192495241177684, 2.323947987051685, 2.328415382477549, 2.3350151063370994, 2.3452018265634424, 2.3595410215409762, 2.3698321150592574, 2.378735723085326, 2.3922257597411196, 2.401574953144775, 2.408323582138859, 2.4129535345846747, 2.4160606550389145, 2.4184326791666875, 2.416720491441023, 2.411308392855239, 2.406721899624966, 2.4003762921544145, 2.390808260018239, 2.3838580653983885, 2.3750230591132477, 2.363597809841859, 2.355005102331296, 2.343114962272972, 2.334884805382554, 2.3286571965258536, 2.324055186589961, 2.320733794538434, 2.3186638209004315, 2.317931956332111], "y": [1.158056016523085, 1.1300857740395855, 1.102481519014061, 1.0884920777454856, 1.0753731702499802, 1.064192232439252, 1.05937869666049, 1.0617378501115091, 1.0674121760561106, 1.0832549116027859, 1.101260255886539, 1.1203928418794378, 1.139429661119008, 1.158773465007939, 1.1978542535149546, 1.2319301029878187, 1.2656169593713247, 1.2825911470297047, 1.298989080821586, 1.3143818942104195, 1.3205051754557624, 1.323287699921943, 1.3192837948565854, 1.3107554330957492, 1.2903495301527175, 1.2689219748109148, 1.2468291592752059, 1.224905668844845, 1.20275197202151, 1.1804459350371146, 1.158056016523085]}