{"x": [2.2312328621281625, 2.232799354589427, 2.2385133699420763, 2.2438870539861493, 2.2514086441207146, 2.261258265516118, 2.272534940509572, 2.281115166998631, 2.2892405201756807, 2.3033754524460925, 2.31448971033837, 2.3230281633141203, 2.3291246875944362, 2.3333073539274056, 2.3357456834114076, 2.3365537690810387, 2.334616908058857, 2.3284611555016084, 2.323212665307131, 2.3160613835730457, 2.30603617648853, 2.292933773078587, 2.283408986055562, 2.274997616426152, 2.261817312959318, 2.2521293156927817, 2.2446115767254304, 2.238978770535171, 2.234834786057148, 2.2321957011522486, 2.2312328621281625], "y": [0.8255331156460767, 0.8040054472786677, 0.7831909227220505, 0.7732129140861989, 0.7647357200698831, 0.7589076197306958, 0.756953548010299, 0.7580883540943045, 0.761069412161513, 0.770878612914012, 0.783733081921479, 0.7984252200484122, 0.8137196171443855, 0.8296441734388896, 0.8459167491912735, 0.8623511390442665, 0.8880699853530206, 0.913116286407797, 0.9254669124295837, 0.9368222539925349, 0.946192217118459, 0.9502699629359058, 0.9484009009447241, 0.943556954050062, 0.929662717680823, 0.9136670563760032, 0.8965439120259227, 0.8792904508785112, 0.8616201984811015, 0.843660311790913, 0.8255331156460767]}