{"x": [2.3097249860581917, 2.3119818028097745, 2.3203164319339065, 2.3284031181215163, 2.3402334207184614, 2.3570830208618694, 2.3778515428597276, 2.391959483534223, 2.4050867892439545, 2.426967131175158, 2.443109730471684, 2.4548635488380057, 2.4628062837161115, 2.468030255485412, 2.4718750879699565, 2.4685195271138425, 2.4585239729389983, 2.450388680998272, 2.4394526397335925, 2.42352055109038, 2.412368662560381, 2.3986625384175926, 2.3819582317181998, 2.368883918018335, 2.3503897407422825, 2.337413538732359, 2.327458976036175, 2.319990697564881, 2.3144984644272992, 2.310998709219593, 2.3097249860581917], "y": [1.055414666258839, 1.0157077745588214, 0.9768199303438185, 0.9574919337851071, 0.9402000314913989, 0.927115700662361, 0.922239510319386, 0.9243084820029668, 0.9298752116268827, 0.9478004233980297, 0.9704343659279576, 0.9956281473096357, 1.0211575506180104, 1.0473786793042261, 1.1006393307162, 1.1531640606235352, 1.2048379992893206, 1.2307115238777666, 1.2555313798613739, 1.278456716119584, 1.2873087375086536, 1.2911642610062533, 1.2859957682751968, 1.2743850189154053, 1.2456400262226204, 1.2150640539899957, 1.183375277142343, 1.151870718166398, 1.1199622898949204, 1.0877707887432018, 1.055414666258839]}