{"x": [2.335136986438326, 2.3371898637257913, 2.3437709435436482, 2.3531868975973853, 2.3635322227858224, 2.3749310144955533, 2.385925925533572, 2.396290940777025, 2.4058585637026995, 2.4144925135210356, 2.4216748162822155, 2.424556647605775, 2.426806419843352, 2.428287801916621, 2.4288362302016595, 2.428287596914072, 2.426524420869591, 2.423535138343663, 2.4194636194316668, 2.4092697452564393, 2.397860309402329, 2.3864196452520843, 2.375519594981059, 2.3654496072758255, 2.356349715616766, 2.348362273243468, 2.3417824313894005, 2.339139621004494, 2.337055874104569, 2.3356591179606765, 2.335136986438326], "y": [0.8326496870530787, 0.8222661812852846, 0.8139763751585889, 0.8095107783805384, 0.8082553931521268, 0.8094931266118272, 0.8127452594235596, 0.8176076257165015, 0.8238954503415905, 0.8316429815680128, 0.84075252912081, 0.8458396405483632, 0.8512361374984987, 0.856900918486262, 0.8627304521642244, 0.8685581957809824, 0.8741398446756261, 0.879180388676369, 0.8833953178089287, 0.888757520386938, 0.8903364632861362, 0.8888915350762394, 0.885127824431202, 0.8795659372165527, 0.8725280956749014, 0.8641869088856992, 0.8546958439352011, 0.8495205306148556, 0.8440959279979471, 0.8384461200831881, 0.8326496870530787]}