{"x": [2.2740545276743966, 2.2759606154553063, 2.2832191221934357, 2.290348927898301, 2.3009359784887335, 2.3165052083624733, 2.3363013642669115, 2.35061853021317, 2.363707482917361, 2.3849707621559837, 2.400362716610111, 2.411526929385366, 2.419090748975167, 2.424085715807615, 2.4277875508123317, 2.424846150202269, 2.4159603255833604, 2.4086562007565564, 2.3987580459742612, 2.3841575179664356, 2.373737970005069, 2.360646046519686, 2.343957470920241, 2.3312832709282834, 2.3135520725705336, 2.3010828210534715, 2.2914727520137643, 2.284209934509148, 2.2788312294667805, 2.275364946806756, 2.2740545276743966], "y": [1.0406956679521688, 1.0028321130359519, 0.9656219525760126, 0.9469467706981798, 0.9299906241030687, 0.916772316279401, 0.9117486928868921, 0.9141755304969883, 0.9204644174116923, 0.9398275821709737, 0.963452251616275, 0.9893442894160801, 1.015412391653582, 1.042092114804219, 1.0961878874410447, 1.1465771998538108, 1.1962639864657687, 1.2212107947753217, 1.2452466017354562, 1.267689479553018, 1.2765465906456468, 1.28049841757496, 1.2748035786263834, 1.2625437091020986, 1.2330454252270213, 1.201993550734975, 1.1699412853561033, 1.138080672287461, 1.1058484412867642, 1.0733510836204565, 1.0406956679521688]}