{"x": [2.1662558115493984, 2.167883382224846, 2.1741092624695577, 2.1856268086121275, 2.1996819631945224, 2.21000424652005, 2.220024595460082, 2.2296198412911075, 2.238774750584857, 2.247422032782124, 2.2556031680494546, 2.2704847250059563, 2.2831538446659905, 2.293249168520054, 2.300143663890191, 2.3028357250549525, 2.3006729646168216, 2.2935543565475105, 2.280588923461738, 2.264148126073486, 2.2536708578837468, 2.2436099261994076, 2.23415173578761, 2.2253036420025953, 2.2171269929756927, 2.209514273243246, 2.19590852455479, 2.184545609172613, 2.1753881919910296, 2.1688834438096833, 2.1662558115493984], "y": [0.9503943583651319, 0.9363975792092064, 0.923756486367928, 0.9153454696041275, 0.9129264404988587, 0.9139040552525736, 0.9165682382003328, 0.9204382183230743, 0.9252582934813505, 0.9308259897451578, 0.9370584657236775, 0.9512351706250907, 0.9673557848573529, 0.985201379060608, 1.004569359165656, 1.0249508587778917, 1.0413408053190585, 1.0562617067492865, 1.066961478675097, 1.0704668681833325, 1.0691496274083676, 1.0659424595577527, 1.0613057951232385, 1.0555902672109894, 1.0491047482694407, 1.0419656976655063, 1.0261601080293994, 1.008967576475671, 0.9905057050166098, 0.9708913943047354, 0.9503943583651319]}