{"x": [2.1789702577459145, 2.180893759427524, 2.18797266553278, 2.2051402878838062, 2.2199145107764715, 2.238244231858227, 2.252534010296957, 2.2656668556174586, 2.27720747297497, 2.287260430942443, 2.3031468265811728, 2.314802550759295, 2.322777779656913, 2.3280791050746306, 2.3310775650798825, 2.332032966806056, 2.3292254732204327, 2.32066515274522, 2.3135688323974857, 2.303913016812791, 2.2896642133747434, 2.2672832560337923, 2.2506817471948475, 2.2378865192687933, 2.2197912840903014, 2.2069735947838307, 2.1970432926156445, 2.1895042482074416, 2.183899249835875, 2.1802864007213585, 2.1789702577459145], "y": [0.983195576452901, 0.9482189203690207, 0.9139121365226417, 0.8813969459837538, 0.8697179977904557, 0.8653940160549548, 0.867724952098003, 0.8738208035112637, 0.882414021392322, 0.8927080623213288, 0.9159605563122022, 0.9415964712962513, 0.9675410363156078, 0.9941609664212352, 1.0211217082456872, 1.0482318460112814, 1.0954263996147349, 1.1419229459749132, 1.1652577881214776, 1.1876550613009766, 1.2083444263505032, 1.219753675846908, 1.2143158804010958, 1.202422106510511, 1.1734891859540233, 1.142878047696001, 1.1112122294773368, 1.0796984033588315, 1.04778379196419, 1.0155773197493545, 0.983195576452901]}