{"x": [2.358209534452574, 2.358791684423893, 2.3606535900748438, 2.3681795372258723, 2.378612129125201, 2.389974983413928, 2.40155955461391, 2.412783820233147, 2.423424860599924, 2.433294880955053, 2.44226129320938, 2.449734424124008, 2.4527307491984125, 2.4550614862451683, 2.456584741497895, 2.45713719388219, 2.4564776526833882, 2.4544158126811797, 2.450993072166265, 2.4464151689804248, 2.435179347875453, 2.422692850026949, 2.411038282154159, 2.399877564451121, 2.389509361059622, 2.3801073121577723, 2.3718271941698728, 2.3650153959327094, 2.360149764907703, 2.358729104760666, 2.358209534452574], "y": [0.8483662774995726, 0.8425329365377721, 0.8369741531535517, 0.8280795466709763, 0.8233915425010929, 0.8220869738950263, 0.8232602155678436, 0.8263577383230645, 0.8310554350577716, 0.8372103349666246, 0.8449087919344442, 0.8540638507945912, 0.8592153055877829, 0.8647001132650565, 0.8704706959658188, 0.876413315559431, 0.8828024474499425, 0.8888856058986896, 0.8943239171755252, 0.8988331504359885, 0.9045393954898249, 0.9062400659448727, 0.9048798221965711, 0.9012580000433779, 0.8958115630910557, 0.8888283837656822, 0.880449873717292, 0.8708395048741782, 0.8600458598517811, 0.854280913901114, 0.8483662774995726]}