{"x": [2.1548233650596136, 2.156569805097865, 2.163247134387131, 2.1795927307645497, 2.1941041960551373, 2.2126463074889418, 2.22754711680556, 2.2410247817933846, 2.252669541044763, 2.2627037242876566, 2.2783865848565097, 2.2898294738079086, 2.2976521870595925, 2.3028551671032065, 2.3058028391530616, 2.3067422879806796, 2.304063286577365, 2.2958581063292436, 2.2890345814000237, 2.2797147010692123, 2.26584497690766, 2.2433438555240297, 2.2261542101059315, 2.213297860735083, 2.195334304213603, 2.1826229226136933, 2.1727658453284557, 2.1652608431419655, 2.159673565465196, 2.156066378568896, 2.1548233650596136], "y": [1.020980964600146, 0.9855461310165863, 0.9507023258646731, 0.9172150916784986, 0.9047406522730289, 0.9000094402785115, 0.9027307788859584, 0.909643979923289, 0.9191466317404161, 0.9303366262099477, 0.9551588445257673, 0.9821987211931311, 1.0094104223018276, 1.0372420682918313, 1.0653878306753168, 1.0936719277364115, 1.1419157020472428, 1.1895320209449616, 1.2134745774509417, 1.2365602079409477, 1.2581415954985031, 1.2704633272642123, 1.2642869366724043, 1.2513121152402142, 1.22054132776337, 1.1882926030474954, 1.1550601265317189, 1.1220048860381993, 1.0885720233120384, 1.0548613181542859, 1.020980964600146]}