{"x": [2.247731906885942, 2.249798005437296, 2.2574083033558354, 2.2647984367589626, 2.275536356924855, 2.290445610688664, 2.308282459177932, 2.3214943514354873, 2.3338515969076834, 2.3547464840125163, 2.370499633893631, 2.382159954716685, 2.390158102718419, 2.3954696836422325, 2.3984652752204108, 2.3994166977203495, 2.3964633048941546, 2.387535669390135, 2.380175642585811, 2.370221727608363, 2.355729677338579, 2.3339206718396737, 2.318423342341245, 2.3060051265020007, 2.288099685813265, 2.2753779652003843, 2.26553457299481, 2.258091595643298, 2.2525712881492, 2.2490228880953813, 2.247731906885942], "y": [0.9238138988334876, 0.8898169929551871, 0.8566184728358653, 0.8402576307438824, 0.8258705429153556, 0.8153938774062841, 0.8116665185620676, 0.8135611835051116, 0.8186052232166476, 0.8348941801937775, 0.8556848032500038, 0.8790182268424901, 0.9028562429364323, 0.9274328271344546, 0.9523799348771256, 0.9774882312919422, 1.0226139466033355, 1.0669462151653897, 1.0891182188326873, 1.1102531973707597, 1.1294300158145596, 1.1395363091903281, 1.135079850220202, 1.1247932004494925, 1.098792582753254, 1.0708559227040433, 1.0417800430106514, 1.012808509178841, 0.983409973678013, 0.9537035908696432, 0.9238138988334876]}