{"x": [2.240249769163325, 2.241984897123318, 2.2482373710239996, 2.253959583831884, 2.2616875796611895, 2.2712712422177708, 2.2818575899957216, 2.2897134501129397, 2.297265933864148, 2.3108230199768562, 2.321906606655699, 2.3306262148828174, 2.3369660233333023, 2.3413464826744472, 2.3439062011053178, 2.344753202125279, 2.3426754615024663, 2.3361323061305024, 2.33062130894047, 2.3232334398130656, 2.313270368216625, 2.3009440734236373, 2.292224772298418, 2.2842759268340065, 2.271317541287878, 2.26154955805825, 2.2539079787224168, 2.248161185100048, 2.2439250806051043, 2.2412263504463676, 2.240249769163325], "y": [0.7437605630789345, 0.7234563966228594, 0.7040611287815831, 0.6950877732164621, 0.6877704711194428, 0.6830197635474232, 0.6814884075608749, 0.6823645898904264, 0.6846974471178716, 0.6926924713066196, 0.7036761070794963, 0.7166165313702298, 0.730408387583898, 0.7449417989166829, 0.7598917761883252, 0.7750356385800712, 0.7990238275111615, 0.8221957357637787, 0.8334397884839069, 0.8435501396824513, 0.8515034451597623, 0.8547561855932418, 0.8533465060914456, 0.8494956277250273, 0.8377661424909633, 0.8237051321367342, 0.8083841734914602, 0.792799831313015, 0.7767389229706801, 0.7603457064609525, 0.7437605630789345]}