{"x": [2.268568989023977, 2.2699519197403646, 2.2748888055274827, 2.2795801342647835, 2.28643686568731, 2.2965809497277365, 2.3098547929659996, 2.319239564383676, 2.3276706582790636, 2.341039870755641, 2.350591840287973, 2.3575601130189288, 2.3623554579975985, 2.3655803245472677, 2.367435273002204, 2.3680446155980404, 2.3662829480995105, 2.3607217377907896, 2.3560044956824853, 2.349502125871079, 2.339840495153336, 2.324982618848763, 2.314487296907386, 2.306114634297933, 2.2941601046776454, 2.2858108434202213, 2.2794769969565953, 2.27480243240034, 2.271423844706516, 2.2693151687325503, 2.268568989023977], "y": [1.0333898870457348, 1.0078311013471113, 0.9827155447640002, 0.9701060883171253, 0.9585305886991216, 0.9492021609030594, 0.9454971518812622, 0.9472777781120517, 0.9517679028389361, 0.9651092495544116, 0.9809248967955084, 0.9980368223080992, 1.0151946185033751, 1.0327156213137139, 1.0504267658628401, 1.068224354930223, 1.0991075730757809, 1.1295369926447383, 1.1448204828575583, 1.1594340598676351, 1.172776801291161, 1.179891530276802, 1.1768557498008934, 1.1698367565269745, 1.152111392278862, 1.1330879454900828, 1.113301988847923, 1.0936331276523312, 1.0737007218839052, 1.0535935511734444, 1.0333898870457348]}