{"x": [2.2870527943322507, 2.289487395693287, 2.2986475397598953, 2.307441215649163, 2.319851947280899, 2.3360535827073634, 2.3544894865669708, 2.3676065240685435, 2.3801372164889387, 2.402244090621903, 2.4197540149432157, 2.4330596588577453, 2.442336617816301, 2.448523373371688, 2.4520100086673686, 2.453115679367367, 2.4496108525833176, 2.4391308427413705, 2.4305664833224654, 2.419106916200749, 2.402861710509252, 2.3800789416061514, 2.3646027404848735, 2.351520863430783, 2.331936068954806, 2.3178421361139203, 2.3069067377416816, 2.2986442517997863, 2.292500866107552, 2.28853253752856, 2.2870527943322507], "y": [0.8925834232368152, 0.8574023213055499, 0.8233475275524789, 0.8070294147821218, 0.7932604903362327, 0.7839265197236422, 0.7808066724889053, 0.7823576584145377, 0.7865342572251288, 0.8007433174730876, 0.8199720049994333, 0.8423170204110121, 0.8656959220106879, 0.8900754023829995, 0.9149605377444826, 0.9400644035811935, 0.9859843655669648, 1.0308296118398261, 1.0530737398141354, 1.0739741657183246, 1.0922606946564215, 1.1011629016676532, 1.097509387288548, 1.0884691737287788, 1.0641149054500902, 1.0371531238599399, 1.008763096176283, 0.9803671469209504, 0.9514386588808214, 0.922126221905819, 0.8925834232368152]}