{"x": [2.25215056700489, 2.253979646072399, 2.260865186761519, 2.27428457780221, 2.291486001338159, 2.3021367460270787, 2.3124522830625533, 2.322282886336525, 2.33159935219212, 2.3484929437138446, 2.363115403984466, 2.375179799924383, 2.384507231844157, 2.3906662714602014, 2.3930144044730413, 2.390822354215663, 2.3830947315546513, 2.3682962113760677, 2.3586349131949693, 2.3482934583022326, 2.3373238453556087, 2.3268449361450254, 2.3170945249856447, 2.308081734660031, 2.2998716710256653, 2.2923234711353806, 2.279087269533995, 2.268380252094375, 2.260009848487829, 2.254300806500504, 2.25215056700489], "y": [1.125847155647645, 1.1087526007375625, 1.0929995481055323, 1.0817010952057677, 1.0782592756044438, 1.0792705213015652, 1.0821078926128775, 1.0862672804858597, 1.091477341154381, 1.1042627159501914, 1.1195938248078818, 1.136809388265258, 1.1556488226604833, 1.175779550428806, 1.1967000246306096, 1.2167722634967013, 1.2354265848576444, 1.2498661319619124, 1.253782611472356, 1.2550993517661522, 1.2536597509228575, 1.2501104804987992, 1.2449473521190118, 1.2385835464188304, 1.2313967550116396, 1.2235176818410751, 1.206194110847915, 1.1876296515660072, 1.1679011008248739, 1.1472066729048591, 1.125847155647645]}