{"x": [2.2054805398649786, 2.2075179243484984, 2.215293525772653, 2.222808390016469, 2.2336143386680583, 2.2482563070725194, 2.265405885668343, 2.2783741821580357, 2.290600869532789, 2.311598901903662, 2.327721485779278, 2.339783925784694, 2.3481212676241383, 2.3536781212324507, 2.3568191236807206, 2.3578177616002085, 2.3548437156266577, 2.345838824461078, 2.3384021459499356, 2.3283528480246276, 2.313823324660804, 2.292579235855388, 2.2773978312445187, 2.264980973819082, 2.246811048530502, 2.23381418038504, 2.2237256192969124, 2.2160814033994245, 2.210396098268994, 2.2067319407607173, 2.2054805398649786], "y": [0.8794521375365305, 0.846734998914354, 0.8148900288617841, 0.7993518214064138, 0.7858929749005529, 0.7763593877918108, 0.7730174608173139, 0.7747277212388913, 0.779376357640488, 0.7946833958023679, 0.814603117231851, 0.8372135253168504, 0.8604958950421073, 0.8845936415539098, 0.9091042653344776, 0.9337951401022605, 0.9771909760181001, 1.0197462983571843, 1.0409814807663273, 1.0611122723661646, 1.079111105752685, 1.0882628128766696, 1.0841879708460753, 1.0745494525362103, 1.0496582063990776, 1.0226429169524955, 0.9944123416724159, 0.966235934092703, 0.937599920292605, 0.9086280108430392, 0.8794521375365305]}