{"x": [2.217112858666774, 2.2188894838370947, 2.2253876321516453, 2.241252768941677, 2.2558610477886507, 2.2756304034729937, 2.2905459539996, 2.303744032299275, 2.3148549409292873, 2.3242477992809722, 2.3385997149472786, 2.3488912959187203, 2.3558456126909917, 2.3604383336213908, 2.3638523542541114, 2.3612006865827113, 2.353127100184282, 2.3464707240334612, 2.337404964512776, 2.3238770981918044, 2.3138960051512907, 2.300674563140546, 2.283487040010252, 2.2712001083317053, 2.2543829472416976, 2.2425887918797702, 2.233503348588289, 2.226623176451182, 2.2215409017888357, 2.21828930376241, 2.217112858666774], "y": [1.0992978503997246, 1.061152113768208, 1.0235219704169138, 0.9867468987143863, 0.9721550852162552, 0.9661972829485468, 0.9692305602797584, 0.9768124563536601, 0.9869954271287131, 0.9987818344004502, 1.024382290255056, 1.0518676351567418, 1.0792804285540945, 1.1071861748811596, 1.1635937929842866, 1.2153392693804876, 1.26651976245721, 1.2922822059839651, 1.3172986574558176, 1.3411355471947213, 1.3510068372448116, 1.3557246817412894, 1.348740873872108, 1.3348406640307149, 1.302870853663953, 1.2697495602737698, 1.2357852128380078, 1.2020481984824347, 1.167993927230199, 1.1337127693930555, 1.0992978503997246]}