{"x": [2.3161710086906573, 2.3181713312618126, 2.325518587391721, 2.343447256419706, 2.35971073703101, 2.3812463548657083, 2.3971390429118635, 2.4114125750654485, 2.4236039161654546, 2.4339976595416632, 2.449999215419814, 2.4615080516446515, 2.4692768811881263, 2.4743985651904796, 2.478192230490559, 2.4751398730076097, 2.465916429562858, 2.4583498737125202, 2.4480894277137923, 2.4328765890746014, 2.421779560909027, 2.4073328035562525, 2.3888712441915145, 2.375427162877007, 2.3569513537651656, 2.344016513001933, 2.3340680043466153, 2.326551441932178, 2.3210041761627975, 2.317457303336676, 2.3161710086906573], "y": [1.1662462789438612, 1.1248004733839858, 1.083962085606587, 1.0442949747086063, 1.0288847158815018, 1.0227045829387202, 1.0256530093596128, 1.0332383261989, 1.0436414882743854, 1.0558408602916265, 1.0826810748640243, 1.1117326427660117, 1.1407972564531297, 1.170443079670524, 1.2304321523803505, 1.2866927612696089, 1.3422760419375874, 1.3702236459493524, 1.3972984420767827, 1.4229477117596196, 1.4334223696757682, 1.4383370105128939, 1.4312311744144386, 1.4167198423444753, 1.3828980099807844, 1.3477114754812758, 1.3115669116965185, 1.2756684422948468, 1.2394134197683508, 1.202904512331898, 1.1662462789438612]}