{"x": [2.2608499957843664, 2.262902893431415, 2.27054010571073, 2.28510315187087, 2.3035439445798933, 2.3141156106230474, 2.3243935072975104, 2.334231157195809, 2.3435843763776742, 2.360609393207473, 2.3753631409291374, 2.387529404722701, 2.396886061273876, 2.4030059609498564, 2.405298208783944, 2.4028266841232715, 2.394324567552435, 2.3872682439691193, 2.3784057164947594, 2.368113668058777, 2.357112332154215, 2.3462006423688213, 2.335732453862731, 2.3259471393500637, 2.316877943527021, 2.3009903450908205, 2.2876637740707526, 2.2769255132672632, 2.268580496520287, 2.2629396455669104, 2.2608499957843664], "y": [1.123069032735673, 1.1047268992350658, 1.087924481590452, 1.0760495853177392, 1.072439510635286, 1.0733698987713123, 1.0760138702085038, 1.07994098578286, 1.0849127946279216, 1.0972773512125686, 1.1122793639360455, 1.129268734548711, 1.1479532111721653, 1.1679614616631826, 1.1887587898478909, 1.2101376692421464, 1.2299083276054472, 1.2384470809298114, 1.2450922007641712, 1.2492220940061998, 1.2506195515240357, 1.2492797720101414, 1.2459216456695328, 1.2409681905844245, 1.2348006315441467, 1.2200404494459496, 1.2029325195744258, 1.1845200815526156, 1.1649065960264924, 1.1443158994929437, 1.123069032735673]}