{"x": [2.170283435898334, 2.17203227203886, 2.178573660365611, 2.190563644489256, 2.2051997911733388, 2.215167228239966, 2.224858769803087, 2.2341530502700695, 2.2430258364893096, 2.2514074348450723, 2.259331795371685, 2.2737194591830354, 2.285916925810965, 2.295597950828156, 2.302201675873884, 2.304821939281509, 2.302805591507544, 2.29555591850715, 2.28217680760645, 2.265037338371296, 2.2548424658796833, 2.245032458031564, 2.2357971925783215, 2.2271569656578323, 2.2191767639053293, 2.2117579220029553, 2.198541236985622, 2.1875748273668463, 2.1788131540887643, 2.172675069473138, 2.170283435898334], "y": [0.9688270907251356, 0.9542565531904077, 0.9411199923521986, 0.9323546993365582, 0.929830161521968, 0.9307120191400658, 0.9332022995793119, 0.9368545103482405, 0.941436644960763, 0.9467594606861826, 0.9527417736576315, 0.9664050587669318, 0.9819765106961407, 0.9992254544881425, 1.0179216836755893, 1.0375760061005366, 1.0547202222893164, 1.0703864933344809, 1.0817612172661693, 1.0855852919715807, 1.0843366450523768, 1.0812939011806528, 1.0768513024740287, 1.0713401056872671, 1.0650581573013447, 1.0581222160990547, 1.0427221385731593, 1.025943769909197, 1.0079157673487704, 0.9887801941110453, 0.9688270907251356]}