{"x": [2.242283619930366, 2.2443448836435684, 2.251965432972917, 2.2702069756045997, 2.2853337526211717, 2.3035569876321498, 2.3176221417334752, 2.3307567310111468, 2.3425111244212875, 2.352887855964548, 2.3695330656592604, 2.381860166928613, 2.3903257142882826, 2.3959576931490782, 2.3991407926274078, 2.4001552296939486, 2.397160301568466, 2.388060381739833, 2.380533947514362, 2.3703307708140926, 2.3554244762889955, 2.332865568962841, 2.316493978248156, 2.3034694896942476, 2.284741036750387, 2.271417900978389, 2.2610870193636363, 2.2532512243158505, 2.2474218894435114, 2.2436603192159, 2.242283619930366], "y": [0.9551837998170769, 0.9203530527763113, 0.8863037212787307, 0.8546232760623448, 0.8436884244524181, 0.8396505947909702, 0.8415964884057938, 0.8469907099771725, 0.8548328546389882, 0.8644239150504501, 0.8865865805157692, 0.9114117556531922, 0.9367469323875413, 0.9628585674640942, 0.9893619568764492, 1.016036526977388, 1.062775602182714, 1.1087179813618375, 1.1317138324362412, 1.153653558141217, 1.1736017046513405, 1.1841478824380203, 1.1793019937545994, 1.1682623235797092, 1.1405905779366197, 1.1109531426137378, 1.080144760566329, 1.0494469816201546, 1.0183058164010232, 0.9868418749513155, 0.9551837998170769]}