{"x": [2.364703555124501, 2.366284560259761, 2.3718579922093044, 2.3771023029426415, 2.3846755095706316, 2.395585337934842, 2.409466260470626, 2.418689350385296, 2.4271383336646557, 2.4408541001932003, 2.450785013953839, 2.4580359031422603, 2.463003262487852, 2.46633038045022, 2.4688587317670008, 2.4668659545558316, 2.4606424630379062, 2.4554071320887063, 2.4482464500377996, 2.437744605653754, 2.4305616886037495, 2.422078827730772, 2.411722471314334, 2.4032306029249217, 2.390911064197377, 2.3822955618059796, 2.3757837581115786, 2.3710073491172743, 2.367574104610178, 2.365447459011833, 2.364703555124501], "y": [1.0343002022571637, 1.0075706253965029, 0.9813808046126276, 0.9683340516411157, 0.9564863894439898, 0.9471487115038515, 0.9434695031914763, 0.9449715351383441, 0.9489635483007217, 0.9613878974254053, 0.9765623239698523, 0.9931849253021137, 1.0099205910665852, 1.027057902801885, 1.0618398578667054, 1.0939611951345816, 1.1255368126616592, 1.1413483615523594, 1.1563862603762134, 1.169934999967525, 1.174877953075198, 1.1768949196543963, 1.174136370149209, 1.1675978775971168, 1.150570853932153, 1.1320464821397702, 1.1126821942777236, 1.0934174318727592, 1.073868570382762, 1.0541345429058342, 1.0343002022571637]}