{"x": [2.267111715081919, 2.2690716551150434, 2.2765775643459714, 2.2838836611624047, 2.294553453369302, 2.309547146741226, 2.3276875058205895, 2.341180981949104, 2.353744760159234, 2.37481507604343, 2.390566413363036, 2.4021777129003183, 2.4101237382299954, 2.4153975772282625, 2.418372156429571, 2.419318250143171, 2.416386405868596, 2.4075076425231208, 2.4001838748991546, 2.3902658315788106, 2.3757689747980493, 2.3536415548476812, 2.3378399771095495, 2.325321338928718, 2.3073896130011415, 2.29467361726127, 2.284838223067768, 2.2773978475588152, 2.271879481672798, 2.2683315736964795, 2.267111715081919], "y": [0.9429427305508714, 0.9083475120255998, 0.874519537856847, 0.8577770729324814, 0.8429499114814035, 0.8320020972893173, 0.8280533191254459, 0.8300551510850884, 0.8353685968890915, 0.8523549320137831, 0.8738172162715158, 0.8977736766939413, 0.9221651152464913, 0.9472702584530744, 0.9727330888475304, 0.9983516126107523, 1.0444165726001202, 1.0897127513697196, 1.1123925876703304, 1.1340638812064379, 1.1538534710500103, 1.1644442221583504, 1.1597154784178842, 1.1489760848374884, 1.1221479073531346, 1.0934644361133583, 1.0636700894838726, 1.0339973041209363, 1.0039077541599088, 0.973516274846742, 0.9429427305508714]}