{"x": [2.2902055996207946, 2.291880572070454, 2.297492048584048, 2.306259271050168, 2.3161849795492158, 2.32845998495799, 2.3401243091143202, 2.350921484147898, 2.3607196695280632, 2.3693533043899078, 2.3731112736421593, 2.3764219842128096, 2.3792239741747956, 2.3814032095475524, 2.382839354523024, 2.3833785695139467, 2.3815436554863045, 2.3755110339747496, 2.3659751675368, 2.354923012058726, 2.3425545934615677, 2.3309876645280267, 2.3205279648704678, 2.3112329536024396, 2.3032313702404474, 2.2997658996488872, 2.29670901494466, 2.2941090340708334, 2.2920660493486023, 2.2907029496261764, 2.2902055996207946], "y": [0.880544034715117, 0.8706090052836609, 0.8622411098583823, 0.8573907505411232, 0.8560230933951661, 0.8576815103383938, 0.8618492011281547, 0.8678498663249529, 0.8753720026415646, 0.8843136106289773, 0.8892708865420006, 0.8945373951479078, 0.9001270616017699, 0.905987646214471, 0.9120805917005828, 0.9183172369751567, 0.9293644624804104, 0.9387992692378958, 0.9446498008815907, 0.9463851188711112, 0.9444677087736885, 0.9396864542183822, 0.9329071684713369, 0.9246025433928852, 0.9150789108224887, 0.9099088717397097, 0.9044872256388016, 0.8988019046188321, 0.8928935216700804, 0.8867839907731415, 0.880544034715117]}