{"x": [2.2289223594447245, 2.2314230063441403, 2.2400146341789346, 2.253055701280565, 2.2676109429269506, 2.285633584871387, 2.3028768274456466, 2.3189938690977177, 2.3337630440272537, 2.3469456244869282, 2.352719581222547, 2.357823810775559, 2.3621585323692784, 2.365537837824525, 2.367775245238277, 2.3686492731728483, 2.3657971687532444, 2.3564114334654054, 2.3417717615271783, 2.324823445757684, 2.3065671346435224, 2.289468601570946, 2.274004154467759, 2.2602573898064957, 2.2484022013167912, 2.243251249828609, 2.238691679846659, 2.2347935688447507, 2.2317102080928177, 2.229633190738173, 2.2289223594447245], "y": [0.8242975609730573, 0.8096977598114009, 0.7976316353290392, 0.7909198815901081, 0.7891137780447419, 0.7913108983315383, 0.7969953988141891, 0.8052644515371675, 0.8157529088332034, 0.8284345210326244, 0.8355398600000815, 0.8431406006809246, 0.851264765784696, 0.8598305211260849, 0.8687740843644509, 0.8779517415003083, 0.8949300753593259, 0.9093628953663514, 0.9183467513508736, 0.9211367791978735, 0.9183410536358071, 0.911358994936436, 0.9013960862263691, 0.8891717197593403, 0.875159214570516, 0.8675557243095406, 0.8595835422392378, 0.8512189960720772, 0.8425210774452331, 0.8335138193469086, 0.8242975609730573]}