{"x": [2.2601243097623476, 2.262571709935428, 2.271130007609221, 2.284738915072717, 2.3002207130172194, 2.3187097250912627, 2.3363143934492365, 2.352650011247273, 2.367487408908843, 2.3805467218888396, 2.3911640241933356, 2.398539879435035, 2.4014414603929994, 2.398570003913435, 2.389101657319806, 2.373847940804274, 2.3558103131644836, 2.346319158626739, 2.337041674420139, 2.3281179957514473, 2.319607491843786, 2.31158621306664, 2.3040268010370126, 2.2969426073194827, 2.2903431408817703, 2.2787287612481615, 2.269347767128112, 2.265632701901481, 2.2627223403854853, 2.260783691104964, 2.2601243097623476], "y": [0.9040876099546756, 0.8885885004325527, 0.8754367817421037, 0.8677604600292326, 0.8656528049827243, 0.8680299795664695, 0.8741594312941106, 0.8830386096847919, 0.8942432448135917, 0.9076651447610709, 0.9230912896289433, 0.9403889827709893, 0.9589683868660421, 0.9770244960466025, 0.9926647886857208, 1.0028216008930544, 1.00605899040924, 1.0051963321163, 1.0030158549698887, 0.9996967321062309, 0.9954282498462461, 0.9903916203524386, 0.9846851468665706, 0.9784018091783501, 0.9716111408850809, 0.9568005325585796, 0.9404835204977205, 0.9317904114136516, 0.9227958769047481, 0.9135305698636821, 0.9040876099546756]}