{"x": [2.2799699411740244, 2.2816761932077974, 2.2874621967071955, 2.2968778965387115, 2.307774026246223, 2.3140005757309434, 2.320119382826752, 2.3260640596303404, 2.331803160733973, 2.3425296529678814, 2.352151242017659, 2.3604728139684807, 2.367146301989344, 2.3717167095199683, 2.373467796881742, 2.371577428601482, 2.365375345762386, 2.355231289925597, 2.343180292784997, 2.336876126434947, 2.330716739282601, 2.3247910261066815, 2.319137198003434, 2.3138064063643085, 2.308783436359935, 2.304079486303661, 2.29970348341551, 2.2920322363983177, 2.285893839048745, 2.2816313660086616, 2.2799699411740244], "y": [0.9390440398828864, 0.9281501885754262, 0.9187635248541266, 0.9130301855654286, 0.9113565846232644, 0.911813227695927, 0.9130536474256024, 0.9149431331208556, 0.9173869123690634, 0.9236575846189577, 0.9315191360095473, 0.9407994956759141, 0.9513274676033666, 0.962969698229832, 0.9753537142184857, 0.9873904380612964, 0.997878067991843, 1.004719042520021, 1.0068342893690427, 1.0062866779377035, 1.0048360430572616, 1.0026369888701046, 0.9998113661528524, 0.9964762135868176, 0.9926933106705823, 0.988522470700171, 0.9840087526192994, 0.9741428002884902, 0.9632567944015119, 0.9514686036567577, 0.9390440398828864]}