{"x": [2.1124315653820473, 2.1136171216501816, 2.117960091481184, 2.128284772410279, 2.1373121112205857, 2.148884306767172, 2.1581377484954247, 2.1664598446336405, 2.1736141542194045, 2.17977574194811, 2.189454797105749, 2.1966253932232425, 2.2016381116355053, 2.2050522470924383, 2.207042330731878, 2.207707375434167, 2.20619000828747, 2.201282629007798, 2.197045629330209, 2.191147668148403, 2.182341059240317, 2.1691227692473647, 2.1589251330979398, 2.1507198395710603, 2.1388294168713533, 2.1303936446749225, 2.1239142920695024, 2.1190665599346286, 2.115513689202656, 2.113256719833611, 2.1124315653820473], "y": [0.9335400152910355, 0.9113555547297484, 0.8895680710038287, 0.8686907360816211, 0.860844835850072, 0.8578223721743508, 0.8595704701247107, 0.8639778214980998, 0.8699792603094109, 0.8769961150261867, 0.892449190611039, 0.9092141601933424, 0.9261022084879513, 0.9433844884348619, 0.9608812541711886, 0.9784782698178208, 1.0054878200053932, 1.0320911249316294, 1.0454612601914814, 1.0581863038862016, 1.0696376608611524, 1.0754657606106373, 1.072536074808506, 1.065809411440014, 1.0487644488997707, 1.0303903470058398, 1.0112386404820526, 0.9921519108641892, 0.9727823248097893, 0.9532173980211662, 0.9335400152910355]}