{"x": [2.225953782118499, 2.228158631174845, 2.2365445521380694, 2.244616727770803, 2.2560673852394064, 2.2711114491694007, 2.288297069106139, 2.301593522906849, 2.3142468898738495, 2.336418818228404, 2.353894021549093, 2.3671896055595574, 2.3764962863489734, 2.3827339450815006, 2.3862682410143843, 2.387466059375878, 2.384197253418701, 2.374531202244476, 2.3665500280095735, 2.3557989832350525, 2.3404512108830904, 2.318841209839549, 2.3033091208060372, 2.2902910542169916, 2.2708696746797967, 2.2568493165596952, 2.245919282992634, 2.2376107104689944, 2.23140203828026, 2.2273759596709577, 2.225953782118499], "y": [0.8673995818303838, 0.8345846774091983, 0.8027828592043948, 0.7874886845217619, 0.7745289683904064, 0.765688996448916, 0.7626684946948943, 0.7642591003710392, 0.7686429359621417, 0.7833905710055167, 0.8030771371728184, 0.825796535588702, 0.849496122382602, 0.8741816714964908, 0.899372392754932, 0.9247816217167588, 0.968308906501109, 1.0108750558193274, 1.0320285280307986, 1.051917810698246, 1.0693276134268965, 1.0777930255324186, 1.073988080165431, 1.0647008124685307, 1.0400162536137594, 1.012843035129227, 0.9842862739184922, 0.9557161800136748, 0.9266174681390316, 0.8971283090639943, 0.8673995818303838]}