{"x": [2.2393003451214293, 2.2414431981508813, 2.2493509859735017, 2.257003224351392, 2.268027295251151, 2.2830341565714685, 2.300676575673939, 2.313654260432364, 2.325879163296937, 2.3468327866037018, 2.362866472900393, 2.3748237392373897, 2.383062694548957, 2.3885419903572673, 2.3916323359216425, 2.3926130477652863, 2.389570879279862, 2.3803951230885136, 2.372840885458051, 2.3626482417157937, 2.347914189136857, 2.3262419806949852, 2.31098898429743, 2.2985476645732525, 2.280402408591049, 2.267461952670379, 2.2574390491169143, 2.2498618238732044, 2.244237502917143, 2.2406194499059664, 2.2393003451214293], "y": [0.9000458327528489, 0.8664245950701167, 0.8336763686421556, 0.8176641407979617, 0.803756658871908, 0.7938608270718286, 0.790414318415885, 0.7921705497311865, 0.7968669739106758, 0.8122862104724371, 0.8323125002950434, 0.8550095301021762, 0.8783460371915552, 0.9024800435975309, 0.9270153247916807, 0.9517250083846163, 0.9961443565096193, 1.0397119910019905, 1.0614558719583966, 1.0820949823744803, 1.1006167788218826, 1.1101280684447428, 1.1060072537336636, 1.0962682303479396, 1.0711720166323142, 1.0439737503572917, 1.0155705376488713, 0.9872394649940793, 0.9584569870960903, 0.9293485683378473, 0.9000458327528489]}