{"x": [2.2805226727153904, 2.283869390498566, 2.2948424049390006, 2.31133787999209, 2.3297621045773904, 2.3483466953975602, 2.3662486847059485, 2.3830755200160088, 2.398506458444778, 2.4122459386661697, 2.423410410276478, 2.4310690499989054, 2.433186397334164, 2.433949750047473, 2.4329958438058275, 2.42998406732441, 2.4249113847761894, 2.4179366756704113, 2.4093900183048578, 2.399663510334084, 2.389216457486003, 2.3784461766436733, 2.3595428555541114, 2.341748813550215, 2.3256656272778047, 2.3114901037147084, 2.2994609382323388, 2.2898255958989377, 2.283131654421524, 2.281214868456438, 2.2805226727153904], "y": [0.9535838148565458, 0.935136543903776, 0.91993472560414, 0.9114039242178109, 0.9090751438609564, 0.9110686990083032, 0.9164427158375483, 0.9245174890102617, 0.9350165598048711, 0.9479935960377132, 0.9632425750135369, 0.9806140046813606, 0.9898925444203645, 0.9993789426863813, 1.0101833045501183, 1.0206031593872267, 1.0302015804650935, 1.0385211494631144, 1.045170161256465, 1.0499293368832703, 1.0527125292963748, 1.0536549324989934, 1.0509993352024662, 1.0440884876147978, 1.0339204926277625, 1.021227520775532, 1.0065680604534344, 0.9902352475525414, 0.9724279565997431, 0.9630906583204855, 0.9535838148565458]}