{"x": [2.195075095267751, 2.1976576319952055, 2.2063729947466593, 2.2190271752974593, 2.232911181191828, 2.2511739345503403, 2.268723452659553, 2.2852482511038286, 2.300538710609297, 2.314408361117108, 2.32055553101521, 2.3260382062640583, 2.33074533789087, 2.3344416798612926, 2.336886838741393, 2.3377775697696843, 2.3346241355365227, 2.3249118624804113, 2.3105474038039935, 2.2943264869718463, 2.2759697370955227, 2.258657193470258, 2.2428354886082653, 2.228613974486936, 2.2161598699006073, 2.2106890440410223, 2.205804561571317, 2.2015815244898063, 2.198200209159115, 2.1958872569707153, 2.195075095267751], "y": [0.7663606871512112, 0.7524071337419206, 0.7412083123394181, 0.7352858537735204, 0.7337243861298742, 0.7358548277380793, 0.7413394750206513, 0.7493152768561179, 0.7594584630741755, 0.7718417170021937, 0.7788289681296232, 0.7863489181420604, 0.7944593681414689, 0.8030775781286249, 0.8121474004707295, 0.8214987146832621, 0.8377212662897711, 0.851092394894801, 0.8589959906254351, 0.8613805986989718, 0.8587091609016831, 0.8520471282426532, 0.8424851365187784, 0.8306738467261989, 0.8169956514135155, 0.8095294156565839, 0.8016670723057036, 0.7933693430329662, 0.7846944908780367, 0.7756554986743962, 0.7663606871512112]}