{"x": [2.2954655135729993, 2.2978583791471436, 2.3067294397804163, 2.3152184399340996, 2.3272107712177017, 2.342949752926415, 2.3609650863860105, 2.37383590502968, 2.38612041264527, 2.407711892926626, 2.424709122175851, 2.4375688221236973, 2.4465007698328685, 2.452449105701735, 2.4558001788134263, 2.4568636937329362, 2.4534803389615387, 2.4433511613501713, 2.4350649013587935, 2.4239637330900865, 2.408175278165193, 2.385864809549158, 2.3706971922303897, 2.3579340506337045, 2.3388993156300213, 2.3252259404613307, 2.3146263835144603, 2.306625376772045, 2.3006877109586266, 2.296866526541883, 2.2954655135729993], "y": [0.8819413655786312, 0.8475113193406089, 0.8141577862016882, 0.7981337014638036, 0.7845315543656248, 0.7751918379506015, 0.7719679259977299, 0.7734441540606776, 0.7775585306227528, 0.791624563416079, 0.8106128876121449, 0.832614941497566, 0.8555590250098235, 0.8794510311727219, 0.9038200630851116, 0.9283954235781531, 0.9734725580084278, 1.017527011799975, 1.0394027798178942, 1.0599934426068471, 1.0780872787449385, 1.0869701389397424, 1.0833230561987417, 1.074353103900581, 1.0503323684806951, 1.0238202542854715, 0.9959365174459731, 0.9680595848303537, 0.9396714956795121, 0.9109158935125409, 0.8819413655786312]}