{"x": [2.257805121480674, 2.2605953818375406, 2.269934136841896, 2.2835576804281765, 2.2985602588871754, 2.3165418441900467, 2.3338503295802218, 2.350157125521544, 2.3652245890020382, 2.3788423981273343, 2.3901896327942254, 2.394748103212631, 2.398312549828948, 2.400672335107324, 2.4015791007656495, 2.400831108446629, 2.3983172831787485, 2.388012838814812, 2.3726340052844943, 2.3551467699060824, 2.336982517785928, 2.3198293723891696, 2.304170457378901, 2.2901528404602267, 2.2779670183512986, 2.2726538167781674, 2.2679409246122897, 2.2639019530328763, 2.2607022705892152, 2.258544021680945, 2.257805121480674], "y": [0.8244376768962463, 0.8093721397233153, 0.7972253863242916, 0.790706546263576, 0.788969060964058, 0.7909709731938837, 0.7962398816271772, 0.8040013222036398, 0.8139573805581222, 0.8261781582112403, 0.8405319868724187, 0.8485477168674861, 0.8570522039318971, 0.8659797582932767, 0.8751692952498543, 0.8840920656795017, 0.8926860174580533, 0.9072219535214777, 0.9159743248218515, 0.9186778637901041, 0.9161099967319224, 0.9096058750148321, 0.900161409177791, 0.888418071910764, 0.874778244318981, 0.8673261660282389, 0.8594806431494962, 0.8512136462759204, 0.8425870269504402, 0.8336256360032637, 0.8244376768962463]}