{"x": [2.160730003690209, 2.162391869050661, 2.168691612899753, 2.1840584503039677, 2.197784968854817, 2.215532228963881, 2.229536592312074, 2.2421428937733263, 2.262239560291438, 2.2766381705908736, 2.287086841504242, 2.2942014806142472, 2.298922778996307, 2.3015924238824264, 2.3025073739267135, 2.2999319176715245, 2.2922661906264516, 2.2858990837640434, 2.277202009342583, 2.264236617929144, 2.2548635973329776, 2.242934021738005, 2.226795452716361, 2.214819440805355, 2.198149282815077, 2.186374094995466, 2.177257372642688, 2.1703279319955278, 2.1651816091595024, 2.1618698503314935, 2.160730003690209], "y": [0.9852595526705751, 0.9512638506448138, 0.9178156402272676, 0.8855575190155103, 0.8733592342548456, 0.8686422202363928, 0.8712531258772493, 0.8778878967490799, 0.8976295788110965, 0.9211464342899727, 0.9466648148481798, 0.9722716612159744, 0.998425781582697, 1.0248543273682895, 1.0514016041132892, 1.0974267721631619, 1.1428820875598444, 1.1657491695441287, 1.1878354635922683, 1.2085772011778526, 1.2168531635334974, 1.2205988669563614, 1.2146713347896918, 1.2023358499447119, 1.1732485110501774, 1.1428306476048882, 1.111513131127592, 1.0803711574424575, 1.0488853664573874, 1.0171484389157084, 0.9852595526705751]}