{"x": [2.2441019537451137, 2.24578291413795, 2.252440150017682, 2.2687981395057037, 2.284035074900615, 2.3050435785820373, 2.3203147500600005, 2.333768665226988, 2.34503170825595, 2.354510599402577, 2.3689133688341633, 2.379191220783498, 2.386109600220713, 2.3906655420699714, 2.3940419862043885, 2.391267282789238, 2.3828620707665733, 2.375964261701976, 2.366593506518038, 2.352634722860972, 2.3422886116400736, 2.32838901797796, 2.310826843008014, 2.298390475413967, 2.281453671498414, 2.2696110679856707, 2.2605070843690345, 2.2536206273149317, 2.2485343222689718, 2.2452651928835294, 2.2441019537451137], "y": [1.1505481576252197, 1.109851955580899, 1.0696687787637775, 1.0302324569402277, 1.0143152913949274, 1.00766975663143, 1.0108341902091864, 1.0187218061263632, 1.029277441155047, 1.0414605520780185, 1.0678212151947868, 1.0960469142395002, 1.1241455033715726, 1.15272238352173, 1.2104490540679635, 1.2651383194233778, 1.3192490127751637, 1.3464838351939992, 1.3729697610671843, 1.3983092263359533, 1.4089299212976076, 1.4140915562025425, 1.4067819416696377, 1.392387595023805, 1.35946163019454, 1.32542283042689, 1.2905515724930243, 1.2559265307530334, 1.2209916440746205, 1.1858361531190516, 1.1505481576252197]}