{"x": [2.243326360238625, 2.244837458829251, 2.2502058942391368, 2.2596075604376504, 2.2708828460141697, 2.2774886647137906, 2.2839478367848485, 2.2901783489441265, 2.296149053725588, 2.301810618324391, 2.3071711132367176, 2.31691016097919, 2.3251673823754255, 2.3316941495322436, 2.3361033885531164, 2.337786560386429, 2.3360778152390544, 2.3302854859273756, 2.3201872448099254, 2.307714216319139, 2.301011316711347, 2.2945048290391803, 2.288304256185906, 2.282443590073022, 2.276976161270584, 2.2718657054820617, 2.2627253041221445, 2.2551279415012906, 2.249107373424392, 2.2449577018193456, 2.243326360238625], "y": [0.9976162671760749, 0.9863656330596461, 0.9763636288493777, 0.969845413962428, 0.9679098551829874, 0.9684733974658584, 0.9699678929503975, 0.9722098495175143, 0.9750727737967055, 0.9784494755426552, 0.9822862088774651, 0.9911558419364516, 1.0013902778053336, 1.012806349512422, 1.0252301263193093, 1.0383052382297322, 1.0507550862693436, 1.0619071016626775, 1.0696324146834584, 1.072097875127922, 1.071426992446257, 1.0696821242860102, 1.0670776491060858, 1.063778711794632, 1.0599423346076315, 1.0556418916927406, 1.045918078306531, 1.0351050295372164, 1.0233409017534942, 1.0107615525091493, 0.9976162671760749]}