{"x": [2.137993757294635, 2.139136553809012, 2.143260488441513, 2.1511465496040505, 2.161082159383769, 2.1682696036524187, 2.1752075627156238, 2.1817960217045114, 2.1880299434887887, 2.193863446011002, 2.199341310473365, 2.209206713896637, 2.2174796349732993, 2.224034317644661, 2.2285246403259817, 2.2303079357661844, 2.229110213824057, 2.2247247018455174, 2.216271219483855, 2.2051660137568203, 2.1978242783355806, 2.190801164624954, 2.184229264747872, 2.17810198249226, 2.1724615511205094, 2.167223578188194, 2.1579004152952566, 2.1501771525955276, 2.144014027946028, 2.139707040133881, 2.137993757294635], "y": [0.9969813427044308, 0.9870982095033847, 0.9780441789705364, 0.9716958778858805, 0.9697530588963973, 0.9705497481541229, 0.9725890600296386, 0.9755277382223313, 0.9791584186759069, 0.9833129875939861, 0.9879263589754941, 0.9982944646584515, 1.0098516126261663, 1.0224629181639004, 1.0359816569156965, 1.050114567181974, 1.0612124728878671, 1.071477234628581, 1.079131348540322, 1.0817238819678943, 1.0808479750411117, 1.0785362298675514, 1.075199864037484, 1.0711038150745822, 1.0664781034160147, 1.0614011639867944, 1.0501958191904115, 1.0380587963874408, 1.0250598732088234, 1.0112986639240553, 0.9969813427044308]}