{"x": [2.2816716733365388, 2.2831629956667707, 2.288472336541986, 2.293500652377393, 2.30078841223385, 2.3113049805337154, 2.3246224155246407, 2.3338096500127263, 2.342197049254909, 2.3558026232176736, 2.365690607201324, 2.3729432684939593, 2.3779397235193613, 2.381298500686755, 2.3832263838184478, 2.383855993303395, 2.381971302207324, 2.376062587651449, 2.371065059802704, 2.364206537843147, 2.354130332490144, 2.33916118816833, 2.3288427383477046, 2.320382843716128, 2.308090389430627, 2.299462397417819, 2.2929151221213524, 2.2880915375368547, 2.284608111749944, 2.282437217005861, 2.2816716733365388], "y": [1.004269972998021, 0.978735422794192, 0.9537144676590403, 0.9412395655257373, 0.9299348895175223, 0.9210961182433705, 0.9177244700255115, 0.9193208850615439, 0.9233958516207402, 0.9358826717562083, 0.9510468206517775, 0.9676336390073945, 0.9843523469395259, 1.0014753832847707, 1.0188096071207455, 1.0362393415209479, 1.0669112012332835, 1.0970674962815479, 1.1121712819260008, 1.126526082583719, 1.1394256974345456, 1.146047985248304, 1.1433364436756277, 1.1368362092780284, 1.1199134847771994, 1.1015037720110588, 1.082255578420564, 1.0630969354511297, 1.0436499224809808, 1.024012344034245, 1.004269972998021]}