{"x": [2.2253467993108247, 2.2275326795360173, 2.235183521387846, 2.247068786470492, 2.260425711403926, 2.278479924092468, 2.2956596119436963, 2.311632001994448, 2.3262163028411207, 2.3391832406942563, 2.3448570750699615, 2.349871378145108, 2.354128888317443, 2.357442317945455, 2.3596175861301023, 2.3604077993593826, 2.3577621802012785, 2.349269622914217, 2.3358853233193217, 2.3203532135266824, 2.3021715271462657, 2.285243646924014, 2.269999711264383, 2.256459860707593, 2.2447726803173222, 2.2396789738205083, 2.2351558490655035, 2.2312718333277655, 2.228181427700774, 2.2260822072342004, 2.2253467993108247], "y": [0.8031988525420348, 0.7898078595901316, 0.7786024419917057, 0.7722731106054864, 0.7705665004555204, 0.7729455330512096, 0.7789847976777046, 0.7876234518709831, 0.7984420358364633, 0.8113702267512881, 0.8185669238005983, 0.8262377522834323, 0.8344138291444031, 0.843015910857817, 0.8519862517452201, 0.8611826842254605, 0.8767093668108689, 0.8899741187333033, 0.8982516818261972, 0.900783695213237, 0.897796754328296, 0.8905206010405329, 0.8803209882113646, 0.8679483521478691, 0.8538865698519097, 0.8462873826052305, 0.8383353492088945, 0.8300030366635537, 0.8213449535232216, 0.8123784245866945, 0.8031988525420348]}