{"x": [2.1903401401089426, 2.1924834874909327, 2.2002658562329747, 2.2128082739750536, 2.2271006494475865, 2.2462363419106226, 2.264372591919473, 2.281149998995928, 2.296386665129904, 2.3098230587449375, 2.3208056295109007, 2.325142492757509, 2.3284970987142013, 2.3306843122904017, 2.3314724744701647, 2.3287618378842354, 2.320000908045605, 2.3058457006165396, 2.289171505445056, 2.279411906367417, 2.269893538967979, 2.260760805135896, 2.2520620420678448, 2.236139032794802, 2.228881510194931, 2.2221013305170634, 2.2100947074257213, 2.2002807707724346, 2.193212338870636, 2.1910898299008426, 2.1903401401089426], "y": [0.8516936072580348, 0.8373791856916201, 0.8251754428418296, 0.8180592264527683, 0.8161406900666419, 0.8187592072786744, 0.8254005771709559, 0.8348451216342556, 0.8466147781054568, 0.860582646322364, 0.8765520281286078, 0.8852850132998812, 0.8944403413495358, 0.9039537394722228, 0.913683459275334, 0.9303492136582087, 0.9447832369439693, 0.9540610923399974, 0.9569627665968286, 0.9559940934240939, 0.9536300325278527, 0.9500862897529214, 0.9455811303563557, 0.9343865072010732, 0.9278932394741762, 0.9209030088916678, 0.9057140573631065, 0.8890242432850582, 0.8709176246169514, 0.8614081701921309, 0.8516936072580348]}