{"x": [2.2568986675968827, 2.25865314141089, 2.2644332465509267, 2.2731119750174815, 2.2827771646389055, 2.295079062961236, 2.3068293461348417, 2.3177895956456314, 2.327825560421842, 2.3367899930239386, 2.3407315045267967, 2.344231239276889, 2.3472231859041286, 2.349573405385719, 2.3511405546331043, 2.35174059443604, 2.349866002779058, 2.343746055582138, 2.334365025965716, 2.3236474092569224, 2.3112081081358173, 2.2994880248186518, 2.2887906964922955, 2.2791941702967735, 2.2708277211225063, 2.2671723066862426, 2.2639261492221485, 2.2611416037684786, 2.2589344193321415, 2.257446621689429, 2.2568986675968827], "y": [0.8225586953483849, 0.8128713517856151, 0.8049018355997172, 0.8004732944807011, 0.7992418669266278, 0.800814903291314, 0.8047825211002354, 0.8105224945288857, 0.8177580854039314, 0.826444053863053, 0.8312909037400277, 0.8364657779738698, 0.8419941050598364, 0.8478242520029277, 0.8539212570634069, 0.8601877855845248, 0.8709265471410597, 0.8799477078177934, 0.8853895362363741, 0.8870478200736146, 0.8853102717167838, 0.8807941966828036, 0.8743013175671569, 0.8662703152940333, 0.856959301491329, 0.8518729257386144, 0.846516085745021, 0.8408683248680553, 0.8349709328028349, 0.8288418867285117, 0.8225586953483849]}