{"x": [2.3293628410571374, 2.3304030104985287, 2.3337040346765154, 2.3466891560409273, 2.3639967366432364, 2.3826153652473923, 2.3998813628957394, 2.4167306809355433, 2.4328754202676, 2.448018935143948, 2.462008559228513, 2.473753018308517, 2.4821115781509415, 2.4844669985414316, 2.4853113257336332, 2.484075588843248, 2.480316370441051, 2.474282219829204, 2.466402657644398, 2.457316811882625, 2.4473451992275512, 2.4261665376912136, 2.4086704443262352, 2.3918630500452847, 2.3762295983760775, 2.362075068256923, 2.3496471666356378, 2.3394636281646566, 2.3322266739595188, 2.330125417103461, 2.3293628410571374], "y": [0.8187781598563277, 0.8091863443464686, 0.8001205781561059, 0.7860373278177475, 0.7789151196669132, 0.7770112120668077, 0.778468485951465, 0.7825106145443209, 0.788776626130989, 0.7971783799058941, 0.8080237885781973, 0.8212676608297259, 0.8370227700016, 0.8456578193649671, 0.8545684419198859, 0.8654266094791806, 0.8756879507858791, 0.8847863243670203, 0.8923430349744363, 0.8980835510202918, 0.9020926729611426, 0.9052081918121405, 0.903264829376288, 0.8980301910814477, 0.8899910136747479, 0.8795659255899508, 0.8669909211858007, 0.8525382737230426, 0.8363124202596274, 0.8276546119814726, 0.8187781598563277]}