{"x": [2.1939676459705337, 2.195831153755005, 2.202978044370765, 2.220332099887753, 2.2354207627549965, 2.254353981650212, 2.2688299871753514, 2.2820828872433836, 2.30371889920736, 2.3195086210058626, 2.331036052082416, 2.3388937746758427, 2.344104565687946, 2.34704643970024, 2.347982295203755, 2.3451310382525805, 2.3364610969703974, 2.329291909891318, 2.319544715287353, 2.305142994512423, 2.294918406847322, 2.2822151624060925, 2.265375486248632, 2.2525221875368646, 2.2344485375024177, 2.221681127241246, 2.2118079852700046, 2.2043225442672183, 2.1987680350170513, 2.195194329798039, 2.1939676459705337], "y": [1.014352922739635, 0.9781873269571701, 0.942685989882494, 0.9088667678040363, 0.8965324887124687, 0.8919134617482828, 0.8943416280313428, 0.9006512530002947, 0.9200709385707004, 0.9438201657703349, 0.9699057832602331, 0.9962345920543207, 1.0232123168267893, 1.0505152396373807, 1.0779602463085745, 1.1266909723173115, 1.1747289306596862, 1.1988488407696452, 1.2220471058866698, 1.2435978756064754, 1.2519930689556662, 1.2556875303450965, 1.2500115257605295, 1.2377402408498837, 1.2081240099748733, 1.176893600986593, 1.144631141719388, 1.1125386304655944, 1.080056196249993, 1.0472902981131338, 1.014352922739635]}