{"x": [2.2471306803523943, 2.249966366832361, 2.259277249962645, 2.27247765591573, 2.28688397818134, 2.3041727366405307, 2.320860943730474, 2.3366452601571703, 2.3512965494725293, 2.364635209071134, 2.3758356566926966, 2.380372545744263, 2.383940926118933, 2.3863189237158817, 2.3872405880857035, 2.3864960228381253, 2.383985042641551, 2.3738010224136734, 2.3589402279010656, 2.342223173253831, 2.3247785732996107, 2.3082267219500188, 2.293014470852883, 2.279305199456997, 2.2672813851990052, 2.262010521692717, 2.2573171300766357, 2.2532757988323593, 2.2500596652338727, 2.247879673387474, 2.2471306803523943], "y": [0.7770086852918077, 0.7625311507377317, 0.7510879178068096, 0.745104166236422, 0.7435186445677794, 0.7453616992482088, 0.7502404043774894, 0.7574631588405749, 0.7667718939044681, 0.7782742062443739, 0.7918673295840932, 0.7995043195739141, 0.8076390377541902, 0.8162125384845229, 0.8250618504427212, 0.8336089221685741, 0.8418126890440518, 0.8555048365010783, 0.8635459605103203, 0.8660042063888562, 0.8636470048457905, 0.8576547862601213, 0.8488949737079882, 0.8379312709947272, 0.8250868420310017, 0.8180349912960063, 0.8105863218827033, 0.8027058126130725, 0.7944540692062896, 0.7858515056997698, 0.7770086852918077]}