{"x": [2.212859096604131, 2.2151483747658456, 2.223900987799059, 2.232206576296719, 2.243712255973388, 2.2582454434054693, 2.2744225207048534, 2.287212358060433, 2.2995014014983863, 2.321496301933488, 2.3393452772138477, 2.3532054504827133, 2.363073521948481, 2.369740295260244, 2.3735355113346066, 2.3747478258123715, 2.371493203721197, 2.361634294307446, 2.3534977298126845, 2.3425853869465025, 2.32728511934006, 2.3066846891494737, 2.291811281245539, 2.2789798809673845, 2.2593195761786102, 2.244926112270257, 2.2336388925152755, 2.2250247767308124, 2.2185578177346734, 2.214342520087123, 2.212859096604131], "y": [0.8045721659505318, 0.7735702766600094, 0.7437416042260186, 0.7297288594349823, 0.7181980679595871, 0.7106509922101877, 0.7081065749187602, 0.7094427496501559, 0.7132301912503782, 0.7263231687963689, 0.7443490146920352, 0.7655954881822458, 0.788150407574174, 0.8118497188898945, 0.8361498306715089, 0.8607146305130924, 0.9016498698311463, 0.9415132400869859, 0.9611929140887056, 0.9794799046492726, 0.9950223230068351, 1.0021838335453335, 0.9989521204971439, 0.9907657049931252, 0.9681514954855255, 0.9427303622668657, 0.9157858918210645, 0.8887165503237261, 0.8610555546585315, 0.8329516724063164, 0.8045721659505318]}