{"x": [2.2638504663162644, 2.266227377500453, 2.2746784247048004, 2.288508944350606, 2.3044536847239843, 2.313959567041514, 2.3233006346036724, 2.332384888217085, 2.341171232845326, 2.35765296771451, 2.3725177200703595, 2.38546070967317, 2.3958780131174744, 2.4030301366220423, 2.4058212533568715, 2.403037245234621, 2.393737041838014, 2.3783193509864984, 2.3597606901432298, 2.3500534078601896, 2.3405866685421994, 2.3315148687238203, 2.3228974279339876, 2.3148128544121622, 2.3072224316510828, 2.30013454965396, 2.2935543941002785, 2.282052269163262, 2.2728223409780917, 2.266353339273391, 2.2638504663162644], "y": [0.9101497420921695, 0.8942030169393214, 0.8804724834089778, 0.8722128092221443, 0.8699169987397187, 0.870559925582639, 0.8724359880440867, 0.8752740614674599, 0.8789317209025408, 0.8883021186731221, 0.9000703418217656, 0.9140518398043656, 0.9300043648284865, 0.9477353837495472, 0.9666497055712824, 0.9852262030440685, 1.00154622682968, 1.012468997808291, 1.0160169866398145, 1.0150864332179794, 1.0127458978777801, 1.0091981316652863, 1.0046567760001799, 0.9993264929086986, 0.9933133631767519, 0.9867190326130055, 0.9796179890503692, 0.9642390900738836, 0.9473981329308865, 0.9292515904948472, 0.9101497420921695]}