{"x": [2.1681967541741898, 2.1703252044424093, 2.1780411787896745, 2.1910640928787974, 2.2062347776802103, 2.2162904025927688, 2.2261408186762877, 2.235683420047475, 2.244884408418207, 2.2620741244925022, 2.2775433376705965, 2.29100127055997, 2.301883850197584, 2.309437697159768, 2.312459338475673, 2.3099604694413904, 2.301289803545719, 2.286489458372197, 2.2684951875416086, 2.2582351801880494, 2.2482710941816837, 2.2387710471454456, 2.2297818185015124, 2.2213795267129535, 2.2135031803989285, 2.20615266551315, 2.1993263445973303, 2.1873801517461184, 2.177735703825827, 2.1709007565732086, 2.1681967541741898], "y": [0.9220799222729442, 0.9069227409496887, 0.8937040350341056, 0.885602677591496, 0.8833491012245238, 0.8841150484849004, 0.8862764301192493, 0.8894958179296442, 0.8935906331641498, 0.9039060537183566, 0.9166574333917769, 0.9316040448314277, 0.9485181398889165, 0.9672357756952014, 0.9871927338267112, 1.005194148138101, 1.0211664622029593, 1.031970273595259, 1.035431310308617, 1.034357631429095, 1.0316860163203698, 1.0277048969252842, 1.02267558546985, 1.0168399051630768, 1.0103117476370602, 1.003200705339731, 0.9955850415869979, 0.9792112807479149, 0.961384441657189, 0.9422334586069071, 0.9220799222729442]}