{"x": [2.242765273079876, 2.2445090474787053, 2.251335072839227, 2.2580170587282815, 2.268022995624006, 2.2833374086210667, 2.3040383949558176, 2.318777750607995, 2.331905412321439, 2.3523955903310036, 2.366721655967298, 2.3769547237870965, 2.383832860496849, 2.3883569401071405, 2.3917800811315924, 2.388879510765662, 2.380365346246254, 2.373392263635437, 2.363937763125636, 2.3499002293951032, 2.3395777525531414, 2.325913642744104, 2.3088444873913097, 2.296546543210522, 2.279724724731556, 2.2679726391836064, 2.2589490682074658, 2.2521395949392295, 2.247118951546334, 2.2439015193191936, 2.242765273079876], "y": [1.1225412193600701, 1.0825587489159478, 1.0431247018278456, 1.0231558363313402, 1.004627864195194, 0.9893585897610668, 0.9831015016237881, 0.9859807144577509, 0.9932747510303233, 1.0147274493566365, 1.0399173320189128, 1.0670291498876958, 1.0940611375597749, 1.121585123931324, 1.17721467494861, 1.2307193890060868, 1.2836219100930495, 1.3102339354510981, 1.3360687219775025, 1.360676602309536, 1.3708724949422988, 1.3757512097175473, 1.3689912521401024, 1.355359903716967, 1.3238121887682532, 1.29107533193193, 1.257483837813823, 1.2241302189825032, 1.1904608567186115, 1.156567740505463, 1.1225412193600701]}