{"x": [2.2482468801135855, 2.2502734884403828, 2.257767310025253, 2.2719001947692936, 2.289669462238286, 2.299818718096202, 2.309695200306434, 2.3191596443587135, 2.3281675424429658, 2.344591512042068, 2.3588516201884486, 2.370639821349232, 2.3797244095648584, 2.385678170846864, 2.387906435455947, 2.385488737913372, 2.377202058832756, 2.370359216914753, 2.3618071108937517, 2.3519312942916537, 2.3414071800819114, 2.3309516877418974, 2.3209024098840403, 2.3114829930944807, 2.3027307274995055, 2.2873442324436604, 2.274398931145882, 2.263939218547084, 2.2558002550663305, 2.2502935979184113, 2.2482468801135855], "y": [1.1168143235624874, 1.099132213993649, 1.082988894069644, 1.071685448823168, 1.068256244944155, 1.0691343197814294, 1.0716310194109966, 1.0753500231941477, 1.0800685465289996, 1.0918351273052895, 1.1061476573475542, 1.1223977337934203, 1.1403001617867419, 1.1595014794183371, 1.1794807864389631, 1.1999466666111396, 1.218815383113439, 1.2269052846016937, 1.2331608800337852, 1.2370227582414903, 1.2383223262272918, 1.2370734803788939, 1.2339288101957517, 1.2292749468855468, 1.2234627439193275, 1.2094905265000802, 1.193230567581805, 1.1756657527826204, 1.1569124709354857, 1.1371892753865602, 1.1168143235624874]}