{"x": [2.2879409537650846, 2.29010482888492, 2.2980989446560685, 2.3058373135183805, 2.3170685819422805, 2.3327177263130334, 2.3515668019328486, 2.364702527843722, 2.377007039618413, 2.397800160843329, 2.4133941181230893, 2.4248608035383463, 2.432667670255391, 2.437825065397188, 2.4416374959472695, 2.438506515649504, 2.4346326866252257, 2.429122902590762, 2.4214458774994037, 2.4111087686820523, 2.396095882845488, 2.373318597169327, 2.3578129927809592, 2.3454060780242885, 2.3275896382505694, 2.315000281162326, 2.3053059782587537, 2.2980147015364873, 2.2926348613596566, 2.28919508837206, 2.2879409537650846], "y": [0.9529724337815362, 0.9169887251653072, 0.8818375693614164, 0.8644976220208135, 0.8491870134106244, 0.8379148322170977, 0.8338319243471053, 0.835666622806735, 0.8406176230723215, 0.8567699452091961, 0.8774731039058533, 0.9007176174359206, 0.9244174198544212, 0.9488311266185535, 0.998514596955404, 1.0458993516599704, 1.069340111593092, 1.0924511058911561, 1.1157281453319714, 1.1379520392455245, 1.1582167770457585, 1.169044592914183, 1.1645705947970695, 1.1542502802271923, 1.1281628333093345, 1.100153263603879, 1.0710148285361911, 1.042004849520405, 1.0125803882949425, 0.98286246653769, 0.9529724337815362]}