{"x": [2.2481121270296796, 2.2500774964674917, 2.2578958486171556, 2.265522738793559, 2.276606323635117, 2.291964356721306, 2.3103159896898893, 2.323548068259993, 2.3359675178600496, 2.3570722609054235, 2.373040966272625, 2.3848655885308467, 2.392967292189681, 2.3983406907755493, 2.4013665335746204, 2.4023274445186393, 2.3992592990098416, 2.3900131450527113, 2.382413010836263, 2.3721571429891672, 2.3572721246241697, 2.3349889835588717, 2.319496135447154, 2.3069952929810316, 2.288907670642276, 2.2760543837534324, 2.266113310671204, 2.2585992871170526, 2.253017750396416, 2.2494074682041276, 2.2481121270296796], "y": [0.9307527359088458, 0.8957325019836037, 0.8615396250811024, 0.8447057356715908, 0.8299171105335136, 0.8191560916153422, 0.8152978179314087, 0.8171121526887016, 0.8220250933079828, 0.8380827068431741, 0.8587547819517334, 0.8820466807332579, 0.9058791537909593, 0.9304708386022733, 0.955441548871196, 0.98057655923795, 1.0265982898868422, 1.0717859192314247, 1.094368888291962, 1.1158763220393921, 1.13535111143269, 1.145563496947528, 1.141210589646641, 1.1310762380531716, 1.1052621856674938, 1.077438179787071, 1.048445812635448, 1.019553045237824, 0.9902256006559699, 0.9605846423174826, 0.9307527359088458]}