{"x": [2.250383896686982, 2.2517535250149057, 2.2566615667845795, 2.2682383393855656, 2.2785780195637457, 2.2923255563479903, 2.302310855446064, 2.3111861539675362, 2.325104711906506, 2.3349986090718007, 2.3422170533532096, 2.3471962753751088, 2.3505512721946715, 2.352484942439032, 2.353121441754375, 2.3513595253024966, 2.3457722822758167, 2.341018692776778, 2.33444750635137, 2.324625617696702, 2.31770066325446, 2.3092667618144405, 2.2981186374420965, 2.289368942679546, 2.276977782759578, 2.2683291129737135, 2.261759250090746, 2.256895872108611, 2.2533731110965296, 2.2511676609070994, 2.250383896686982], "y": [1.078790372055324, 1.0523217155502234, 1.0262760482535538, 1.0010366710289098, 0.9911582820704009, 0.9872216862099559, 0.9892702710597177, 0.994283451100313, 1.0088390139830272, 1.0258615096785124, 1.0441794960027904, 1.0625194891237677, 1.081224889305576, 1.1001230006084077, 1.1191091155361568, 1.15126193292823, 1.1829745602427908, 1.198922855364639, 1.2142122058865372, 1.2282673105188102, 1.233599141747242, 1.235891024112379, 1.2324819964001048, 1.22477842654409, 1.2056506408155354, 1.185262148420583, 1.1641120417328383, 1.1430943959569702, 1.1218109743756373, 1.1003500649482332, 1.078790372055324]}