{"x": [2.181688398250448, 2.183551037215076, 2.190641445418, 2.2076368474723154, 2.2218493646052644, 2.2390655499038035, 2.252225505837854, 2.2644412725436487, 2.27530417826978, 2.284846562254743, 2.30006656008597, 2.3112929629096675, 2.3189912175823797, 2.3241101980700307, 2.3270035789314125, 2.3279238556755772, 2.3251812796370976, 2.3168410195264593, 2.3099316209827534, 2.3005473513603074, 2.286786924172357, 2.2657448234879096, 2.250390515924463, 2.2382619183464185, 2.2208898437053124, 2.208546011267119, 2.198980407826507, 2.1917285678761447, 2.1863407103109105, 2.1828733536994847, 2.181688398250448], "y": [0.9099696236680832, 0.8771528422723847, 0.8450570999285546, 0.8150679905232503, 0.8046553419513314, 0.8009107648987102, 0.8029225629421703, 0.8082147095145376, 0.8157908661484594, 0.8249747530184107, 0.8460103089865834, 0.8694220758680632, 0.8932368088451065, 0.9177358021007661, 0.9425799512272833, 0.967575080539687, 1.011370909854751, 1.0544526513470347, 1.0760370835247408, 1.096666261509406, 1.1155070077949, 1.125584362396918, 1.1209378230195362, 1.1104381939914083, 1.0843053121172617, 1.056397822284851, 1.0274202892838296, 0.9985542393939186, 0.9692829392900756, 0.9397157929348399, 0.9099696236680832]}