{"x": [2.3311539291446057, 2.3329895133389456, 2.339145886107409, 2.348813582175793, 2.359798885767799, 2.372449859358533, 2.384483922881588, 2.395619006091286, 2.4056965040420732, 2.4145279275088254, 2.4216950077183568, 2.424506440317858, 2.4266741032834003, 2.428087266990572, 2.4286113951836814, 2.426591450415891, 2.4200195032918823, 2.4095871971962395, 2.3974086506603363, 2.384623933357151, 2.372668770202426, 2.361885608546697, 2.356954887057314, 2.352348040207524, 2.3441990326276834, 2.3406917674033685, 2.337613724747785, 2.33501309844285, 2.3329839693572385, 2.3316416742182744, 2.3311539291446057], "y": [0.9019948510613631, 0.8910031241282563, 0.8817140711817922, 0.8762760974497155, 0.874740190365001, 0.8764222492372633, 0.8806716927262702, 0.8868417567004946, 0.8946201757291151, 0.9038956325304714, 0.9145098258862131, 0.9203032469580749, 0.926367001425832, 0.9326559722236533, 0.9390804157790364, 0.9512523224584949, 0.9616947838578781, 0.9682906299196086, 0.9702959229196655, 0.9683495971469144, 0.963418952718451, 0.956376235337459, 0.9522271193173472, 0.9477211077486984, 0.9377983527938127, 0.9324151905893793, 0.9267755985754713, 0.9208728798218705, 0.9147501368894947, 0.9084337964426676, 0.9019948510613631]}