{"x": [2.227271473787843, 2.2293318426075026, 2.2372226486045803, 2.2448561129513696, 2.2558600222831213, 2.2708808675994403, 2.288595068062061, 2.301502406358681, 2.3136549273214335, 2.334448724717576, 2.3503144602693444, 2.3621203612743753, 2.370238648910523, 2.375631831603717, 2.3786716892409534, 2.379636712449553, 2.3766006928936436, 2.367448056809286, 2.35991829942137, 2.349761006292626, 2.335066026616336, 2.3133642547547817, 2.298192238487842, 2.2858401306555067, 2.2678535313364874, 2.255039705545995, 2.245122640782392, 2.237630614230166, 2.232074191454894, 2.2285018403267784, 2.227271473787843], "y": [0.8992795757214639, 0.8654991520703995, 0.8325887080983883, 0.816481808389588, 0.8024598265189097, 0.7924322383319088, 0.7889129456707382, 0.7906569917637408, 0.7953428548568947, 0.810736303726137, 0.8307073683024329, 0.8533167841809697, 0.8765342735821852, 0.9005316065314237, 0.9249199751767173, 0.9494781100782173, 0.994029734687182, 1.0377366440122453, 1.0595564572961491, 1.0802839968115392, 1.0989246490799047, 1.1085397124050074, 1.104408153128987, 1.0946775163690463, 1.0696531256410233, 1.042558748585458, 1.0142753395636883, 0.9860685047085733, 0.9574174635347271, 0.928445254229106, 0.8992795757214639]}