{"x": [2.222123904223559, 2.223716953309549, 2.228872559525129, 2.236283392215529, 2.2443998815186914, 2.2559167565247282, 2.266952228998951, 2.277312254650427, 2.2868914222598526, 2.295586362383678, 2.2994668836445404, 2.302957772014476, 2.305995822108732, 2.3084318319546475, 2.310100259508228, 2.3107654886272364, 2.3091168597141145, 2.303684828838803, 2.295634152286088, 2.286616865534998, 2.2750013334087518, 2.2639957895800324, 2.253844922144228, 2.2446153221543095, 2.236407085372076, 2.232764250496964, 2.2294881174028065, 2.226630033741794, 2.2243216732837934, 2.22272818000845, 2.222123904223559], "y": [0.7202803906551676, 0.7121306318373255, 0.7056209391618417, 0.7021761721157, 0.7012225146515413, 0.7026444888086538, 0.7062331888070995, 0.7114000308192241, 0.7179012565335048, 0.7257326480146283, 0.7301187221266071, 0.7348208269489632, 0.7398809523857123, 0.7452568684789419, 0.7509311344358305, 0.7568080736792016, 0.7658619634005107, 0.77329055256323, 0.7775454014317841, 0.7788125523696369, 0.7772563737627236, 0.7732289324575534, 0.7674521728613942, 0.7602949705338654, 0.7519292342124294, 0.7473334177208629, 0.7424693939646653, 0.7373024023527858, 0.7318675227288637, 0.7261677707428321, 0.7202803906551676]}