{"x": [2.112623164448229, 2.1143202393850014, 2.120672958490488, 2.1317514795201955, 2.144835047284904, 2.1544375254628108, 2.1638055766541147, 2.1728304042541073, 2.181488203372949, 2.189718212138406, 2.197544635109539, 2.2118916347751867, 2.224279288693993, 2.234268821328635, 2.241191163652347, 2.2438715470888617, 2.2417715897689465, 2.2346730177505854, 2.222260993521977, 2.2070336048746944, 2.1973048255504453, 2.187900613628718, 2.178981450140524, 2.170570302405574, 2.162728535703812, 2.1553805789517226, 2.142136398914977, 2.1309296360591268, 2.1218142658327666, 2.115274296735109, 2.112623164448229], "y": [0.8648519305599639, 0.8517765199750283, 0.8402227593200535, 0.8329550749237941, 0.8308638744944775, 0.8317342819641456, 0.834015687933617, 0.8373659386441497, 0.8415747635930877, 0.8464777406282925, 0.8520021710572304, 0.8646790566025426, 0.8792973986988717, 0.8956485189356881, 0.9135885457797125, 0.9326300512623213, 0.9478332207241436, 0.9614404415179167, 0.9707479778322814, 0.9737170202165146, 0.9725716324299711, 0.969829031756753, 0.9658228268564668, 0.9608374734273633, 0.9551238522247181, 0.9487877411286586, 0.9346273935965822, 0.9190137568150353, 0.9020937327934887, 0.8839527049810801, 0.8648519305599639]}