{"x": [2.2597053427183362, 2.26143101163241, 2.267649343427049, 2.2734463917858094, 2.2814861457921567, 2.2918809246996505, 2.303680927818962, 2.3122583798007463, 2.3204193019740664, 2.334739483917061, 2.346091533348569, 2.354832387078201, 2.3610712164426655, 2.365340341164575, 2.3678188430985645, 2.368634382486845, 2.3665252954680134, 2.3598905159045995, 2.3542826176146043, 2.346693954427071, 2.336162743880867, 2.322529536041238, 2.3129335550708556, 2.304381808331842, 2.290882953281595, 2.2809506174235463, 2.273262302095173, 2.267525877919671, 2.2633228664184863, 2.2606622592718244, 2.2597053427183362], "y": [0.8392442941870294, 0.8167087704004248, 0.7949795247800769, 0.7846396655657439, 0.7759287061602902, 0.7700146509212552, 0.7680685254653149, 0.7691690990829447, 0.7720297448262422, 0.7815584812220705, 0.7942239904905639, 0.8088144540679443, 0.8240740461619456, 0.8399973849080438, 0.8562839884912035, 0.8727379036367834, 0.8995202625583574, 0.9255533702791412, 0.938343763366749, 0.9500678782413409, 0.9596920012461325, 0.9638950695517037, 0.9621408957970496, 0.957447538357303, 0.9437110325479797, 0.9277364010147185, 0.9105687000727737, 0.8932553583885812, 0.875507314639599, 0.8574607827331233, 0.8392442941870294]}