{"x": [2.2834639228325955, 2.2851527564872005, 2.290855172364179, 2.299877899159595, 2.31014723410557, 2.3227408475675775, 2.3346909078256974, 2.3457299665974767, 2.355723858134703, 2.3644975961363186, 2.3716545662525164, 2.3744815512745574, 2.3766751119124985, 2.378117959334602, 2.3786625442841713, 2.3768054527466855, 2.3706551666778557, 2.36082197258054, 2.349353697810847, 2.3366575990052683, 2.324812715532651, 2.3141371839139633, 2.3092515599330223, 2.30468151870171, 2.296576518704476, 2.293075691464254, 2.289993521649134, 2.2873778408827996, 2.2853269806500363, 2.2839616968504926, 2.2834639228325955], "y": [0.9048425132029274, 0.8945667827531993, 0.8858532732102893, 0.880740144627055, 0.879292925742168, 0.8810187078867574, 0.8853515457406754, 0.8915806008755144, 0.8993770153322893, 0.908621016257737, 0.9191665276434648, 0.9249186844360414, 0.9309409301806874, 0.9371927700523787, 0.9435857926315225, 0.9550475129309675, 0.9648960560959671, 0.9710799457345853, 0.9729268000940046, 0.9709146647615408, 0.9659208336673529, 0.9588601281250964, 0.954720004011447, 0.9502339509016772, 0.9403771434486913, 0.9350371213905303, 0.9294449969124545, 0.9235908648636564, 0.9175157829529486, 0.9112429130301675, 0.9048425132029274]}