{"x": [2.271386914579508, 2.2743459543043714, 2.2842921359771418, 2.2990195561823334, 2.3153393753262494, 2.3336412729165485, 2.3512554270589363, 2.367822107086119, 2.383069094802267, 2.3967469770604817, 2.4080158884166227, 2.412481648203683, 2.4159357428013526, 2.4181919919468693, 2.419043710145268, 2.418238493302915, 2.4155753593287814, 2.4110135795592607, 2.4046960466850353, 2.3882268983444885, 2.369286699971242, 2.350722439863607, 2.3332331490396387, 2.317348316922547, 2.3032248260925137, 2.2910706194509767, 2.2811771006852077, 2.2772364398146174, 2.274141952972576, 2.2720773913886516, 2.271386914579508], "y": [0.8546694404555634, 0.8382903821187645, 0.8249448608391058, 0.8176405629844381, 0.8156623880276014, 0.8177027742142791, 0.8230753159818971, 0.8310460866847473, 0.8413182548251212, 0.8539470105806998, 0.8687652956316455, 0.8770076440040016, 0.8857224903983654, 0.8948320534861588, 0.9041781422920522, 0.9138281044437472, 0.9231381990258751, 0.9316938668732876, 0.9390490055778897, 0.9489051642830175, 0.9520109004382118, 0.9493844135710764, 0.9426275731051614, 0.9327859805710442, 0.9205503015228764, 0.9063923058480163, 0.8905716905930422, 0.8820592954874344, 0.8732041371198269, 0.8640389122909395, 0.8546694404555634]}