{"x": [2.3290267883123987, 2.3307306052522483, 2.336752806374614, 2.3423818159067165, 2.3503705558693495, 2.3613505248950415, 2.3745889332491243, 2.3833593247592395, 2.3915745914235886, 2.4054420600900266, 2.415864668564694, 2.423601737537906, 2.4289491541549877, 2.4325413717074036, 2.4345959539727535, 2.435262244674141, 2.4331372566001117, 2.426557111886568, 2.4210377867473527, 2.413537543245022, 2.402786903383351, 2.3877366809027136, 2.3778663226074914, 2.3694091198654497, 2.3566848418258446, 2.347640760850868, 2.3407681739647512, 2.3357210344650627, 2.332081504389269, 2.3298200723054947, 2.3290267883123987], "y": [0.9497152498115103, 0.924333679913696, 0.8996180942179468, 0.8875081532718229, 0.8768069172758951, 0.8688423268962775, 0.8658861530227036, 0.8670953678113861, 0.8703955740594118, 0.8811909793084702, 0.8949897060156513, 0.9104549376614902, 0.9262352750746934, 0.9425051824624846, 0.9590293340725169, 0.9756673913935404, 1.005890253380813, 1.0354645438467789, 1.0501725462788214, 1.063975974582656, 1.0759910310748215, 1.0817727819539766, 1.0795959302315041, 1.074060735738291, 1.0587810793685186, 1.041668710600136, 1.0235746199891151, 1.0055011862761458, 0.9870925892591592, 0.9684639127777926, 0.9497152498115103]}