{"x": [2.3111043185653126, 2.3134727001979485, 2.3222541704845634, 2.330738361963724, 2.3429766417945292, 2.359775545721819, 2.3797246238177223, 2.393273603472027, 2.4060524791055253, 2.427932843925869, 2.4445678674598503, 2.4568694793188444, 2.4652636146437366, 2.47080602753686, 2.4748964117484245, 2.4714392642075937, 2.4671776600883373, 2.4611372846176076, 2.4527506259547756, 2.441506432706994, 2.4252977090781704, 2.4011244022545872, 2.3850343088736796, 2.3719795566283564, 2.353093222484896, 2.339738407797061, 2.3294646215588424, 2.321752042664493, 2.316066550588171, 2.3124331002270573, 2.3111043185653126], "y": [0.9833416842048961, 0.9452835545181123, 0.908176732417329, 0.8899771267617315, 0.8740575897754612, 0.8625492467871595, 0.858465202882123, 0.8602612546452233, 0.8651090365248097, 0.8811884060664259, 0.9021652312798323, 0.9259438256386369, 0.9503267752836926, 0.9755115206778405, 1.0268384388079443, 1.076804163080708, 1.1014982119465941, 1.1258183925222527, 1.1502783892109096, 1.1735634831497905, 1.1946438346818031, 1.2057233283345716, 1.20130558877806, 1.1909141994768784, 1.1642301460606113, 1.1353931298043234, 1.1053203198550812, 1.075368099260542, 1.0449658859924993, 1.0142465757595933, 0.9833416842048961]}