{"x": [2.246355468725363, 2.247558500250996, 2.25195759493604, 2.2603433315536536, 2.270937419596277, 2.277730419455748, 2.2843100130459146, 2.290577449359347, 2.296515166252834, 2.302074280582838, 2.3072888350957212, 2.3166481258689626, 2.324435520701144, 2.3305363971560147, 2.334642639200215, 2.336225357345122, 2.3348759295949875, 2.330101270527118, 2.3210883476965294, 2.30934915136094, 2.302449565869669, 2.2958283300621902, 2.2896105299303775, 2.283805822876806, 2.278459668929084, 2.2735031586243473, 2.264718596266838, 2.257505744543161, 2.251816313866772, 2.247901929917203, 2.246355468725363], "y": [1.0744104367679077, 1.0638650236844098, 1.0542057800336215, 1.047398827570808, 1.0452963340521169, 1.046003756830332, 1.04783521588424, 1.0505140177870582, 1.0538606960910293, 1.0577249912643603, 1.0620429711801147, 1.0718115556318955, 1.0827537687806987, 1.0947185025156603, 1.1075329118044814, 1.1208957450527401, 1.1326034233559916, 1.1433780842458232, 1.151346170766184, 1.1539757049721953, 1.1531458820979945, 1.1510358768051894, 1.1479737109269845, 1.1441864593685283, 1.1398789555928504, 1.1351282760194354, 1.1245913390607318, 1.1131410610124755, 1.1008624423626157, 1.0878808607196517, 1.0744104367679077]}