{"x": [2.170408349439642, 2.1722561287779816, 2.179115614925422, 2.1912978523974638, 2.20587770598552, 2.2158478404114095, 2.225566592464685, 2.2349200149822033, 2.243880358281299, 2.2523788998445857, 2.2604401973537454, 2.2751447928687023, 2.2877114747863785, 2.2977190469686137, 2.3045264320448555, 2.307089455999172, 2.3047776765421886, 2.297085934568919, 2.2835099392465565, 2.266592214596496, 2.2564614114231576, 2.246677508950568, 2.237420567473638, 2.2287205763088886, 2.2206455338461124, 2.21311158716168, 2.199627354445266, 2.188357374307554, 2.179303494412633, 2.1729190444256186, 2.170408349439642], "y": [0.9274507138044742, 0.912919329656117, 0.8999762672849704, 0.8916282809868051, 0.8892780353804, 0.8901119428986118, 0.892487830258356, 0.8959875388135619, 0.9003973824303974, 0.905544534495404, 0.9113526207165297, 0.924695048784642, 0.9400534490846932, 0.9571896812614005, 0.9758927635662313, 0.9956304606833503, 1.0125269745724557, 1.027747802778539, 1.0384366518502268, 1.0419508709860905, 1.0407627144503522, 1.0378782489370912, 1.0336406052214235, 1.0283530024090406, 1.0222895990298746, 1.0155656999623515, 1.0005546668829677, 0.9840778364466514, 0.9662866686271999, 0.9473123215125733, 0.9274507138044742]}