{"x": [2.1654307283900716, 2.1672867336556956, 2.174274632580548, 2.186867207625213, 2.202036514351899, 2.2126181644027323, 2.222923343381389, 2.232829898624186, 2.242312213526196, 2.251298395159272, 2.2598184568327495, 2.275352793608932, 2.288618875492022, 2.299178820932802, 2.306357379447269, 2.3090584431240675, 2.306663776150453, 2.298683077326238, 2.2844849625963617, 2.266673333630569, 2.2559136518606446, 2.2455434136837127, 2.2357572637414296, 2.2265806587482575, 2.218083528604608, 2.2101681191010623, 2.196025199656786, 2.1842295354220904, 2.174755435916356, 2.168067105840444, 2.1654307283900716], "y": [0.9555910316091526, 0.9404744954624453, 0.9269421752904723, 0.918121460163081, 0.9156174443792202, 0.9165331018777944, 0.9191046836227196, 0.9228787541269009, 0.9276189175257981, 0.9331366747649076, 0.9393500196267777, 0.953589812186222, 0.9699413424172055, 0.9881580660993432, 1.0080184547442639, 1.0289629288242401, 1.0467481363965363, 1.062821607850499, 1.0742133036411323, 1.0779687088727932, 1.076677655972379, 1.0735319081224368, 1.0689300343764312, 1.0632085054316196, 1.0566706904303953, 1.0494394707504566, 1.0333479946430715, 1.0157596361257184, 0.9968194806715494, 0.9766634746036059, 0.9555910316091526]}