{"x": [2.25887933597424, 2.2609090153575084, 2.2681752497932988, 2.2816280024699713, 2.298253303808422, 2.3083415631120174, 2.318166285994247, 2.3275981352676838, 2.3365993950374335, 2.353103224185102, 2.367567803965434, 2.379685472972941, 2.389153084185882, 2.3954616954083776, 2.39787181164738, 2.3955311588842667, 2.3874196664260037, 2.3725514045750247, 2.363182061160927, 2.3532740702488457, 2.342917907480045, 2.3329436296414006, 2.3235596725821552, 2.3148031756387284, 2.3067485033610327, 2.2992961592771826, 2.2861316445139908, 2.275376399866618, 2.2669218724556295, 2.2611297126169387, 2.25887933597424], "y": [1.0734869978244403, 1.0569527824859006, 1.0419627287040023, 1.0317373214960308, 1.0287149279819008, 1.0295665533042957, 1.0320105381147449, 1.0356391050383942, 1.0402329706430595, 1.0516777673970268, 1.0656110254888531, 1.081522242739363, 1.09913953749449, 1.1181582943737922, 1.138050580026906, 1.1573609546575678, 1.1750406863815939, 1.188131090657734, 1.1915500558045222, 1.1926926995689413, 1.1914659219616148, 1.1884214397085422, 1.1839216162678776, 1.1782974876805627, 1.171859142253079, 1.1647322491711958, 1.1488836276758425, 1.1316629171750068, 1.1132035259652382, 1.0937038647473087, 1.0734869978244403]}