{"x": [2.30651489341657, 2.309785370173587, 2.3205507744454645, 2.336012042129396, 2.353002310477987, 2.3702079558302356, 2.386851856754006, 2.4025965667265865, 2.4171504902312306, 2.4302814008858222, 2.4411036226233067, 2.4486726928779374, 2.4508020600401847, 2.4515832727488376, 2.4506623468521864, 2.447729454736096, 2.442817626931712, 2.4361469734857586, 2.428145990613925, 2.4191740268049053, 2.4096392835505758, 2.3998576638812055, 2.3824062981373326, 2.365835293362115, 2.350658866164858, 2.337100578128764, 2.325388542150319, 2.315872088764893, 2.3091430310190924, 2.307179973353493, 2.30651489341657], "y": [0.855033656945441, 0.8379693664409551, 0.8243314743933284, 0.817013384371478, 0.815029443494089, 0.8167926157997623, 0.8214961857850563, 0.8286073245811904, 0.8379157883491551, 0.8495458503513597, 0.8633501494447111, 0.8792823733723368, 0.8878680905749576, 0.8966793589909623, 0.9065423830816367, 0.9160041742733575, 0.9246140897196232, 0.931946148023794, 0.9376596389375379, 0.9416800332896434, 0.9440031605808866, 0.9447957298088369, 0.9425340036797498, 0.936612232648281, 0.9277913063713806, 0.9166420683531807, 0.9035499118192483, 0.8887846328028397, 0.8724776189687955, 0.863853415746115, 0.855033656945441]}