{"x": [2.176570292807206, 2.1782787935330723, 2.1847975461534417, 2.197125817205655, 2.21246190841376, 2.2230103666545076, 2.233237712378148, 2.24300812601555, 2.252300882654938, 2.2610423559443102, 2.2692770007274365, 2.284143616514589, 2.296622388065467, 2.306421271047236, 2.312989358047921, 2.315434313238405, 2.3132474029737544, 2.305871728118599, 2.2921787484476313, 2.274374836459688, 2.26361998620127, 2.253318445540338, 2.243677541997948, 2.234703479578419, 2.2264590172981236, 2.218821783715846, 2.205274795787191, 2.1941032348744085, 2.1852087324574967, 2.1789951755205266, 2.176570292807206], "y": [0.9909966242962314, 0.9757396842534883, 0.9618400778391842, 0.9522967124403023, 0.9494920026995117, 0.9505055862625988, 0.9532802434207513, 0.9573229235932943, 0.9623676158202313, 0.9681976807477991, 0.9747240608795574, 0.9895515372107728, 1.0063175227410266, 1.024778289315827, 1.0446685699603566, 1.065472060655027, 1.0832584736003945, 1.0995906039696943, 1.1116949614104972, 1.1158221734537344, 1.1144421971108864, 1.1110585010844993, 1.10615927418275, 1.1001247361690425, 1.0932947853582802, 1.0857919825767601, 1.069234953644334, 1.051340601423025, 1.0322121032748746, 1.0120014019183934, 0.9909966242962314]}