{"x": [2.209787075336523, 2.2112640871377987, 2.2166476020598163, 2.2217334719226565, 2.228896098906752, 2.23837070672536, 2.249295965251639, 2.2578360452122874, 2.2658888378377076, 2.279793115821427, 2.290646140836095, 2.298961469497782, 2.304893908330432, 2.3089687532915746, 2.311348864293136, 2.3121403150788886, 2.3103225288618385, 2.3045090444105374, 2.2995254592403955, 2.2927034624874274, 2.2830614535014755, 2.2703342495299115, 2.260879786304756, 2.252595259975835, 2.2397022379440914, 2.230244143001534, 2.2228996210352188, 2.2173858934345922, 2.2133232081252086, 2.2107315177604923, 2.209787075336523], "y": [0.8146389427646593, 0.7937923991204385, 0.7735988924201169, 0.7638663324774954, 0.75554253707004, 0.7497609129631837, 0.7478028279896959, 0.748974048631665, 0.7520493135728402, 0.762050669191797, 0.7750068924961734, 0.7897210755699978, 0.8049785778482756, 0.8208335721660747, 0.8370201506692284, 0.8533616272754668, 0.8783643128181284, 0.9027495958718597, 0.9148084979731839, 0.9259311595854, 0.9351697449502835, 0.9392117835319419, 0.9372701048319586, 0.9323179725078788, 0.9183191738549907, 0.9023299535876204, 0.8852662868718403, 0.8680897299943349, 0.8505133285908334, 0.8326573201680202, 0.8146389427646593]}