{"x": [2.285857617524157, 2.2886247256097794, 2.2981778198331066, 2.3126616036339818, 2.328846987797929, 2.3468721357004543, 2.3641783367131635, 2.380398014794003, 2.395263663130845, 2.4085122137734447, 2.4193600758790392, 2.4236334137619155, 2.4269259593217942, 2.4290681369259595, 2.4298710638474015, 2.429098937228612, 2.4265531938595184, 2.4221765491796656, 2.416077168812198, 2.399974709243204, 2.381313461554908, 2.363044824378891, 2.3458829422366847, 2.3303582421699827, 2.316608539186318, 2.3048363252725093, 2.2952905293602033, 2.2915003156266223, 2.288527221730242, 2.2865402431192803, 2.285857617524157], "y": [0.8890376365647499, 0.872796871636689, 0.859374587055952, 0.8518686044595682, 0.8498306870438848, 0.8518934597699663, 0.8573392282864467, 0.8653927904455603, 0.8757344692271765, 0.8883740839438167, 0.9031256208824773, 0.9112905033958173, 0.9198978181253944, 0.9288704744433519, 0.9380602946073592, 0.9475585411159267, 0.9567417898303892, 0.9652219984938615, 0.972561379718642, 0.9825108643687533, 0.9856793472375684, 0.9830191582568287, 0.9762155187146979, 0.9663475758022027, 0.9541271716621461, 0.9400565734736173, 0.9243899039418983, 0.9159862227432697, 0.9072599239564004, 0.8982443255184911, 0.8890376365647499]}