{"x": [2.2237932712225312, 2.226433908830687, 2.235392233778882, 2.2484936175645993, 2.262900886906149, 2.2816407359721227, 2.299647545173377, 2.316602658654971, 2.3322922150356105, 2.3465192970307442, 2.3528276466251916, 2.3584582733491932, 2.3632989327273974, 2.367116480496354, 2.369674384614315, 2.370681720666144, 2.3675798935490833, 2.357559978150812, 2.342525756682866, 2.325454661732657, 2.3065461601828976, 2.2887321924691677, 2.2724850475948175, 2.257915788836189, 2.2451986480982002, 2.239624660972136, 2.2346560335146677, 2.230369110462816, 2.2269438322306887, 2.2246067886803016, 2.2237932712225312], "y": [0.7971413430541271, 0.7826666522234642, 0.770994546340487, 0.7647835380355407, 0.7631545900975109, 0.7653308545945547, 0.7709587220917707, 0.7791419211915108, 0.7895476139247443, 0.8022419855173322, 0.809403189326152, 0.8171086521475647, 0.8254135831788262, 0.8342357253042704, 0.843517695678628, 0.8530928260477572, 0.8702042533259381, 0.8844177529080993, 0.892907854142028, 0.8954938455013655, 0.8927142965202799, 0.8857918780346863, 0.875854232472412, 0.8635878876576899, 0.849409674996023, 0.8416798884500601, 0.8335477501263123, 0.8249760348999605, 0.8160250863353288, 0.8067103071316147, 0.7971413430541271]}