{"x": [2.2631687601885964, 2.2647857535402265, 2.27056409871005, 2.2760027209225355, 2.283723558023491, 2.2942318133386226, 2.3066962736017835, 2.3154362802385284, 2.3236242732948638, 2.337530277047863, 2.3481126552487535, 2.3560548870748956, 2.361608559647991, 2.365369339460575, 2.367537462362925, 2.368247532493246, 2.3662491619290904, 2.3599775672414545, 2.3546716434880866, 2.347434845299649, 2.3370894970116223, 2.3228680796520496, 2.313054533256959, 2.304589446950104, 2.291726860604517, 2.28249442356953, 2.2754272184268958, 2.270197320194242, 2.266397168520331, 2.2640143753212523, 2.2631687601885964], "y": [0.9051603969252713, 0.8813743562405093, 0.8582442648862852, 0.8469525476618325, 0.8370798497576295, 0.8299232256880309, 0.8274176462760703, 0.8286973923861041, 0.8320113380443636, 0.8427016250981604, 0.8563599818187662, 0.8717046352952644, 0.8874386358865328, 0.9036946682701269, 0.9202284224307398, 0.9368886020208073, 0.9652705350591033, 0.9930229170825625, 1.0068066695834434, 1.019681971982297, 1.0307411895198686, 1.0359454005099, 1.0338161055997606, 1.0284140778804287, 1.0134013130949495, 0.9964988320340842, 0.9785827395167452, 0.9606475038526879, 0.9423558838833016, 0.9238248506275267, 0.9051603969252713]}