{"x": [2.1003627642975147, 2.10154837846292, 2.1061616690260383, 2.116373043658658, 2.131178283374106, 2.142228572080314, 2.152633024210655, 2.162237122284216, 2.171116144493007, 2.1792194009153834, 2.186688119819587, 2.199791271061935, 2.2103209762149834, 2.21837367062213, 2.2236616661324384, 2.225677248121233, 2.2241198117833085, 2.2188460225542443, 2.2076344403415242, 2.1906504318259947, 2.179366427995919, 2.1689493798986095, 2.1595945684636653, 2.1511426661300654, 2.143591685196268, 2.136713136494385, 2.1247393103869623, 2.1151073846577093, 2.10755994201823, 2.102371602371276, 2.1003627642975147], "y": [1.190423197694431, 1.1757082326481303, 1.1616849153714193, 1.1502826293875577, 1.1463981507206609, 1.1479518365178252, 1.1519854696090106, 1.1575598114742383, 1.1642287657890313, 1.1716293483883047, 1.17966984746395, 1.197254523929079, 1.216113110942521, 1.2361549448790348, 1.2571175416887057, 1.2786426616829896, 1.2957677819647562, 1.3121348983808836, 1.3260080703160166, 1.331458568458276, 1.3293857332126826, 1.3245783953494903, 1.3180530119775238, 1.3103941300697135, 1.302085146778332, 1.2932114731222377, 1.274235632860715, 1.2544509416029344, 1.233781057446914, 1.212366017878176, 1.190423197694431]}