{"x": [2.2536125789152943, 2.2554845115862086, 2.2624981678015086, 2.2760415838599, 2.293324620351392, 2.303717937174968, 2.313799281030676, 2.32342071536505, 2.332546757389256, 2.349108228244116, 2.363436055987009, 2.3752471749976074, 2.3843568446328254, 2.390351919350148, 2.3926252714177396, 2.3903980684955006, 2.3825993116531685, 2.3677597304733387, 2.358103294739852, 2.347773073642585, 2.3370657164999127, 2.326821289055351, 2.317270538957727, 2.3084308792464094, 2.300370160268608, 2.292956915621687, 2.2799596330617407, 2.2694565554445947, 2.2612629623422706, 2.255694369641569, 2.2536125789152943], "y": [1.0967609687367914, 1.0795717686557882, 1.0637672959394089, 1.052486887310551, 1.0490273516482886, 1.0499950928343598, 1.052701393568096, 1.0566929293413663, 1.0617148526235762, 1.0741002946443663, 1.0890132032505606, 1.1057951326357145, 1.1241839772244315, 1.1438393823885669, 1.164262598183573, 1.1843141123775227, 1.2029206447261682, 1.2172794152203057, 1.221171423322925, 1.222467961107718, 1.2211053129645766, 1.2177058992980943, 1.212739054932586, 1.2065952135799345, 1.1996360938111872, 1.191990942262673, 1.175144609218822, 1.1570552131286005, 1.1378092805085824, 1.1176100511651792, 1.0967609687367914]}