{"x": [2.287292684570651, 2.289329269642759, 2.2966852902207378, 2.310796187953416, 2.3286615920763, 2.3395171498361798, 2.350058177968758, 2.360137204227172, 2.3697181348141605, 2.3871724910884247, 2.40235127447929, 2.4149375622384754, 2.424687548789898, 2.431124024497657, 2.433564031986761, 2.431167843800366, 2.422834667642135, 2.407171763497976, 2.39706716175276, 2.386288095947147, 2.3751014741283583, 2.3643850306322363, 2.3543795562962724, 2.3451083559379184, 2.3366442686281257, 2.328854120756618, 2.315181781400394, 2.3041147792504355, 2.295465208501902, 2.289571995848086, 2.287292684570651], "y": [1.1351112048214, 1.1173610179488656, 1.1010789488536254, 1.0895854004366463, 1.0861146043375385, 1.0870989461378018, 1.089873615301147, 1.093965300516044, 1.099116458376458, 1.1118466416619783, 1.1272192359194573, 1.1446103778576393, 1.1637363868432613, 1.1842509424654686, 1.2056126272156544, 1.2265598605862171, 1.2459270100621038, 1.2607279447480735, 1.2647109062369224, 1.266044584987351, 1.26463311030879, 1.261127314068384, 1.25599070865754, 1.2496236782861971, 1.2423982313924995, 1.2344508133877967, 1.216915616580164, 1.1980605246884273, 1.1779812330500468, 1.1568906868157787, 1.1351112048214]}