{"x": [2.253314935189205, 2.255680287862109, 2.2641211372264514, 2.2778668332613674, 2.2936415299498947, 2.3035261257168536, 2.3132361095489715, 2.3226785585816536, 2.3318153054615705, 2.348978601171168, 2.364510301145545, 2.3781133260505665, 2.389140497104108, 2.39678745292896, 2.39980683610081, 2.3970121723942808, 2.3876220031495063, 2.3721195252316134, 2.3535617001999363, 2.343480762381291, 2.333651987311057, 2.324233572396819, 2.3152828218715285, 2.306878485772788, 2.298978187537816, 2.291589360670954, 2.2847165408301775, 2.272653922036371, 2.262912549926745, 2.25601997370107, 2.253314935189205], "y": [0.9073027172115294, 0.8915227582789094, 0.8779819289398, 0.8699354799083949, 0.8677335612259122, 0.8684107589542881, 0.8703805417391426, 0.8733433520118703, 0.8771457124497186, 0.8868428831240426, 0.8989829051424739, 0.9134045309449298, 0.9298795749785166, 0.9482537730037216, 0.967925336533808, 0.9865019641142813, 1.00277236543234, 1.0135455473801067, 1.0170089851185509, 1.0160264389745857, 1.0135798321718545, 1.0098855223769638, 1.0051697478497634, 0.999645528485523, 0.9934217713691716, 0.9866024344394854, 0.9792633291762216, 0.9633643645685183, 0.9459462843877547, 0.9271445145640648, 0.9073027172115294]}