{"x": [2.2733395720402645, 2.2746894106634064, 2.2794942247676167, 2.2887609938884665, 2.300699759829527, 2.3076846665390893, 2.3144483489956937, 2.320881152279386, 2.3269577366801504, 2.3379124483753593, 2.3473240705813834, 2.3550282859340514, 2.3609594881542155, 2.3648606914549877, 2.366313824480219, 2.364809714264766, 2.3596167195978777, 2.349739311880063, 2.3433613297818234, 2.33656651549412, 2.3294389461239566, 2.322607662617097, 2.316214997279224, 2.3102761135383543, 2.3048411011024497, 2.299832876166584, 2.2910424539992205, 2.2839461957919474, 2.2784421790276626, 2.27474118902691, 2.2733395720402645], "y": [1.163484612555139, 1.1516018413254294, 1.1406503081985055, 1.1327095485372234, 1.1301808054221663, 1.1309030195032046, 1.1327906409023119, 1.1355719454067204, 1.1390636118932729, 1.1476300736135676, 1.1578678146818648, 1.1692848116293924, 1.1817155635665704, 1.1949442436475741, 1.2086594092787462, 1.2218253704157338, 1.2340170760630402, 1.2433085416512037, 1.2457712871443742, 1.2465290930596507, 1.2456792363661704, 1.2434751340149064, 1.2402533955613428, 1.2362564681542412, 1.2317096280873208, 1.2266965653743316, 1.2155978525622981, 1.2036110472192505, 1.1908147124965693, 1.177364312249667, 1.163484612555139]}