{"x": [2.18047421821636, 2.1815636355676085, 2.185534145403637, 2.193156550909758, 2.202809453854697, 2.209494996516768, 2.215952007993435, 2.222084419465701, 2.2278837901546993, 2.233305820345817, 2.2383912998354, 2.2475300443274673, 2.2551610341347605, 2.261181499984903, 2.2652822104040466, 2.266899053848436, 2.2657204471266326, 2.2614392737698843, 2.253215285390395, 2.242460068786781, 2.235674663796761, 2.229182434504881, 2.2231013282704226, 2.2174292990602065, 2.2122055975724395, 2.207357118600423, 2.198739089308556, 2.1916204494056766, 2.18596503051332, 2.182036370999057, 2.18047421821636], "y": [1.0196921947358133, 1.0100875400718843, 1.0012744093557007, 0.9950480121991525, 0.9931269312569773, 0.9938559460299363, 0.9957360912412834, 0.9984584221021479, 1.0018325672372572, 1.0057013682995697, 1.0100029879264278, 1.0196801198898124, 1.0304636541026118, 1.0422225063639892, 1.0548095280662844, 1.067948582771706, 1.0786666517272152, 1.0885629980544813, 1.095895171918147, 1.0982868395878584, 1.0974232100314842, 1.09526948402503, 1.092181724776232, 1.088394615740072, 1.0841141517708088, 1.0794129093091438, 1.0690278507753492, 1.0577687936127043, 1.0457082115616356, 1.032949934772699, 1.0196921947358133]}