{"x": [2.216265765444285, 2.217453258709623, 2.221731734923981, 2.2302563704106646, 2.2415113970861227, 2.248521714204677, 2.2552727828865216, 2.261650485403496, 2.2676424619367013, 2.2731990438637597, 2.278368974230846, 2.2875383867372174, 2.2950169833685155, 2.3007816991705368, 2.304592785606219, 2.30603285705382, 2.3047174087055806, 2.30006938157794, 2.2909386755147083, 2.2784758318439797, 2.2713309599303884, 2.2645269143639246, 2.2582062518633057, 2.2523648256669193, 2.24704367187852, 2.2421513776669872, 2.233577997069129, 2.226661669902441, 2.2212855518299075, 2.2176539347254596, 2.216265765444285], "y": [1.1839342429024444, 1.17273519672311, 1.1623177394102506, 1.1545481627272338, 1.1520262375600574, 1.1528180744682102, 1.1548661524561834, 1.1578411166633356, 1.1615318779200925, 1.1657568912155318, 1.1704471108328023, 1.1809571687856544, 1.192544175211261, 1.2050723904553666, 1.2183451630826774, 1.2320789559769338, 1.2445337188342924, 1.256163308939307, 1.2652174615782137, 1.268383689753937, 1.2674448411367936, 1.2650709002535745, 1.2616590490211657, 1.257479426637387, 1.2527757761234053, 1.2476275275721715, 1.2363194958971726, 1.2242028447668394, 1.2113286003012, 1.1978369681068233, 1.1839342429024444]}