{"x": [2.2073994684313205, 2.209252989282944, 2.2159140788637686, 2.228269404382073, 2.243521759165965, 2.253265942674655, 2.2627406554939733, 2.271820941214617, 2.280476480031899, 2.288635461805146, 2.296329130120872, 2.3102305455271743, 2.321904064620987, 2.3310755792681337, 2.3372496284624815, 2.339662199830864, 2.337604343600975, 2.330275051508726, 2.3166587453219054, 2.2989846303828494, 2.2889875221420564, 2.279372133113303, 2.270333597337696, 2.261896761889829, 2.254128501662268, 2.2469291598396235, 2.234170130785214, 2.2236830358991355, 2.2153856663840985, 2.2096514534641534, 2.2073994684313205], "y": [1.0188241002458263, 1.0036580618278084, 0.9899076383274059, 0.9805520469114712, 0.9778048969425994, 0.9786729843525427, 0.9811086577694402, 0.9846974721806285, 0.9892155276726533, 0.9944755510223494, 1.0003953734067719, 1.0139248270241032, 1.0293088462615627, 1.046303622370983, 1.064642892286478, 1.0838425590512961, 1.1015356679546102, 1.1177702715024005, 1.1297706530610483, 1.1338984385263349, 1.1326897667288627, 1.1296985538447841, 1.1253107408225937, 1.1198547496468092, 1.1136311613535135, 1.1067574145202148, 1.0915004005220441, 1.074924465955415, 1.0571510468966714, 1.0383503700323982, 1.0188241002458263]}