{"x": [2.304932516089529, 2.306772828847274, 2.3128053987820887, 2.3234197192545976, 2.3297904528138904, 2.336408679412811, 2.342868778033179, 2.349189144996358, 2.3611046650288343, 2.3717745603749085, 2.3810554455893094, 2.388727736310752, 2.3946185144959458, 2.398445999979234, 2.3998299012027613, 2.397881043820047, 2.391502926006654, 2.3864321060089204, 2.380265190101956, 2.373310472365919, 2.365979591031788, 2.359353753080404, 2.3529236248323753, 2.346811692189179, 2.3410641246275756, 2.3308111917300782, 2.3221247836801275, 2.3151088778209172, 2.3097225672644974, 2.306182420593125, 2.304932516089529], "y": [1.1609707825796995, 1.1480334648758412, 1.1364416988154669, 1.128565662299521, 1.1266855447601072, 1.1261197137510088, 1.126655267501655, 1.1280949388028452, 1.1331210901031221, 1.140339077419712, 1.1492727875804312, 1.1595389227884096, 1.1709212032890686, 1.1831711271996885, 1.1959302454429013, 1.2102157924728048, 1.2231461641689405, 1.2284950736023035, 1.2325315566968023, 1.2349732073529285, 1.2357399769267892, 1.2351029379730214, 1.233382182935102, 1.2307718547223316, 1.227434939809098, 1.2191527830081692, 1.2092400099619678, 1.1982941415717585, 1.1864610258184631, 1.1739310919688482, 1.1609707825796995]}