{"x": [2.270053364697927, 2.2715811555877576, 2.277043049836261, 2.287106076857972, 2.2996212991585665, 2.30658856847044, 2.3133798308891667, 2.3198967064873197, 2.3261041909834117, 2.337437664303223, 2.3472991881435963, 2.3554835140087844, 2.361828907534805, 2.3660195101111614, 2.3675800717017057, 2.3658285470814358, 2.3598958821042486, 2.355069703873552, 2.3491373914114844, 2.342415254738539, 2.3353247573673945, 2.328230774039294, 2.321377183561376, 2.314896603459567, 2.3088225483038327, 2.2980138056898425, 2.2888278950873993, 2.2813465441790846, 2.2755152149546736, 2.2715739489236473, 2.270053364697927], "y": [1.1320443767395196, 1.1195713860692857, 1.1082542595576246, 1.1004286325039507, 1.0980049653672346, 1.0986351236914345, 1.1003140209300175, 1.1028299531473387, 1.1060341252267902, 1.1140538129470392, 1.1238269064269433, 1.1349415790851267, 1.1471994385706192, 1.1603749498694154, 1.1741124858733643, 1.1879122399685904, 1.2004941530923003, 1.2057411898358867, 1.2096948033419572, 1.2120653863393622, 1.2127945174847197, 1.2120394334546563, 1.2100587646502325, 1.2071100606441734, 1.2033954102250346, 1.194330070957273, 1.1836236084537652, 1.1718940660552486, 1.1592628200451174, 1.145896474176789, 1.1320443767395196]}