{"x": [2.223287486739327, 2.2263552954500003, 2.236308704531428, 2.250812303973027, 2.266798872265394, 2.284681320669636, 2.301922571444008, 2.3181808304193843, 2.333190385996237, 2.3467228934969, 2.3579253844751853, 2.3623852291422645, 2.3658429098690936, 2.368103566979046, 2.368949120651984, 2.368121751434917, 2.3654236146951506, 2.360835156261008, 2.354530778262634, 2.3383251193303325, 2.319842354017408, 2.3017344862876237, 2.2846157159258427, 2.2689958316005145, 2.2550506835662105, 2.242990394362306, 2.2331394858474547, 2.2292056323820164, 2.2261118907818584, 2.2240465074916997, 2.223287486739327], "y": [0.84310490534221, 0.8270774487347393, 0.8141460735856151, 0.8071641894463579, 0.805285163866476, 0.8072110639933852, 0.8123326188319528, 0.8199576355514878, 0.8298158862213056, 0.8419931123694654, 0.8563429483197611, 0.8643574189425803, 0.8728524997432452, 0.8817529501836455, 0.8908969989366313, 0.9003253783587639, 0.9093972544868076, 0.9176872688771958, 0.9247606773517798, 0.9341222098288114, 0.9370631379367325, 0.9345761833231362, 0.9281709106302645, 0.9187851838434501, 0.9070546467732773, 0.8933998656556541, 0.8780746177136458, 0.8698029785930924, 0.8611818429521426, 0.8522454294762467, 0.84310490534221]}