{"x": [2.282637756897967, 2.2840363400078716, 2.289069823800996, 2.293862027234181, 2.3008253561657908, 2.3108575944440717, 2.3234885383335113, 2.3326836960072437, 2.3410743512379812, 2.3547090164954434, 2.3646714044452564, 2.372020471737196, 2.377114436561433, 2.3805557767620913, 2.3825416844410197, 2.3831946772341737, 2.3814223566956607, 2.375808647753808, 2.3710256541040557, 2.3644320080661374, 2.3547162203916616, 2.3403841656157454, 2.3301348759815346, 2.3217241181205632, 2.3094434078553583, 2.30076693465545, 2.294147515272038, 2.2892411251655673, 2.285676568731975, 2.2834380725722614, 2.282637756897967], "y": [0.9724422339973978, 0.9482465376468634, 0.9245389060167969, 0.9127224890161775, 0.9020404960060803, 0.8937478877981356, 0.8906058482973503, 0.8921992839046523, 0.8962842400217134, 0.908758247052466, 0.9238918027071001, 0.9404527474371887, 0.9571713628858075, 0.9743066410502462, 0.9916628294126663, 1.0091200543981307, 1.0383123774692258, 1.06701462682872, 1.0813973141618245, 1.0950451182013785, 1.1072459998826638, 1.1133982555532567, 1.1106714733250551, 1.1042106350257248, 1.0874239170956925, 1.0691495387326244, 1.0500336453773087, 1.0309852709347413, 1.0116408358121316, 0.9920972812793316, 0.9724422339973978]}