{"x": [2.3093496512730014, 2.3112544797212897, 2.317680380891628, 2.32766502446343, 2.3389679511546113, 2.351544542305918, 2.3635466437990007, 2.3746915793075436, 2.384806466042807, 2.393701039580153, 2.400926367032247, 2.40375974163452, 2.405940281440282, 2.4073562828811674, 2.4078740457675516, 2.4073625263421303, 2.4057076443139396, 2.3987939633842825, 2.3880161563670277, 2.375520556461709, 2.3628465918406834, 2.35094919644302, 2.340176668417284, 2.3306272370862087, 2.322452839529231, 2.318934179879026, 2.315846354792801, 2.3132374153280546, 2.3112017437325876, 2.3098514135743153, 2.3093496512730014], "y": [0.9266844423921802, 0.9153629232406176, 0.9058490932302776, 0.9003237245800232, 0.8987531660198543, 0.9003441283579736, 0.904424736878546, 0.9104060312350842, 0.9180004065222243, 0.9271234971775864, 0.9376182036874049, 0.9433656493688559, 0.9493911277443482, 0.9556470554820194, 0.9620403029770753, 0.968383031385755, 0.9745273963864385, 0.9851491576846071, 0.9917849833791501, 0.9937987583804235, 0.9919405792523803, 0.9871935600151586, 0.9803502673617869, 0.9718834866478413, 0.9621198276682421, 0.9568075792810772, 0.9512338655372797, 0.9453930864614464, 0.9393286568511028, 0.9330686976552116, 0.9266844423921802]}