{"x": [2.2556456665580904, 2.2571997101334533, 2.2626309878425275, 2.2721614939959167, 2.2836099256200186, 2.290423438067049, 2.297080229655713, 2.3034949430031606, 2.309636459595561, 2.315454326106344, 2.3209588817152818, 2.3309505325439965, 2.3394101110993626, 2.3460932331627355, 2.3506085575752387, 2.352337152016731, 2.350627488464084, 2.3447940827999174, 2.3345355525852156, 2.3217979882356494, 2.314866234898325, 2.3081456582882693, 2.301751537489981, 2.2957164813886908, 2.290095273572211, 2.2848463208049297, 2.2754687388906323, 2.2676862644028177, 2.26152466671288, 2.2572867448097744, 2.2556456665580904], "y": [0.9932873070499328, 0.9818726675576721, 0.9717134220827698, 0.9650721092967685, 0.9631046245040518, 0.9637024450619563, 0.965273580648207, 0.967621285299117, 0.9706116094292251, 0.9741303920113753, 0.9781215408617511, 0.9873282355181102, 0.9979223071386764, 1.0097178445288149, 1.0225362588881681, 1.0360163131349087, 1.0487298443491937, 1.0601547383862127, 1.068125063838072, 1.0706780981925514, 1.0699692432297996, 1.0681292623287844, 1.0653910519331928, 1.0619326310785373, 1.05792106000499, 1.0534333908281213, 1.0433112154990878, 1.0320868813133612, 1.0198972422303652, 1.0068791382519007, 0.9932873070499328]}