{"x": [2.2957405079702347, 2.297448130980166, 2.3035220492401858, 2.3091584105674348, 2.3169997324763902, 2.327286926375439, 2.3391446980335786, 2.3472113188574735, 2.354871902534749, 2.368209562225745, 2.3786268663469228, 2.3865411376523613, 2.3921123460451716, 2.395890577770768, 2.398066719854517, 2.398778484454074, 2.396699418937745, 2.390221030877693, 2.384774465063575, 2.377408711201233, 2.36709839431245, 2.3534833653760305, 2.3444422366891766, 2.336442937093802, 2.3239448173318964, 2.3148431376300187, 2.3078534698825, 2.3026815770492504, 2.2989255829762083, 2.2965731933048326, 2.2957405079702347], "y": [0.8392052183573002, 0.8165288275549697, 0.7946143986750135, 0.7841063918967196, 0.7751230491901255, 0.7688436974731676, 0.7666873423063818, 0.7677098836698819, 0.7704359467799411, 0.7795739898356498, 0.7916791166107582, 0.8055506208225756, 0.8199507292522852, 0.8349215826271335, 0.8501964512256335, 0.8656091277039393, 0.892439213989846, 0.9185582976581865, 0.9314363862068404, 0.9433214993267853, 0.9532409861062147, 0.9576375574265551, 0.9558834803486886, 0.9513194908317443, 0.9381251297651638, 0.9228975189049625, 0.9065921440032749, 0.8901939900558011, 0.8734148233039343, 0.8563807666388061, 0.8392052183573002]}