{"x": [2.2465143919306203, 2.2486296755124333, 2.256165043718532, 2.269879225851455, 2.286645876062019, 2.296669191851064, 2.306447660093778, 2.315855929239555, 2.324852366580458, 2.3413971802564237, 2.3559398094347244, 2.368162427485891, 2.377727824437538, 2.3841105455044382, 2.386560206658162, 2.3841608790895803, 2.375841955940578, 2.3607318512377633, 2.3512700324925064, 2.341282399527261, 2.330980360760535, 2.3210413275402964, 2.3116675599307137, 2.3029009147613677, 2.2948182189633695, 2.2873279857631474, 2.2740706453656676, 2.263210043257153, 2.2546593940448147, 2.2487939874055534, 2.2465143919306203], "y": [1.0220888958982897, 1.005401776691598, 0.9903634058340767, 0.9802713423021474, 0.9773035184151805, 0.9781298037787595, 0.9804816468294788, 0.9839896269412755, 0.9884489506518129, 0.9996216355946121, 1.013299050737318, 1.0290030300881163, 1.0464532604772097, 1.065342664704953, 1.085130233543213, 1.1046079665947481, 1.1223825094932087, 1.1354318519783952, 1.1388200738570815, 1.1399395599976168, 1.1387594583172638, 1.1358030650122233, 1.1314169747050706, 1.1259168619920668, 1.119599758335182, 1.1125903235090997, 1.0969584435483613, 1.0799117222895829, 1.06159698008879, 1.0422125641107383, 1.0220888958982897]}