{"x": [2.2163998214971405, 2.2186137097832033, 2.226512466454009, 2.239232033904546, 2.2537486872829464, 2.2725008357389904, 2.2902842886730452, 2.306732757188197, 2.3216570467977196, 2.33479229331129, 2.3455176609767783, 2.3530433594849773, 2.3560732035046215, 2.353502706354119, 2.3447464325705187, 2.330374264848919, 2.3133159278367295, 2.30369039683445, 2.294301029273231, 2.2852919201576802, 2.2767139473351996, 2.2686395821324004, 2.2610300754734167, 2.253894012582829, 2.247237381346201, 2.23548629043302, 2.225930842042537, 2.222116526350218, 2.219107629739468, 2.21708473508705, 2.2163998214971405], "y": [0.8700207311205109, 0.8554891767002519, 0.8430925231894241, 0.835821574290819, 0.8338414559341882, 0.8363867320611151, 0.8428574587608066, 0.8520979592306798, 0.8636393865721638, 0.8773395217999338, 0.8929982220867249, 0.9105099653504936, 0.929327970967165, 0.9464063776259938, 0.9612928513196429, 0.9709750686306823, 0.9740275553963426, 0.9730933372151757, 0.9707774383645797, 0.9672926692393463, 0.9628512679774848, 0.9576498070921192, 0.9517892629896447, 0.9453640475584729, 0.9384433505202441, 0.9234056856254285, 0.9068856096814318, 0.8980888915410628, 0.8889851672796634, 0.8795984699980358, 0.8700207311205109]}