{"x": [2.282684450482683, 2.284221414530614, 2.2897400555960217, 2.294950859939485, 2.3023731776027008, 2.312526784069054, 2.3246233863017443, 2.333364693452225, 2.3415342776175967, 2.3553529222242, 2.365839523288705, 2.373711986566546, 2.3792250434790754, 2.3829660319456956, 2.3851289425539624, 2.3858406737781195, 2.3839326428944476, 2.377905770377211, 2.3727813237851487, 2.3657668193422907, 2.355689616344944, 2.341795448805161, 2.3320563247739354, 2.323693373850129, 2.3110089425272506, 2.3018887276499163, 2.294892463173551, 2.289698469826027, 2.285914941387134, 2.283533803228704, 2.282684450482683], "y": [0.8960724723072564, 0.8729727125833272, 0.8504892573644536, 0.8394889234406333, 0.8298416943644829, 0.8228081426133349, 0.8203103858329944, 0.8215926573790266, 0.8249560731400831, 0.8357544858423374, 0.8494704116078867, 0.8648365999261124, 0.8805720955282574, 0.8968203146201619, 0.913343059318984, 0.9299915641571478, 0.9576785109425006, 0.9847688120078077, 0.9982421634835359, 1.0108353314838656, 1.021656412985966, 1.0267158530242793, 1.0244767768397112, 1.0190063974285657, 1.003965585440011, 0.9870973208083444, 0.9692432189135574, 0.9513655966621819, 0.9331372709900558, 0.9146716252668898, 0.8960724723072564]}