{"x": [2.209369450806474, 2.211518553240202, 2.2193931973846728, 2.2325381971195637, 2.2477589193342533, 2.257928740975759, 2.267895463260578, 2.277558703324097, 2.286884561217462, 2.304334321077309, 2.320065242063141, 2.3337845695333015, 2.34487362916598, 2.3525239289769244, 2.3554265062644326, 2.3526691090866314, 2.3437372182264067, 2.328882458754382, 2.311036629632769, 2.300726952957907, 2.290703746540931, 2.2811328128513635, 2.272062741944178, 2.2635691208188886, 2.2555953376239013, 2.2481427465619297, 2.2412114512729384, 2.2290444462638446, 2.2191875860321035, 2.212167102722455, 2.209369450806474], "y": [0.900488559371823, 0.8852710564995876, 0.8720732909866263, 0.8640950161953607, 0.8619101816619283, 0.8626589914554916, 0.8648154782336259, 0.8680284089187359, 0.8721185808790927, 0.8824396219864855, 0.8952285286498528, 0.9102787177595797, 0.9273597275346174, 0.9463197924998402, 0.9665580284845512, 0.9843840188628361, 1.000055346114345, 1.0104898624269998, 1.013816932100592, 1.0127371869813806, 1.0100932097149606, 1.0061490897961591, 1.0011598346049895, 0.9953614372684497, 0.9888666860760106, 0.9817838684708313, 0.9741901497255775, 0.9578266197545033, 0.9399760334790479, 0.9207572772021938, 0.900488559371823]}