{"x": [2.293096260945205, 2.295642686805866, 2.304969286294967, 2.3139382621332505, 2.326702738049246, 2.3436383645222665, 2.3631247173164525, 2.377043336577358, 2.3902668948801096, 2.413334769487865, 2.431335220151942, 2.4448676455738863, 2.454210041016407, 2.4603869935070954, 2.4638176674852925, 2.464836816954513, 2.4610903303479614, 2.4502636445737127, 2.4414652468389857, 2.4296997620547423, 2.41293444455195, 2.3889671662244236, 2.3725317516702766, 2.358867185688802, 2.338702228249837, 2.324294156056828, 2.313149061676086, 2.304746885350125, 2.298523240270027, 2.2945328437926285, 2.293096260945205], "y": [0.9555688789978637, 0.918456853299782, 0.8824457261576218, 0.8650407682708766, 0.8501934371565975, 0.8399684442015267, 0.8365555305276321, 0.8383429503491754, 0.8430397937106474, 0.8587438260910459, 0.8796429856009518, 0.9036776388027329, 0.9286296829775293, 0.95454743980626, 0.9809451914430946, 1.007545419821514, 1.0562010535598392, 1.1037845562841744, 1.1274384770620767, 1.1497654369683756, 1.1695309208676334, 1.1793960004067026, 1.1752613747428542, 1.1652365247447367, 1.1387813915802394, 1.1098057097115268, 1.0794252957031536, 1.0490939100325445, 1.0182417502114116, 0.9870158847245392, 0.9555688789978637]}