{"x": [2.1991770125777435, 2.2014269253963943, 2.2094859776816818, 2.222645710259649, 2.237762829850983, 2.247447840370506, 2.2569557116047942, 2.2661938855851047, 2.2751263092687806, 2.291887966649987, 2.307044529553395, 2.32031281708476, 2.3310831007797295, 2.3385788119655713, 2.3415635593200785, 2.33893890347371, 2.3300171734381987, 2.3152039339486823, 2.297467513943335, 2.287597593980241, 2.2779794638078528, 2.26876655366471, 2.2600116777615873, 2.251790109980568, 2.2440580872235603, 2.2368219158214, 2.2300860118293677, 2.2182446680879733, 2.2086601284298015, 2.2018567171865526, 2.1991770125777435], "y": [0.8929014616571089, 0.8777794408192254, 0.8647875472630145, 0.8570522676671771, 0.8549342952380148, 0.855615436536912, 0.8575810832051939, 0.8605295186081686, 0.8643042950189399, 0.8738990075639, 0.8858693988666272, 0.9000394032409356, 0.9161898666123919, 0.9341787575859395, 0.953436929042999, 0.9711901302016825, 0.986761504671074, 0.9970543154778142, 1.0003396501443342, 0.9993657811320468, 0.9969460057461926, 0.993306321200847, 0.9886719749884697, 0.983253507947266, 0.9771568050727915, 0.9704827442794256, 0.9633041050319694, 0.9477563461902289, 0.9307244107117303, 0.9123298920106009, 0.8929014616571089]}