{"x": [2.27400814482831, 2.2765886380365665, 2.285564809470123, 2.3009900015327442, 2.3192914500833415, 2.329094812193342, 2.338714048354298, 2.357029561270953, 2.3737458332893255, 2.388600838443818, 2.4012339865312247, 2.4111420549253806, 2.4177135342531235, 2.4201597969077517, 2.417146779746201, 2.4131092789593573, 2.407284520673835, 2.3996166042224933, 2.3904248866304347, 2.3801770711946233, 2.3694343811967515, 2.3593574234224626, 2.3495570466803675, 2.340217951554636, 2.331410290220556, 2.3156023842821254, 2.302067629633501, 2.2909503206819704, 2.282226680972918, 2.276287759553958, 2.27400814482831], "y": [1.0497555974250345, 1.0315108291695214, 1.0154186304294284, 1.0051369307881894, 1.0021861887406298, 1.0028750419943842, 1.0048876828328752, 1.0118932078328455, 1.0220265695761193, 1.0347327724814825, 1.0496794366256477, 1.0665563255668453, 1.0850366282290043, 1.1044974022646004, 1.1255253459215067, 1.1354010612017782, 1.144339928905016, 1.151963676411243, 1.157658480749524, 1.1610839768751904, 1.1622443029168934, 1.161247944230905, 1.158700313109851, 1.1548188592794246, 1.1498479958303498, 1.1374874558597734, 1.1226724885927146, 1.1062552709951816, 1.0884502800601892, 1.0694915469734476, 1.0497555974250345]}