{"x": [2.3358673707955226, 2.3375796709747116, 2.3436684276588204, 2.349372704099475, 2.357430724866685, 2.3683151328793217, 2.381158633065294, 2.389894504180062, 2.398111107894593, 2.4121507025834, 2.4228840392400794, 2.430942200310256, 2.4365688251685476, 2.4403703367748677, 2.442555624061741, 2.443268383949145, 2.4411539374432123, 2.4345639765481315, 2.4290170226841212, 2.421481315501282, 2.4107670268661723, 2.39612656133662, 2.386281205376377, 2.3777403965553816, 2.3647063231428325, 2.3553501643754573, 2.3482011203313666, 2.342925427079238, 2.3391024190687175, 2.3367127035359734, 2.3358673707955226], "y": [0.9211275185422946, 0.8966045933867569, 0.8727879422340556, 0.8612011520884983, 0.8511085420740466, 0.8438323241729021, 0.8412910277117582, 0.842524486985394, 0.8457376301991215, 0.8562280285467861, 0.8697650496500245, 0.8850464598042693, 0.9007488749921271, 0.9169899728471006, 0.9335154133853453, 0.9501694711146836, 0.9793421876823885, 1.0078393926570415, 1.0219704366501767, 1.0351487604722678, 1.046433072018043, 1.0517045459197667, 1.0496514706774447, 1.044341034102384, 1.029428445731351, 1.0125518913936473, 0.9946285278016915, 0.9766815294345101, 0.958369994833782, 0.9398158326908027, 0.9211275185422946]}