{"x": [2.2148391003964663, 2.216033623746461, 2.2204405068292257, 2.2309290520885896, 2.240557130701222, 2.2539280845457483, 2.263935781925734, 2.272646252158878, 2.285960204711772, 2.2952694843246477, 2.3020301383191204, 2.306692264363786, 2.3098353311297655, 2.311650802397245, 2.312251420601354, 2.3106500944476283, 2.3055399519102697, 2.301178730542918, 2.2951224200213938, 2.2859684233963993, 2.279360751435665, 2.2710874669779826, 2.2600853981644753, 2.2517188164735167, 2.240029840348149, 2.2318808512016344, 2.22568288621945, 2.2210767368155904, 2.217728598959464, 2.2156177712710883, 2.2148391003964663], "y": [1.095308004432306, 1.0692817615439199, 1.0436035297820985, 1.0184437602323124, 1.0081864556382076, 1.0038126942598478, 1.0060106178372452, 1.0114062256082899, 1.0265973475073555, 1.0439635883858014, 1.0624714939054956, 1.0809209370073853, 1.0996889550522082, 1.1186254182598396, 1.137639224625476, 1.1692902809460692, 1.2005671103075606, 1.2163329248179404, 1.2315283932825067, 1.245701007678593, 1.2512351237678687, 1.2536518434273516, 1.2498781429976555, 1.2417981279036867, 1.2223296140615703, 1.201809557030527, 1.1806184269344964, 1.1595699553593053, 1.1382851076765361, 1.1168413387981202, 1.095308004432306]}