{"x": [2.1903389915296922, 2.1920147072118095, 2.198340431340923, 2.2103128930315283, 2.2252287359138165, 2.2355622549430993, 2.2455788130992373, 2.255147004126383, 2.2642494770818034, 2.272814920865156, 2.28088974249602, 2.2954925358076457, 2.307791694438752, 2.317510537231959, 2.3241129391161284, 2.32672726959623, 2.3247589858728364, 2.3176268919692724, 2.30416470388307, 2.2865870899376155, 2.276011824699633, 2.265879776380152, 2.2563947708490986, 2.247563631712866, 2.2394478526765966, 2.231928715870871, 2.2185895763272128, 2.207587859765006, 2.198830186153777, 2.1927163519976918, 2.1903389915296922], "y": [1.0365247467920187, 1.0216915595528941, 1.0081705876588114, 0.9988635713772286, 0.9961289741290853, 0.997104578745523, 0.9998252372321512, 1.0037862499862327, 1.0087243556620746, 1.0144256764065473, 1.0208029125686215, 1.0352786991620406, 1.0516339950507838, 1.069642579153994, 1.089059461160862, 1.1094008547623224, 1.1269825900200192, 1.1431728584562821, 1.1551954058343514, 1.1592941424092922, 1.157920300798692, 1.154593850366716, 1.1497799469117442, 1.1438512052278458, 1.1371396965439433, 1.1297659051259266, 1.1134897376230346, 1.0958913458807704, 1.0770752806133321, 1.0571912184822858, 1.0365247467920187]}