{"x": [2.2866972562030705, 2.288232696388182, 2.293760032802791, 2.298997338783848, 2.3065079157909145, 2.3169445530190265, 2.329560146380301, 2.338557584606356, 2.3469182948576233, 2.3609184957933773, 2.371431169761424, 2.379277582978783, 2.3847503918319766, 2.388454724603674, 2.390592768094435, 2.391295165429973, 2.3893626531170673, 2.383269259054687, 2.3780950011687723, 2.371007343357895, 2.3607540872142967, 2.346327172053427, 2.3362610289294024, 2.3277274714377993, 2.31494294117921, 2.305816671825639, 2.2988365762377034, 2.2936652095664867, 2.2899047451023447, 2.2875421993629637, 2.2866972562030705], "y": [0.9379576260808415, 0.9138770069973909, 0.8903890878864089, 0.8788248882676404, 0.8685900790470016, 0.8609990547811818, 0.8582798912740655, 0.8596791032049975, 0.8632860704565404, 0.8747036675034813, 0.8890279995279979, 0.9049696619735987, 0.9212243724790617, 0.9379708696971826, 0.9549788830336764, 0.9721063576170985, 1.0010004171313542, 1.0293106949091053, 1.0434238584372777, 1.0566797792351246, 1.0682217901742692, 1.073718279690918, 1.0713468363096321, 1.0655048009073518, 1.0496944915243482, 1.0321269043645995, 1.0136015925855073, 0.9950889046182243, 0.9762389296570717, 0.957161855816577, 0.9379576260808415]}