{"x": [2.306734734933881, 2.3080659130586394, 2.312798967454318, 2.317292228134027, 2.323945824042612, 2.334357910379787, 2.349475830453881, 2.3603263721352996, 2.3695556669794704, 2.383296873350582, 2.3927207693803982, 2.39949854964975, 2.404143580962882, 2.4072573492387868, 2.409631831944139, 2.407891792109277, 2.4023963118376552, 2.397746820468596, 2.3913129452487087, 2.3815775982824805, 2.3744053946991865, 2.3650593842410848, 2.3530412647479597, 2.3442298649563442, 2.3321692186677794, 2.3238451906890583, 2.317555078497038, 2.312905940404514, 2.309554809409205, 2.307469309760017, 2.306734734933881], "y": [1.235437115644505, 1.2057327480614228, 1.1763776857246089, 1.1614659841573833, 1.1473848657127756, 1.135143129417727, 1.1296915111218822, 1.1323712258325098, 1.1386748154757138, 1.1558526744655437, 1.1750958934744844, 1.1954225505736544, 1.215604187391923, 1.236078054337091, 1.277399123892508, 1.3137013531897959, 1.3496273783966564, 1.3677420761332952, 1.3853024090952772, 1.4019408050113094, 1.4087163434553058, 1.4118787023791695, 1.4073522782544572, 1.3980097440575634, 1.3760835567542054, 1.3532228616487794, 1.3297210465889682, 1.3064095266303586, 1.2828763294647312, 1.25919687613543, 1.235437115644505]}