{"x": [2.258568316068241, 2.260938440865212, 2.269708702805346, 2.2780412684735527, 2.2896502596535875, 2.3044959920079324, 2.321178093751812, 2.3337559311330387, 2.3458285546832407, 2.3673384398972765, 2.3846322874902057, 2.397938299776782, 2.4073195078503766, 2.413618347242156, 2.417186250367331, 2.4183213949495626, 2.415021189114358, 2.4050901709471524, 2.396934068849738, 2.3860119471337784, 2.3706393400647854, 2.3496256050460573, 2.3349262520489784, 2.322324431315587, 2.3031763436195263, 2.2892603735355075, 2.2784043060931745, 2.270164933827177, 2.2640140905424486, 2.2600309084021415, 2.258568316068241], "y": [0.8244151018334624, 0.7924595530943577, 0.7616398014361765, 0.747049145827066, 0.7349021212736819, 0.7267991877952714, 0.724013369872426, 0.725324523186173, 0.7290892113294142, 0.7421557421891108, 0.7601090908150977, 0.7811887001208501, 0.803439764983384, 0.8267515983465785, 0.8506100197564098, 0.874707024791417, 0.916684060534967, 0.957602733125028, 0.97783879680627, 0.9967260287886567, 1.0129663850665371, 1.0206142057164231, 1.0173418299122166, 1.009097223424326, 0.9864842690449933, 0.9611897353935649, 0.9344387829673417, 0.9076132334120212, 0.8802332317471315, 0.8524471247221456, 0.8244151018334624]}