{"x": [2.2694340548368737, 2.271695189187252, 2.2802766326949744, 2.2885138420499107, 2.300133951187795, 2.3153073391023895, 2.3325922785455804, 2.344957714391082, 2.3567670371402176, 2.3775725331496704, 2.3940152609857948, 2.4064935920219086, 2.415186323584653, 2.420985061018751, 2.42425541262256, 2.425292602348228, 2.422045703367989, 2.4123110801301744, 2.404333516787496, 2.3936402718258973, 2.378459178940583, 2.3571800330748967, 2.3426543363842174, 2.3303566013027166, 2.3119053313962485, 2.298601337654808, 2.2882654498902117, 2.2804470012640996, 2.274626221448748, 2.270856741410884, 2.2694340548368737], "y": [0.8462461337109511, 0.8132344758543124, 0.781277612580236, 0.7659654792549776, 0.7530315661366984, 0.744234216317263, 0.7412583243337528, 0.7427015974320031, 0.7466420208980907, 0.760078332803019, 0.7782456794885338, 0.7993337576095412, 0.8213708726667647, 0.8443398227132434, 0.8677801539909766, 0.891424784829613, 0.934284152930706, 0.9761494714823507, 0.9969222545673511, 1.0164364685196006, 1.0334946728300918, 1.0417799529531666, 1.038372993707332, 1.0299249792946066, 1.0071305165608497, 0.9818667289503848, 0.9552504813182218, 0.9286175703649325, 0.9014779571196008, 0.8739723526794217, 0.8462461337109511]}