{"x": [2.276454111576616, 2.2785134725656766, 2.286090147758127, 2.293455570542973, 2.3044084106311535, 2.320911922471197, 2.3427991388324685, 2.357643870981209, 2.371035063709797, 2.392241055244433, 2.4071708508390803, 2.4178268568900645, 2.424961135758511, 2.429637337382226, 2.4330800203448852, 2.4299503666483258, 2.4205953473951345, 2.412986962288006, 2.402725199877095, 2.38759160134503, 2.3765640293359227, 2.362138058640952, 2.3447215618591, 2.3319640695005033, 2.3144707727595772, 2.302297151533407, 2.292988408706869, 2.2860040394830325, 2.2808840967376, 2.277633609108652, 2.276454111576616], "y": [1.1537587646084926, 1.1115678353857683, 1.070011735118921, 1.049040801562287, 1.029700046638059, 1.0139848036401, 1.0076377944629957, 1.0103207384788444, 1.0172662563476442, 1.0382491220950865, 1.0633120996981285, 1.0904690726124635, 1.1175943067300507, 1.145249494295515, 1.201182757951834, 1.2574961242325615, 1.3131151278994757, 1.3410615118740858, 1.3681462701971125, 1.3938432547471866, 1.404396295817281, 1.4093828166235125, 1.4028165243286317, 1.3892630397813122, 1.3574941932495008, 1.3244001612184437, 1.2903889966276767, 1.2566299188567445, 1.2225382346554292, 1.1882151943549037, 1.1537587646084926]}