{"x": [2.2454539913145206, 2.2477968707270204, 2.256483141467045, 2.2648573352936263, 2.2767970960885826, 2.2926757478176123, 2.31099133653679, 2.3244702639860635, 2.3372726960378865, 2.3595890038700396, 2.377017573344381, 2.3901686846718153, 2.39930127114449, 2.405390693936276, 2.408827404382681, 2.4099189963620242, 2.406570511857253, 2.396500043402911, 2.388232520603466, 2.377121394955883, 2.3612223265079346, 2.33847341125855, 2.32261480990466, 2.3094305871749325, 2.28993723623363, 2.275964292454268, 2.2651239251649, 2.2569235868708755, 2.250826697451854, 2.2468949493386465, 2.2454539913145206], "y": [0.9116922048784042, 0.8767581373005018, 0.8428401942303513, 0.8264293319680812, 0.8123977378107673, 0.8026815020626862, 0.7993534353995861, 0.8010219828965303, 0.8055566570293421, 0.8207610057675928, 0.840962311365022, 0.8641764461241738, 0.8882803691453343, 0.9133267695005509, 0.9388501041600108, 0.9645806311227811, 1.010726488516939, 1.0558844132725205, 1.078350541868172, 1.099554828089578, 1.1183115935924575, 1.1276434468177752, 1.1236442258428012, 1.1139661435781574, 1.088459996794694, 1.0605235149524674, 1.0312288633482263, 1.0019665475665591, 0.9721948057220738, 0.9420540979277608, 0.9116922048784042]}