{"x": [2.2616555767264437, 2.263879104406426, 2.272102795534196, 2.2800336665419785, 2.2913978187786705, 2.306712078570114, 2.3245985222267427, 2.337700422911124, 2.350102974226001, 2.371530813320039, 2.3880582403043675, 2.40042784301487, 2.4089614771758483, 2.414635975568613, 2.4178337272111663, 2.4188479719980287, 2.41567453078021, 2.4061290926402967, 2.3982867054868513, 2.3877278761760454, 2.3725311781076712, 2.3504252059334245, 2.3350419547780827, 2.3223823642635653, 2.3038086462803835, 2.290538567179313, 2.280258605388661, 2.2724899371099005, 2.2667234194459884, 2.2630124895583417, 2.2616555767264437], "y": [0.9015076018698217, 0.8673468431873897, 0.834116248649554, 0.8179425784066663, 0.803966084997766, 0.7940846302364907, 0.7905853682461277, 0.7922126087770246, 0.7967385820613706, 0.8118774995853744, 0.8318060374651379, 0.854550166235698, 0.8780228812267822, 0.9023455317615531, 0.9270951150967115, 0.9520298057573902, 0.9971416624199929, 1.0413461299705387, 1.0633794223346993, 1.0842475830647296, 1.1028718592308286, 1.1123126901859863, 1.108281420174524, 1.0986569554092303, 1.0735990811678833, 1.046313559986936, 1.0177668079642044, 0.9892765723814247, 0.9603146490264489, 0.9310125570687868, 0.9015076018698217]}