{"x": [2.318435065851588, 2.3200149845002644, 2.3255263810308233, 2.335187749594817, 2.346852211855754, 2.3532277190152096, 2.359466350712593, 2.3654864124772454, 2.37125273727149, 2.3818769761917236, 2.3912187530151963, 2.399074514224049, 2.4052224529937574, 2.409318233581823, 2.41085043246451, 2.40908200732364, 2.4031763589601285, 2.3985057349590932, 2.3928844556790514, 2.386628576554779, 2.3800847073320184, 2.373605738057188, 2.3673109665118344, 2.361309793380444, 2.355640525006274, 2.345432152544105, 2.3366576995778066, 2.3294279059246428, 2.3237575186541175, 2.319908836590157, 2.318435065851588], "y": [1.0619942046268076, 1.0503557207366074, 1.0399838858708843, 1.0331244148722754, 1.0310424194176109, 1.0315663436682279, 1.032980932903678, 1.0351226319408637, 1.0378753609110671, 1.0448559586101696, 1.0534776987275323, 1.0634284258654585, 1.074515932511585, 1.086542196310277, 1.0991540481237578, 1.1119379174100945, 1.1234130191009528, 1.1280467154108864, 1.1314653539275348, 1.133481726153489, 1.1340978074521106, 1.1334762574078052, 1.1318211989455231, 1.1293276124030809, 1.126150908309337, 1.1182713306048906, 1.1088210613881444, 1.0983100312222458, 1.0868820664157715, 1.0746920816727663, 1.0619942046268076]}