{"x": [2.142415889653968, 2.1434765856888096, 2.1473021155036585, 2.1545450801069572, 2.1636056530296353, 2.170395855991302, 2.176954060820658, 2.1831868165055135, 2.1890908167514533, 2.1946236262768855, 2.1998275402421053, 2.2092271064304656, 2.2171529078476593, 2.223475124241117, 2.2278494179296024, 2.2296212657690946, 2.228527997028162, 2.224461368828843, 2.216644604796848, 2.2064789315478097, 2.199563782898871, 2.1929430812601547, 2.186735330886931, 2.1809340604528966, 2.1755779553335546, 2.170591815358965, 2.161682735038765, 2.1542553281300068, 2.1482948248224, 2.1440987976755754, 2.142415889653968], "y": [0.9534557875512317, 0.9444348487918435, 0.9361966612597059, 0.9304758645907919, 0.9287168679777973, 0.9294461533573907, 0.9313510583003538, 0.9341014685359825, 0.9375007009474678, 0.9413903955982741, 0.9457102318409819, 0.9554221721351202, 0.9662643835971484, 0.9781134956890489, 0.9908464576824333, 1.00419274261989, 1.0143430937313795, 1.0237072487554553, 1.030595139476917, 1.0328763509788323, 1.0320475987296733, 1.0298860203853855, 1.0267764029356155, 1.0229618063997576, 1.0186522778296923, 1.0139195928941134, 1.0034624447880174, 0.9921008946043625, 0.9799056661815737, 0.966960018590463, 0.9534557875512317]}