{"x": [2.2425750336822317, 2.243834680274034, 2.2483153630831936, 2.2525667486565673, 2.2588480579598706, 2.268590756156414, 2.2825069584860906, 2.292545540691745, 2.301165214516415, 2.3141064966672653, 2.3230211063764488, 2.329444808623871, 2.333849368220228, 2.336806298516732, 2.3390695651159654, 2.3374452129965797, 2.3322874844696355, 2.3279114554025933, 2.3218500591893347, 2.3126765011635544, 2.305957445447975, 2.297321338886673, 2.286240219387877, 2.27799932085373, 2.266633545651218, 2.2587679781889825, 2.252818499383121, 2.2484195064322616, 2.245247240435412, 2.243272003068491, 2.2425750336822317], "y": [1.1403380021047465, 1.1130445357575562, 1.0860919199968335, 1.07242334911301, 1.0595606408936713, 1.0484836088093459, 1.043588701183495, 1.04592824724427, 1.0515804885365776, 1.0672177005477421, 1.0848691062537235, 1.1035714707860673, 1.1221554224439085, 1.1410239138430758, 1.1791258120724546, 1.2124087148953853, 1.245329650127707, 1.2619303917816524, 1.277992575001954, 1.2931372539564285, 1.2992149761486853, 1.3019539687038317, 1.2979045553288076, 1.2894620113177688, 1.269456798640905, 1.248514035636064, 1.2269485498840917, 1.205548725550745, 1.1839329824701788, 1.1621746687740862, 1.1403380021047465]}