{"x": [2.2821038186276423, 2.283467941432206, 2.288332188730528, 2.297337404346332, 2.308557895824132, 2.3152402782055033, 2.3217415766256706, 2.3279657864994947, 2.3338848135434693, 2.339447070459944, 2.344674301352555, 2.354068597173725, 2.361888494434231, 2.3679902577133904, 2.3720623205418088, 2.3736034021043375, 2.3720736116204555, 2.3667999784041025, 2.357127042579883, 2.3447112382723168, 2.337922991568089, 2.331376567071011, 2.325195342837122, 2.3194037877694726, 2.3140532048593414, 2.309087865339904, 2.3002906607886784, 2.293085875666691, 2.2874362237694843, 2.2835890248902504, 2.2821038186276423], "y": [1.0867669450004807, 1.075584335225752, 1.0654231005261423, 1.0583799029238572, 1.0561887589877876, 1.056811351553499, 1.0584771770682704, 1.060957653599028, 1.0640975057015554, 1.067762468861887, 1.071891235526012, 1.08132004657425, 1.091988751069038, 1.1037250423762213, 1.1163363407261824, 1.1294988484419617, 1.1418910436245944, 1.153208974224683, 1.1614577392238485, 1.1641882364069889, 1.1634381792996606, 1.1614921049727724, 1.1586230536581263, 1.1550318312514696, 1.1509062445313563, 1.1463242573292702, 1.1360846630371435, 1.1248782019010206, 1.1128127498460905, 1.100031634951998, 1.0867669450004807]}