{"x": [2.212529309827522, 2.214938194646077, 2.223380300205333, 2.236424091774772, 2.2510519410211454, 2.270078625793732, 2.2882244941242234, 2.305137273009908, 2.3206094772187167, 2.33439217410334, 2.3457684033338126, 2.35030773577815, 2.3538546772470057, 2.3562139785402625, 2.357150003051767, 2.3543819495499694, 2.345070052926705, 2.330270029291043, 2.3130143722047056, 2.2937351463629096, 2.275768413068195, 2.2595970746566554, 2.2452577679009997, 2.238830642978983, 2.232913139612597, 2.227544877750494, 2.2227862874936632, 2.218709018282458, 2.21547321215664, 2.2132819747975763, 2.212529309827522], "y": [0.820818337941284, 0.8061535002530386, 0.7939227584841173, 0.7870571370960102, 0.785239643773555, 0.7876677221518177, 0.7938836501258901, 0.8028246027540106, 0.8140759858003418, 0.8275832778246521, 0.8431714489726457, 0.8517583315289167, 0.8608004163157296, 0.8702342522034668, 0.8799134784257939, 0.8972027317413799, 0.9120307114310394, 0.9213668334771448, 0.924273063508416, 0.9211467441924931, 0.9134878332881483, 0.9026903103469025, 0.88955703316813, 0.8822982319237017, 0.8746183045686978, 0.866543748138495, 0.8580955225418242, 0.8492473558967607, 0.8400580286136794, 0.8305482426510631, 0.820818337941284]}