{"x": [2.31107619181921, 2.3134116595820076, 2.3220573143339447, 2.330423799964288, 2.3425250650078695, 2.3592133511270945, 2.3791092743942475, 2.3929759487028344, 2.4060290701593305, 2.428297468875277, 2.4451751796068097, 2.45765070606011, 2.4661680718055172, 2.4717977263504203, 2.475958110584625, 2.472547995446917, 2.468334656678397, 2.4623513823391767, 2.4540269321100587, 2.442841741256924, 2.426670103254097, 2.402436323363067, 2.3860344031221485, 2.372797517620858, 2.3536910283352794, 2.3401698262277333, 2.329753064968469, 2.3219175538680923, 2.316131850976149, 2.3124285475021624, 2.31107619181921], "y": [0.9937526890112406, 0.9557725331152365, 0.9187158291945402, 0.9005063278500829, 0.8845331188624832, 0.8729250604520643, 0.8687539513664163, 0.870595694416334, 0.8756248786527967, 0.8922382306455808, 0.9137954590514814, 0.938166188539834, 0.963122285814654, 0.9888838715604181, 1.0413730395581553, 1.0915248957907928, 1.116319531182239, 1.1407475191459395, 1.1653299082343402, 1.188749597183802, 1.2099898003459384, 1.2211876580989383, 1.2165893307439621, 1.2058677420427169, 1.1785163124461828, 1.1490340407595228, 1.1183172971966606, 1.0877237019038029, 1.056677140915612, 1.0253093583027604, 0.9937526890112406]}