{"x": [2.231256970883467, 2.233292694885797, 2.2405686269303953, 2.253752405151944, 2.2697745315652487, 2.279888205563357, 2.2897495957051075, 2.2992361181970016, 2.308312033078944, 2.3169034597331755, 2.325032388307572, 2.3397905014682796, 2.352279546212121, 2.36213547354258, 2.368788921238594, 2.3713895735368276, 2.3690961053526958, 2.3610161684740953, 2.3463391903914554, 2.327582239722083, 2.317204416972794, 2.307194530982378, 2.297750470404464, 2.288908105381909, 2.280741283039938, 2.2731575964680566, 2.2596862631756274, 2.2485756210884804, 2.2397642435547085, 2.23365915745201, 2.231256970883467], "y": [0.9912655918153764, 0.9753200036577292, 0.9609858916590965, 0.9514726057472607, 0.9487146930888515, 0.9495592453741508, 0.9519577146307429, 0.9555146402327499, 0.960017261445239, 0.965288774339957, 0.9712488062514972, 0.9849570509838558, 1.000698219792447, 1.0182088260221283, 1.0372170861851187, 1.0571875375643742, 1.075961441403053, 1.0930621455316378, 1.1054800579841328, 1.10969847438165, 1.1084892086678482, 1.105495262936693, 1.1010751309863942, 1.0955487915591353, 1.0892120745423661, 1.0821879256476326, 1.0665317943159538, 1.0494386955357857, 1.0310544626321645, 1.0115558863593102, 0.9912655918153764]}