{"x": [2.287146975105209, 2.289714093192391, 2.2988468667473256, 2.3138225406061865, 2.3310976518636455, 2.350941543317567, 2.3697743723970124, 2.387156842648581, 2.4028318245373805, 2.416468012933044, 2.4274069008883616, 2.4348666601794524, 2.4377330589252484, 2.4346588212041853, 2.4245582767414526, 2.4168903714721544, 2.4078753935643777, 2.398000810575854, 2.3877422692003507, 2.3775017749608263, 2.3675136878969543, 2.357944770357044, 2.348861895891606, 2.340350524939138, 2.332370121553841, 2.3249296394768186, 2.318033513217496, 2.306019829022838, 2.2964176421066, 2.2897215351138698, 2.287146975105209], "y": [0.9455393216691056, 0.9282677401253515, 0.9133851976177564, 0.9044259998009809, 0.9019544488527902, 0.9045925584472285, 0.9113796196029639, 0.9211968706831065, 0.9335590563152292, 0.948284672284448, 0.9651111433920794, 0.983815972620545, 1.0037484186163874, 1.0239024305191093, 1.0416115845050289, 1.0485211454060617, 1.0535479710829985, 1.0564967318810174, 1.0574790293350806, 1.0565082266515178, 1.0540488980999314, 1.0503050526007056, 1.0455006844369659, 1.0398536327620533, 1.033478227683347, 1.0264843018000913, 1.018953085735309, 1.0026622058816044, 0.9848431323713894, 0.9656773057100381, 0.9455393216691056]}