{"x": [2.2527907673391083, 2.2550662803976547, 2.263608204929776, 2.2717901836149355, 2.2833539976383865, 2.298556249282636, 2.315982534981356, 2.3281211137033138, 2.3397015016560916, 2.360030808907093, 2.375991241694344, 2.38803323186518, 2.396374822933633, 2.4019207855965576, 2.4050407780343885, 2.4060290249219, 2.402787455239506, 2.39310270545489, 2.3851897210051947, 2.3745943073878424, 2.359523572450239, 2.3381852547968522, 2.32386446271092, 2.311798635049648, 2.2937978899417946, 2.2808773826613233, 2.270871743998617, 2.2633286893607414, 2.2577347795441516, 2.2541323455786313, 2.2527907673391083], "y": [0.8538923727985823, 0.8206065944038899, 0.7883551366336164, 0.7728487310598314, 0.7596702791684231, 0.7506040273108056, 0.747500812115658, 0.7489270129445235, 0.7528351783781493, 0.7661679991687397, 0.7841480501263323, 0.804956897281316, 0.8266262345976092, 0.8491736206860683, 0.8721607132314634, 0.8953375150943608, 0.9384995716890818, 0.9806857841891521, 1.0016360592045865, 1.0213658984436849, 1.038727631619409, 1.0472852615569375, 1.043868168362876, 1.035431497531684, 1.0127877655333575, 0.9877740252671265, 0.9614583663272002, 0.9351522952955147, 0.9083639541867801, 0.8812307646841494, 0.8538923727985823]}