{"x": [2.2724980501790806, 2.274082296657157, 2.2797458820436796, 2.2850646357571116, 2.2925940270852214, 2.3027927676383544, 2.3148522593790077, 2.3232858175549524, 2.331204100447099, 2.3446948309309703, 2.3549914059916546, 2.3627287081302466, 2.3681422712460436, 2.371809372050692, 2.373924165211396, 2.3746179723529335, 2.3726630050073076, 2.3665232671220164, 2.361327474325087, 2.3542444997685013, 2.344138376588481, 2.3303336352458786, 2.3209015782661004, 2.3127350777416855, 2.3002677726569063, 2.291295157726515, 2.28442221616499, 2.2793350226020155, 2.27563886732257, 2.2733212217919094, 2.2724980501790806], "y": [0.8765692022908211, 0.8535338732061762, 0.8311495031343883, 0.8202457083194098, 0.8107330773132432, 0.8038565460972216, 0.8014338101660604, 0.8026288025992069, 0.8057678639975019, 0.815974083666973, 0.8290814572951397, 0.8438448192775879, 0.8590022166998699, 0.874674030057432, 0.8906195939754251, 0.9066898145845429, 0.9341445013372129, 0.9609751804324133, 0.9742918823714863, 0.9867080929348389, 0.9973208072020328, 1.0022393991052805, 1.000178085054314, 0.9950282322728055, 0.980665904563231, 0.9644429351126548, 0.9472250597856793, 0.9299744441791554, 0.9123732591820753, 0.8945367801421465, 0.8765692022908211]}