{"x": [2.175746286683938, 2.1769155616680878, 2.1811695277157264, 2.1912560503860896, 2.200280364638921, 2.212289518449963, 2.221579769887636, 2.229816838182344, 2.2367797723899665, 2.242705336288167, 2.251883111265413, 2.258608190548384, 2.2632720723923714, 2.266430832542716, 2.2682631262779207, 2.2688723935769595, 2.2673658110081516, 2.2625252750135774, 2.2583704510634464, 2.25259373238715, 2.2439132769302352, 2.230375134070091, 2.2201293433622666, 2.212091370334132, 2.200661008699121, 2.1926327768353513, 2.186501612549816, 2.181936289052563, 2.178608618232133, 2.1765083717633695, 2.175746286683938], "y": [0.9798772481862978, 0.9566779028553695, 0.933841953112962, 0.9117066954445304, 0.9030282205062766, 0.8994878250862026, 0.9013420518340486, 0.9060215426734386, 0.9123067515317934, 0.919578202257829, 0.9353836511393211, 0.9523782701852481, 0.9693964723072899, 0.9867571529285655, 1.0043012053847453, 1.021930155162755, 1.0501530003486639, 1.077998430722599, 1.0920144458948622, 1.1054435473056279, 1.117758038109704, 1.1243698214244762, 1.1212131993044991, 1.1141187310343716, 1.0965480821154687, 1.077818008349598, 1.0583840948312873, 1.0390552158858195, 1.019475268316074, 0.9997246225576425, 0.9798772481862978]}