{"x": [2.2321154056480874, 2.2335239887101768, 2.238611970557622, 2.2434442039865456, 2.250401847116223, 2.260159791362386, 2.272074872277834, 2.280821695598531, 2.288910823180378, 2.3023427982431226, 2.312357321103676, 2.3198174555389963, 2.325020061916876, 2.3285469560674845, 2.330587129420002, 2.331259802422589, 2.329490017789796, 2.323874768523198, 2.319083941632183, 2.312494757418418, 2.3028991307464945, 2.2892581656421997, 2.2795264219155102, 2.2713405536683187, 2.259139314970249, 2.250432762842196, 2.2437643486213386, 2.2388125523106672, 2.235204708145846, 2.2329322763187647, 2.2321154056480874], "y": [0.9069168269119815, 0.8841333200931357, 0.8618805735227174, 0.8508877605461407, 0.841100849944237, 0.8337488858454236, 0.8310470903683735, 0.8324214111856878, 0.8360216460220552, 0.847325516715683, 0.8613680577563507, 0.8769189426575495, 0.8927301051371136, 0.9089972803598966, 0.9255083167683669, 0.9421313171480137, 0.9695176847710798, 0.9963805633380942, 1.0097967368601204, 1.0224271915498715, 1.033483446151808, 1.038797661811073, 1.0364288176067844, 1.0306573516001472, 1.0152160031030306, 0.9981501161224718, 0.9801895816045139, 0.9622476970512915, 0.9439880429333763, 0.9255130839814193, 0.9069168269119815]}