{"x": [2.255655682403786, 2.2577330466771692, 2.2655144263268814, 2.273081756659768, 2.284157836201652, 2.299911263756122, 2.319309189271334, 2.3330022828955466, 2.3457466064535377, 2.3669916732783833, 2.3826939612993945, 2.3941616604281055, 2.4019372066120113, 2.4070674102468876, 2.4108596969720337, 2.4077488294698197, 2.3984100891477325, 2.3907642702510006, 2.3804509586525944, 2.3653885771616725, 2.3548677580399433, 2.342014408465752, 2.325963119982862, 2.3133548175916987, 2.29544305335383, 2.282824738850549, 2.273112993818785, 2.2658011678499568, 2.2604017777015706, 2.256939780542377, 2.255655682403786], "y": [0.9948872965246125, 0.9577270395810453, 0.9213312943739018, 0.9032524539596141, 0.8870836747517034, 0.8748495940547076, 0.8702059213788156, 0.8721409816595733, 0.8775101052697027, 0.8948575911159468, 0.9167618437700781, 0.9411513909188914, 0.9658798452722452, 0.9912892251117584, 1.0429223477882992, 1.0920814994756918, 1.140445614482968, 1.1646684754203191, 1.1878814274614973, 1.2092557947597788, 1.2174421441642835, 1.2209770212892228, 1.2160545249374515, 1.2049682476945207, 1.1774578554224797, 1.1481510664467454, 1.117757123803351, 1.0875222733802683, 1.0568880512564716, 1.0259710318782427, 0.9948872965246125]}