{"x": [2.293569427220794, 2.295234837561616, 2.3009229468414643, 2.3100983833057795, 2.3206699278532796, 2.326536525594279, 2.3323054677805324, 2.3433385971858116, 2.3534896223274018, 2.3626089511269073, 2.3705109629595973, 2.3768527586831882, 2.3811975467985067, 2.38286300173414, 2.381011629140997, 2.3749676155628725, 2.3651835499772647, 2.3594954937190993, 2.3536206560259703, 2.347682156800201, 2.3418720226682512, 2.336271464704534, 2.3309179515860334, 2.325860068804123, 2.3210868911297298, 2.3166112534992904, 2.312443279571631, 2.3051222555204065, 2.2992575467918397, 2.2951797380783456, 2.293569427220794], "y": [0.9353094508583111, 0.9247361568553815, 0.9156689880306488, 0.9101859582257663, 0.9086064975481517, 0.909036911403853, 0.9101864901064863, 0.9142054727401198, 0.9200445982342095, 0.9273914710524523, 0.9360958849746709, 0.9459948869311069, 0.9569624399151931, 0.9686410811924621, 0.9801944359225618, 0.9902132924374342, 0.996693554683709, 0.998234710750261, 0.9986988530742451, 0.99820071920297, 0.9968754827044829, 0.9948571980461841, 0.992253427749687, 0.9891678984542254, 0.9856579918803435, 0.9817776914753726, 0.9775686468367193, 0.9683345012669314, 0.9581133453102053, 0.9470191398797552, 0.9353094508583111]}