{"x": [2.290409384324503, 2.292901319494568, 2.3016539978534367, 2.3171049281968643, 2.3357055321030544, 2.3458380576161515, 2.355761681461161, 2.3653589941104913, 2.3745779056656815, 2.3916423233493407, 2.4067142710334, 2.419433492065564, 2.4293541805030263, 2.4359065494634162, 2.438351741380201, 2.4354439465278994, 2.4257849004055485, 2.4181421161816865, 2.40887179260714, 2.398435319192124, 2.387444837365648, 2.3770101060742466, 2.366893315409185, 2.3572967630425854, 2.3482860641877608, 2.332217448453741, 2.3185386752585098, 2.307366653031012, 2.2986249158218994, 2.292686542185862, 2.290409384324503], "y": [1.063542541366381, 1.0450148327892497, 1.028495863464346, 1.0176718899230643, 1.0145243216513902, 1.0152771516208419, 1.017458095457629, 1.0207542347825487, 1.0249950618570554, 1.0357985753088976, 1.0492427802610507, 1.0649084997189031, 1.0824804458468644, 1.1016072042434943, 1.1216767698154304, 1.143150595341366, 1.1625486179629563, 1.170547606638663, 1.1765855757798394, 1.1802459702622714, 1.1814820019492664, 1.180392408962532, 1.177613672443927, 1.1734124394685879, 1.1680690807883545, 1.1549130314301466, 1.1392869887386452, 1.1221147886072331, 1.1035869563386755, 1.0839403172499746, 1.063542541366381]}