{"x": [2.242454961852789, 2.244908793976789, 2.253385468796245, 2.2678057347642615, 2.284852626999588, 2.293987996095715, 2.3029547875156338, 2.320036073380267, 2.3356338046940928, 2.3495027204763463, 2.361310105564695, 2.3705882824433706, 2.376761781727523, 2.3790687798684784, 2.3762600208563316, 2.3724884649885762, 2.3670465324789234, 2.3599037405511916, 2.351372103827472, 2.3418985089849653, 2.331990124468012, 2.3226267005161785, 2.31350975115381, 2.304804576405935, 2.296576628579832, 2.281755122677536, 2.2690160364993965, 2.2585096131096445, 2.25024810673659, 2.244616054229542, 2.242454961852789], "y": [1.0207934419290492, 1.0037914920842828, 0.9888504889512285, 0.9793557317677167, 0.9766174933414042, 0.9772416295456483, 0.9790966675925857, 0.985582359038151, 0.9949877177330254, 1.006794629663852, 1.020691730123211, 1.0363907484877486, 1.0535946268720262, 1.0717264575697265, 1.091135589293573, 1.100236212923852, 1.1084478726028686, 1.1154076710145997, 1.1205719178395777, 1.123655987788988, 1.124697334492557, 1.1237840023083836, 1.1214625548925592, 1.1179236231612208, 1.1133843523209797, 1.1020593919038946, 1.0884341414839471, 1.0732666304145921, 1.0567685748645668, 1.0391569582957252, 1.0207934419290492]}