{"x": [2.217269261118887, 2.2184552281969108, 2.2227715548876588, 2.230658827718119, 2.2403080866022096, 2.2467975546802044, 2.253105214900022, 2.2591449882769634, 2.2648991964216365, 2.2703230965462113, 2.2754419248527937, 2.284719073123898, 2.292572563538888, 2.298823696093919, 2.3031135697763916, 2.304805951794946, 2.303508819876626, 2.2988996168315037, 2.290474339001015, 2.279835179821451, 2.2732397586454622, 2.266873694991716, 2.2608501384172395, 2.2551845695350003, 2.249923033578948, 2.245011431437685, 2.236220527906943, 2.2288878067193716, 2.2230237556314996, 2.218920890973224, 2.217269261118887], "y": [0.989490487884226, 0.9798728227509683, 0.9711966874117534, 0.9653692177126929, 0.9636198524611255, 0.9642479687879278, 0.9658975592239557, 0.9683214228587227, 0.9713616639663547, 0.9748882311366897, 0.9788446139968252, 0.9878489564985068, 0.9980518213598383, 1.0093078910494038, 1.0214831562652589, 1.0342806537702893, 1.0449094275618696, 1.054574241621899, 1.0614493687004367, 1.063699028856741, 1.0630034415219862, 1.0611442331459837, 1.058406331805305, 1.0549886327550948, 1.051068760345125, 1.0467184356752623, 1.0369917243297198, 1.0262939453796376, 1.0147257052663659, 1.0023875793515842, 0.989490487884226]}