{"x": [2.2423677926432592, 2.244521347631589, 2.2526657773557655, 2.2605630667614767, 2.2719306832206994, 2.287363157767169, 2.305490452695957, 2.318716821554202, 2.3312160831428503, 2.3527354951864528, 2.36926361486542, 2.3816043619723426, 2.3901045812855437, 2.395753933314181, 2.39893722726275, 2.3999471429462624, 2.3967821431112157, 2.387254677050253, 2.3794231874950493, 2.368870722653728, 2.353650787560551, 2.3313772800292396, 2.3158914080305224, 2.303193754091136, 2.2846090438933446, 2.271340320221721, 2.2610600152492744, 2.2532852791574416, 2.2475056656106998, 2.243769970814056, 2.2423677926432592], "y": [0.9106218982849748, 0.8760045604145779, 0.8422900806649374, 0.8258277827851666, 0.811539615391275, 0.8013626110847952, 0.7977385435017776, 0.7994081107223536, 0.8040441378595591, 0.8194870484463841, 0.8397214135172061, 0.8627499660289151, 0.8864691945892307, 0.911024038378706, 0.9359981230057384, 0.9611540037025726, 1.006705427618554, 1.0513616347479835, 1.073634899475261, 1.0947554116858427, 1.1136627454502042, 1.123307669326009, 1.119191057794389, 1.1094171994723911, 1.0840821479839466, 1.0565495962363314, 1.0277673836166856, 0.9990502776431242, 0.9698661250248843, 0.9403451971429573, 0.9106218982849748]}