{"x": [2.2366834707846106, 2.2381145636938578, 2.2432628901098464, 2.248169421744806, 2.2553066392870904, 2.26561125186648, 2.2786006298652834, 2.288023599214988, 2.296612976409896, 2.310560249790642, 2.32074902402893, 2.3282648192373316, 2.3334758282904176, 2.3369966278594427, 2.339028641766574, 2.3396980043365665, 2.3378808932269446, 2.332124685133488, 2.3272233991750375, 2.3204698951083564, 2.3105248947669614, 2.2958461892750854, 2.2853212847219146, 2.2766855836445594, 2.2640989390139197, 2.2552183847012395, 2.2484470573579274, 2.2434309573523463, 2.2397875610901252, 2.2375005152829677, 2.2366834707846106], "y": [0.9948337059432226, 0.9699764433470972, 0.945616101276386, 0.9334654311491045, 0.9224757558590433, 0.9139412135888211, 0.9107319284070845, 0.9123997112009578, 0.9166182951122505, 0.9294466818492347, 0.9449843458003859, 0.9619767836455889, 0.9791297111400403, 0.9967075809591055, 1.0145108382905423, 1.0324171781141365, 1.0624316379988896, 1.0919449530167422, 1.1067300704520227, 1.1207661840324574, 1.1333261986561851, 1.1397443451348321, 1.1369231188128077, 1.1302780002498327, 1.1130061482775546, 1.094214205763397, 1.0745634939603714, 1.0549866012764506, 1.035108431086512, 1.0150277171548705, 0.9948337059432226]}