{"x": [2.2342350555746404, 2.2361229845411006, 2.243059713279594, 2.2599518496386923, 2.2750891242623985, 2.2948041765360268, 2.309448627931413, 2.3226542404163717, 2.3339920980468105, 2.3436932753367143, 2.358694444461809, 2.36951889790477, 2.3768440982308072, 2.3816809248152153, 2.3852649424157404, 2.3824529487479347, 2.3739417003722876, 2.3669326637733006, 2.357408509244451, 2.343276268467893, 2.3330408735152757, 2.3198909261927216, 2.3028777940578866, 2.290297672992401, 2.2728809768289433, 2.2606501491865107, 2.251226366410783, 2.2440995107426054, 2.2388325336375887, 2.2354597712232893, 2.2342350555746404], "y": [1.0649602715754705, 1.0271599281560113, 0.9899535841698038, 0.9540006633238973, 0.9402853805894519, 0.9349409650585067, 0.9376482719829117, 0.9445331297411989, 0.9540056727967449, 0.965148529108172, 0.9897674244716892, 1.0164873850199512, 1.043267385326798, 1.0706065895003587, 1.1259596202213744, 1.1768756020118805, 1.227153859352076, 1.2524318871436828, 1.2768735680103864, 1.2999073374848804, 1.309195042716009, 1.313449882749483, 1.307164236850527, 1.29409914736051, 1.2633278898330358, 1.2311855301001684, 1.1981111177514683, 1.165246551297836, 1.1320331390660965, 1.0985703237469275, 1.0649602715754705]}