{"x": [2.253453474852029, 2.2562747817455606, 2.265852055390012, 2.280921529496434, 2.2979915255627303, 2.317682506312407, 2.336489954869952, 2.3540036182740787, 2.369954231659997, 2.384037123737109, 2.3954831263009133, 2.4034052634185428, 2.4056426133733164, 2.4064902617068515, 2.405734700215745, 2.4031970016366486, 2.3987808692813517, 2.3925362523842524, 2.3846674662029326, 2.3755692241627964, 2.3555465204775468, 2.3355249321994336, 2.316893527998856, 2.3002337841666916, 2.285616536116244, 2.2732347058452302, 2.2632594856675157, 2.2593208454225633, 2.2562431955423152, 2.2542008984856543, 2.253453474852029], "y": [0.9098656106507893, 0.8927899051202152, 0.8783741040153972, 0.8700399321495634, 0.8677677735217367, 0.8701866172845195, 0.8765005231112025, 0.8857222144509342, 0.8974416824256899, 0.911591953776815, 0.927948819426305, 0.9463655696107698, 0.9561621520964333, 0.9661751564168753, 0.9763443614706755, 0.9862207824071649, 0.9954305310133659, 1.0035130092334035, 1.0100572925637608, 1.0147442352831055, 1.018365260328573, 1.0151846611139408, 1.007193979912871, 0.9958009389770632, 0.9818838808917493, 0.9660907767545296, 0.9486773669346414, 0.939401445850892, 0.9298054221876391, 0.9199260973951896, 0.9098656106507893]}