{"x": [2.2764806625437166, 2.278056116710859, 2.2835400292536927, 2.2933269937846466, 2.305287626875537, 2.3118201301319705, 2.3182039167439505, 2.324351256907875, 2.330226211287327, 2.3410090818044593, 2.350444242912018, 2.3583271662726797, 2.3644645952076293, 2.3685315180490765, 2.3700479810574544, 2.368287623702005, 2.3623781045147405, 2.3576509589295576, 2.3519118477303613, 2.345475938941135, 2.3387197700374105, 2.3320714225019996, 2.325626046456184, 2.3195011086535757, 2.3137344660556867, 2.303406310118651, 2.2945812208385434, 2.287358275594378, 2.2817220847444073, 2.2779194628021733, 2.2764806625437166], "y": [1.09827738486755, 1.086349945785509, 1.0756414182438199, 1.0684157343331202, 1.0661934744984916, 1.0667461305540302, 1.0682382083012483, 1.0704927340286017, 1.0733836834203516, 1.0806838614143877, 1.0896583045842045, 1.0999549119280139, 1.1113782463611421, 1.123717105853796, 1.136620115383435, 1.1497966726879612, 1.1617045735690439, 1.1665821257821236, 1.1702151718344178, 1.1723738307954001, 1.1730333095269876, 1.1723679968879515, 1.1706072318589675, 1.1679659378477338, 1.1646137549338968, 1.1563485459726819, 1.146494496884596, 1.1356049909590722, 1.1238157742758097, 1.1112891513966638, 1.09827738486755]}