{"x": [2.252786708349327, 2.254108700107361, 2.258855109957485, 2.2700236848385313, 2.279941645937306, 2.293069906531128, 2.3026381076414326, 2.3111709241336422, 2.3245886954247563, 2.3341371038628935, 2.3411049726876536, 2.3459101172286245, 2.3491478498126908, 2.351014373182921, 2.3516294516154663, 2.3499336141406166, 2.344550985860309, 2.3399663860805715, 2.333625799720347, 2.324146851659254, 2.3174809276854558, 2.3094021215749008, 2.2987718729960527, 2.290386283453872, 2.27845949423376, 2.2701179826032627, 2.263776994718356, 2.2590811496248335, 2.255678273465722, 2.25354699128072, 2.252786708349327], "y": [1.0414854364897466, 1.0161696877000825, 0.9912677521824498, 0.9671858117226065, 0.9577908702496244, 0.9540120276466222, 0.9558952147489225, 0.9606162219359318, 0.9744446576405519, 0.990681138592965, 1.0081809734910576, 1.025706207629392, 1.0435874920736687, 1.061656438206012, 1.0798111181080914, 1.1105171820746227, 1.1407953184415434, 1.1560226631568085, 1.1706064742782685, 1.1839763428350014, 1.1890097045824541, 1.1911315350971832, 1.1878932846481869, 1.1806014852235858, 1.162429095488478, 1.1430157876119904, 1.1228601627982442, 1.1028221008711205, 1.0825244330054924, 1.062053234340116, 1.0414854364897466]}