{"x": [2.278080442149088, 2.279328701915489, 2.2838028675050492, 2.294374192070333, 2.3041735874117, 2.3181169664662025, 2.328374452727316, 2.337183840988429, 2.350443870489851, 2.359613129066601, 2.3662373397980034, 2.3707915345130766, 2.373853770792823, 2.3756182831999277, 2.376200028565777, 2.374571495924125, 2.369394380036125, 2.3649923400723933, 2.3588863889453417, 2.349638053127029, 2.3428771308159035, 2.334237740762557, 2.3229399696158497, 2.3145161801644334, 2.3028745751268462, 2.294799178350681, 2.2886780438371757, 2.28414168276821, 2.280861451825556, 2.2788108099097752, 2.278080442149088], "y": [1.144482525315677, 1.1172080866765615, 1.0902741861458087, 1.0637617306131537, 1.05273562895362, 1.0479205227860215, 1.050334274547724, 1.0561167394571729, 1.072082179926768, 1.09011105775068, 1.1092221950957688, 1.1282273033617138, 1.1475290529888873, 1.1669865410797333, 1.186515210239959, 1.2198369962837208, 1.252794408421105, 1.2694135382136589, 1.2854849660201142, 1.300609800882947, 1.306647848256665, 1.3093917553415477, 1.3052420973145284, 1.296645640724585, 1.2762525923403178, 1.2548912215559176, 1.2328900418796207, 1.2110508941441644, 1.1889880967122437, 1.1667765608517413, 1.144482525315677]}