{"x": [2.24031912409015, 2.24183964174895, 2.2473454002480295, 2.2525278982899137, 2.2598229769430436, 2.26950680388687, 2.28072347074468, 2.289109650475502, 2.2970209364809406, 2.3106670850625712, 2.321278415682315, 2.3293706145740307, 2.335112281509232, 2.339038656664519, 2.341322306860031, 2.342078835015773, 2.3402085498085348, 2.334266565225965, 2.329202599560282, 2.322290815261921, 2.3125272802969326, 2.2995650157007677, 2.290237669026887, 2.2820609474498688, 2.269371633995951, 2.2601126534693576, 2.252956985805174, 2.2476145420933693, 2.2436982642333883, 2.241215882243628, 2.24031912409015], "y": [0.8243196834844395, 0.8029108462799616, 0.7821662829500582, 0.772152697937977, 0.7635554891936833, 0.7575340262052971, 0.7554795419879363, 0.756625349058636, 0.7596340760421072, 0.769465157952045, 0.7822240025190718, 0.796712093121493, 0.8117109361192684, 0.8272838487757574, 0.843170921400835, 0.8592034445946283, 0.8847686435906051, 0.9097039636342865, 0.9220343913106913, 0.9334322171015689, 0.9429609690354436, 0.9472157810135329, 0.9453166992553252, 0.9404435963679414, 0.926614778114948, 0.9108139219851126, 0.8939559210624838, 0.8770061956486438, 0.8596713271997111, 0.8420712874641234, 0.8243196834844395]}