{"x": [2.250350336404334, 2.252467236410431, 2.2602936140785013, 2.26795358607885, 2.2793156022216015, 2.2959959406277597, 2.317142295884479, 2.3324574916429497, 2.3464698201459653, 2.3692783830755073, 2.3858234007945507, 2.3978313751370925, 2.405967278086847, 2.4113365454479383, 2.415310072272005, 2.412117930649915, 2.402502145185655, 2.3946162876846353, 2.3839460358590188, 2.3682313765023966, 2.3570202694766116, 2.342917948119348, 2.324961009796155, 2.3113665653904816, 2.29239036967318, 2.279065998476025, 2.268809405418453, 2.2610679613157085, 2.255349484480888, 2.2516865709504774, 2.250350336404334], "y": [1.1055201648245687, 1.0651204166434949, 1.0254295016713417, 1.005515592347961, 0.9874561475957598, 0.9734263248524158, 0.9681441591119057, 0.9707511546468679, 0.9774598278959654, 0.9981154523428678, 1.0233546849533044, 1.0510415956924253, 1.0789353338529644, 1.1074909727598712, 1.1653972149191245, 1.2197020122790596, 1.27324393467959, 1.3001201103467497, 1.326017239396055, 1.3502088630610147, 1.3597714338195313, 1.3640441627591775, 1.3578612212265744, 1.3445995666827557, 1.3127642707868907, 1.2792864780862268, 1.2447451438508563, 1.2104165048338895, 1.17569353784887, 1.1406897275921113, 1.1055201648245687]}