{"x": [2.296969951762165, 2.29926352733946, 2.3077385427457635, 2.3159077750147583, 2.327693702591087, 2.3439454855685447, 2.3633631397915233, 2.376341579412235, 2.388562267444903, 2.4093905330755776, 2.425115903614198, 2.436689069329186, 2.4445553883628492, 2.4497396139880956, 2.4535593840169767, 2.450242364653927, 2.4461579296524936, 2.4403715517056472, 2.4323411110428026, 2.4215722279236065, 2.4060219428631755, 2.3826544615768577, 2.36723728790989, 2.3547705415749984, 2.3367844049256883, 2.324088455436468, 2.3143355720867698, 2.307025502199507, 2.301647271469466, 2.298219253318567, 2.296969951762165], "y": [0.9616306376482074, 0.9245530240848989, 0.8883841973090452, 0.870616091239029, 0.8550105197869593, 0.8436224649561761, 0.8395282071171832, 0.8412619623682442, 0.8459630884319946, 0.8615382957450641, 0.8817742322873842, 0.9046399761339146, 0.9280185505747708, 0.9521341165580226, 1.0012403223516446, 1.049706664573185, 1.0736664217495562, 1.0972729971786153, 1.121024807207601, 1.1436669717078776, 1.164240332271186, 1.1751506644687928, 1.1708685417954536, 1.1608382848551544, 1.1351700926066277, 1.1074762935893416, 1.0786142960179703, 1.0498773619227826, 1.020717061218533, 0.9912600837444716, 0.9616306376482074]}