{"x": [2.233582837513556, 2.23584622780991, 2.2447559399276082, 2.2532865553951282, 2.2652323479259566, 2.2805976403571475, 2.297906282046926, 2.3105436131654753, 2.322658629922358, 2.344203217089525, 2.3614723618625404, 2.374718061784927, 2.384029773634835, 2.3902682939080453, 2.393795822978185, 2.394916850539523, 2.391541502669812, 2.381412359352062, 2.3731119479237877, 2.3620069602457807, 2.3463606092027254, 2.3248562308950866, 2.3100524212029776, 2.2973807461530846, 2.2781720221343975, 2.2642436368220737, 2.2533927335302577, 2.24516508634911, 2.2390214535064854, 2.2350268589635243, 2.233582837513556], "y": [0.8424139495310775, 0.8093159738776862, 0.7773595041420308, 0.7621781452742291, 0.7495075849812477, 0.7410509160058185, 0.7382192407930082, 0.7396209800270209, 0.743480174199447, 0.7567537159065321, 0.7749190431047742, 0.7961970577437542, 0.8186143932248608, 0.8420734164877535, 0.866065713395891, 0.890290020805508, 0.9333380974663673, 0.975313451343247, 0.9960827074326952, 1.0154976006093013, 1.0322600243260864, 1.0402192242497925, 1.0369061019042265, 1.0285659452805904, 1.0057246210169684, 0.980205633911807, 0.9532338612960963, 0.9262022875331459, 0.8986222959861149, 0.8706415171340719, 0.8424139495310775]}