{"x": [2.2558154115034865, 2.257676572581735, 2.2648134431399045, 2.271777146530917, 2.282149232022538, 2.2977281999875205, 2.3181787097193665, 2.3328697705751718, 2.3461117956195356, 2.367142415642242, 2.382055446490027, 2.392770259107256, 2.3999915728656123, 2.4047472078386827, 2.40826342166287, 2.4053548099086095, 2.3965850815789134, 2.3893931616589223, 2.379645281054836, 2.3652066206378963, 2.354721053079028, 2.3411430984798725, 2.324029869644368, 2.311425181227194, 2.2940369742395075, 2.2818660781396267, 2.2725140543752227, 2.265461284764145, 2.2602642066598473, 2.2569456993184613, 2.2558154115034865], "y": [1.093020990815108, 1.0537179802042873, 1.015023592468216, 0.995506614646835, 0.9775671210432576, 0.9631412372966832, 0.9574327334269003, 0.9601320670172018, 0.9670431048282054, 0.9877874907636295, 1.0125424666451965, 1.0393827369594395, 1.0662433243689409, 1.0936481134464542, 1.1491081407321964, 1.2018227782018958, 1.2538841351849996, 1.2800547865788336, 1.305384720061605, 1.3293235443566014, 1.339053179988269, 1.3435534117000694, 1.3371684331258544, 1.3239490389462598, 1.2928823961495117, 1.260467841705268, 1.227130569723251, 1.1940167512205264, 1.160561453968878, 1.1268632898607043, 1.093020990815108]}