{"x": [2.283902079989708, 2.2856020479681565, 2.2914920087136617, 2.301743941077564, 2.3140339802265086, 2.3209233523355315, 2.3276663360727152, 2.3341780665768668, 2.3404229799128338, 2.351959179085062, 2.3621447099591903, 2.3707602381411803, 2.3775368314386083, 2.3820768260772036, 2.383787815697052, 2.3818831857788614, 2.3755123243952867, 2.3644728772328376, 2.35778995064841, 2.3508096300532197, 2.3437965993269128, 2.3369843160012262, 2.3304901065732793, 2.324354396338038, 2.3186360367862537, 2.313299358503435, 2.303783471489001, 2.295921880148154, 2.289735830930803, 2.285518645450548, 2.283902079989708], "y": [1.0636391054967318, 1.0513819227930996, 1.0404990563795855, 1.0333985698472803, 1.0312833951720193, 1.0318586407855692, 1.0333839361315833, 1.0356825771343598, 1.0386300238335557, 1.0460954695483793, 1.0553189033923691, 1.065996614459088, 1.0779263513698605, 1.0909072247055918, 1.1045522655042677, 1.118195927866815, 1.1304102335376154, 1.1389195063151731, 1.1410345763889806, 1.1416750086947864, 1.1409887060975092, 1.1391869272226942, 1.1364803843170126, 1.1330375380376263, 1.1290213547244021, 1.1245103427232435, 1.114293943368155, 1.1029324416578814, 1.0905784489994916, 1.07739036112346, 1.0636391054967318]}