{"x": [2.3119567987169574, 2.314018563972855, 2.3206538473558007, 2.3302503168453153, 2.3408407926171257, 2.3522458819913923, 2.3632360623180246, 2.373575950035415, 2.383091530628377, 2.391634675497967, 2.398697621458676, 2.4015121251724376, 2.4036978995281273, 2.405128261762758, 2.405652051505645, 2.4050992676719902, 2.4033362487374648, 2.4003445752130945, 2.3962543209776204, 2.3859206473298453, 2.374291745130373, 2.3628330957069634, 2.3519304478660428, 2.341882310030321, 2.3328304037846705, 2.324922363144262, 2.3184407592537295, 2.315851296092504, 2.313817953545838, 2.3124617822707796, 2.3119567987169574], "y": [0.8501613337328721, 0.839535837505828, 0.8309845182819091, 0.8263146368729681, 0.8249948482673789, 0.826246239601042, 0.8295413845588666, 0.8344744010380916, 0.8408541859538534, 0.848699478872314, 0.857899953838062, 0.8630204107179481, 0.868439165213177, 0.8741123392872621, 0.8799395585642739, 0.8858730135255943, 0.8915653963290673, 0.8967277428125141, 0.9010716755906263, 0.9066579766521938, 0.9083193628939482, 0.9068592805003028, 0.9030429003748839, 0.8974032782842815, 0.8902735234069784, 0.8818441596146421, 0.8722744108342336, 0.8670692610983735, 0.8616227556752618, 0.8559611544596291, 0.8501613337328721]}