{"x": [2.2354343890090456, 2.2376515346206522, 2.2460451416241325, 2.254084440236387, 2.2654579178046395, 2.2804055442334352, 2.297527494527619, 2.3102268379579898, 2.3223316686554525, 2.3435611448046147, 2.360257888370604, 2.3729103720936973, 2.381721064814594, 2.387603762981498, 2.3909253675715427, 2.392051293840874, 2.3887811662650753, 2.379165430373556, 2.371264230967906, 2.3606498811576757, 2.3455243291310555, 2.324177431143005, 2.3092935584966816, 2.296791156976799, 2.278145701261538, 2.2647265405284416, 2.2543015520395544, 2.246411771598756, 2.2405427787734675, 2.2367582400301282, 2.2354343890090456], "y": [0.8560690486005677, 0.8233300211767749, 0.7916076786909174, 0.7763556342409826, 0.7633980422546511, 0.754490687238151, 0.7513904731538814, 0.7528488163377764, 0.7569565118219002, 0.770939972875944, 0.789722292637946, 0.8114356856705276, 0.8340644898151972, 0.8576247305931898, 0.8816562376082178, 0.9058900709100702, 0.9489678839043967, 0.9910859243384045, 1.012010019146359, 1.031697128474195, 1.048970397955424, 1.0574236877865448, 1.0538214261617538, 1.0449785810313081, 1.02137274116008, 0.9953484790246023, 0.967986905431636, 0.9406237206244954, 0.9127571198018178, 0.8845239554277793, 0.8560690486005677]}