{"x": [2.297254194023421, 2.30053227882852, 2.3108201980087535, 2.3251514189185287, 2.340728769376986, 2.357828864928615, 2.374395775345662, 2.390126376892923, 2.404764377755741, 2.418131573398008, 2.4293308749913316, 2.4338428421937204, 2.437365427960785, 2.4396829561337015, 2.440550799335564, 2.439671105086166, 2.436831990447406, 2.432077361614708, 2.425666178582376, 2.4096964119773117, 2.3917905384597518, 2.37450420372368, 2.358034642610153, 2.3428468767103228, 2.329151897174895, 2.317156305750703, 2.3072673188682025, 2.3032862080707788, 2.300140580459951, 2.2980309255107287, 2.297254194023421], "y": [0.7899750646736666, 0.7743495158139782, 0.7621404070792295, 0.755807347287653, 0.7541228023096663, 0.7558207171714231, 0.7603851078192674, 0.7672492628144293, 0.7762101433278856, 0.7874299310666599, 0.8008142950808208, 0.8083738496340775, 0.8164420652108192, 0.824948981288502, 0.8337231140753921, 0.8428856498022042, 0.8516415250289024, 0.8595289301992394, 0.8661406158983423, 0.8746627226672227, 0.8773159174911256, 0.8751317352126826, 0.8694447696280513, 0.860988507583174, 0.8502822413654921, 0.8376285102091595, 0.8232681806784484, 0.8154496976372004, 0.8072592796270105, 0.7987284682726036, 0.7899750646736666]}