{"x": [2.231529633066448, 2.233366285587666, 2.240281822228701, 2.2536320697286487, 2.27060067793041, 2.281261568538576, 2.2915976512765996, 2.3014614719021127, 2.3108234418393163, 2.327845166125853, 2.3426322439038336, 2.354892726431999, 2.364413918793644, 2.3707333696572737, 2.373160329167227, 2.370961784196607, 2.3631807525945705, 2.3483718733532695, 2.3387788740111657, 2.3285432268117097, 2.3175730636495055, 2.307081845351753, 2.2973006076294915, 2.288241154830225, 2.2799704484294163, 2.2723536379692097, 2.2589656210820097, 2.248095758160924, 2.239571501596415, 2.2337354826980023, 2.231529633066448], "y": [1.1037573774778333, 1.086883815895166, 1.0713833086152649, 1.060389708804157, 1.0570498464100206, 1.0580566008332921, 1.0608554464276008, 1.0649637752601742, 1.0701141967986252, 1.0827740745040308, 1.097984397708705, 1.1151175764599908, 1.1339115154286985, 1.1540441703556166, 1.17500530394045, 1.1948804127436572, 1.2133007573966563, 1.2274131229423175, 1.2311944524106349, 1.2324416955039603, 1.2310271979027791, 1.2275229687581537, 1.222422971524554, 1.2161294114716135, 1.2090101169347713, 1.2011951865138413, 1.1839845714485266, 1.165494190601495, 1.1458120882286824, 1.125131820533382, 1.1037573774778333]}