{"x": [2.238594455092539, 2.241097047175028, 2.2496436635951085, 2.262559392486963, 2.276958195977792, 2.294545234974316, 2.311390390171542, 2.327154659037208, 2.3416166799781806, 2.3545457092841398, 2.36021249480548, 2.3652231544870603, 2.369478711360175, 2.3727939558810576, 2.3749839846842353, 2.375830165511662, 2.3729375457355744, 2.363540410775751, 2.3490249058204973, 2.3322813827504025, 2.3144900234118118, 2.2977985326737733, 2.282678520479348, 2.2692288207504534, 2.2576259966614582, 2.2525871844709595, 2.248129428429745, 2.2443215732924897, 2.2413130512304353, 2.2392897308655777, 2.238594455092539], "y": [0.8324052332820128, 0.8179613478598126, 0.8060515140663039, 0.7994407437889676, 0.7976539045404337, 0.799758807740866, 0.8052337784741064, 0.8132241046584205, 0.8233832107068676, 0.8356999361138142, 0.8426115527871869, 0.8500126468103634, 0.8579321862244497, 0.8662891008822852, 0.8750199971524144, 0.8839815123058803, 0.9007510172562537, 0.9149382439054791, 0.9237161160050873, 0.9264373947310347, 0.9237592616429171, 0.9170436826734986, 0.9074184742587639, 0.8955709013854185, 0.8819537404055862, 0.8745550213420769, 0.8667923489189433, 0.8586434936406288, 0.8501669142541445, 0.8413877087682776, 0.8324052332820128]}