{"x": [2.21001064130981, 2.211282634169385, 2.2158627662722905, 2.2267104393239636, 2.2365690655675463, 2.2500211417537845, 2.259992676032108, 2.26873546012886, 2.282226353213972, 2.2917193368086695, 2.298628247499254, 2.303395784229914, 2.3066105816194926, 2.30846703461033, 2.309081249622949, 2.307432792325729, 2.3021760937260716, 2.2976942496162955, 2.291479977308455, 2.2821291247833915, 2.275443855419066, 2.2671716897894076, 2.256115472530729, 2.247600933219613, 2.235655850799869, 2.2273316755522807, 2.2210059555200834, 2.2163140098550804, 2.212911361629496, 2.2107769815996803, 2.21001064130981], "y": [1.0842762086837656, 1.0582415341010185, 1.0325813580224281, 1.0075366806564283, 0.9974884241218398, 0.9933409409000316, 0.9955062676479943, 1.0007678132409548, 1.0157137139758763, 1.032928119489406, 1.0513324517995708, 1.0697088221339905, 1.0884193932340371, 1.1073067100135452, 1.1262751019526356, 1.1579861585177407, 1.1893018996037892, 1.2050710079745033, 1.2202411933759962, 1.2343121023950672, 1.2397505401461388, 1.2421672957070866, 1.2385269969260797, 1.2305900998242165, 1.21124168947065, 1.1907663292362398, 1.1695880966292518, 1.1485507751589321, 1.127266855552294, 1.105817685188068, 1.0842762086837656]}