{"x": [2.261422277759273, 2.2632313128631987, 2.2703751914085406, 2.277391191189477, 2.2878731978451987, 2.303650169255065, 2.3243529902648317, 2.339324664029531, 2.3528237112912356, 2.374294423587133, 2.389555533496216, 2.4005382685605143, 2.407951111651536, 2.41283776191944, 2.4164561203679034, 2.4135240018167643, 2.4046649771045523, 2.3973905855315607, 2.3875239222381457, 2.3729008730295873, 2.3622897648312082, 2.348578879697557, 2.3311907099543143, 2.318361986676765, 2.30063828903978, 2.288213754839981, 2.2786508613952594, 2.2714229760199793, 2.2660781735870428, 2.262640232092131, 2.261422277759273], "y": [1.1053155834277109, 1.06556156504647, 1.026412879438998, 1.0066545393496504, 0.9884956904741897, 0.9739125872379808, 0.9681703812939881, 0.970930204415613, 0.9779689089843171, 0.9990781869011064, 1.0242808871680296, 1.0516205489601755, 1.0789982311485349, 1.1069376007523415, 1.163489888398394, 1.2166793185134794, 1.269207696332654, 1.2956142421533763, 1.3211655902664112, 1.3452943643602415, 1.3550802753976523, 1.3595937331499348, 1.3531351429304819, 1.3397379158401208, 1.3082230836663105, 1.2753261022706475, 1.2414863105456169, 1.2078691947894613, 1.1739017708995954, 1.1396840278235054, 1.1053155834277109]}