{"x": [2.202100246196913, 2.204259361956559, 2.2119243511242352, 2.2254364704866445, 2.241583662383275, 2.2516748875123307, 2.261539535916279, 2.2710632726354363, 2.280207868463986, 2.2889014894533473, 2.2971571771438994, 2.3122264384910376, 2.3251008389926593, 2.3353263207974364, 2.342266169897074, 2.3449781347001304, 2.3425091808154312, 2.3339433966984404, 2.3188074436622093, 2.29983406401598, 2.2894887473975114, 2.279476479983083, 2.2699861729316275, 2.2610639611714336, 2.2527878315399708, 2.2450803817457663, 2.2313409027917963, 2.2199510349338305, 2.210888633508156, 2.2045874441005266, 2.202100246196913], "y": [0.9819387472883505, 0.9658519085345117, 0.9515447039502835, 0.9423200484025518, 0.9396856920311262, 0.9404859937499325, 0.9427580015212406, 0.9461440076619477, 0.9504501620731587, 0.9555174775656706, 0.961270768186122, 0.9745854947635069, 0.9900310480604468, 1.0073444771484394, 1.0262725292610007, 1.0462494636907014, 1.0652373151871222, 1.082362197090248, 1.094502140337624, 1.098562455739723, 1.0974247533905879, 1.0945831968112538, 1.0903546077061326, 1.0850309782057717, 1.078886147535357, 1.07204155234538, 1.0566979310807416, 1.03982678146029, 1.0215993938323955, 1.0021916410106788, 0.9819387472883505]}