{"x": [2.238359601538935, 2.240300946216791, 2.247515760378169, 2.261286805928864, 2.278768687307874, 2.2887985367998387, 2.298545737001864, 2.3078684974823016, 2.316724731836845, 2.3328224593371063, 2.3467517151156403, 2.358219986961644, 2.367036848563488, 2.3728059151115932, 2.3749668487275453, 2.3726500550784815, 2.3646651800802365, 2.358023126255331, 2.349674141920649, 2.3399800991145745, 2.3296220427378636, 2.319290399922245, 2.30937746888947, 2.3001079597986314, 2.29151287794809, 2.276445542078991, 2.2637997123770313, 2.2536066883768973, 2.245687860576945, 2.240339059874643, 2.238359601538935], "y": [1.115379746199647, 1.097986554045783, 1.0820416987916184, 1.0707278100133875, 1.0672594388833443, 1.0681443739911434, 1.0706688698216256, 1.0744209766762518, 1.0791706379148618, 1.090970206872226, 1.1052650483092077, 1.1214199189760155, 1.1391615101360284, 1.1581410618920998, 1.1778599837593142, 1.1979858361447135, 1.2166046233853909, 1.2246452808406116, 1.2308953617924374, 1.2347714888763879, 1.2360789655277358, 1.2348113224261996, 1.2316358601540525, 1.2269545671755382, 1.221126799960015, 1.207175084490233, 1.1909961486200644, 1.1735712204372923, 1.1550019440185204, 1.1355024307228225, 1.115379746199647]}