{"x": [2.2501462983799705, 2.25227537792058, 2.260091271184961, 2.2676548162512122, 2.27859021790269, 2.293615320935852, 2.3114583538333373, 2.32485254517642, 2.337447614383709, 2.3589246089186187, 2.375259510912825, 2.3874084362068153, 2.395763353034549, 2.401318881934216, 2.4044537569299305, 2.405450421853633, 2.402404385269931, 2.3931977191379588, 2.385609920309212, 2.3753599944666712, 2.360494966036054, 2.338419755138257, 2.322752882026589, 2.310081838229139, 2.2917021287122163, 2.278615665553076, 2.268482430694901, 2.2608180308244106, 2.2551299724022993, 2.2514726650858754, 2.2501462983799705], "y": [0.9218065083121557, 0.8877065545736949, 0.854446193223655, 0.8381246727536725, 0.8238412475642394, 0.8135092197954523, 0.8097501379938152, 0.8114939722327287, 0.8163734754094383, 0.8324373780555494, 0.8532053164565455, 0.8766689031983238, 0.9007291241561556, 0.9255854104110046, 0.9508421804472456, 0.9762732349462665, 1.0216884747562434, 1.0662649219520595, 1.0885333281184058, 1.1097086822943651, 1.1288006371132795, 1.1387080521579986, 1.1343420499951327, 1.1241460930971099, 1.0981215957049866, 1.0700372338081188, 1.0407574719839703, 1.0115665205028053, 0.9819270086117982, 0.9519633698350555, 0.9218065083121557]}