{"x": [2.286258731145931, 2.2874441903590883, 2.2917938670571827, 2.3004750556872406, 2.3119291511906974, 2.3189901346649253, 2.3257944559083947, 2.3322267750079, 2.338272667959376, 2.3438807461571405, 2.349099228679584, 2.3583528165008008, 2.3658962193014648, 2.371706803581363, 2.3755458721095586, 2.3769993539145453, 2.3756705319518465, 2.3709625586924177, 2.361711371170641, 2.3556128280598494, 2.349078901560838, 2.3418870835212995, 2.3350351096655455, 2.3286657486100166, 2.3227759811145265, 2.312470140039787, 2.3038116403298585, 2.2968194732203893, 2.2913773436100056, 2.2876909762378745, 2.286258731145931], "y": [1.1345067142666765, 1.1231051725465704, 1.1124994769181151, 1.1045992368130981, 1.1020339832300672, 1.1028217445281139, 1.1048660703098054, 1.107842627404456, 1.1115415190701945, 1.1157823334212278, 1.1204942849909194, 1.1310648832282313, 1.1427285536140843, 1.1553452585329242, 1.1687133015360096, 1.182545525201751, 1.195170873179809, 1.2069607063916954, 1.2161432130715273, 1.2186056147158426, 1.2193562507379174, 1.218422364049415, 1.2160464757227352, 1.212628335706588, 1.2084375028210226, 1.1985494162953088, 1.1871909393652382, 1.1750128072401422, 1.1620675174308401, 1.1484964344656758, 1.1345067142666765]}