{"x": [2.3453667644033716, 2.347484923092837, 2.3542414730903745, 2.3641981478833545, 2.3752701479055953, 2.3869363066193032, 2.3981478409764367, 2.408650182653701, 2.4182595276363568, 2.4268052619428246, 2.4337988698986313, 2.4365559676463695, 2.4386821380583315, 2.4400633333187516, 2.440567391814876, 2.4400180430982843, 2.438259402967752, 2.4352568291905925, 2.4311107058797394, 2.420420462560871, 2.4082437824401053, 2.396466463700852, 2.385306848792854, 2.375088719475777, 2.365950663109069, 2.3580488663318127, 2.3516367218083714, 2.349101884557136, 2.3471288353360076, 2.3458311473014133, 2.3453667644033716], "y": [0.8620982814991387, 0.8510098003371385, 0.8419660155738568, 0.8369184679805365, 0.8354958207482635, 0.8368366183925252, 0.8403292527585995, 0.8455402693663209, 0.8522569920639051, 0.8604650161515502, 0.8700300923154177, 0.875318263736717, 0.8808901345491933, 0.8866984297907878, 0.8926473724694007, 0.8988482075880408, 0.9048197505270361, 0.9102830873983528, 0.9149385315820988, 0.92105457095133, 0.9229027324754313, 0.921338465737803, 0.9172622956950309, 0.9112658729214893, 0.9037251051450338, 0.8948791642049068, 0.8849005136931505, 0.8795035767739159, 0.873876907708523, 0.8680499254195404, 0.8620982814991387]}