{"x": [2.167082460036132, 2.1687558783020826, 2.175026705751499, 2.190315905451906, 2.2044078494349972, 2.2235254615606053, 2.2381175506439033, 2.2509928867852054, 2.2618028469037728, 2.270928397009017, 2.2848549877456623, 2.2948384956152665, 2.301586656668928, 2.306043619192078, 2.3094083409056543, 2.3068012839179066, 2.299048538918702, 2.2926478637085275, 2.2839198381987726, 2.27087414719433, 2.2612317144524634, 2.2484379823345875, 2.23167549910853, 2.219721868601572, 2.203358070903206, 2.191870742256236, 2.1830151396046986, 2.176304099236234, 2.171345040535085, 2.1681732795790127, 2.167082460036132], "y": [1.0714037980357052, 1.0344853385277284, 0.9980648813060713, 0.9624548577152777, 0.9482899349193283, 0.9424809049097128, 0.9454849469135681, 0.9529802155161142, 0.963011720826805, 0.9745966537933833, 0.9997038820989484, 1.0266232508387856, 1.053457629078001, 1.0807661811845968, 1.135953954727232, 1.1860280233743152, 1.2355669377950758, 1.2605101387228737, 1.284737261671579, 1.3078350060503041, 1.3174093976502885, 1.3219882514574446, 1.3151184162901988, 1.3015064290424792, 1.2702598874378048, 1.2379033555388477, 1.2047298393301331, 1.1717740085070396, 1.1385094239633229, 1.1050227021816224, 1.0714037980357052]}