{"x": [2.207120473090834, 2.2083499138875413, 2.2127171058509125, 2.2206789843687313, 2.230434241910335, 2.2369162712868333, 2.243214938630803, 2.2492430391544675, 2.2549819712363495, 2.260386331661355, 2.265481916552531, 2.27470089146574, 2.2824800791751017, 2.2886516303607665, 2.292868874081009, 2.2945220800787256, 2.293198193920836, 2.288507144212481, 2.279911174436762, 2.269051373277477, 2.2624749898156193, 2.2561357321809523, 2.2501436567043007, 2.244513373973948, 2.2392895115243796, 2.2344180834420504, 2.2257142932748972, 2.2184742374009323, 2.212706628169849, 2.208698061955222, 2.207120473090834], "y": [0.9824352292045163, 0.972717749326299, 0.9639502768164342, 0.9580396363485942, 0.9562613982966008, 0.9568950599434276, 0.9585518706177243, 0.9609864334296256, 0.9640408974690349, 0.9675842913099885, 0.9715589316877201, 0.9806021717987503, 0.990835742636519, 1.002111987112045, 1.0142887348893772, 1.0270686112955791, 1.0378957034590912, 1.0477431727740971, 1.054742773230237, 1.0569675927086357, 1.0562156329584884, 1.0543108821756937, 1.0515342520698878, 1.0480825047386586, 1.0441321089557551, 1.0397544892632418, 1.0299813234809392, 1.0192494017017144, 1.0076594388937044, 0.9953165162482623, 0.9824352292045163]}