{"x": [2.2621908313678984, 2.2638270641676765, 2.2697336377988013, 2.2752957812343553, 2.283137380947678, 2.2935865827789694, 2.305725248211217, 2.3145885285823162, 2.3229456154938295, 2.3373451179489066, 2.348515670730699, 2.357010011290632, 2.3630169629497724, 2.367111861628564, 2.3694849586963906, 2.370265523786694, 2.3682316524663944, 2.361816702399576, 2.356370968507937, 2.3489513114858904, 2.3384561744327796, 2.324433907136966, 2.314536569509497, 2.3058893890720995, 2.2925287161927477, 2.282819306753779, 2.2753363575363523, 2.2697645691168433, 2.2656906879018694, 2.263116226169039, 2.2621908313678984], "y": [0.8852116333937731, 0.8620604397883729, 0.839615676232704, 0.828761031374086, 0.8194191863453772, 0.8128522689164837, 0.8106244841528838, 0.8118586244600839, 0.8150586150206927, 0.8254920657895958, 0.8390218345338285, 0.8543737748077842, 0.8702503707116832, 0.8867240336480611, 0.9035214931208502, 0.9204677892522508, 0.9481477149105072, 0.9751507394195204, 0.9885120053557934, 1.000886500687465, 1.0112869461996905, 1.0159445409116743, 1.0139026072068071, 1.0086725923071844, 0.9938985337254852, 0.9770681536538619, 0.9591366228765346, 0.9411269698280954, 0.9227205600488037, 0.90404303170971, 0.8852116333937731]}