{"x": [2.2579936824598126, 2.2598690470728835, 2.2668671375243643, 2.2805368097377854, 2.2982276467964278, 2.308361264899663, 2.318186158190085, 2.327551146207471, 2.3364169619204347, 2.3524426809458654, 2.3662200806307694, 2.3774749302317244, 2.3860794577045525, 2.3916802757901165, 2.3937701105885067, 2.391517141981944, 2.3837265033877877, 2.3771754451801685, 2.3688562090325935, 2.359087149780774, 2.3485834317094745, 2.3381317372862225, 2.3281392935761254, 2.318841706636629, 2.310258874386668, 2.295308038867818, 2.282833612477964, 2.2728399627727947, 2.2651088648140654, 2.2599104935072383, 2.2579936824598126], "y": [1.1734740064078883, 1.1558767731708897, 1.13962234792537, 1.1277971968267422, 1.1240920084250092, 1.1250352514421573, 1.1276906977480452, 1.1316206829571587, 1.1365749837204768, 1.1488039759387372, 1.1635197898434697, 1.1800216580440621, 1.198047900043414, 1.2172436869112901, 1.2371303655485069, 1.257501986841702, 1.2764594331874195, 1.2847608505755679, 1.2912892657134658, 1.2953889433425496, 1.2967723384439658, 1.2954439798140174, 1.2921042909561515, 1.2872092825641097, 1.281147828891542, 1.2667453924555567, 1.2501518291176708, 1.2323891726949876, 1.2135314124363445, 1.193794152403166, 1.1734740064078883]}