{"x": [2.284488234077383, 2.2868923631074525, 2.2958074366802457, 2.3043684723491413, 2.3165520344710497, 2.332789249984436, 2.3515923656799513, 2.3645911873122025, 2.3769484918416617, 2.398475264420943, 2.415204348388276, 2.427741004208921, 2.4363790902534195, 2.4421065377950173, 2.4463410402030967, 2.442912737698175, 2.4386846975280685, 2.432688247407361, 2.4243473929592585, 2.413174835819122, 2.3972044287970666, 2.374188341077838, 2.3587907950454943, 2.3459858949097723, 2.3270952613122393, 2.3136131553557022, 2.303199120346043, 2.29536225816559, 2.2895659174720753, 2.2858494038934842, 2.284488234077383], "y": [0.9152207717678291, 0.8793401487601227, 0.8445016584511832, 0.8276349454014917, 0.8131664225036168, 0.8030660951745711, 0.7995866383314607, 0.8011856708648631, 0.8055242528493561, 0.8201798477677351, 0.8397294011835463, 0.8621989261001626, 0.8854750819355683, 0.9096327371538317, 0.9590129353677355, 1.00587257381076, 1.0289991624379677, 1.051731474488483, 1.0745480712124686, 1.0961198329842812, 1.1152986382864278, 1.1249495542724133, 1.1210731622944674, 1.1116845856665114, 1.0868958518492715, 1.059739252414473, 1.031264773513131, 1.0028412559201192, 0.9739325168303495, 0.9446784952140881, 0.9152207717678291]}