{"x": [2.2813008850786245, 2.283029835354497, 2.2891938375746985, 2.294903291121074, 2.302797881240621, 2.3130067834273, 2.324627048437445, 2.332773501595696, 2.3405334676665883, 2.3541524404050342, 2.3649183419655375, 2.373172244216434, 2.3790311060364635, 2.3830237180359597, 2.385331593116434, 2.386087232444413, 2.383995443977052, 2.3774584654328965, 2.371953409804932, 2.3645178446004733, 2.3541972734188086, 2.3408031731564187, 2.331687171816421, 2.323556543665415, 2.3107186956008423, 2.301290405728693, 2.2940141448747298, 2.2886067384979003, 2.2846629038649584, 2.2821820867595646, 2.2813008850786245], "y": [0.8206367343142748, 0.7984151006604888, 0.7769955920776835, 0.7668053902572076, 0.7581964693152656, 0.7523036671309288, 0.7503247172743367, 0.7513353575922519, 0.7540128600647774, 0.7630206428932756, 0.7750521424240143, 0.7889278303349349, 0.8034219126808052, 0.8185369295281845, 0.8339874798918597, 0.849591159045622, 0.8758963977437674, 0.9014621770878796, 0.9140249731718117, 0.9255506771851761, 0.9350344935090014, 0.9391642682898972, 0.9374824258246832, 0.9330301274992465, 0.9199816191894656, 0.9047877837336652, 0.888453729927084, 0.8719853805693316, 0.8551066145397554, 0.8379496836494543, 0.8206367343142748]}