{"x": [2.258515598509873, 2.261023474710888, 2.270339517122041, 2.2792492471619368, 2.291796264180099, 2.308151962230598, 2.3267495408235805, 2.35200293397545, 2.373783566675262, 2.391028649550564, 2.4041137607791145, 2.413219519269733, 2.4192818668073643, 2.422692885323244, 2.4237732557972516, 2.420222058320566, 2.4158437850497667, 2.409639872740536, 2.4010166419521757, 2.3894985428364, 2.373191715417425, 2.3503033092514145, 2.3349871950102785, 2.322030959680039, 2.302646033363784, 2.288723458553257, 2.277944370032329, 2.2698228906319766, 2.2638034576961004, 2.259935015299859, 2.258515598509873], "y": [0.8932804325422072, 0.8578075415837342, 0.8234880603844947, 0.8070577932613785, 0.7932046589204892, 0.7838252481801576, 0.7807248812610994, 0.7863875185780479, 0.8003661939896205, 0.8193082204694451, 0.8413303256066678, 0.864367317934294, 0.8883853485680819, 0.9128964866515179, 0.9376202350950658, 0.9837941822936879, 1.006550960800709, 1.0288792324962701, 1.0512361129842442, 1.0722485761226308, 1.0906532801218405, 1.0996403048214, 1.096040622657804, 1.087114423399783, 1.0630219331302444, 1.0363355192608188, 1.0082318891532511, 0.9801301010786121, 0.9515043199054675, 0.9225035857560053, 0.8932804325422072]}