{"x": [2.127929679061052, 2.129655980289357, 2.1362496516776, 2.152271026313934, 2.166160079654658, 2.183497925211078, 2.1975009696340364, 2.210296309252881, 2.221473783398659, 2.2311778715002735, 2.2464702352111963, 2.257689938287141, 2.2653824286778477, 2.270506908630058, 2.273412706438498, 2.2743389557652196, 2.271745507860622, 2.2637962807304506, 2.2571736332428016, 2.248128197313922, 2.2347137995040214, 2.21349121960072, 2.1973209281769597, 2.184953260300335, 2.1674877692826215, 2.155087223367849, 2.1454577418598015, 2.138125169703408, 2.132661621071559, 2.1291330267128887, 2.127929679061052], "y": [0.9482002301239851, 0.9150999322892158, 0.8826171163659442, 0.8517291853018855, 0.840546140010767, 0.8363789567718825, 0.8387547595948474, 0.8449199016210597, 0.8535250490784895, 0.8637629768551323, 0.8867273365656667, 0.9119332181743229, 0.9373999781164252, 0.9635049580164207, 0.9899345036579701, 1.0165071701765382, 1.0613470719575684, 1.1055528696746015, 1.1277594804646682, 1.1490942668799033, 1.1688439788016438, 1.1797801249163398, 1.1743375015256063, 1.1625841502845258, 1.1342103368630172, 1.1042665861996974, 1.0733202644690356, 1.0425155715807495, 1.011325102608357, 0.9798498184834254, 0.9482002301239851]}