{"x": [2.1868615860314264, 2.1883379867188615, 2.193986872729476, 2.2061587718319067, 2.223316013968859, 2.2349346550078777, 2.245992634936177, 2.2563098046535623, 2.265916011895483, 2.2747412526914856, 2.28290374848571, 2.297266599709369, 2.3088335629564583, 2.3176654860153634, 2.3234575468618113, 2.3257475503251395, 2.3239095757932953, 2.3174347194172396, 2.3039346495884927, 2.294394737065935, 2.2838653072782007, 2.2718724542859596, 2.2606876073853877, 2.2505633015662867, 2.24138991762039, 2.225724640320801, 2.2127781113968026, 2.2024377373724326, 2.1943986023316175, 2.188933590003736, 2.1868615860314264], "y": [1.274944762954002, 1.2578950676934593, 1.241740750799628, 1.228910551543996, 1.2246212412319577, 1.2260751277819224, 1.2299258011774548, 1.235368150614274, 1.2419850940774628, 1.2494299224949124, 1.2575959501511214, 1.2756511578912297, 1.2952377795441377, 1.3162003061479433, 1.338216334795554, 1.36086604495704, 1.3811183729921022, 1.400395592089496, 1.4165369864882817, 1.4212696111035552, 1.4228629644957147, 1.4208805854852509, 1.4161205908166177, 1.4095030973089888, 1.4016200892775745, 1.383693726560483, 1.3637151685054618, 1.3428080131929143, 1.3209126989448292, 1.2982068939638234, 1.274944762954002]}