{"x": [2.274690520343042, 2.276550843673735, 2.2837122093522155, 2.2906946348997335, 2.301105118930606, 2.3168529983458885, 2.3377949928302924, 2.3524492990519397, 2.3656111346741504, 2.3863707369651297, 2.4009815700780734, 2.411434247960996, 2.418457165375936, 2.4230754201157354, 2.4264976138801924, 2.4235748391250955, 2.4147490523649497, 2.4075299532820824, 2.3977584517704047, 2.3832892204189293, 2.3727175984573123, 2.3588816084509023, 2.341784137360177, 2.329302084823077, 2.312165792023106, 2.3002032715181735, 2.2910301547276055, 2.2841240495433435, 2.279044712232767, 2.275805354228958, 2.274690520343042], "y": [1.115955402094402, 1.0756058813361422, 1.035853403804106, 1.0157732195399511, 0.9972370417016806, 0.9821549928461953, 0.9760807216328976, 0.97881889705988, 0.9858197811869486, 1.006739292194507, 1.0315737500674134, 1.0584246023289585, 1.0852424399099665, 1.1125772072346891, 1.1678611117372741, 1.2218414239048176, 1.275175486210617, 1.301989110119556, 1.3279814854805259, 1.3526484400479333, 1.3627729273384617, 1.3675509828360377, 1.3610222699544292, 1.3476377275995437, 1.3163673994714846, 1.283816293746985, 1.2503718576018643, 1.2171636754172033, 1.1836274564098208, 1.14985977789157, 1.115955402094402]}