{"x": [2.2969482677732236, 2.298585719590625, 2.304417477696382, 2.3098951564281838, 2.3176508486720513, 2.3281542905124057, 2.340563919739286, 2.3492309880846567, 2.3573672537458807, 2.371231980839789, 2.381817443162165, 2.389772047885581, 2.3953373039166554, 2.3991057565764144, 2.401277297799765, 2.401987818859187, 2.3999732087654615, 2.3936614352352277, 2.388326592637235, 2.3810596144945917, 2.370697760548723, 2.356519694398022, 2.3467793204074328, 2.3383512181771966, 2.3255042836880424, 2.3162709720646006, 2.3092016988221165, 2.303971845883123, 2.3001729382527873, 2.2977924891422608, 2.2969482677732236], "y": [0.901235414785646, 0.8775461479421641, 0.8545276073839111, 0.8433150296029194, 0.8335387264876293, 0.8264845693127435, 0.8240178860349257, 0.8252594225597171, 0.8284937181145036, 0.8389891670879017, 0.8524639644567364, 0.8676411328488908, 0.883225619258901, 0.8993391867070595, 0.9157341044709961, 0.9322569395665563, 0.960497958378613, 0.9880982357735182, 1.0017953659500622, 1.0145728050241842, 1.0255142302787688, 1.030619643486679, 1.0285612616339213, 1.0232623075743916, 1.0084575720433424, 0.9917406026848214, 0.9739997886140856, 0.9562330178103662, 0.9381063025157637, 0.9197380366948588, 0.901235414785646]}