{"x": [2.309226997007676, 2.3124789241772334, 2.3231551014778202, 2.3392257935310345, 2.357175997228694, 2.3755176986533013, 2.3931641305810123, 2.4097254668166803, 2.424889495320808, 2.4383620687612186, 2.4493012934315606, 2.45681269580253, 2.458898464577061, 2.4596601611483826, 2.4587671391389887, 2.4559055498525137, 2.451051476057493, 2.444340639494888, 2.4360781055364105, 2.4266516221383982, 2.4165170493676316, 2.4060661739576337, 2.3873724413937385, 2.369793540818213, 2.353914065791935, 2.3399126221389954, 2.3280180787743356, 2.3184734336052224, 2.311825303085678, 2.3099167723135237, 2.309226997007676], "y": [0.9099260045193212, 0.891957006838072, 0.8771421782453654, 0.8688362408152287, 0.8665899267509999, 0.8686206033072572, 0.8740192233759644, 0.882095369265041, 0.892562184915395, 0.9054490668724411, 0.9205459316229072, 0.9376991313670268, 0.9468512672684885, 0.9562071125682393, 0.9666862510130784, 0.9768065838935175, 0.9861493367209323, 0.9942619032341686, 1.0007543087450792, 1.0053978211527401, 1.0081087248466445, 1.0090240211092265, 1.0063677695448787, 0.9994762120939604, 0.9893780999455682, 0.9768047482959389, 0.9623057138997565, 0.9461625447910844, 0.9285609691940451, 0.9193284534716185, 0.9099260045193212]}