{"x": [2.207916276122292, 2.2102112324089602, 2.218954128356263, 2.227175147455041, 2.2384365138478906, 2.252446905247862, 2.267905679290297, 2.280194527482307, 2.292040354609918, 2.3133981743044, 2.330915953631034, 2.3446282325025822, 2.354460256176561, 2.3611246285609044, 2.364924839976943, 2.366138537737246, 2.3629229663643443, 2.353190972105218, 2.34516739333156, 2.334432982474683, 2.3195094367822042, 2.299761170052911, 2.2854952228676657, 2.273054498750358, 2.253786169605203, 2.239597663484459, 2.2284489087330406, 2.2199321198068893, 2.2135329305540026, 2.2093618668708515, 2.207916276122292], "y": [0.7675396581230152, 0.7378605542335733, 0.7094057162882846, 0.6961830784452778, 0.6854311049745241, 0.6784941752983986, 0.6761621449347814, 0.6773796686805718, 0.6808688711138758, 0.6930540819042754, 0.7100256331642488, 0.7301968887735423, 0.7517669210962896, 0.7745160117298255, 0.797889690455448, 0.8215391598305066, 0.860612585127097, 0.8985910099417572, 0.9172787099119285, 0.9345524000234247, 0.9490497065099053, 0.9555987577837262, 0.9526533394777731, 0.9450756669111937, 0.9237986082439774, 0.8996567127024121, 0.8739691652567924, 0.8481121681121795, 0.8216514354720034, 0.7947369951141839, 0.7675396581230152]}