{"x": [2.2086628047943027, 2.210187739151903, 2.2153811406075605, 2.223625453598435, 2.2329974066402105, 2.245825622297814, 2.2579641542084965, 2.2691668710749044, 2.2793327334729807, 2.288303622276966, 2.295696247395706, 2.2986539936169597, 2.300976202378861, 2.3025287972906465, 2.3031336542540752, 2.3015096889933404, 2.2959629533465216, 2.28698116309988, 2.2764872961640297, 2.2635235171475276, 2.2514538934330575, 2.2405716628660604, 2.2355770710637763, 2.2308914983691017, 2.2225293953389946, 2.2188876988787714, 2.215658201588642, 2.2128912914272267, 2.210696955851716, 2.209214574629375, 2.2086628047943027], "y": [0.8359387694121406, 0.8265554841736883, 0.8185930694657293, 0.8139436898878791, 0.8126200874803604, 0.8144381621268512, 0.8189685655781509, 0.8253928250100556, 0.8333569455604177, 0.8427380280018688, 0.8534071726517708, 0.8592293503674492, 0.8653329036381617, 0.8716847194679859, 0.8781955000164223, 0.8887024432636933, 0.897772550387303, 0.9034720224958608, 0.905214232323508, 0.9031645662204429, 0.8980085133780228, 0.8907846746287104, 0.8865705658284144, 0.8820153414898013, 0.8720291841473574, 0.8666246554617829, 0.860964158074216, 0.8550297138879316, 0.8488605720494327, 0.8424729191849919, 0.8359387694121406]}