{"x": [2.2716634424480464, 2.2736874915285457, 2.2814449027460193, 2.288975035619442, 2.299908141289004, 2.315069854930827, 2.3331985212032342, 2.3465339937437157, 2.3590179306283074, 2.3801475618166745, 2.3960808346640494, 2.4078668900610394, 2.4159424688238404, 2.421300103636512, 2.42431809291957, 2.4252736857138486, 2.422259143867755, 2.413169591292373, 2.405684410821185, 2.3955671210985265, 2.380845605743468, 2.3586973756346725, 2.3430509858421704, 2.3304998422066054, 2.3123941374082926, 2.2995313471002548, 2.289581033437831, 2.2820594986325293, 2.276481596964737, 2.2728957803260808, 2.2716634424480464], "y": [0.9344735192992011, 0.8998994412985224, 0.8661461271578295, 0.8495221425068422, 0.8349095805416746, 0.8242708991045355, 0.8204747744409833, 0.8223627227184921, 0.8274174726072637, 0.8437998303963987, 0.8647561424380823, 0.8882960042940148, 0.9123475886520505, 0.9371465691089149, 0.9623193504318395, 0.9876543858819026, 1.0334767688860638, 1.078489636831811, 1.1009998178344405, 1.1224562067227222, 1.1419243363635796, 1.1521804072052966, 1.1476930705582857, 1.1373289740148365, 1.1111020906126092, 1.0829088808151304, 1.0535609726918487, 1.024316661623823, 0.9946402361541803, 0.9646511110911915, 0.9344735192992011]}