{"x": [2.2245026195724105, 2.225789897594449, 2.2303790278763778, 2.2347417753150527, 2.241170025705087, 2.250977903239583, 2.264494191994626, 2.2742232889415317, 2.282734475163877, 2.295788639398237, 2.3049042655604537, 2.3115036458508706, 2.316036140603267, 2.319081540893245, 2.321410983298111, 2.319757419679749, 2.3145186021198008, 2.31007024683286, 2.3039160802183587, 2.294659692057178, 2.2880060403955507, 2.2796849394358474, 2.2688754216113893, 2.2606036321003624, 2.2490557511116425, 2.2410397180319586, 2.2349681038977054, 2.230481306818199, 2.227240466756428, 2.2252188418512406, 2.2245026195724105], "y": [1.0862183462040653, 1.059944895633079, 1.0340433286367068, 1.020946947645043, 1.0087311235952499, 0.9984691833519264, 0.9941319241275427, 0.9962310490255496, 1.0013906383336522, 1.0160530275715225, 1.0328987933597078, 1.0508799681017027, 1.0688013604404538, 1.0870344443571631, 1.123901019254518, 1.1558162997696502, 1.1873420700786075, 1.2032189857616364, 1.2185157354048066, 1.232770679528747, 1.238343505244702, 1.2408106383406472, 1.237232873361454, 1.2294083237815177, 1.2104147587763123, 1.1903569590132097, 1.1696275687791475, 1.149048089839732, 1.1282359958282075, 1.107269700678511, 1.0862183462040653]}