{"x": [2.27106665463028, 2.272659419614656, 2.2783900675971958, 2.2837899397695804, 2.2914316475435585, 2.3017145403248414, 2.3137696570189186, 2.3225014683227796, 2.330709068513408, 2.3447558540335103, 2.3555602778490137, 2.3637330029185923, 2.3694884562150493, 2.373403385589233, 2.3756690426088705, 2.3764145000201475, 2.3744408821396847, 2.3682155383815973, 2.3629289837892467, 2.3557148634069227, 2.3454487874663044, 2.3315588337717617, 2.3218009383133453, 2.3133317331620535, 2.3003414425836297, 2.2909433646909947, 2.2837163242387772, 2.2783439641777576, 2.2744233310023385, 2.2719514636813036, 2.27106665463028], "y": [0.8814089088764776, 0.8584102189629762, 0.8360800530045005, 0.8252318199080342, 0.8158271889694763, 0.8091239547917386, 0.80681194400346, 0.8080524983384672, 0.8112803153740384, 0.8217492131688057, 0.8352240054148207, 0.8504395292308236, 0.866112997091051, 0.8823443299201329, 0.8988763429226969, 0.9155462244128441, 0.943045007334024, 0.9699024704453808, 0.9832199056839634, 0.995599655596667, 1.0061002496776066, 1.0108672170190791, 1.008800621802984, 1.0035318549956642, 0.9887911941102392, 0.972099930232456, 0.9543603686759846, 0.9365674171157614, 0.9183993128295821, 0.8999761192717914, 0.8814089088764776]}