{"x": [2.2868216552135148, 2.288472791610747, 2.2944057835077123, 2.300001906513351, 2.307938783730212, 2.318672654328959, 2.3313053048774406, 2.3403220360663384, 2.3487846313112564, 2.3632298586060037, 2.3743040973745493, 2.3826601994378884, 2.3885309804406836, 2.3925177217143467, 2.3948208177086556, 2.3955766663987657, 2.3935224636401675, 2.387062605159533, 2.3815913066258054, 2.3741324996331694, 2.3635079063369178, 2.349036934484795, 2.338909620611373, 2.3301420259559276, 2.3167585038558367, 2.3071176307309615, 2.299720342129795, 2.294232668940526, 2.290235175522015, 2.2877198446748044, 2.2868216552135148], "y": [0.9170283156998242, 0.892948308346206, 0.8695523126908994, 0.8581601761075901, 0.8482554626502766, 0.8411642352636147, 0.8387316185655028, 0.8400498918235364, 0.843429798247741, 0.8543355377141686, 0.8683234254440391, 0.884086525575462, 0.9003005733671758, 0.9170775608617067, 0.9341566062751789, 0.9513736541101625, 0.9801557878744657, 1.0082787536037383, 1.0222293721559377, 1.0352263357967555, 1.0463166154795305, 1.051461249558645, 1.0493267956443288, 1.0438270080337975, 1.0284588413191125, 1.0110994289824293, 0.9926718476805876, 0.9742092490751142, 0.9553677483209808, 0.9362700224466866, 0.9170283156998242]}