{"x": [2.2881736578128193, 2.2906824286455145, 2.299530449132258, 2.316061112164785, 2.326248929758034, 2.3368954536556, 2.3471167828623636, 2.3570989452494864, 2.375857372260575, 2.3925654727984913, 2.4069953926957064, 2.4187814983586913, 2.427701424694252, 2.4333923322419553, 2.435432083011614, 2.4324608297754367, 2.4227269610790403, 2.4148407327845396, 2.4050233960981284, 2.3936276331165747, 2.3814080937902253, 2.370801337281669, 2.3605784070775924, 2.3509793049719003, 2.342068570802169, 2.326481050790299, 2.313512580768318, 2.303201441236356, 2.2953204548742416, 2.2901128047531727, 2.2881736578128193], "y": [1.1869852775364695, 1.166247852373778, 1.147325715419, 1.1339848651800157, 1.130759808976198, 1.1298410360283637, 1.1306667505129557, 1.1330149006870744, 1.141162041628886, 1.1528044334714596, 1.167173961061506, 1.1836111611342137, 1.2017640878155353, 1.2211902993985773, 1.2413299007348324, 1.2650858890518157, 1.2869588661448286, 1.2963993027070178, 1.3038110730477221, 1.3085058410455388, 1.3101142934498367, 1.3089472073579373, 1.3058882742726492, 1.3012750956156431, 1.2954421722393825, 1.2812669351190105, 1.2646619083852706, 1.2467403605823915, 1.2276251433966348, 1.2075926047336438, 1.1869852775364695]}