{"x": [2.2240245433619363, 2.22578652053537, 2.232464749556923, 2.245572580985811, 2.2624374213654024, 2.2732035852890022, 2.283618147108932, 2.29352882731476, 2.302911786747815, 2.3199097752431648, 2.334623800782055, 2.3467770858564427, 2.3561980062546155, 2.36244794041074, 2.3648574805609592, 2.3627539712500005, 2.3552348275568793, 2.3407014373180646, 2.331177384596446, 2.32097670413209, 2.3098888151714707, 2.2993174141128296, 2.2894983357853698, 2.2804302158431056, 2.272174804893469, 2.2645841931466086, 2.251263547656716, 2.2404690557945393, 2.232008285759805, 2.2262156288258916, 2.2240245433619363], "y": [1.1113900763950104, 1.0946274924249317, 1.0791520266145165, 1.0680036042498875, 1.0645860429908578, 1.065651734107841, 1.0685813902797345, 1.0728563388992347, 1.0781908342004982, 1.0912212873320397, 1.1067847629767094, 1.1242141827086753, 1.143259740435969, 1.1636006776279078, 1.1847432772567792, 1.2045240403104185, 1.2229404953582204, 1.2372353300096912, 1.2411054637332641, 1.2423828177744825, 1.2409018490972923, 1.2372439768355543, 1.2319551071511605, 1.2254623694811162, 1.218152465352865, 1.2101543954844511, 1.192604725774936, 1.1738264841181392, 1.153887607903492, 1.1329771443732042, 1.1113900763950104]}