{"x": [2.2357395068351837, 2.2375034221586487, 2.244216368719363, 2.260737591496088, 2.276089481802503, 2.297116362159405, 2.312469107414937, 2.3260324206144376, 2.337424796247886, 2.3470348402467285, 2.3616754529141804, 2.3721417953035338, 2.3791947979926116, 2.383841731948671, 2.387284602855635, 2.3844808570356695, 2.3759918590055333, 2.369022549634536, 2.359554428256198, 2.345457156654935, 2.3350365168964897, 2.321119613028789, 2.3034412965910875, 2.290863315369896, 2.273704644598314, 2.2617008471549074, 2.252468101731054, 2.2454820313394226, 2.2403180883923097, 2.236995844850524, 2.2357395068351837], "y": [1.1515541123924324, 1.1109105355039086, 1.0707863770948562, 1.0314530883933417, 1.0156784220547919, 1.0091675898092705, 1.0123236909114566, 1.0201788991264389, 1.030716134098954, 1.0429008211191397, 1.0693275200375962, 1.097667838172612, 1.1259064265673253, 1.1546391383479107, 1.2126974211427213, 1.2673503278770786, 1.321412681854515, 1.3486198168331995, 1.3750613399440588, 1.4003150262708788, 1.4108506831136656, 1.4159408289682978, 1.4086855402907896, 1.394299558424235, 1.3612939807723092, 1.327138105269177, 1.2921313716828209, 1.2573708069468346, 1.2222932395636694, 1.1869905337222755, 1.1515541123924324]}