{"x": [2.267792858753738, 2.2691663326599945, 2.2740297857263387, 2.2786260716744704, 2.2853217287704903, 2.295211782339781, 2.3082087296003144, 2.3171259113819214, 2.3251467866841415, 2.3378432680644554, 2.3468734754379317, 2.3534353166397857, 2.3579336134994326, 2.3609519119921525, 2.363260452429571, 2.3615380841640703, 2.356097777715097, 2.3514961272505355, 2.345163623436153, 2.335763797557492, 2.3291930245235313, 2.321248505907625, 2.311261062723676, 2.303289206676893, 2.2919237499442078, 2.2840091014004984, 2.2780234480771027, 2.2736210088169506, 2.2704512894346833, 2.268483069132916, 2.267792858753738], "y": [1.008070610959468, 0.9829662810438017, 0.9582992861851398, 0.9459232713949913, 0.9345452327830209, 0.9253220374952859, 0.9215857488519865, 0.9232307233753229, 0.9274601005747328, 0.9401173177450608, 0.9551427373156117, 0.9713985091681181, 0.9876772037671, 1.004294076117012, 1.0379584218202809, 1.068211186953367, 1.0980205716565263, 1.1129910521641813, 1.1273155022083854, 1.1404243674095569, 1.145359390105284, 1.1474603735018605, 1.144578645786424, 1.1379075973569879, 1.1210369615008475, 1.1029274395625788, 1.084092142891297, 1.0653759390307624, 1.0464120091261757, 1.0272856159491164, 1.008070610959468]}