{"x": [2.346642122134225, 2.3484433591998317, 2.3544149921137025, 2.363811749019181, 2.3745553175108323, 2.385830660537272, 2.3965702530285045, 2.406496644008696, 2.4154421838564417, 2.423219138337443, 2.4294604981544734, 2.433723738393372, 2.4353417052455, 2.434872939280491, 2.4333643497430706, 2.43074619821278, 2.4270430140727046, 2.422389351924428, 2.4170298883020096, 2.411253211752916, 2.4052947465956693, 2.393906212520334, 2.383230727758476, 2.373600095387807, 2.365111066222056, 2.357909126819323, 2.3521533164300688, 2.349908723239828, 2.348176341172766, 2.3470455588464865, 2.346642122134225], "y": [0.9348799088598647, 0.9241314627659345, 0.9150148214577217, 0.909570804721647, 0.9079858458488309, 0.9094165821710043, 0.9131370014900783, 0.9186194939281928, 0.9255885884215967, 0.9339247929879829, 0.9434651679914388, 0.9540821885520092, 0.9654081995966599, 0.9713593585202271, 0.9771351867440484, 0.9825123188539531, 0.9872085614358074, 0.990976141433884, 0.9936458567955254, 0.9951784809016684, 0.9956428316026029, 0.9939766072656634, 0.9896743942275372, 0.9834503612604112, 0.9757416616257214, 0.9668674068617585, 0.9569936550145977, 0.9517121392770811, 0.9462411741475056, 0.9406096516802532, 0.9348799088598647]}