{"x": [2.158278613328863, 2.1593102266808497, 2.1630349386532495, 2.1701432205941873, 2.1790797305897236, 2.1857635671470206, 2.1922100719842716, 2.1983275138940486, 2.2041144728840556, 2.2095300554562245, 2.2146183099484147, 2.2237958583176005, 2.231517837233129, 2.237668430974598, 2.24191660390765, 2.2436292995932527, 2.2425650253179623, 2.238620657244437, 2.2309990510887943, 2.2210413841112047, 2.2142324535651343, 2.207720196387102, 2.201622063994221, 2.1959288794725724, 2.1906782922339834, 2.185793930617975, 2.1770755575084357, 2.169818860522431, 2.164003279239854, 2.159916250105962, 2.158278613328863], "y": [0.9836066214861681, 0.9747157909656307, 0.9665771415582914, 0.9608883759108975, 0.9591481127576591, 0.9598946368764284, 0.9618112862360816, 0.9645646860452418, 0.9679581226037405, 0.9718322650368312, 0.9761272831288257, 0.985762550778998, 0.996488360413673, 1.0081863152485384, 1.02073482578682, 1.0338717494558909, 1.0438133833978134, 1.0530009143865384, 1.0597958440774384, 1.0620552285642921, 1.0612276346331513, 1.0590742760138692, 1.0559824644801028, 1.052196415451908, 1.047925284692358, 1.0432397499396036, 1.0328991012313518, 1.021681671293867, 1.0096538119708285, 0.9968993811310052, 0.9836066214861681]}