{"x": [2.247434031388305, 2.249668196745518, 2.257678831522414, 2.271184093884253, 2.2869811782388862, 2.296521999781834, 2.3058776931990432, 2.314948671153545, 2.3236945203872774, 2.3400107190525516, 2.354624790630644, 2.367228817998511, 2.3773027148345975, 2.384173725950563, 2.3868438682153887, 2.384243505685335, 2.375442719062499, 2.3604618581305488, 2.342148273357261, 2.3323992787294836, 2.3229159015276544, 2.3138625399443495, 2.3052942826890193, 2.297288478825275, 2.2897947260066873, 2.2828161101668134, 2.2763532690262513, 2.2651101711289634, 2.256124660142635, 2.249854806438145, 2.247434031388305], "y": [0.9517133942435342, 0.9359369527571024, 0.9221631612932626, 0.9136252778423543, 0.9112295125833952, 0.9119087055223624, 0.913898574725578, 0.916894192157023, 0.9207369107295253, 0.9305098262220619, 0.9426818074913281, 0.9569887911721408, 0.9731773022361287, 0.9910256545954782, 1.0099635746498243, 1.0282938287658372, 1.0445820532259995, 1.0557379604582144, 1.059411252331701, 1.0584225791809845, 1.0559556118728914, 1.0522396900923157, 1.0475114347857692, 1.0419954618258385, 1.0358017132118442, 1.0290367314054185, 1.0217774103439372, 1.0061513312071204, 0.9891265788790357, 0.9708670336913231, 0.9517133942435342]}