{"x": [2.251876538053662, 2.2536782993135143, 2.2605370133865033, 2.2737639390196662, 2.290615265576624, 2.300553940006615, 2.3102019929236506, 2.3194192196850048, 2.3281692138528887, 2.344066802314375, 2.3578351643675948, 2.36919790454174, 2.3779659989685027, 2.3837350618446598, 2.385913354299568, 2.3837116315076923, 2.3760580907130624, 2.3616243893296787, 2.352294355420265, 2.3423348561546384, 2.332124000126702, 2.3223340106024306, 2.3131838270659504, 2.3046984196314333, 2.2969468440829814, 2.289811342513679, 2.2772923330462094, 2.2671711473496328, 2.2592773269307678, 2.2539095516385927, 2.251876538053662], "y": [1.1247275963468515, 1.1079624747535382, 1.0925587840613347, 1.0815917776509079, 1.0782362472036733, 1.0791438983857964, 1.0816965744333702, 1.085470535437356, 1.0902284396915243, 1.1019931259545013, 1.1161907795679877, 1.1322004459096253, 1.149765803883748, 1.168559767503524, 1.188098196227232, 1.2074479742669337, 1.225355648787734, 1.239072016145216, 1.2427704842667595, 1.2440100703165584, 1.2427464164379411, 1.239581845841029, 1.2349330082634062, 1.2291593257085167, 1.2225956756131193, 1.21536704895153, 1.19939437337088, 1.1821956483624165, 1.1638674694835411, 1.1446128107300295, 1.1247275963468515]}