{"x": [2.1463063678452374, 2.1475575782459275, 2.1521740974447883, 2.1565991864300624, 2.163054936134634, 2.1723900168322117, 2.1841642445726026, 2.1930689593118182, 2.201176868800056, 2.2143321704340093, 2.223961650950117, 2.2310913718448777, 2.236057004989576, 2.239426221957043, 2.2413805133242635, 2.242030144711507, 2.2404116452022813, 2.2352303095091886, 2.2307892145399246, 2.2246450891832636, 2.2155719649563586, 2.2022161552210515, 2.1923493278617476, 2.184255502016121, 2.1724218219300475, 2.164033274810982, 2.157609899260181, 2.1528280166698757, 2.1493347419475266, 2.147122049141916, 2.1463063678452374], "y": [0.9235813328374453, 0.9010176896550373, 0.878895952118931, 0.8678571655133868, 0.8578691968509278, 0.8501077255819908, 0.8471493934494817, 0.8486981763579432, 0.8526924819064563, 0.8648206825836421, 0.8794800104362672, 0.8955046748029138, 0.9116881045065836, 0.9282775374844607, 0.94508501741313, 0.9619932584618412, 0.9891924636724897, 1.0159426050774958, 1.0293517270622357, 1.0420709094467009, 1.0534223811155987, 1.0591494954501413, 1.0565365661950599, 1.0503179116290766, 1.0341764757587228, 1.0166094553687002, 0.9982326173739406, 0.9799127900826078, 0.9613042032258384, 0.9424988437415586, 0.9235813328374453]}