{"x": [2.31918914378392, 2.320546442862011, 2.325339335926681, 2.329868690285807, 2.336542189318052, 2.34687570470964, 2.361671722929725, 2.3718345428978016, 2.380582465660621, 2.393711296263157, 2.40271756371515, 2.4091763929843375, 2.4135830279212285, 2.4165278430885513, 2.418764980980209, 2.4170085473408975, 2.4114932751672113, 2.4068483276386914, 2.400444374458851, 2.3908056124805763, 2.3837584350398378, 2.3746654854423115, 2.3633609764844623, 2.354937526229496, 2.3433703155236114, 2.3354097023599802, 2.3294146434155616, 2.325004135053575, 2.3218379714631334, 2.3198774525339156, 2.31918914378392], "y": [1.1891114614654048, 1.160069262489738, 1.1313931442342933, 1.1168561922533262, 1.103170344290043, 1.091358254619329, 1.0861252012498237, 1.0884821160183407, 1.0941664633217116, 1.1099750652002092, 1.1278533533064747, 1.146801428762809, 1.1656147219067077, 1.1847114884920644, 1.2232629043073646, 1.2585442981901531, 1.2934361824369507, 1.3110142968046143, 1.3280306132666388, 1.3440963183927486, 1.3505884828520893, 1.3536099356260416, 1.3495310344580829, 1.340959287651383, 1.320577165451599, 1.2992386401210063, 1.2772667650649656, 1.2554784849515483, 1.2334749138225143, 1.2113311678433967, 1.1891114614654048]}