{"x": [2.2851923845373365, 2.2866312259472075, 2.291778764026891, 2.2966663164368666, 2.30375261586349, 2.3139331073523834, 2.326726389760176, 2.3358602791361522, 2.3442127634268415, 2.357815330524935, 2.367758593742857, 2.3750859740288943, 2.3801563468367815, 2.3835770870137822, 2.385547652069184, 2.3861950698159236, 2.3843801788396517, 2.37864828352336, 2.373776382864754, 2.3670717120555644, 2.3572113436596167, 2.342691703183326, 2.3324944247098425, 2.3241058992213603, 2.311845399435236, 2.303191827406109, 2.2966000164861358, 2.2917247177252205, 2.288190471382276, 2.2859777809594277, 2.2851923845373365], "y": [0.9774135853474835, 0.9529019629087893, 0.9288937819927334, 0.9169389895915049, 0.9061413236236684, 0.8977695870310582, 0.8945977885245413, 0.8961583908890163, 0.9001707992738097, 0.9124915898800808, 0.9274927915411472, 0.9439309797880506, 0.9605292917288315, 0.9775443196846088, 0.9947793412340338, 1.0121145638950764, 1.0416533582007002, 1.0706874687324315, 1.0852308095088166, 1.0990254304280658, 1.1113493262631475, 1.1175368390022886, 1.114838574788081, 1.1084434392801699, 1.0917760407905046, 1.073606414037569, 1.05459148111632, 1.0356446290692656, 1.0164024659037443, 0.9969629021866548, 0.9774135853474835]}