{"x": [2.2756333339841976, 2.2775240465828768, 2.283744120930312, 2.2930968190253305, 2.303544451372471, 2.3154833991133343, 2.3269130527123423, 2.337580531637356, 2.3473245822878823, 2.3559805212025395, 2.359758423530758, 2.3630896547208042, 2.3659096091037033, 2.3680986664477044, 2.3695351406429865, 2.3700704606173444, 2.367986242625054, 2.361346478328329, 2.351237502915353, 2.3396813041849187, 2.327651899746424, 2.3163032483377806, 2.3059491466261677, 2.296695126042405, 2.2886841839527734, 2.285210690455169, 2.282146747867316, 2.279541732765141, 2.2774979883147246, 2.276136459981449, 2.2756333339841976], "y": [0.8526990530072521, 0.842229626203109, 0.8335986142780512, 0.8287481357995601, 0.8273890620466469, 0.8288520146168483, 0.8325992431911979, 0.8381032950824595, 0.845113514105948, 0.8535884762392713, 0.8583309544652767, 0.8633971704579237, 0.8688030597068207, 0.8744937371039019, 0.8804267825110753, 0.8865077296776231, 0.898064009071522, 0.9077493117592637, 0.9136147004834951, 0.9153606786303201, 0.9136602378114286, 0.9093236283837157, 0.9030446163924574, 0.8952345897038922, 0.8861513345928984, 0.8811850284577524, 0.8759561079645499, 0.8704528565746762, 0.8647174413182108, 0.8587748377733769, 0.8526990530072521]}