{"x": [2.1919149127834276, 2.194252782903582, 2.2028914914831597, 2.2110349086281715, 2.222240234293466, 2.236290158332548, 2.251876998488427, 2.263944268582209, 2.2755674966523958, 2.296463564343723, 2.3135043064441176, 2.326768268728979, 2.3362228050758733, 2.3426088793884117, 2.3462410819026154, 2.3473995691359604, 2.3442054064340008, 2.3345626453689707, 2.3266268892711754, 2.3160119294229595, 2.301208363233681, 2.281449106463579, 2.267415094350512, 2.2552174793428925, 2.236409934923025, 2.2226152121238365, 2.211805569173735, 2.2035713776883665, 2.19740132945609, 2.1933901581933877, 2.1919149127834276], "y": [0.7698382534415487, 0.7399335963202665, 0.711208574678546, 0.6977851180714558, 0.6867876134992908, 0.6796118394511207, 0.6771741125079573, 0.6783727655168388, 0.6818305604471951, 0.6939250453765866, 0.7107400263316435, 0.7306698477146076, 0.7518999615107241, 0.7742455213427252, 0.7971757306682636, 0.8203629103619517, 0.8595568839690121, 0.8976802023125179, 0.9164643663683083, 0.9338753879218906, 0.9485895470077406, 0.9553144129110336, 0.9523754199432312, 0.9448382212739361, 0.9237639448804124, 0.8999211128355272, 0.8745848416750276, 0.8491100682481243, 0.8230582641765989, 0.7965789722915305, 0.7698382534415487]}