{"x": [2.2825136172560923, 2.2854160180020653, 2.2949114282053187, 2.3089549269593888, 2.32451650294327, 2.342030308764773, 2.3588808987972887, 2.37472528444468, 2.3893075034498836, 2.402391903013736, 2.4131836675927256, 2.417466987167308, 2.4207839850915955, 2.4229528262664752, 2.423768653912399, 2.422996147488378, 2.4204523677232235, 2.4160968840082853, 2.4100712504158435, 2.394422284795447, 2.376481659909728, 2.358739929560253, 2.3420039397896906, 2.326776613201179, 2.3132166535787633, 2.3015270461269615, 2.2920027320398244, 2.288208226498858, 2.28522863750519, 2.2832424536474143, 2.2825136172560923], "y": [0.8585506940818763, 0.8429577651032195, 0.8302534135142711, 0.8232933723148147, 0.8214227083547254, 0.8233589871095722, 0.8285107038453694, 0.8361493523415741, 0.8459856319368327, 0.8580664018981227, 0.8722327116531647, 0.8801121650826732, 0.8884446399668878, 0.8971575459837735, 0.9060991917245238, 0.9152447226296933, 0.9240632648118771, 0.9321556162474354, 0.9390945016015325, 0.948341434748326, 0.9512620299478616, 0.9487618516928807, 0.9423644667974905, 0.9330314603350227, 0.9214080365838164, 0.9079294917132001, 0.8928428905261864, 0.8847170717845193, 0.8762583926942791, 0.8675009343394456, 0.8585506940818763]}