{"x": [2.2766050831072024, 2.2789236588686728, 2.287682254061439, 2.296052122934798, 2.307799926481132, 2.323025203987192, 2.340299185936901, 2.3527281072173762, 2.3646317007271636, 2.3857115902472374, 2.402476588104971, 2.415250395089843, 2.4241719247665507, 2.430129364552434, 2.433490259003996, 2.4345566144616795, 2.4312402177117383, 2.4213045571598037, 2.413168667694686, 2.402277458054103, 2.386873513920696, 2.365476003421163, 2.3509063502595913, 2.3384984854784197, 2.3197864856977586, 2.3062637332491, 2.295751851346227, 2.287799310387797, 2.2818781896697136, 2.278045352275594, 2.2766050831072024], "y": [0.8420412040769908, 0.808985955727967, 0.7770279794587076, 0.7617812420050764, 0.748955220806984, 0.7402630586712642, 0.7372676780057538, 0.7386175589442424, 0.742439171731811, 0.7556472708076999, 0.7736810162301535, 0.794731217707691, 0.8168094988659738, 0.8398649342744436, 0.8634157551716161, 0.8871812693146574, 0.9301547054516005, 0.9720951078127569, 0.9928776476330727, 1.012358104797536, 1.0292940870688054, 1.0374338373586034, 1.0340972502965964, 1.0257634337613588, 1.0030952653597847, 0.9778652087898596, 0.9512396397411168, 0.9245787405480367, 0.8973944292100433, 0.8698317780900454, 0.8420412040769908]}