{"x": [2.3447067290313695, 2.3463079112871768, 2.3519734792566926, 2.357296173795325, 2.3648998630655247, 2.3754862638434684, 2.3883818988138934, 2.397042538766078, 2.4050942731915272, 2.4185363459436395, 2.428547476659723, 2.435957808716883, 2.441080368182889, 2.4445253757194885, 2.4464999432754024, 2.4471423101349057, 2.4451577762691312, 2.438975978200132, 2.4337687153178202, 2.4266647340515966, 2.41640223402441, 2.4018216445800555, 2.392065696905225, 2.3837970468033047, 2.3714664333507915, 2.3627273482247038, 2.3560845088199964, 2.3511988811255127, 2.3476722839028663, 2.3454780400563804, 2.3447067290313695], "y": [0.9411851272549374, 0.916514431221264, 0.8924497607064819, 0.8805970244275803, 0.8700612594372711, 0.8621472201647536, 0.8592478240642252, 0.8605692173784673, 0.8640220911691417, 0.8750406103007771, 0.8888877811850515, 0.9042843346472855, 0.919937716219933, 0.9360436434895576, 0.9523856698101393, 0.9688340164174208, 0.998233986933636, 1.0270451308479764, 1.0414067684454038, 1.054931030768151, 1.0667995107406067, 1.07259486535614, 1.0703408815139666, 1.064693901463813, 1.0493554749693457, 1.032316807757531, 1.0143568391094726, 0.9964337138610425, 0.9781944460942367, 0.9597467964425709, 0.9411851272549374]}