{"x": [2.2410556478090413, 2.2434512573413823, 2.2523275956855824, 2.2607960317766644, 2.2726599055630303, 2.2879568227475318, 2.3052255553941943, 2.3180488467277796, 2.3303278362812962, 2.352104599499658, 2.369500462844174, 2.3828191709255426, 2.3921713088962666, 2.398437452108231, 2.4019834637393838, 2.4031138121244466, 2.3997675812218007, 2.389695237686529, 2.3814281546729434, 2.370350819742756, 2.354697167851539, 2.333060000025147, 2.3180087101806968, 2.3051915329709356, 2.285845796749764, 2.271840007801716, 2.260933551238551, 2.2526666515096325, 2.246503718680528, 2.2425186016516068, 2.2410556478090413], "y": [0.8503364325409372, 0.8173180656024785, 0.7854250864704904, 0.7702491902107605, 0.7575499486626998, 0.7490341839335889, 0.746152379455633, 0.7475763530924304, 0.7515375293178648, 0.7651352103151922, 0.7836680474733042, 0.8053173922595434, 0.8280789102680942, 0.8518756460930809, 0.8762025537358731, 0.9007605452351306, 0.9441362655946307, 0.9864588160100634, 1.0074214249175186, 1.0270445817635738, 1.0440445249926018, 1.052160426407362, 1.0487122402544056, 1.0401011263833273, 1.016695557322051, 0.99064764391054, 0.9631575525613534, 0.9356208215031664, 0.9075382388683221, 0.879057444881865, 0.8503364325409372]}