{"x": [2.214020521859788, 2.215350000527462, 2.2201853143270744, 2.231660845330112, 2.241707974675103, 2.254602927943067, 2.264572633367488, 2.2735411610606797, 2.2812542241270775, 2.2878932512744363, 2.29830781990567, 2.306001382597643, 2.3113622614941702, 2.315000584048616, 2.317111612662498, 2.3178103513122177, 2.3160978315021747, 2.3106146736187703, 2.305905703157555, 2.299370280290457, 2.289626329270317, 2.2749385538150233, 2.2638955088807444, 2.255030559989137, 2.2422223253504288, 2.23316576269863, 2.2262293392151866, 2.2210558989341136, 2.217276254431839, 2.214885740540181, 2.214020521859788], "y": [1.0141072701083076, 0.9894307743368793, 0.9651961565857285, 0.941957938430988, 0.933220105176464, 0.9299012622642611, 0.9318296417358485, 0.9365919084915674, 0.9430690428095142, 0.9506432047681463, 0.9673317501839537, 0.9854364424203554, 1.0036675521531195, 1.0223189594357114, 1.0411967603490775, 1.0601793727465512, 1.090228184353857, 1.1198220820818825, 1.1346928477760214, 1.1488562627273249, 1.1616356198081872, 1.1681568007639593, 1.164944118820372, 1.1576172608416515, 1.1390873054886221, 1.1191343007016379, 1.0983489751965205, 1.0776445694514953, 1.056640970021091, 1.0354324967555526, 1.0141072701083076]}