{"x": [2.2465388108795823, 2.248324039242111, 2.255133955368133, 2.271711479980699, 2.286620985009868, 2.3061430412589448, 2.3207860475808277, 2.3339539265359375, 2.345224180448438, 2.354848985397304, 2.369704117429496, 2.380414642828924, 2.387662473464128, 2.392449916971915, 2.396000150649025, 2.3932425492511524, 2.3848808238167405, 2.377988566778116, 2.368614810444396, 2.354684839643701, 2.3445569907993256, 2.331508430778678, 2.3145360398317685, 2.302050860162424, 2.284791108795332, 2.2726671580952273, 2.263321976613405, 2.2562496486297423, 2.251021931117322, 2.247674951040888, 2.2465388108795823], "y": [1.0648517580968333, 1.0273642304724162, 0.990457228290522, 0.9547367729227842, 0.9410261253027695, 0.9356257069687037, 0.9383546676844585, 0.9453168386500704, 0.9548659304148321, 0.9660715944505046, 0.9907593587150232, 1.0175071679289103, 1.0442924428183114, 1.0716248847962453, 1.1269509269777345, 1.1775670114011283, 1.2275637504506418, 1.2527075619300418, 1.2770354709029506, 1.3000002458396822, 1.3092809722511034, 1.3135751877004873, 1.3072064144497026, 1.29406321789031, 1.263231960776286, 1.2310700821610943, 1.1979937431903331, 1.1651262679367254, 1.1319154305148031, 1.0984574902080897, 1.0648517580968333]}