{"x": [2.209220034239951, 2.211831783855087, 2.2205152954903125, 2.2328881866315, 2.2463882967915794, 2.2641805608141605, 2.281308732072464, 2.2974773268096875, 2.3124842617350403, 2.326158981608413, 2.3322495341935783, 2.3377072884821697, 2.3424255959441256, 2.3461704439765074, 2.348700679851846, 2.3497095660339524, 2.3467598529187734, 2.337228186312047, 2.3231573429959522, 2.3073308475689753, 2.2893970100178396, 2.272429930235831, 2.256854508161589, 2.242790640547962, 2.2303991970360975, 2.224934983252418, 2.220042657870475, 2.2157980235508705, 2.2123878451468277, 2.210046538943704, 2.209220034239951], "y": [0.7435328003194489, 0.7299614249431411, 0.7192096766509924, 0.7136150587103561, 0.7121538226722328, 0.7141566152436867, 0.7193721292624314, 0.726980901544872, 0.7366818693094223, 0.7485562923690975, 0.7552699979616122, 0.7625075107734132, 0.7703299793210704, 0.7786624191017707, 0.787457343286859, 0.7965532178285321, 0.8124286164441586, 0.8254622813303337, 0.8330592499864632, 0.8353449898859677, 0.8327932868289204, 0.8264488466272322, 0.8173121269577515, 0.8059860046356228, 0.7928012428203375, 0.7855824876862296, 0.7779645345282512, 0.7699026293704768, 0.7614538472965496, 0.7526272056263325, 0.7435328003194489]}