{"x": [2.235853347133642, 2.238067106721928, 2.2459316605478445, 2.2586183431874605, 2.27310400257318, 2.291921549721917, 2.309761502514641, 2.32625840697991, 2.3412253669351593, 2.3543977635520776, 2.3651556999435734, 2.3727079757154144, 2.375752657242137, 2.3731954628942664, 2.3644645321120037, 2.350108168623393, 2.3330560153181454, 2.3233946364580036, 2.313972719318025, 2.3049352910682295, 2.2963326765937637, 2.2882372169625356, 2.2806092147830643, 2.273456368660451, 2.2667843041676026, 2.255006766908525, 2.2454274175301627, 2.241602325269937, 2.2385839578094777, 2.2365536050885635, 2.235853347133642], "y": [0.8697958753405843, 0.8552990085246398, 0.842921259451677, 0.8356549084275874, 0.8336756545872359, 0.8362435496688181, 0.8427574003117453, 0.852048675482123, 0.8636446127416048, 0.8774007398218837, 0.8931172874541953, 0.9106899021219286, 0.929572793055136, 0.9466443228076478, 0.961535502032243, 0.9712307276974474, 0.9742846826693949, 0.973342156715783, 0.9710059045761777, 0.9674939957374831, 0.963021453142357, 0.9577873788110101, 0.9518928403645421, 0.9454334071400615, 0.9384784779068785, 0.9233751719480648, 0.9067903505663985, 0.8979614839858273, 0.8888253100727274, 0.8794060230496747, 0.8697958753405843]}