{"x": [2.283061780554861, 2.284409971129887, 2.2892106389670364, 2.293768707997428, 2.300484366417736, 2.3107682538317906, 2.3250599880310383, 2.3351735712391997, 2.3439986281297505, 2.3574767816137947, 2.3668491274804633, 2.3736151997864336, 2.3782504015005514, 2.381357948872581, 2.3837259186593207, 2.3819793289963593, 2.376473396749983, 2.3718143252120676, 2.365380667754439, 2.355709738544053, 2.348728302660938, 2.3399194943087447, 2.328653731975626, 2.3200959983208005, 2.308204754253732, 2.299974232486569, 2.2937515826773134, 2.2891600942658505, 2.2858496673481734, 2.2837891855065484, 2.283061780554861], "y": [1.146180014125013, 1.1183439911028554, 1.0908919350080195, 1.0770024631753372, 1.0640181128620394, 1.0530423279232426, 1.0483548415023833, 1.0505641415167046, 1.0559756055275082, 1.0713081692979842, 1.0888757246643748, 1.107602180125728, 1.1262489379571292, 1.1452102095886438, 1.1835339197767722, 1.2173645165595595, 1.250789725073922, 1.267623926100731, 1.2838629323364688, 1.2990526988208004, 1.305047401643829, 1.3077085676177576, 1.3039350391620828, 1.295693551878517, 1.2757955642683176, 1.2548325371465672, 1.2331884011273502, 1.2117105705654398, 1.1899983609795537, 1.1681315952162266, 1.146180014125013]}