{"x": [2.25765263584658, 2.26002643419348, 2.268823511335616, 2.277169056444494, 2.2887335653925347, 2.3033615342418505, 2.3196570003377794, 2.3321784191501203, 2.3442068121631308, 2.36572425308881, 2.383156303266441, 2.3966601309381153, 2.4062482255872704, 2.4127115994765584, 2.416383515635606, 2.417554165559313, 2.41428532314197, 2.404418537995153, 2.396297330315599, 2.385421058761744, 2.3701753585652066, 2.349593815741103, 2.3349746504904845, 2.3223621015638924, 2.3030606652414685, 2.2889613462896645, 2.2779289303013757, 2.26953139707961, 2.2632431993694024, 2.2591571345219608, 2.25765263584658], "y": [0.8030483769742025, 0.7718554301284684, 0.7418346658932283, 0.7277180930345941, 0.7160910605142928, 0.7084776208385911, 0.705947853839726, 0.7072910873609527, 0.7110204260276805, 0.7238821516223299, 0.7415858861978817, 0.7624412267496626, 0.7845573753528106, 0.8077797866402922, 0.8315790680793294, 0.8556314763589529, 0.8965818998734196, 0.9364600777108053, 0.9561479962311172, 0.9744585087013813, 0.9900601862461956, 0.9972881743255054, 0.9941199851805002, 0.9860775337720223, 0.9638356976396326, 0.9388312757653801, 0.9123303756744088, 0.885719664047768, 0.8585331396828507, 0.8309208157440108, 0.8030483769742025]}