{"x": [2.282001587389774, 2.2838039713487523, 2.290390019837985, 2.304010476611146, 2.322453841149736, 2.333883146506597, 2.3448685761736727, 2.355231862851118, 2.3649603202488723, 2.3739697505831088, 2.38234104413333, 2.397134666301044, 2.409107264043168, 2.418228768685036, 2.424169899500113, 2.4264151318715017, 2.4243027558407655, 2.416790592285303, 2.401761352616426, 2.3914766575397244, 2.3802497904984685, 2.3684229047799996, 2.3572601184427944, 2.3470350109045626, 2.337705938229984, 2.3216749518581246, 2.308409082472153, 2.297832854657008, 2.2896458082593285, 2.2841209371539106, 2.282001587389774], "y": [1.2308280066252895, 1.2125186030238941, 1.1953399298076113, 1.1822038059118647, 1.177970970194447, 1.1792037732759135, 1.1825903880174788, 1.1874874873965668, 1.19354854421429, 1.2004776511594426, 1.2081655508921942, 1.2253961977206964, 1.2443728172215363, 1.2648728986224174, 1.2865311265594621, 1.3088769271567404, 1.3305632223089596, 1.3510162154552054, 1.3676903142280632, 1.3724775981226929, 1.3741056326267747, 1.3723550878489226, 1.368073518743221, 1.3619664585319786, 1.3545625803843744, 1.3374124571802177, 1.3180440303105192, 1.297616324088798, 1.2761193464509755, 1.2537610665492132, 1.2308280066252895]}