{"x": [2.234130942594192, 2.235485523114486, 2.240332947974201, 2.2449434348742825, 2.2516731547188438, 2.261554309971661, 2.2743321917713377, 2.2834913204041043, 2.2917575873009004, 2.304960091166627, 2.314457689799386, 2.3214124939776597, 2.326212110390716, 2.329446308543612, 2.331310420515504, 2.331925496343145, 2.330207604760845, 2.324763319646793, 2.320130835311976, 2.313739740925919, 2.304251631065486, 2.289843437018685, 2.279636609524331, 2.271425485495634, 2.259611626231207, 2.2513239153503726, 2.24502314238739, 2.2403640205692956, 2.2369903544517693, 2.2348804410339618, 2.234130942594192], "y": [0.9930434754894921, 0.9684819040219375, 0.9443653505042565, 0.932280758371895, 0.9212351788363939, 0.9124298454082306, 0.90898066251588, 0.9106725465142332, 0.9149645088121093, 0.9278153732785207, 0.9431465108045969, 0.9597861879791793, 0.9765027821489716, 0.9935913982619813, 1.0108758048117248, 1.028249558146765, 1.0579298608908718, 1.0871570961700985, 1.1018321594870342, 1.115831134700131, 1.1285287782743896, 1.1351362229674822, 1.1322189465335888, 1.1254908508537838, 1.1083827571318783, 1.0899470130983016, 1.070741204867852, 1.0516322314810076, 1.0322549598221173, 1.012698820301377, 0.9930434754894921]}