{"x": [2.2856324305492404, 2.2870656178769018, 2.2921881936779633, 2.297057324721386, 2.304144048067893, 2.3144492600748183, 2.3275946270056083, 2.336956406119347, 2.345458124036099, 2.359161372387531, 2.3690902641844582, 2.3763789196852185, 2.3814124698669366, 2.384803962722371, 2.3867566055649143, 2.387397228165819, 2.385582939711793, 2.3798553155942037, 2.374990904519778, 2.3682926524639765, 2.3584027889072785, 2.3435902871277903, 2.3331100885211327, 2.3245898912004064, 2.312259666913041, 2.3035979057001885, 2.297010699645927, 2.2921429041565022, 2.288617579625373, 2.2864133999465746, 2.2856324305492404], "y": [1.0077222871049274, 0.9825101447941483, 0.9577823191117815, 0.9454242226255468, 0.9341899296753351, 0.9253515209497197, 0.9219582641714006, 0.9236387832976395, 0.9279035042934455, 0.940813631747739, 0.9563585771580388, 0.9733027124595387, 0.9903633661806895, 1.0078247610000168, 1.025497002957005, 1.0432652485805907, 1.0736844899667708, 1.1036146789249566, 1.1186225672960561, 1.1329065663109446, 1.1457854620573988, 1.152438667889989, 1.1495935032520368, 1.14286031958694, 1.1255188845069037, 1.1067361736545787, 1.0871294133237837, 1.067614653119351, 1.0478133050411622, 1.0278207816927116, 1.0077222871049274]}