{"x": [2.198480616768015, 2.1997166881592607, 2.2043021704200343, 2.215238540363132, 2.224726328052509, 2.2367272277798036, 2.246329592202015, 2.255009109108094, 2.2625195514900796, 2.2690175423906203, 2.279281527823905, 2.286913590867445, 2.292263035352003, 2.295910532023984, 2.2980373287048277, 2.2987474194200064, 2.297142835556771, 2.2919595860262914, 2.287486184858362, 2.28126534145396, 2.272021816480511, 2.2583555858374686, 2.2477526189769503, 2.239129982453846, 2.226557286214707, 2.217612729447814, 2.210731625534628, 2.2055771001590987, 2.2017904581259624, 2.199375547059361, 2.198480616768015], "y": [0.9531289627298843, 0.9302003566856261, 0.9077009744707032, 0.8862392086412341, 0.8783165127045754, 0.8753558317222888, 0.87715685908054, 0.8816418438429668, 0.8877711268315434, 0.894964941465218, 0.9108922392374954, 0.9282352443116145, 0.9457501377437958, 0.9636968314855945, 0.981879207948666, 1.0001717706215865, 1.0280367162271706, 1.0554623211846026, 1.0692274876613956, 1.0822962379260908, 1.0939729101306641, 1.0998908124379854, 1.0969350860427207, 1.0900933491171043, 1.0725564901547155, 1.0535614795561632, 1.033725503847083, 1.0139437431386928, 0.9938552257547776, 0.9735538589963197, 0.9531289627298843]}