{"x": [2.227888039199698, 2.229167733188388, 2.2337280146084404, 2.242467724215892, 2.2536600743502575, 2.2603635414659258, 2.2668554699148684, 2.273031800704078, 2.27886912525646, 2.289406124253086, 2.298480324054568, 2.3059356685793513, 2.3117023057623447, 2.31552166784595, 2.316964918607335, 2.315567551516913, 2.3106794322818693, 2.3013725631803745, 2.295390529353495, 2.289034705574098, 2.282205480997378, 2.275656349076343, 2.2695193408290795, 2.2638078292353145, 2.258568965798448, 2.2537313401620147, 2.245213887419017, 2.238302008910483, 2.2329169135372027, 2.2292763658367707, 2.227888039199698], "y": [1.1110236256483796, 1.0998812789360999, 1.0896346531338532, 1.082262065119273, 1.0799235022004918, 1.0806111466271318, 1.0824178539200109, 1.085079034185618, 1.0884188821602943, 1.096607921100259, 1.106392991594534, 1.1173128825316636, 1.1292112889653723, 1.1418902621188907, 1.1550531232893615, 1.1673758997687245, 1.178773695401641, 1.187391774749767, 1.1896469929730724, 1.1903356452989264, 1.189516809522928, 1.1874149837860508, 1.1843498728298125, 1.1805503451334642, 1.1762270309964429, 1.1714590006442707, 1.1608929618673063, 1.1494534672443053, 1.137220853068787, 1.1243384098816345, 1.1110236256483796]}