{"x": [2.2359051830951047, 2.238060395763938, 2.2460131657981255, 2.2536868719195087, 2.2647039263262423, 2.279628822982106, 2.297124396350979, 2.309730834223112, 2.32163198969204, 2.3420987560632125, 2.357796821713134, 2.369504306150692, 2.3775635167937246, 2.3829167568314937, 2.3859316856038673, 2.386886920928318, 2.38383610973303, 2.3746645797029213, 2.367131485233211, 2.356985575602805, 2.3423575078622054, 2.3209406796746315, 2.3060976193205374, 2.2939258912059417, 2.276125012502893, 2.2634336320960817, 2.253615462358125, 2.2462062005145116, 2.2407156652705327, 2.23719011433519, 2.2359051830951047], "y": [0.8846322539481112, 0.8512731738562735, 0.8188043177784121, 0.8029642791809762, 0.7892377683131456, 0.7794986139950045, 0.7761061842587884, 0.7777713964216691, 0.7822499794426423, 0.7970648309417228, 0.8164243013060977, 0.8384277820780733, 0.8610767330422804, 0.8845132147975662, 0.9083442519292705, 0.9323462445913406, 0.9761805169145158, 1.0191529955020768, 1.0405849084578707, 1.060910629183245, 1.079114412730132, 1.0884244917646735, 1.0844948035454454, 1.07513489302878, 1.0508544287010853, 1.0244661726314594, 0.996879677058023, 0.969359943870368, 0.9413941272629173, 0.9131081351561122, 0.8846322539481112]}