{"x": [2.2647944577712376, 2.2661185339880827, 2.2708802968367108, 2.2798217648586188, 2.2910971351525076, 2.2975950876070126, 2.3039104722883925, 2.309946164986189, 2.315673136005036, 2.3260686702155278, 2.335065036935944, 2.342491935411819, 2.348243741984268, 2.352048721696525, 2.3534698420554507, 2.351983053120511, 2.346867945839249, 2.337381700904084, 2.331385432391865, 2.3250435666677665, 2.31843739680702, 2.312072740774216, 2.3060745079420983, 2.300466620052691, 2.295299440998993, 2.290515235938629, 2.2820686408700173, 2.275192110634159, 2.269828196275368, 2.2661971854642835, 2.2647944577712376], "y": [1.0931396012403765, 1.0819036436534326, 1.0716408206842374, 1.0644041219662495, 1.0621269123892836, 1.062748196225059, 1.064399043289991, 1.0668560108540521, 1.0699653643081284, 1.0776733844689792, 1.0869763996873576, 1.0974535399583818, 1.1089359617579324, 1.1212233419978426, 1.13400762925589, 1.146332866856608, 1.157644705820826, 1.1660295335685311, 1.1682002016196225, 1.1688693615378398, 1.1681362016471895, 1.16622043620268, 1.1633919041891012, 1.1598519912127738, 1.1557900062291226, 1.1512832509305995, 1.1412279842729787, 1.1302600106108782, 1.1184781798071042, 1.1060302248519434, 1.0931396012403765]}