{"x": [2.2770241212181817, 2.2784109647546043, 2.2833268008449155, 2.2924788425217293, 2.3039592536434506, 2.310553069735248, 2.316965503192188, 2.3230998424799463, 2.3289260185760043, 2.339517977654836, 2.3486991370430843, 2.35629229090123, 2.3621786544129755, 2.3660757360195652, 2.3675384400673942, 2.3660013406923865, 2.3607194890453282, 2.3509674392039717, 2.3448221489086336, 2.3383284802693627, 2.3316140773014054, 2.3251423918987095, 2.319039358788916, 2.313330628125146, 2.308068010962438, 2.3031944334134518, 2.2945888491968964, 2.287582497877571, 2.282120937868766, 2.2784311472158807, 2.2770241212181817], "y": [1.0998458430418663, 1.0884096777454773, 1.0779912437357984, 1.0706955198346297, 1.0684178862880556, 1.069043310333134, 1.0707017020386498, 1.07317083757718, 1.0762985237671125, 1.0840657375420577, 1.0934585815863787, 1.10406032932982, 1.1156966416896974, 1.128163285619101, 1.1411426905661477, 1.1537648695944882, 1.1653313781900236, 1.1738695166085862, 1.1760725109138044, 1.1767433643450012, 1.1760010522197784, 1.1740641674643255, 1.1712031924937738, 1.1676195372187943, 1.1635033120223626, 1.1589331160590612, 1.148728201748328, 1.137586355459487, 1.125611337304837, 1.112954373400818, 1.0998458430418663]}