{"x": [2.2736027074069205, 2.275053604548718, 2.2802245500040366, 2.285123070073893, 2.292227450976547, 2.3024921753465204, 2.315515749735324, 2.32459589990553, 2.3328788849584705, 2.3462969376697558, 2.35604021870746, 2.3631882006039544, 2.3681151660867537, 2.371429510777998, 2.3733340368933025, 2.373952769243286, 2.3721251318704355, 2.3663650430503225, 2.361487421276167, 2.3547868530381564, 2.3449299966080073, 2.330265849120927, 2.3200858370245068, 2.31175178809471, 2.2996502691267366, 2.2911526567204317, 2.2846999764898435, 2.2799425866859724, 2.2765042303920535, 2.2743595315966436, 2.2736027074069205], "y": [0.9933960078485383, 0.968402460978804, 0.9439066692842332, 0.9316892382714065, 0.9206082233622035, 0.9119249235816774, 0.9085856464728851, 0.9101534195435201, 0.9141906460825278, 0.9265539121088876, 0.941548082239855, 0.9579390254129453, 0.9744552564681732, 0.9913690377250651, 1.0084909405862545, 1.0257073266062928, 1.0557689032283981, 1.0853300267550465, 1.1001397701232354, 1.1142189063925907, 1.1268771924396588, 1.1333850801777146, 1.1306952664327807, 1.1242600995583745, 1.1075391855386922, 1.089364034259351, 1.070366443399547, 1.0514565154546742, 1.0322628748770681, 1.0128812457707315, 0.9933960078485383]}