{"x": [2.1740148468134826, 2.1757982947127417, 2.182633272960582, 2.195184883711814, 2.21047159845501, 2.2210170283335953, 2.2312747742267063, 2.2411177433902276, 2.2505206169860537, 2.2594106178351043, 2.267821369424095, 2.2831050638381356, 2.296078911386173, 2.306358255041865, 2.3133164460779594, 2.3159406009207166, 2.3136381539626383, 2.30587291294957, 2.2918252798778487, 2.2739828859085813, 2.2632520873727207, 2.252928996044291, 2.243211100082375, 2.2341182619424815, 2.2257186166457097, 2.217907182939601, 2.2039806516587426, 2.192406187341978, 2.1831331412420103, 2.176602551224486, 2.1740148468134826], "y": [0.9673678243634737, 0.9521379565930743, 0.9384116085330558, 0.9292993925284238, 0.9266741753325214, 0.9276203694295431, 0.9302433493733772, 0.9340879496634358, 0.9389098747442793, 0.9445128541080459, 0.9508124374716669, 0.9652136776772893, 0.9816685485222143, 0.9999283017716716, 1.019752384295256, 1.0405976351154764, 1.058414894191224, 1.0746154193362936, 1.0862799049582992, 1.090158718847769, 1.0888489273434299, 1.0856396631868124, 1.08096025639041, 1.0751589940747983, 1.0685491894749657, 1.061253638679131, 1.0450607477204197, 1.0274242192784224, 1.008476238495941, 0.9883593189366201, 0.9673678243634737]}