{"x": [2.308524137385901, 2.31005454486652, 2.315513024079296, 2.3206606816199375, 2.328032398355669, 2.33831312391942, 2.350833488051557, 2.3595028937493536, 2.3675529215280515, 2.380980708157805, 2.390995296318316, 2.398428717189794, 2.403585129435629, 2.4070630419949377, 2.40906353757196, 2.40971847674176, 2.407811562948547, 2.401829898168495, 2.396770946062867, 2.3898524733491793, 2.379840960605948, 2.3656327970163322, 2.3558977220774686, 2.3476589753757366, 2.335370602930788, 2.326642551120073, 2.3199911984306745, 2.315084022235111, 2.3115306315425004, 2.309309873656643, 2.308524137385901], "y": [0.9294795871782116, 0.9055325779038124, 0.8821657979602988, 0.8706485877010981, 0.8604112881216922, 0.8527314332687193, 0.8499182552298147, 0.85124855340007, 0.8547306994534359, 0.86579386452525, 0.879657058351277, 0.8950591482494088, 0.9107246515837013, 0.9268460878161073, 0.9432074411184171, 0.9596776238472321, 0.988301156211473, 1.0163575745801916, 1.0303479830098876, 1.0435183763125462, 1.055061004179828, 1.0606815675769579, 1.0584195775588983, 1.0527617214550566, 1.0374392500611602, 1.020436020129509, 1.0025182015145007, 0.9846312988938154, 0.9664270390032882, 0.9480116984987729, 0.9294795871782116]}