{"x": [2.258634226180645, 2.261117683932856, 2.269858385019786, 2.2851033144280257, 2.3032633276929975, 2.313675805938518, 2.3238781180670554, 2.333755852713333, 2.34326148206989, 2.360927111371509, 2.3766432540699816, 2.390049596753713, 2.4006239072105284, 2.407701933953518, 2.4103867608060208, 2.4074504108594215, 2.3976385398748787, 2.3899317849407313, 2.3806530931021688, 2.3702878694846614, 2.359419072812471, 2.348720750452664, 2.3383415816784856, 2.328481082722343, 2.319203417510909, 2.302592938216998, 2.2883726292303552, 2.276667600975816, 2.2674356006719076, 2.261096322833422, 2.258634226180645], "y": [1.0505603420818415, 1.0324640486036316, 1.0164252349141636, 1.0061278143956878, 1.0031852542497288, 1.0039529015000037, 1.0061714173882024, 1.0095121109414271, 1.0137984713666115, 1.024696586499753, 1.038255577271883, 1.0541287270117612, 1.0720136610396274, 1.0916014268557916, 1.1122550158178934, 1.1335204385732003, 1.152614090496117, 1.160377225580587, 1.166170861375124, 1.169639813409525, 1.17079772003637, 1.169679039962202, 1.1668544334445088, 1.1625952612268597, 1.1571827834330746, 1.1438493767483326, 1.127991553173877, 1.1105104859119712, 1.0916063707662291, 1.0714990424803927, 1.0505603420818415]}