{"x": [2.2465876357304735, 2.2479813947183356, 2.2531293077115113, 2.258049060353601, 2.265152099321772, 2.2751184354346705, 2.287258607362814, 2.2962820642618076, 2.304627715075129, 2.318511184661752, 2.3288989347084224, 2.336659129913083, 2.3420873172215004, 2.3457739653743914, 2.347910367711085, 2.3486167755943175, 2.346816091486298, 2.341086857205384, 2.336190224681884, 2.329450305286279, 2.319638640766984, 2.3057434415052174, 2.295727617081965, 2.2872940458570645, 2.2746979103322325, 2.2656884209619452, 2.2587727348093805, 2.2536229995563364, 2.249857086117715, 2.2474691954372856, 2.2465876357304735], "y": [0.9216070512158879, 0.8984245385192345, 0.8757778952610953, 0.864586872824773, 0.8546375117072813, 0.8471985990085946, 0.8445001729471572, 0.8459369837754368, 0.8496568375718072, 0.8612984167177156, 0.8757607243600105, 0.8917870484475243, 0.9081016260634694, 0.9248956513593523, 0.9419474983787279, 0.9591181328928897, 0.9869622928331032, 1.0142700862369551, 1.0279062734357216, 1.0407318766547025, 1.0519288275634697, 1.057273348848706, 1.054835311800065, 1.0489077794363837, 1.0330427133724007, 1.0154963025494315, 0.997024141968683, 0.9785635281363954, 0.9597717232147249, 0.9407539085923688, 0.9216070512158879]}