{"x": [2.2935006463866023, 2.2953081704904834, 2.3012963459231774, 2.31062129428487, 2.3212104501338167, 2.3329644691129654, 2.3441657389988477, 2.3545411381500787, 2.363929543080856, 2.3721487694056553, 2.378802680658943, 2.381405035911451, 2.3834059985935374, 2.3847053719325646, 2.3851830537497225, 2.384719812897576, 2.3832087958184176, 2.376847439566969, 2.366832659278002, 2.35517584888095, 2.3433161681718824, 2.332192812846689, 2.3221320998388175, 2.3132235292220105, 2.305609845973939, 2.3023383065018073, 2.299472297233728, 2.297056920124858, 2.295179678926663, 2.2939443637882744, 2.2935006463866023], "y": [0.9016249766816241, 0.8910263650288769, 0.8820966692143969, 0.876856917720454, 0.8753471375797628, 0.8768415378097117, 0.8807044055466511, 0.8863685416639427, 0.8935511037665855, 0.9021491401069833, 0.9120085201748401, 0.9173927635350011, 0.9230282295997195, 0.9288712064186021, 0.9348378276787235, 0.940752049916734, 0.9464887252739568, 0.9564473524783507, 0.9627108374579639, 0.9646202456629617, 0.9628677365810582, 0.958396240085177, 0.9519596267960098, 0.9440044205493807, 0.9348384064599905, 0.9298535306689354, 0.9246249603055138, 0.91914809908267, 0.9134642605103545, 0.9076007503003141, 0.9016249766816241]}