{"x": [2.2075443563848465, 2.2088199145957277, 2.21343046914832, 2.2243507458549066, 2.2340554423506855, 2.2468201804766887, 2.256584979397273, 2.2652838884312163, 2.2726780143021603, 2.278990939028384, 2.288800355090418, 2.295998014748477, 2.300990072998761, 2.304368942560043, 2.3063261147817204, 2.306973866862567, 2.3053379303262083, 2.300102830376231, 2.2956149370048706, 2.2893831301605134, 2.2800403886690943, 2.2656069158485184, 2.254813906110597, 2.2462869848515474, 2.2341075985056738, 2.2255421818803423, 2.2190001949737566, 2.2141310364762634, 2.2105835742553133, 2.208348441526627, 2.2075443563848465], "y": [1.023195854434824, 0.9986352604323729, 0.974477598848102, 0.9511351785024128, 0.942101246403535, 0.9385159258018474, 0.940462890110366, 0.945307572720948, 0.9518385457881922, 0.9594196860719137, 0.9759689747753006, 0.9938098630803399, 1.011702093696253, 1.0299677938600873, 1.0484330948832177, 1.0669905268774862, 1.0969057598524712, 1.1264047629002414, 1.1412461584952465, 1.1554437918746077, 1.1684075485498273, 1.1752647103568337, 1.1719480466854382, 1.164546632566907, 1.1461129819931168, 1.1264074109681694, 1.1059408944424187, 1.0855764166091162, 1.064940618255582, 1.0441203298894173, 1.023195854434824]}