{"x": [2.2038989713884853, 2.2057233012200803, 2.212632963287147, 2.2293208498853234, 2.2440229296967966, 2.2629273249765975, 2.2768863318756396, 2.2896018826775992, 2.3006130061002303, 2.310079763387264, 2.324772053910501, 2.335387881110709, 2.3425618864229873, 2.347296429898117, 2.3508681222044303, 2.3480193024949267, 2.339607079848357, 2.3326854984148713, 2.3232936022936492, 2.3094020328720384, 2.299427174876668, 2.2867834983598145, 2.2705862748785655, 2.2584073677168175, 2.2414415330960975, 2.2295233447307643, 2.220345983411839, 2.213417469780433, 2.208301676325527, 2.2050299408137293, 2.2038989713884853], "y": [1.0179231433620144, 0.981546122742578, 0.9457847975629893, 0.9114491646345493, 0.8984946511496287, 0.893337674368706, 0.8956292747748736, 0.9018276676175252, 0.9105420723446991, 0.9209134847483114, 0.9440515696067681, 0.9693208906224116, 0.9946889978160546, 1.0206233632968384, 1.0731685843050465, 1.1219399881200083, 1.1700648269661167, 1.1942433167233248, 1.2175735534072498, 1.239441115222501, 1.248146479476496, 1.2520731323717378, 1.2463807379596423, 1.2342800097588311, 1.2054016362206839, 1.1750934527995556, 1.1438459691341114, 1.112789552510904, 1.0813835981082502, 1.0497276308507903, 1.0179231433620144]}