{"x": [2.152625960824395, 2.154594238957065, 2.1621630601398705, 2.179941952050471, 2.193851019732885, 2.2098604626810623, 2.2226902308427166, 2.234823512258349, 2.245898762479993, 2.2558573762929, 2.272257261216795, 2.2846823855819194, 2.293374188442771, 2.2992106577418348, 2.302529266565628, 2.3035886204339344, 2.3007422744035466, 2.292054544644656, 2.284828887868508, 2.2750396291936545, 2.260944095081167, 2.240846410978642, 2.2259240001295497, 2.213550530866956, 2.195203348420952, 2.1819546641450605, 2.1716044056979, 2.1637116012254096, 2.157799630196441, 2.153956522746082, 2.152625960824395], "y": [0.8311828751730239, 0.8006631810672763, 0.7710314616939651, 0.7444516340351071, 0.7360236935508461, 0.7331618617791853, 0.7348347165884188, 0.7393274748039962, 0.7459284729851084, 0.7541175117189544, 0.7734981944192105, 0.7956382796032425, 0.8185997600542343, 0.8424474569575893, 0.866754155647843, 0.8912634709203234, 0.9318726633929377, 0.9716436521993405, 0.9914552603879199, 1.010133599432419, 1.0265824816488658, 1.0346653587233954, 1.0308452128032026, 1.0216708398650491, 0.9976436992169292, 0.9713672947288627, 0.9438200767579, 0.9162702896890976, 0.8882286112705371, 0.8598196788174693, 0.8311828751730239]}