{"x": [2.2727039630984414, 2.27418319144806, 2.2794539232525746, 2.2885742478185405, 2.2993993627755995, 2.3061457071670035, 2.3127420326917028, 2.319108053980377, 2.3252159724642048, 2.3310183481449194, 2.3365252343541867, 2.3465765289869926, 2.3551783904905, 2.362050261267469, 2.3667601395076914, 2.36859025786786, 2.366921152926329, 2.3612163215544815, 2.3513575956369546, 2.339322395527328, 2.3324869108464084, 2.3258498009896202, 2.3195174359035384, 2.313520292267432, 2.307910786197085, 2.302651726453558, 2.2931968953341224, 2.2852635936806074, 2.278913725428001, 2.274477947119938, 2.2727039630984414], "y": [0.9656224428670155, 0.9548162365343373, 0.9452673309394741, 0.9391701149364529, 0.9373887532824048, 0.9379697856067083, 0.9394992465514578, 0.941781149712901, 0.9446840174124312, 0.9480986072288874, 0.9519717443853776, 0.9609150013498704, 0.9712527770031462, 0.9828130113782624, 0.9954526811223534, 1.0088166203269886, 1.0208273525145717, 1.031527749610309, 1.038792899465955, 1.0410580346634966, 1.0403755817134757, 1.0386040384311914, 1.0359710331557077, 1.0326444985366092, 1.028779776759364, 1.024450235977388, 1.0146585134403203, 1.0037382968297088, 0.9918274790944365, 0.9790403413859716, 0.9656224428670155]}