{"x": [2.1671782985972445, 2.168510966874557, 2.173365648982033, 2.1780068679764395, 2.1847389621032804, 2.1943083648570405, 2.2061257428471928, 2.2151286350638903, 2.223391492732753, 2.2369772839948494, 2.2470462803687115, 2.254545629655454, 2.2597880905155603, 2.263351673433539, 2.2654206555509413, 2.2661072625361873, 2.264418890403585, 2.259018213674012, 2.2543883866229923, 2.247993729155195, 2.238619370047794, 2.225130025209316, 2.215135092017452, 2.2068136778165797, 2.1945098525038222, 2.1857418797175283, 2.1790148867467063, 2.17400250219782, 2.1703387946907675, 2.168020248883215, 2.1671782985972445], "y": [0.9172206558721978, 0.8946344793690171, 0.8725359854066326, 0.8615666420736008, 0.8517408436032816, 0.8442794367536679, 0.8415234181258314, 0.843028833995578, 0.8469074327567908, 0.8588456071750113, 0.8734666608668861, 0.8895576415490247, 0.9058782609916615, 0.9226456964439843, 0.9396542711527996, 0.9567744601551236, 0.9840470636708142, 1.010832847098686, 1.0242322380990243, 1.0368848004312892, 1.0480378390071619, 1.053542968794737, 1.0510047651621623, 1.0449141795673484, 1.0288343640206687, 1.0111883236879442, 0.9926678579331135, 0.974179278236156, 0.9553769160074508, 0.9363599393961789, 0.9172206558721978]}