{"x": [2.2164909098012755, 2.2182266517238105, 2.22480068151001, 2.2377866063958187, 2.254555428533011, 2.2655241633611163, 2.27612035792967, 2.2861895703531365, 2.295713388678924, 2.304612703924705, 2.312946950220089, 2.327858862693006, 2.3401763900499812, 2.3497343464805818, 2.356085328737743, 2.3585326223225414, 2.3564575373736023, 2.3490334159617197, 2.3346049916804463, 2.3149617339642, 2.3036760170241877, 2.2929313561920024, 2.28296687935006, 2.273772673930667, 2.265407414644591, 2.2577159263532334, 2.2442123217134258, 2.2332555629094615, 2.224651209637191, 2.218743076134025, 2.2164909098012755], "y": [1.113765704076565, 1.097106695796933, 1.0817015833581147, 1.0705576645140868, 1.0671477119523403, 1.0682518260829956, 1.071293679532482, 1.0757134530707158, 1.0812107543591274, 1.087534606464179, 1.0945865037959792, 1.1105094803641533, 1.1282992032925656, 1.1477116011591424, 1.1684305193001383, 1.189962339907645, 1.2096604042155645, 1.2280234686734885, 1.242314002187425, 1.2474658175613023, 1.2459211198447224, 1.2421388240489148, 1.2366929662439214, 1.2300285268322508, 1.2225441455715362, 1.214368906514302, 1.196460933066714, 1.1773259935357796, 1.1570242305801461, 1.1357397986334439, 1.113765704076565]}