{"x": [2.227368380908372, 2.230076125416307, 2.239273978206418, 2.252890264613414, 2.267948343936705, 2.2862730349627434, 2.3038773484819255, 2.3204256650931043, 2.335683557026083, 2.3494291448129223, 2.3554830942585285, 2.360854126169745, 2.3654333085689903, 2.36901038228438, 2.3713776687332344, 2.3722897146417377, 2.3690987676633997, 2.358909172200371, 2.34349821845612, 2.325875881131749, 2.3073517778190644, 2.289911302331536, 2.2740486593661875, 2.2598904658778296, 2.2476237471548397, 2.2422823709510467, 2.237547583239911, 2.2334923122706507, 2.2302795362429157, 2.2281108630087987, 2.227368380908372], "y": [0.8274323995319691, 0.8123163074446295, 0.8000188433009681, 0.7933522070867148, 0.7915910878335131, 0.7936960447629382, 0.7992017954286378, 0.8072654537073675, 0.8175642935090871, 0.8301454092970875, 0.8372406849896784, 0.8448659887378918, 0.8530615251730121, 0.8617414026225854, 0.8708391018705219, 0.8801954018335212, 0.8978493655651082, 0.9126147549048638, 0.9216061895307086, 0.9243984322071875, 0.9216893047892879, 0.9148840428785062, 0.9050630213541183, 0.8929130640383578, 0.878876638284332, 0.8712298698695808, 0.8631933810672641, 0.8547405578259359, 0.8459329750940582, 0.8367948963605913, 0.8274323995319691]}