{"x": [2.2862922353283497, 2.2888520155861616, 2.2976824587972082, 2.3121259697121923, 2.3287711231925163, 2.348036223907436, 2.366324877841592, 2.3832136414587533, 2.3984574124438764, 2.411740020710648, 2.422418783451647, 2.429724660993707, 2.4325434275120243, 2.4295640930379765, 2.4197641700781034, 2.4123435966935554, 2.403639280167208, 2.3941247676716984, 2.384250581935836, 2.374322551528528, 2.3646358535986898, 2.3553494053047697, 2.346527544495133, 2.338252738060045, 2.330487959621775, 2.3232427991342193, 2.3165229444675237, 2.304801613798753, 2.295422655346981, 2.2888771905908385, 2.2862922353283497], "y": [0.9581579672258687, 0.941530267618162, 0.9272104861285972, 0.9185995085579153, 0.916211453305097, 0.9187591941613258, 0.925328838467008, 0.9348322278427624, 0.9467976861414088, 0.9610545959985524, 0.9773534053834324, 0.9954910646649229, 1.0148406146903426, 1.0342474622581812, 1.0512610943339649, 1.057865816261453, 1.0626535229049376, 1.0654521514751703, 1.0663788261511187, 1.0654443533995972, 1.063076461867485, 1.0594725931158013, 1.0548464971645264, 1.0494052777105132, 1.0432581233697233, 1.0365101782585988, 1.029238956423743, 1.0134903746188288, 0.9962438514946552, 0.9776756405613236, 0.9581579672258687]}