{"x": [2.2248649529702194, 2.2263130086190546, 2.231540242993657, 2.236481945972857, 2.2435262544481054, 2.2531656287122512, 2.2646538336892927, 2.2731213207654943, 2.2810309061757765, 2.294397701672968, 2.304540909132552, 2.3121639404185554, 2.3175107366652554, 2.3211451847970848, 2.323250452130408, 2.323944919599156, 2.322148352869568, 2.316451750503843, 2.3115935672890355, 2.3049330064626234, 2.295352881777476, 2.2821419009264363, 2.272721429702444, 2.264639638847256, 2.2523761081488773, 2.24354531751423, 2.236758684536323, 2.2317111838839767, 2.2280264168018977, 2.2257013192491284, 2.2248649529702194], "y": [0.8622652538098385, 0.8403113422625171, 0.8189396994107683, 0.808481955885426, 0.7993079411654676, 0.7926133719919387, 0.7902142181767537, 0.7914421127857665, 0.7947047070286866, 0.8051785683745857, 0.8184636178953046, 0.8333386504111927, 0.8485697350201042, 0.8642975751529576, 0.8802928451887312, 0.8964111121240107, 0.9227018121531094, 0.948430731320473, 0.9612316071492214, 0.9731941025247414, 0.9834679861536408, 0.9882430734571975, 0.9861380596078483, 0.98085970589092, 0.9663528416771423, 0.950086767086002, 0.9328673112682155, 0.915622230871769, 0.8980355156507231, 0.8802161735983961, 0.8622652538098385]}