{"x": [2.293966084083705, 2.296922997633034, 2.3066720591344754, 2.3212980277532584, 2.337590164195832, 2.355750282122921, 2.3732003850145804, 2.3895747669681744, 2.4046039284954004, 2.4180287084755747, 2.4290445276433745, 2.433392428499698, 2.436746259677568, 2.4389293538792622, 2.439745843920544, 2.4389506094694973, 2.4363401731660304, 2.4318647314856645, 2.4256489774966865, 2.4093423477456226, 2.390517363006948, 2.3721026480043284, 2.3547789289639516, 2.3390807863651064, 2.325159300191078, 2.3132235060551154, 2.303542577142366, 2.2997018331101415, 2.296694752761232, 2.2946968764963844, 2.293966084083705], "y": [0.8804894853450229, 0.8641711268566393, 0.8507551676537078, 0.843300710167277, 0.8412872095859001, 0.8433276492262688, 0.8487541753823157, 0.8567924698322518, 0.8671297260356461, 0.8797908337752992, 0.8945955659503004, 0.9028044807903877, 0.9114671790500848, 0.9205062909492004, 0.9297693783519347, 0.939356521747419, 0.9486156436616858, 0.9571459107288964, 0.9645052202631399, 0.9744270980107274, 0.9775845940859466, 0.9749263143364256, 0.9681397880921311, 0.9582715107642854, 0.9460237843965357, 0.9318879972407996, 0.9161221076193846, 0.9076560637423599, 0.89885932108249, 0.8897685099893592, 0.8804894853450229]}