{"x": [2.1568148036196697, 2.1585745835778085, 2.1652770708863494, 2.1815592720561896, 2.195910567906141, 2.214215311217552, 2.2282071069716842, 2.2409168676865887, 2.2614111844003464, 2.2762021493261977, 2.286949122504087, 2.294258428979723, 2.299102464310112, 2.301837469290436, 2.3027081899853594, 2.3000405696924693, 2.291914445787399, 2.2851897162954558, 2.2760344280268163, 2.2624565411323183, 2.252724560840297, 2.2404669866512203, 2.2242327371164734, 2.212012330039581, 2.1949373260996885, 2.1828958094924613, 2.173591565524473, 2.166540578032787, 2.161315284649739, 2.157960382692705, 2.1568148036196697], "y": [0.9934367239041378, 0.9584112808752069, 0.9239881033816516, 0.8909758183160923, 0.8786826771370976, 0.8739904085042429, 0.8764562525595774, 0.8828054822687995, 0.9020580567922207, 0.9253014438543606, 0.9506693419358327, 0.9761833482245105, 1.0022779032077134, 1.0286631169139626, 1.0551754084037281, 1.1023618085017273, 1.1489197150538366, 1.1723170150034803, 1.1948744157489457, 1.2159621991341851, 1.2242956058744092, 1.2280250808108564, 1.2223236898476388, 1.2102109540812256, 1.181306718500981, 1.1509589262731819, 1.1196632770629813, 1.0885440343706052, 1.057066740976541, 1.0253298639275383, 0.9934367239041378]}