{"x": [2.1122010662468824, 2.1131715140664538, 2.1166969696691544, 2.1234522454166016, 2.1319421092815256, 2.138811014290115, 2.1454228576525214, 2.1516865493532293, 2.157609244620629, 2.163151730662122, 2.1683640944270093, 2.177785688484971, 2.185749378329088, 2.1921223460509798, 2.196540388042048, 2.1982701700358, 2.1971878888285215, 2.1933824368574677, 2.1861171747959616, 2.1766965036389374, 2.1697306999729937, 2.163080328446191, 2.1568615988810342, 2.1510562598855465, 2.145699408574505, 2.140708926720238, 2.131773918964503, 2.124291401447498, 2.1182479905622102, 2.1139510689121117, 2.1122010662468824], "y": [0.9549110392400685, 0.9464613371936553, 0.938721156547375, 0.9333172256079914, 0.9316563729424172, 0.932439317549831, 0.9344588188809277, 0.9373391669400528, 0.9408678946757602, 0.9448774065574408, 0.9493075985433449, 0.9592136048595812, 0.9702219622657458, 0.9822215277216646, 0.9951099570753368, 1.008624340542352, 1.0180246664194388, 1.0266881526982445, 1.0330466761764727, 1.035159922162335, 1.0343040710205176, 1.0320618711086198, 1.0288615321255488, 1.0249611723782197, 1.020577822537881, 1.0157815007540931, 1.0052221773304233, 0.9937824396470102, 0.9815214098562793, 0.9685056047030184, 0.9549110392400685]}