{"x": [2.2403573443111644, 2.2422602591826797, 2.249543769466868, 2.2566309487675364, 2.2669637401010205, 2.2814080124591567, 2.298786033145089, 2.311947705313804, 2.3242121119388233, 2.3448278780033833, 2.360295392682022, 2.3717312676329185, 2.379579329634641, 2.3847974886109036, 2.387745382605503, 2.3886828293942877, 2.385863202161473, 2.3773033807508375, 2.37022262732277, 2.3606207570160094, 2.346586050787871, 2.325312305199157, 2.3099339291314753, 2.2976947191083354, 2.2800955090508666, 2.267581701584364, 2.2578851121390793, 2.250537834675507, 2.245079404295755, 2.2415639352628314, 2.2403573443111644], "y": [0.9091807267149091, 0.8760536600255562, 0.8436812317819229, 0.8276879622854806, 0.8135725025733662, 0.8032257878462461, 0.799524989737766, 0.8014719255309657, 0.8066298808812723, 0.8231209436292449, 0.843989119101394, 0.8673117587885684, 0.8910907894747575, 0.9155817101282577, 0.9404313603397778, 0.9654376873022985, 1.0095495996736525, 1.0529147996410007, 1.0746237640667573, 1.095341396464307, 1.1141920908068437, 1.1241795531838725, 1.1196407020362322, 1.109282258223142, 1.0833028767065622, 1.0554719962566785, 1.0265388070606356, 0.997709362796561, 0.9684634249505709, 0.9389140306620687, 0.9091807267149091]}