{"x": [2.228874047726603, 2.2309692849114287, 2.238392303255458, 2.251458034544498, 2.2670750544519644, 2.2768066000760383, 2.286317415301348, 2.2954963904835783, 2.3043066110531525, 2.3126779810714706, 2.320623839418594, 2.335117937972263, 2.3474865590877774, 2.3573043997875263, 2.3639628944981395, 2.3665480275261803, 2.364159991711586, 2.355929516812375, 2.341413576104021, 2.3232573804955186, 2.313297138837378, 2.3036518041283074, 2.2945021845774134, 2.285893630882552, 2.2779014962044313, 2.2704536396004285, 2.2571674828586663, 2.2461439169544466, 2.237372551356944, 2.2312773242252777, 2.228874047726603], "y": [0.9944828143902266, 0.9789260649525051, 0.9650948946985848, 0.956170058285922, 0.9536255095400737, 0.9543933472150039, 0.9565926536235081, 0.9598708949198153, 0.9640398833952434, 0.9689450025769094, 0.9745130691441656, 0.9873917596202163, 1.0023149313375848, 1.0190270181731536, 1.0372841122847118, 1.0565448008611071, 1.0747149747587663, 1.091089260009012, 1.1026624858960647, 1.1065360699092224, 1.1054474929937714, 1.10273475785384, 1.0986923220340068, 1.093598244240503, 1.0877124437017338, 1.081151476036701, 1.0664275700147048, 1.050212460968858, 1.0326764434001987, 1.0139903787594025, 0.9944828143902266]}