{"x": [2.1359708233743238, 2.13767746589408, 2.1440961956257554, 2.155846507244555, 2.170134580420611, 2.1803942142142, 2.1903634137695587, 2.1999198639849586, 2.2090443081878934, 2.2176681498001645, 2.2258289406374905, 2.240673097326099, 2.2533054284577827, 2.263355655676494, 2.2702018916162965, 2.2728008200276313, 2.2706448681827904, 2.2633468152674636, 2.2501278989872935, 2.233395409520017, 2.222966758943436, 2.212940803905498, 2.203505545331448, 2.194674638492518, 2.1865114595245196, 2.1789129863477648, 2.165342973574182, 2.1540291181617284, 2.144937030760625, 2.1385120802156328, 2.1359708233743238], "y": [0.9590840273122452, 0.9448554465560918, 0.9320427556733643, 0.9235570674020149, 0.9211223819001315, 0.922060572766198, 0.9246596779786033, 0.9284510223228912, 0.9331885903323142, 0.9386757932063835, 0.9448305907208551, 0.9588630912720361, 0.9748601289293986, 0.9925935419253179, 1.0118537808542127, 1.0321287240416628, 1.0488304877105086, 1.0640072944119312, 1.0748713973814399, 1.0784480266859275, 1.077150557135396, 1.0740008895878272, 1.0694291630598396, 1.0637776259053986, 1.0573502863337103, 1.0502642867418737, 1.0345514013605865, 1.0174360718249393, 0.9990439056638151, 0.9794996785648503, 0.9590840273122452]}