{"x": [2.2637159310804154, 2.2649831108715244, 2.26952887049903, 2.2802878977095884, 2.2901891934447063, 2.3040270322914367, 2.314321949324074, 2.3232368805738366, 2.3367916232938692, 2.346235190385983, 2.3530813322728332, 2.3577970229411407, 2.360972630733723, 2.362804197898759, 2.3634073405849976, 2.361759351206769, 2.356515230518513, 2.3520479497085574, 2.345847941597361, 2.336473605950789, 2.3296810860426445, 2.3211267246437157, 2.3097696269289014, 2.3011893424235668, 2.289255175454142, 2.28095522103922, 2.274653561561462, 2.2699789177612315, 2.266592180883796, 2.2644718322450155, 2.2637159310804154], "y": [1.1285371928968284, 1.1016038168012876, 1.075026597948748, 1.0489493386574913, 1.0382636248312267, 1.0337101258180477, 1.0360608546316625, 1.0417208231365274, 1.0575150781792584, 1.075483933941587, 1.0945939072041464, 1.1136293127408827, 1.1329813130916184, 1.1525002900277932, 1.1720957312786304, 1.2049997676605995, 1.2375249990575272, 1.2539194232754736, 1.269740094648525, 1.2845395702317364, 1.2903640082678018, 1.2929879949665162, 1.2889728213091072, 1.2805179998556098, 1.2602553335304634, 1.2389473931847654, 1.2169654311956257, 1.1951369751523628, 1.173071984755476, 1.1508486497907997, 1.1285371928968284]}