{"x": [2.1902168530829855, 2.1924204105673883, 2.2001189118253346, 2.2132225678119575, 2.2286261286171754, 2.2379477209495766, 2.2470837075237875, 2.2559341021221035, 2.2644593838730156, 2.28034045895425, 2.2945398129059376, 2.306759330931506, 2.316513898991298, 2.323163138585699, 2.325754506592401, 2.323260903390715, 2.3147655657131585, 2.3002080077880565, 2.2823437555634842, 2.272815121363723, 2.263553446626628, 2.2547208717193135, 2.2463698151198948, 2.238576088941697, 2.2312875119801694, 2.2245060381047326, 2.2182313971916767, 2.207336370522617, 2.198645974754997, 2.192598555201505, 2.1902168530829855], "y": [0.9648598230911088, 0.9494935803946339, 0.9360135893495538, 0.9275695374522286, 0.9251740986238619, 0.9258591675263382, 0.9278327815535635, 0.9308007261862441, 0.934603061121008, 0.944251745313105, 0.9562385714038313, 0.9702843900835572, 0.9861415665386464, 1.003589739096549, 1.022081248625193, 1.0399582639760563, 1.0558841853788123, 1.0668477490520711, 1.070452012307876, 1.0694812524579476, 1.0670402228671105, 1.0633701988524618, 1.058707226684978, 1.0532750285235752, 1.0471817871463311, 1.0405326217905173, 1.0334031990043162, 1.0180821237147053, 1.0014113716155475, 0.9835582713510378, 0.9648598230911088]}