{"x": [2.2529918710163366, 2.2542622778200987, 2.258830401366486, 2.269643298658483, 2.2795573951348174, 2.293323254937427, 2.303537823835029, 2.3124175697130442, 2.3259749268221896, 2.3354420072918582, 2.3423092419311002, 2.3470398296890838, 2.3502251834121317, 2.352062407039331, 2.352667880541225, 2.3510127716388816, 2.345747755792288, 2.341264383958353, 2.335046139015694, 2.325663539552084, 2.318894248220578, 2.3104152685835677, 2.2991273114315742, 2.290544931327209, 2.2785860029420455, 2.2702687263366457, 2.263954005337692, 2.2592708246516735, 2.2558776719152878, 2.2537513801051925, 2.2529918710163366], "y": [1.1222165328721274, 1.0954541278519503, 1.0690538910504364, 1.0431881338857774, 1.0326456753424995, 1.0281809418707575, 1.0304666016256832, 1.036008421852018, 1.0515667112124356, 1.0693334093756905, 1.088257527972153, 1.1071175938695454, 1.1262992014103395, 1.1456502524991576, 1.1650788904014113, 1.1977472797393978, 1.2300310629060591, 1.2462959149963808, 1.2619796475353673, 1.2766169418498121, 1.2823539686320677, 1.2849700125434518, 1.2810639505370074, 1.272756240334574, 1.2527314914939431, 1.2316353230136838, 1.2098557520035926, 1.188228027368562, 1.1663607648802172, 1.144333323600663, 1.1222165328721274]}