{"x": [2.2219421341639602, 2.223270489772247, 2.2280046180484603, 2.236435627833795, 2.246611726789749, 2.2531811197248466, 2.2595840217722367, 2.2657366299704997, 2.2716155478686115, 2.2771744169108294, 2.2824315184435244, 2.291980598267984, 2.3000891902049023, 2.306542214993423, 2.310959301515406, 2.3126897109112643, 2.311233826649233, 2.306134388620864, 2.2970232052262163, 2.285691816670385, 2.2790287729474596, 2.2725835169141995, 2.26646449902694, 2.2606940103038426, 2.2553201043188, 2.2502967795824156, 2.241296582940181, 2.2337806930385837, 2.2277803721568574, 2.223599804219917, 2.2219421341639602], "y": [0.9740430833871998, 0.963896728329764, 0.9548247341147099, 0.948857614678351, 0.9470868943710149, 0.9476915776242285, 0.9492807317212096, 0.9516329958633406, 0.9546038641847163, 0.9580726953351018, 0.9619837946758694, 0.9709427939524479, 0.9811775706900548, 0.9925291515996391, 1.0048540575404503, 1.0178317169255338, 1.0291352128659526, 1.039327580169691, 1.046426120431866, 1.048662763027676, 1.0479448827446758, 1.0461090781744526, 1.0434088458382489, 1.0400272641860213, 1.0361309566412713, 1.0317920297448855, 1.0220494452122182, 1.0112778458056733, 0.9995940063637629, 0.9871067786562037, 0.9740430833871998]}