{"x": [2.288179405433235, 2.289878987346919, 2.2958445505929483, 2.306619241584129, 2.3198653490564, 2.327047266990592, 2.3340607121309094, 2.3408083230389907, 2.34725104998688, 2.3590556030216323, 2.3693575320740567, 2.3779298532476068, 2.3845736544986167, 2.388948492105388, 2.3905648946242106, 2.3886348527910877, 2.382183128881942, 2.3769938990731916, 2.3706562450525097, 2.3635048932338725, 2.3559738251813616, 2.348644737748913, 2.341551616112395, 2.334829500474794, 2.3285181523177005, 2.3172637582794, 2.3076896441380494, 2.299889529779309, 2.2938181855589246, 2.2897290087445277, 2.288179405433235], "y": [1.0954022756583601, 1.082200884960911, 1.0703022568809328, 1.062208591902316, 1.0597302828871633, 1.06035884077934, 1.0620281572565384, 1.0645408011261948, 1.0677555953120672, 1.0758586537978483, 1.0858023596952016, 1.097186880961714, 1.1097944945228622, 1.1233827172750976, 1.137566025935179, 1.1522345984684388, 1.1655487766346366, 1.1710618654360567, 1.1752038934000488, 1.1776849544295047, 1.1784468669272739, 1.1776874712241066, 1.1756925201279573, 1.172707771804284, 1.1689312064810176, 1.1596640185447615, 1.1486695428490485, 1.136583780559014, 1.123543603662275, 1.1097273714446854, 1.0954022756583601]}