{"x": [2.235846504302489, 2.237098366603516, 2.241553773132036, 2.245777770684198, 2.2520050190455625, 2.2615894154564105, 2.2750893233470806, 2.2847673282959655, 2.2931513827184538, 2.3058407137676973, 2.314615071334583, 2.3209409923837416, 2.325275343872361, 2.3281829685930813, 2.330403954038032, 2.3287909096764974, 2.3236859572194266, 2.319359219055777, 2.313373470882611, 2.3043476880123306, 2.297791273435384, 2.289451956281903, 2.278732902685876, 2.270659892532897, 2.259483276735858, 2.2517489454218245, 2.245900384674936, 2.241582125385041, 2.2384685264838797, 2.236530578127583, 2.235846504302489], "y": [1.1022978235485272, 1.0758681447172929, 1.0497866486902516, 1.0365800694849285, 1.024191475235659, 1.0136140540167837, 1.0089777859976534, 1.0111228607329552, 1.0164117884930428, 1.0312604672005634, 1.0481522490162198, 1.0661050862989199, 1.0839576568239286, 1.102097298376637, 1.1387436184281416, 1.1708756107032168, 1.2026404702194942, 1.2186467873137994, 1.2341094413184543, 1.2486252952641066, 1.2544011330303528, 1.2570093246299974, 1.2532921177174787, 1.2453207787901166, 1.2262198096230013, 1.2061525013612604, 1.1854568235773135, 1.1649208679853393, 1.1441680769139437, 1.1232722106436912, 1.1022978235485272]}