{"x": [2.2607170034940083, 2.2631990338970676, 2.271645618335274, 2.2852887784549085, 2.300973798983974, 2.318453975337592, 2.3350701459463217, 2.3504209955536215, 2.364266911240709, 2.376313406757927, 2.385979774366937, 2.3925771971913976, 2.3951121525791086, 2.3944639620914225, 2.3923011174487545, 2.3885154719016417, 2.3831092845520687, 2.3761932679414204, 2.3681124091170327, 2.3593053013033023, 2.3501772909659047, 2.341187717241398, 2.3324007052718914, 2.3239550255515753, 2.3159121739300432, 2.3012362542649654, 2.288423992675958, 2.2776497747048543, 2.2690410099413416, 2.2630587501793737, 2.2607170034940083], "y": [0.9332533399553977, 0.9175817626533062, 0.9041499339846034, 0.8960907123004371, 0.8938397118101395, 0.8960735148845645, 0.9019428688379801, 0.9105019337459678, 0.9213276805816899, 0.9342555333232131, 0.9490477193685666, 0.9655055356645762, 0.9830543164296387, 0.992150445551187, 1.0010094420494307, 1.0093234793521524, 1.0166874094727292, 1.022730841419238, 1.0270959389108378, 1.0296428897750127, 1.0304981874001513, 1.0296772051969703, 1.0276096297632724, 1.024445942653245, 1.0203653838848492, 1.0100727868754273, 0.9975361954651178, 0.9833623676446003, 0.9677780698669959, 0.9509545737220294, 0.9332533399553977]}