{"x": [2.289863625992981, 2.291881900033011, 2.299307941053449, 2.306539610924263, 2.3172356717762, 2.3329457830388103, 2.3529820171145652, 2.3671436776477623, 2.3800913683503047, 2.4010779243009774, 2.4161994120784147, 2.427123433080747, 2.4344959092666305, 2.439352018312021, 2.442941362115595, 2.439948811316687, 2.4309467069168487, 2.423574532322393, 2.4136044857595933, 2.3989189303003418, 2.3884153859880204, 2.3751404795253706, 2.358536048922612, 2.345969853611208, 2.3284510573654065, 2.316173120067811, 2.3067411852619877, 2.2996408204032077, 2.2944111340742332, 2.2910748441003954, 2.289863625992981], "y": [1.053661918061262, 1.0152742749355945, 0.977557720352666, 0.9586392839509711, 0.9414404884333464, 0.9279678170738263, 0.9227842089186157, 0.9251573666974979, 0.9313655719431612, 0.950552056381718, 0.9739626233272706, 0.9996020422453346, 1.025379100460455, 1.0517462834779188, 1.1051848164063238, 1.1563805206421798, 1.2068673269272254, 1.2322131501294284, 1.2566540560779416, 1.2795319166498136, 1.2886211011643642, 1.2927094476110763, 1.2869976780977204, 1.2747330068012204, 1.2452852629400628, 1.2143214583023736, 1.1823755110203888, 1.150632866899374, 1.1185289572025514, 1.0861699267839764, 1.053661918061262]}