{"x": [2.246884440173375, 2.2481702378587722, 2.252735777173471, 2.261209833719153, 2.271767788063829, 2.2783961657895424, 2.284834904040472, 2.29098875696427, 2.296834652142021, 2.302323329438961, 2.3074812236915396, 2.3167590558602393, 2.3245014928533214, 2.3305727308755144, 2.33465875202656, 2.336231213417028, 2.334830678769416, 2.3299115098179777, 2.3207855154672434, 2.3090509308682456, 2.302318614597678, 2.2958370603437714, 2.2897264875539043, 2.2840041467781083, 2.278717215649755, 2.2738067046981003, 2.2650885283228215, 2.25791588440982, 2.2522619194955857, 2.2483858375869263, 2.246884440173375], "y": [1.0292126729462971, 1.0186939636864087, 1.0091308903860632, 1.0025068800915224, 1.0004534082077767, 1.0010901800950431, 1.0027882729803608, 1.0053002610501238, 1.0084634081287658, 1.0121388434112153, 1.0162656496660136, 1.0256542751785167, 1.0362409160092276, 1.0478668509629505, 1.0603574676131537, 1.0734050129119677, 1.0851113378889485, 1.0958258756108035, 1.1036338350186279, 1.1061926486681193, 1.1054179501602774, 1.1034396441681058, 1.1005465397029435, 1.0969459884517774, 1.0928277472338306, 1.088267217255985, 1.0781034435899906, 1.066996548636329, 1.0550448702201827, 1.0423759401967696, 1.0292126729462971]}