{"x": [2.3081318929459105, 2.3102905919211936, 2.31841691160732, 2.326310130521117, 2.3377515631377856, 2.3535749442914025, 2.3724681590148697, 2.3857050988921764, 2.39814203149295, 2.419302090207349, 2.4353055440822655, 2.4471317859356763, 2.4552122461095465, 2.46055843694167, 2.4635623667162356, 2.4645141375938384, 2.461326138234947, 2.4517686857646974, 2.4439451917970616, 2.4334145317531717, 2.4181625187163367, 2.395295600182144, 2.3796922288838704, 2.3670979536073236, 2.3489029804449206, 2.336009418932474, 2.3260636842500384, 2.3185709715498897, 2.3130263203660157, 2.309461513641271, 2.3081318929459105], "y": [0.9511563117187907, 0.9151215124926728, 0.8799486584018916, 0.8626447100442373, 0.8474518448350766, 0.8364026205249947, 0.8324641961699883, 0.8342813968771908, 0.839164173055708, 0.8551732121740638, 0.8758438973780769, 0.8991575793342719, 0.9230095324184069, 0.9476190376173295, 0.9726036883908729, 0.9977502686864715, 1.0450634627031277, 1.0915108175282302, 1.1147151797817947, 1.1368229766981832, 1.1568696697756196, 1.1674336577426367, 1.16306597836119, 1.152871565709672, 1.126869551396268, 1.098839123870684, 1.0696324267385382, 1.0405381360299357, 1.0110106007671875, 0.9811748444790301, 0.9511563117187907]}