{"x": [2.2430203310254666, 2.2445871494883205, 2.250256172476104, 2.255607547156695, 2.2631783161998387, 2.273334826436862, 2.285199130002434, 2.2939451431472735, 2.3021693643070402, 2.3162678326351167, 2.327146558146112, 2.3353992299758675, 2.341228497090505, 2.345202513425865, 2.3475074996640295, 2.348267255751848, 2.346325396514178, 2.3401807840717943, 2.3349536867029053, 2.327815742821745, 2.3176781328924227, 2.3040291586715145, 2.2942582137829777, 2.2857540326172803, 2.2726740289036798, 2.2631894128297767, 2.255880108531091, 2.2504353047745314, 2.2464516119908633, 2.2439313395193436, 2.2430203310254666], "y": [0.8704471374530622, 0.8478197678728531, 0.8258580977956732, 0.8152029617214357, 0.8059914150636825, 0.7994647070770047, 0.7972306707652874, 0.7984732490750491, 0.8016979867544329, 0.812146860153147, 0.82560362478949, 0.840812983450915, 0.8565013990283786, 0.8727591335750885, 0.8893257945138402, 0.9060347737437247, 0.9330724275294475, 0.9594741183364478, 0.9725560216549692, 0.9847013293286508, 0.9949697772584694, 0.9996514073894684, 0.9976340574598505, 0.9924167815945774, 0.9777459416205858, 0.9610949364273964, 0.9433808745927359, 0.9256034633765843, 0.9074427246994006, 0.8890195593936306, 0.8704471374530622]}