{"x": [2.2962570855798545, 2.297795351305286, 2.3033192297038, 2.3085494306316265, 2.3160506951007838, 2.32649099292956, 2.3391381638735975, 2.348128307327214, 2.3564755036122165, 2.3704291918237317, 2.3808846943748367, 2.3886777900918434, 2.394106641231378, 2.3977794844020437, 2.399897444990535, 2.4005925240451873, 2.398665892414102, 2.392597309096177, 2.387448475128118, 2.380395954642195, 2.370193677797496, 2.3557941785351195, 2.3457107209413155, 2.337168248571446, 2.32439465277236, 2.3152921989093227, 2.308335231653957, 2.303185766354007, 2.2994437249098074, 2.2970948988117783, 2.2962570855798545], "y": [0.9388836621647774, 0.9147366855415245, 0.8911797437000125, 0.8795750631705717, 0.8692913555074971, 0.861641775916802, 0.8588913298111263, 0.8602948915165493, 0.8639166285248318, 0.8753678975230733, 0.889711855308309, 0.9056597177884768, 0.9219077300197986, 0.9386403493368127, 0.9556304805900019, 0.972737998883512, 1.001674364236628, 1.030032739468723, 1.044170736783422, 1.057461914838686, 1.0690650086467521, 1.0746661388655117, 1.0723299620546856, 1.0664853059529555, 1.0506522220929992, 1.033068900565604, 1.014531682088382, 0.9960148320500306, 0.9771630986006079, 0.9580862738507726, 0.9388836621647774]}