{"x": [2.285489876277666, 2.2874753969954242, 2.2940126789389157, 2.304121796090653, 2.315595219954784, 2.3272981680431277, 2.3384856263882092, 2.3488730550639976, 2.3582716607785814, 2.3664836357264782, 2.3730880213693473, 2.3776006946490242, 2.3788548874186635, 2.379307727599222, 2.3787844646769876, 2.3771109801376844, 2.3742295499646424, 2.370188952413253, 2.365160676542549, 2.3594040554428104, 2.353218020137159, 2.3468444499683647, 2.3350215532355616, 2.3239010707480543, 2.313831655053984, 2.3049327992975974, 2.297362429414604, 2.2913045670062044, 2.287114960125588, 2.2859218274165607, 2.285489876277666], "y": [0.9165985696208429, 0.9051140582369736, 0.8954652117236241, 0.8897959484362693, 0.8881541991731695, 0.8895721908992718, 0.8932884350073532, 0.8988139208171507, 0.905891765019354, 0.9144327918030238, 0.9242698524079257, 0.9352730401418763, 0.9410996608866659, 0.9470425090740165, 0.9534184531843891, 0.9595930719484176, 0.9653166650746401, 0.9702901678186189, 0.9742552642422709, 0.9770600568183458, 0.9786703982259639, 0.9791580820941596, 0.9774868782247785, 0.973138467161802, 0.9667968867216417, 0.9588963081905436, 0.9497523291859781, 0.9395432569831689, 0.9283958667011492, 0.9225496447408532, 0.9165985696208429]}