{"x": [2.222875303472582, 2.225126367612114, 2.2336617745078016, 2.2418275240400525, 2.253318394991566, 2.268227660026933, 2.285127485072269, 2.298177625087808, 2.3106446737359714, 2.332651421220126, 2.3501494160030534, 2.363530773790882, 2.372928830499591, 2.3792343872883266, 2.382806868146141, 2.3840190208618766, 2.3807070216885955, 2.3709452502749637, 2.36289729679158, 2.35207820568459, 2.3367222440906135, 2.315393563880782, 2.3001591412261133, 2.2872640611114536, 2.2678719674843135, 2.2538275962334473, 2.242870783659095, 2.2345431453844657, 2.228320621702786, 2.224287838307657, 2.222875303472582], "y": [0.8492216840023729, 0.8168967844295739, 0.7856379736512211, 0.7707092522200697, 0.7581591098396807, 0.7496854652496159, 0.7467726058347803, 0.7482351271092825, 0.7523603932713469, 0.7664335361649539, 0.7854523234445362, 0.8075618995319122, 0.8307408633882084, 0.8549447430139134, 0.8796748343179349, 0.904632212408961, 0.9474117322321671, 0.9891940786681429, 1.0099178372676927, 1.0293392428136816, 1.0462008419973097, 1.0542758951867182, 1.0506919774275238, 1.0418235497787087, 1.0179430862788887, 0.9914810931512229, 0.9635986667444104, 0.9356739260484864, 0.9072060335870028, 0.878336892745693, 0.8492216840023729]}