{"x": [2.2514544783628985, 2.2536137621119403, 2.2615843166580727, 2.2692674865838134, 2.2802815303244075, 2.2951459505315706, 2.31254652719166, 2.325580936659873, 2.337916635694481, 2.359201182382071, 2.3756003789841813, 2.3878786073647857, 2.396355739135192, 2.402000112740797, 2.4051855946644234, 2.4061974296804842, 2.403121038414797, 2.3938374429041565, 2.3861906913406044, 2.3758780197268843, 2.3610145860290075, 2.339394093694789, 2.324164184301666, 2.3116432771251656, 2.293270065871027, 2.2801294433322297, 2.269938045844978, 2.2622264232821703, 2.256495697580515, 2.2528034436585624, 2.2514544783628985], "y": [0.8873655405769614, 0.8540766672317914, 0.8216840468511127, 0.8059096507319201, 0.7922511913197722, 0.7825454859783774, 0.7790281523056293, 0.7805963894234234, 0.7850892423222249, 0.8001672823121557, 0.8199947986393004, 0.8426069449490072, 0.8659312155381097, 0.8900978124885877, 0.9146893208179535, 0.9394656354530904, 0.9835660490167164, 1.0267878665872128, 1.0483379031771944, 1.0687468642162041, 1.086953208339652, 1.0961698747032864, 1.0921635136400971, 1.0826121811378315, 1.0577859050718073, 1.0307660125050873, 1.0025014415322058, 0.9742886541491987, 0.9456078369118475, 0.9165881015697792, 0.8873655405769614]}