{"x": [2.235244723917744, 2.2371368213194587, 2.2442021083633255, 2.25798825614291, 2.275775367012121, 2.286149037029885, 2.2962057769408224, 2.3057928785726918, 2.314872330502468, 2.3312982735909813, 2.345441011247793, 2.357019768015438, 2.3658905581392395, 2.371680954514283, 2.3738528281815165, 2.371589525703306, 2.363723421466345, 2.348683916200056, 2.338806925109565, 2.3281934439133503, 2.317490042805667, 2.307261753353539, 2.297747825926202, 2.288964589429351, 2.2809797975363386, 2.273655342495859, 2.260862413459217, 2.2505890035255516, 2.2426196589193705, 2.237240996828308, 2.235244723917744], "y": [1.138023472721207, 1.1203340672869995, 1.1040068869982569, 1.092180084397319, 1.088499076751512, 1.0894680124830372, 1.0921908507913198, 1.0962134657307334, 1.1012787891464153, 1.113771700850856, 1.1288005870628361, 1.1456635306758012, 1.1640954475093208, 1.1837385680678638, 1.2041018644668058, 1.2246858057624068, 1.2438416294591812, 1.2588102574792657, 1.262935295443967, 1.264322706021078, 1.2629479058952278, 1.2595077074210852, 1.254477618914469, 1.2482589886700008, 1.2412244569960633, 1.2335047487239623, 1.2165223577050466, 1.1983450905867943, 1.1790462424838277, 1.158838894854277, 1.138023472721207]}