{"x": [2.254434679008225, 2.2565925528144044, 2.2645466675347468, 2.2723055929844747, 2.283722546618908, 2.300103714154442, 2.3203674626755633, 2.3351261099784724, 2.3487842799907144, 2.3714140473880145, 2.3880973437763746, 2.4002933972351026, 2.4085845881775154, 2.4140635720077577, 2.4181167743495258, 2.414906343726793, 2.405250992502684, 2.3973309948969135, 2.3866289413150543, 2.370949184004331, 2.3599347962031816, 2.3463876280048144, 2.329063609159204, 2.3156292044110005, 2.296653570179544, 2.283285402848294, 2.2729821016731253, 2.265206790494712, 2.259457893951113, 2.255774144395965, 2.254434679008225], "y": [1.054089803441722, 1.0153831925830075, 0.9774412606007399, 0.9585329912154196, 0.9415808012391517, 0.9287305684804757, 0.9239502308718834, 0.9262157333336577, 0.9322493527724891, 0.951335592794764, 0.9751535334648057, 1.0015520742611326, 1.0282925816896495, 1.0557476235028773, 1.1115181069296909, 1.1634049463040081, 1.214486500291516, 1.240090165585889, 1.2646612886312993, 1.2873679525525188, 1.2961295359428067, 1.2999448099754607, 1.2944068055244662, 1.2821467936434061, 1.2521005740335032, 1.2202479376196513, 1.1872761264894887, 1.1544831207969581, 1.1212748857519805, 1.0877699819328133, 1.054089803441722]}