{"x": [2.2747466798466114, 2.2762074290545087, 2.281404680804326, 2.2863489402781507, 2.2936031841078526, 2.3044682412895896, 2.3189229585394635, 2.329097695722843, 2.3381577512461305, 2.3523697739279736, 2.362446315733457, 2.369773775368491, 2.374809306580813, 2.3781907901974058, 2.38076684213641, 2.378889764822468, 2.372984676988055, 2.3679841843397123, 2.3610901786713874, 2.35081165791132, 2.343566987815124, 2.3347384546399716, 2.323356974125173, 2.314401568810496, 2.301732111387417, 2.29291368069847, 2.2862336152381904, 2.281304269718514, 2.2777452029599656, 2.275527788625695, 2.2747466798466114], "y": [1.1168239425067814, 1.0889772808207425, 1.0615809502351676, 1.047782090149356, 1.0350451286643096, 1.0246452147969873, 1.0204896371913672, 1.0225597054708437, 1.0276317714549834, 1.0424306140988775, 1.0597747145992475, 1.0784472305577766, 1.0971312740332781, 1.1161842429288442, 1.1547626332235654, 1.1885268343156272, 1.2218236004092826, 1.2385599424688762, 1.2546093274448489, 1.2693744979519208, 1.2749903067252226, 1.2774559820802218, 1.2739435822604555, 1.2660901902001747, 1.2465388475632493, 1.2256857296495784, 1.2040525613198216, 1.1825606036175986, 1.1607997273270012, 1.1388608027229539, 1.1168239425067814]}