{"x": [2.3098829136158088, 2.3118730970195043, 2.318380856528633, 2.3282958135404366, 2.3394588893994372, 2.351344302394182, 2.3627159311120574, 2.3733016989482034, 2.382921325355191, 2.3913897885381576, 2.398261441395324, 2.400950399290098, 2.4030150888181994, 2.404351753086289, 2.404838765133916, 2.4043206332065936, 2.4026534215966784, 2.3997792548976085, 2.3957581105565287, 2.3851381142693935, 2.3728752986913006, 2.3608684653591037, 2.349556164971628, 2.339276595930763, 2.3301476801049255, 2.3223242546321416, 2.316014730210146, 2.3135331906668934, 2.311606201564068, 2.310339964391127, 2.3098829136158088], "y": [0.8940530430400487, 0.882877783078726, 0.8735774426895337, 0.8682279926813179, 0.8667085436685181, 0.8681576624356437, 0.8719058683477643, 0.8774508827091423, 0.884540907584887, 0.8931102095749353, 0.9030060770098044, 0.9084358480131585, 0.9141323350763648, 0.9200480511752464, 0.9260933127571482, 0.9323242053752403, 0.9383502230453165, 0.943914884959158, 0.9487166236669179, 0.9551555057843938, 0.9571219437211755, 0.9554382516911497, 0.95107582971905, 0.9447230281340224, 0.9368052933891968, 0.9276145547799292, 0.9173254555054388, 0.9117925723212262, 0.9060430029606169, 0.9001061742025118, 0.8940530430400487]}