{"x": [2.206789136549779, 2.20886144119813, 2.2164578758598, 2.2238136650886013, 2.2344492296130922, 2.2490506743762744, 2.266353345439156, 2.2793624225548297, 2.2915748875621493, 2.312364461215227, 2.328160104665094, 2.339906246204867, 2.347989690663272, 2.3533678230566797, 2.3564052356156733, 2.357370839786402, 2.3544504624034377, 2.345605950738013, 2.3383026510027864, 2.328423357071272, 2.314074899823511, 2.2927569971946267, 2.2775237773820365, 2.2652042820026304, 2.247321020955646, 2.2345728407715892, 2.224692106061705, 2.2172120384842398, 2.2116568853913994, 2.208083520417019, 2.206789136549779], "y": [0.8960004163588505, 0.862997423815182, 0.8308137922018292, 0.815022992658677, 0.8012265528050055, 0.7912947262104015, 0.7877647201527194, 0.7895456950297585, 0.7943689364045151, 0.8101021969275487, 0.8303572678846132, 0.8532001751076149, 0.8766127029568788, 0.9007904660164268, 0.9253539909818277, 0.950085756838007, 0.993926311317698, 1.036964636500561, 1.0584713090236966, 1.0789230742642495, 1.0973598528666566, 1.1069170521494174, 1.1026662408396486, 1.0927490630028471, 1.0674493988700169, 1.0401472230023525, 1.011681524579392, 0.9832965499883226, 0.9544729751299847, 0.9253315565464545, 0.8960004163588505]}