{"x": [2.214294282793211, 2.216165616574524, 2.2230206282842384, 2.234978129311241, 2.2491879295050308, 2.258445176311105, 2.2674876235561134, 2.2762102909330912, 2.284581170288617, 2.292534773222455, 2.3000874539640446, 2.313881744379039, 2.325691622745039, 2.3351199262463966, 2.3415789194732275, 2.3441357245802203, 2.342017715333, 2.3345623178232273, 2.3213471912818147, 2.3048935410161633, 2.295437876879892, 2.2862815064890376, 2.277589297586215, 2.2693977236532796, 2.26177445341806, 2.2546517828962362, 2.2418885499836887, 2.23121248563839, 2.222651039521498, 2.21663896693446, 2.214294282793211], "y": [0.9176444081383185, 0.9034701980250568, 0.8909235276732999, 0.8829196646921019, 0.8806557671932879, 0.8813925286445556, 0.8835076134385705, 0.8866503579530806, 0.8906366028111025, 0.8953161007787154, 0.900618412960553, 0.912857649833384, 0.9270127595973773, 0.9428540806450895, 0.9601758433521184, 0.978484988728889, 0.9949464095739283, 1.0097748075784356, 1.0201563154930322, 1.0235757699849097, 1.0225296616571984, 1.0199480326837072, 1.0161218107889542, 1.011316336192263, 1.005773926801498, 0.9996013976949187, 0.9857528440366176, 0.970466442372573, 0.9539028055096431, 0.9361962326884906, 0.9176444081383185]}