{"x": [2.3117240867456244, 2.313106775641874, 2.3180661660229736, 2.3275523825724074, 2.339651566526495, 2.3468391219315987, 2.353807919950084, 2.3604491597108006, 2.36673667935157, 2.37811677597594, 2.387943385087767, 2.3960387468182507, 2.402303787766133, 2.4064488023356425, 2.40800685035713, 2.406447858774544, 2.4010440257139596, 2.3908559601220505, 2.3843368321280516, 2.3774159273780735, 2.37008713003241, 2.363054206808896, 2.356459402646768, 2.3503204365331767, 2.3446889555477504, 2.3394897767823926, 2.330338627867022, 2.322917108475681, 2.317134902013017, 2.313223112039093, 2.3117240867456244], "y": [1.1497939537256148, 1.137750467121648, 1.126688738268905, 1.1187772966872693, 1.1162895346472927, 1.1170185231365537, 1.118923314751526, 1.1217322476803049, 1.125262582866182, 1.1339442345827617, 1.1443517044516271, 1.156011260378496, 1.1687481904591914, 1.18234654151082, 1.196476962009429, 1.2099006908792524, 1.2222871972381266, 1.2316118492774968, 1.2340508500394565, 1.2347916819776883, 1.2339246240119521, 1.2316883210401015, 1.2284188091186865, 1.2243574983453926, 1.2197297840570307, 1.2146211778097478, 1.2032917646855477, 1.1910213955647748, 1.1778986292078206, 1.1640785486222558, 1.1497939537256148]}