{"x": [2.3259686888260256, 2.3283251885789387, 2.336931940148514, 2.3452229574959476, 2.3571306903755307, 2.3732943804247384, 2.392296588230685, 2.405976196748028, 2.4189001210548478, 2.4411203186456003, 2.458125627249592, 2.4707606739887527, 2.4794045689856983, 2.4850990714602714, 2.4882536649385805, 2.4891824849383726, 2.4856736053438606, 2.475551617450911, 2.4673151442263626, 2.456268472845151, 2.440389402434032, 2.417113798320253, 2.4010668469054393, 2.3879549194595073, 2.368852652697524, 2.3552727020146857, 2.3447872739430595, 2.3368890031185825, 2.331048677234994, 2.32731152367179, 2.3259686888260256], "y": [0.9545935866047802, 0.9183097945325408, 0.8829828857285343, 0.8657349455427178, 0.850753680343228, 0.8400632673334831, 0.8362598603311505, 0.83799943436584, 0.8428087989310951, 0.8588368797438444, 0.8798379702446971, 0.9037248268156488, 0.9282947895729736, 0.9537107812353433, 0.9795437265068594, 1.00555199086307, 1.0532536349934614, 1.100000875017299, 1.123305993934373, 1.145417961515599, 1.1652530436683484, 1.1754423328617243, 1.171137520121915, 1.1609339216837737, 1.134555187523883, 1.1059438548127307, 1.0760594237789745, 1.0462636986428382, 1.0159972401123387, 0.9853944556030936, 0.9545935866047802]}