{"x": [2.342488615571801, 2.3450827662738245, 2.3541703352803305, 2.361711294578913, 2.3709315978207592, 2.3812040215495713, 2.39192894882324, 2.411411058060176, 2.429564098485023, 2.445782864591172, 2.4598059460722683, 2.4712597348148, 2.4799076086477765, 2.485398869316328, 2.4873470707135668, 2.4842706361574045, 2.480213139641155, 2.474328841349027, 2.4663550430225, 2.456485802394909, 2.445076212585752, 2.43286171895935, 2.422643076278385, 2.412769526761699, 2.394816819688503, 2.37964475517356, 2.367019643280854, 2.356998526811173, 2.349364723503474, 2.344346351439551, 2.342488615571801], "y": [1.2192348920782243, 1.1983301782146498, 1.179326158399497, 1.1716175638982587, 1.1660252026388442, 1.1628123314720071, 1.161906149716794, 1.1648506566477133, 1.1725115850979744, 1.1835646922415282, 1.1972968711402825, 1.2130843693485414, 1.2305671796032813, 1.2492982036677405, 1.2687200912574967, 1.2924876761544914, 1.3038073524383396, 1.3142941719161292, 1.3236564052013857, 1.3309933637861397, 1.3356411591007986, 1.337249539140089, 1.336160047047109, 1.333310367906667, 1.3234658991014148, 1.3099666359989999, 1.2940597759804273, 1.2768282095801686, 1.2584142283983388, 1.2391019114858892, 1.2192348920782243]}