{"x": [2.2811303318106257, 2.2823678972045225, 2.2867293769974255, 2.2969148788276055, 2.306600297126926, 2.3134915294993674, 2.321613895038925, 2.3322576969909434, 2.340985262989152, 2.3535133450110655, 2.3619211208994937, 2.3679178978996216, 2.372014924286536, 2.3747532222060976, 2.3768372168551024, 2.37521923379891, 2.3701173568655833, 2.3658210641281174, 2.3598790772390847, 2.3508529929937794, 2.344031822051431, 2.3346895836818926, 2.323046590271052, 2.314909546483439, 2.30396787289125, 2.2964546844061973, 2.290799096014365, 2.2866253659256834, 2.2836302504375907, 2.281777401473788, 2.2811303318106257], "y": [1.2758372986033955, 1.245614601630756, 1.215682670947617, 1.18588774212445, 1.172753379062361, 1.1681103935796155, 1.1663572319082989, 1.1693133263940616, 1.17608522467663, 1.193775077712086, 1.2130956339182102, 1.2332949718557462, 1.2532740224730743, 1.2734841638206391, 1.3141971810936026, 1.3511848266608137, 1.3878546322988718, 1.406356366034671, 1.4243970166417577, 1.441756082679181, 1.4491166261620192, 1.4527811255322223, 1.4476952589402354, 1.4379375003372143, 1.415759518925371, 1.3928883523609026, 1.3694885108833676, 1.3462869032513496, 1.322903920063222, 1.2994026314972138, 1.2758372986033955]}