{"x": [2.2105030936376617, 2.2124873069571573, 2.2200753058319695, 2.2382687148758373, 2.253603234211147, 2.2723759244999555, 2.286448197327949, 2.299524188021063, 2.3213283222557455, 2.337517318319541, 2.349408708784679, 2.3575222729404954, 2.362899597142543, 2.3659299204396227, 2.3668927143996177, 2.363881429666658, 2.3547725700561024, 2.3472664904486598, 2.3371021329347013, 2.3222143115356215, 2.311835893289693, 2.2992299947232575, 2.2828074678290555, 2.2699217382108396, 2.2515725698958775, 2.2385892475107987, 2.228556393612319, 2.220969936603657, 2.2153477436167917, 2.211737003466566, 2.2105030936376617], "y": [0.9831676291727489, 0.9472436425430936, 0.9120741644272504, 0.8790494438076198, 0.867365103451775, 0.8629767789290568, 0.8650020806272312, 0.8705832253940082, 0.8884568363977097, 0.9109410415834722, 0.9359653879124911, 0.961378023340763, 0.9875068646305504, 1.0139931595741694, 1.0406348507163588, 1.088758740337279, 1.136108558336767, 1.159832163893873, 1.1825441987659588, 1.2033911998811497, 1.2113102156438258, 1.2147033995866234, 1.209631007611345, 1.198256187957923, 1.1700996133738917, 1.1401146065876344, 1.1090178360997114, 1.0780633841475764, 1.046692643454699, 1.0150207692013884, 0.9831676291727489]}