{"x": [2.2272272180400203, 2.22932539764128, 2.2372767833587495, 2.2449276650314927, 2.255856864007086, 2.270497926674221, 2.287500949058014, 2.300016886118025, 2.3118630473808164, 2.332352794497893, 2.348192903764413, 2.3600716982473062, 2.3682852134819794, 2.373755050912419, 2.3768417948680414, 2.3778994414854564, 2.3748097038848863, 2.3657231979080207, 2.3582406277376387, 2.3481554960003717, 2.333647865408061, 2.312666538059286, 2.2979607009704193, 2.285807902044859, 2.267909318578151, 2.2550925293869795, 2.245152365269124, 2.2376348459231012, 2.232052435795, 2.2284619636906893, 2.2272272180400203], "y": [0.8612134201294783, 0.8287752065991704, 0.797256711713643, 0.7819580057869436, 0.7687997763029351, 0.7595869322058315, 0.7564034683381611, 0.7580099817122934, 0.7623571680491509, 0.7768184486984144, 0.7958432864745013, 0.8175630414366297, 0.8400001045250897, 0.8632587483168138, 0.886930294352904, 0.9107788050740996, 0.9534729968980175, 0.9953033196683507, 1.0161481239904413, 1.0358657516728702, 1.0534011640498535, 1.0622185296041082, 1.0584237756985329, 1.0493149184725648, 1.0254920257289268, 0.999488413117635, 0.9722551413472593, 0.9450597221511121, 0.9174021622527104, 0.8894089403953697, 0.8612134201294783]}