{"x": [2.244252655296485, 2.246550818073472, 2.255055839172414, 2.263221809737468, 2.2747955690793904, 2.2900302238613293, 2.3074842098334316, 2.320507348647842, 2.3329115470966295, 2.35465001343972, 2.3717444033281696, 2.38470419273079, 2.3937377932983166, 2.399773930352323, 2.4031860537501872, 2.4042710995579224, 2.4010258160420546, 2.3912463067372047, 2.38320439933429, 2.372395776183877, 2.356980481972588, 2.33519517248879, 2.319926034630902, 2.3071225770166115, 2.288050604879123, 2.2743248846226964, 2.2636564231638063, 2.255576284081978, 2.2495602593384025, 2.2456755386282663, 2.244252655296485], "y": [0.8708539718421678, 0.8375113483740192, 0.8051898894342556, 0.7896336998315391, 0.7764152958083508, 0.7673394666028408, 0.7642051794784541, 0.7657321238237088, 0.7699829548549297, 0.7843833454624013, 0.8036766525120564, 0.8259587915747749, 0.8491787282029506, 0.8733517802588113, 0.8980098517710885, 0.9228792255545586, 0.966862310983116, 1.0098670184774183, 1.0312353238325536, 1.0513462764211243, 1.0690032317532505, 1.0776519113008136, 1.0739260055882154, 1.0648100625529917, 1.0405357227145249, 1.0138063483946083, 0.9857165143226159, 0.9576286716424366, 0.9290275702599217, 0.9000530767908932, 0.8708539718421678]}