{"x": [2.2802250478597648, 2.2816679382212866, 2.286698529834706, 2.295292927641176, 2.305429884469564, 2.311941307087054, 2.3183082204351173, 2.324454434728747, 2.330354315168848, 2.3359632045350986, 2.3412917742399086, 2.3510359594035286, 2.359408028422179, 2.3661282509753225, 2.3707657055267757, 2.3725833594146533, 2.3710023700821896, 2.3655777195360175, 2.3562510468131825, 2.344935613868315, 2.3383380601752055, 2.331930322426602, 2.325812535784594, 2.320012310370063, 2.314578923016919, 2.309477843997257, 2.300284946226524, 2.292538590628337, 2.2863161015794504, 2.2819545341452314, 2.2802250478597648], "y": [0.941001409265451, 0.9308830282913828, 0.9219860223820471, 0.9163673115508256, 0.914731557498364, 0.9152907639743065, 0.9167651285169299, 0.9189615891212877, 0.9217529687304099, 0.9250334743465976, 0.9287520361548317, 0.937334915114704, 0.9472620891886127, 0.9583741967107237, 0.9705487902262159, 0.9834492881363024, 0.9947412281976151, 1.0047702163853416, 1.0115043897232077, 1.0135772842920405, 1.0129170158675012, 1.011212737113594, 1.0086849683454675, 1.0054952483761168, 1.001791068627545, 0.9976411724150838, 0.9882522362912042, 0.9777604593508524, 0.966299044147827, 0.9539670971916896, 0.941001409265451]}