{"x": [2.2681498009078354, 2.269396195965383, 2.2738588945972174, 2.282615369275039, 2.294028119380928, 2.301067651775807, 2.3078616595840886, 2.314297619185297, 2.320358506907823, 2.3259925313500625, 2.3312435995342558, 2.3405755572135933, 2.348208469938429, 2.354100889468897, 2.3580016273883118, 2.359481071060223, 2.358121133782279, 2.353311421540476, 2.3439489446371216, 2.3312914468795527, 2.3241107683675777, 2.317256813802179, 2.310871213279876, 2.3049556410879726, 2.2995541375841713, 2.294579972607534, 2.285846810457461, 2.278783530416903, 2.273285250500218, 2.2695675502200556, 2.2681498009078354], "y": [1.1264165376798272, 1.1150601407950043, 1.1045432224361635, 1.096814640459209, 1.0943335191041863, 1.0951017766241693, 1.0970984473172403, 1.100013017192926, 1.1036437104550432, 1.1078168510198474, 1.11246266811852, 1.1229112958574747, 1.1344830091265605, 1.1470307299046083, 1.160352816915787, 1.174155171971031, 1.1868012506778978, 1.1985757742016443, 1.2076568684174016, 1.2108048830994596, 1.2098866915594728, 1.2075567717299722, 1.2041939854762898, 1.2000599522083097, 1.195391731488401, 1.1902705785345677, 1.1789914734193265, 1.1668652426631747, 1.1539538401351546, 1.1403996485895889, 1.1264165376798272]}