{"x": [2.2242279124046536, 2.2261833389990744, 2.233389134742661, 2.250904580440881, 2.2664212976191247, 2.286373853515315, 2.3012695029094488, 2.3148131409381634, 2.326539771999119, 2.336631329618349, 2.3523291262708743, 2.363700097054154, 2.3714057474867385, 2.3764986069785916, 2.380278661552478, 2.377346216308739, 2.3684619896895263, 2.3611482035405786, 2.3512215944843913, 2.3365368609140416, 2.32598677710091, 2.3126023383814824, 2.29528984244231, 2.2823259562333487, 2.2642918696444627, 2.2516182789105015, 2.241850699019357, 2.2344653737496682, 2.229003734926516, 2.2255028698520487, 2.2242279124046536], "y": [1.0664100568881927, 1.0281324620267147, 0.9904884124405274, 0.9542916852458462, 0.9406666591047991, 0.9353463806775718, 0.9378958490043168, 0.9446003272516678, 0.9539556508560854, 0.9650550391545868, 0.9897865127319705, 1.0167822092130512, 1.0439081271257127, 1.0716435783279172, 1.1278510766254037, 1.179494738127489, 1.2304529320302164, 1.2560550113145226, 1.2807616979430054, 1.303927705745422, 1.3131576620674925, 1.3173233747720974, 1.311159236036193, 1.2981339999016561, 1.2671555695863104, 1.2346838369270217, 1.2012229985176455, 1.1679682917751282, 1.134344058680002, 1.1004552994561363, 1.0664100568881927]}