{"x": [2.2464283149258617, 2.2480172937126426, 2.25429404154314, 2.2696934187127833, 2.2845202163002756, 2.294759021923963, 2.3064300423179556, 2.3223950079747886, 2.335965836815692, 2.3560555517241855, 2.3696445253942273, 2.3792540398154975, 2.385708485290151, 2.3899511640708933, 2.393095630768535, 2.390426912755177, 2.3823383007242858, 2.3757190030222413, 2.366723486084816, 2.353250157773761, 2.343114518303439, 2.3286243641303233, 2.3105290700850514, 2.298396375327023, 2.2821410015196992, 2.2707982784997487, 2.262092701677868, 2.2555035564454955, 2.2506468494421767, 2.24753302061168, 2.2464283149258617], "y": [1.2506153290982713, 1.207448426304291, 1.1647107522089202, 1.1222543515054924, 1.1041668430557687, 1.0981581428056313, 1.0959844587764602, 1.0998479981521856, 1.1091021685365319, 1.134417002544628, 1.1627871115214146, 1.1927400833497193, 1.2224011066675742, 1.2524583162421676, 1.3130455107334091, 1.3714504114006307, 1.429354028154652, 1.4585170546070745, 1.4870368352682486, 1.5146708746904147, 1.5267865055272054, 1.533075792456983, 1.5243159810373152, 1.508285644777538, 1.472732226496797, 1.4363492233850157, 1.399246754287427, 1.3624134205425247, 1.325311888138316, 1.2880203418563587, 1.2506153290982713]}