{"x": [2.2625936226309107, 2.2653289836410364, 2.275471248027649, 2.284895055601492, 2.2975874795862254, 2.3130456950641025, 2.329888007711202, 2.354156406704434, 2.375976295192754, 2.3941871933252026, 2.4085794154058977, 2.418959074648347, 2.4259845620936704, 2.429972034019161, 2.4312395995340297, 2.4275180051296514, 2.4229275141429056, 2.416428194604411, 2.4074100623873207, 2.395472458386205, 2.37913376582679, 2.3579149191865207, 2.343455868636828, 2.3306448550328294, 2.310519863246593, 2.2956464468241373, 2.2839876048946017, 2.2751234429270504, 2.2684901250087517, 2.2641830039643414, 2.2625936226309107], "y": [0.7916069274633064, 0.7592541867442458, 0.7284107675919773, 0.7143261569457228, 0.7030973199784685, 0.6960426201814465, 0.6937927935917011, 0.6982516099967644, 0.7097724042309309, 0.7261986567377715, 0.7460562126243571, 0.7675744835065818, 0.7904090151178448, 0.8139355930869534, 0.8377640022020966, 0.8796287000107139, 0.9001599507950867, 0.9201690415242216, 0.9399994706617724, 0.9582221554029645, 0.9733356548960794, 0.9800536373860975, 0.9773023302000786, 0.9700558300470002, 0.9491131163703999, 0.9249678437846699, 0.8991166521452681, 0.8730442527918364, 0.8463170668414488, 0.8191084522596968, 0.7916069274633064]}