{"x": [2.287639397913778, 2.289453635677524, 2.2954702442640307, 2.3048442073365094, 2.315497577396584, 2.327064794532583, 2.338092899370507, 2.348308896984975, 2.357547957125031, 2.365626637705098, 2.372153309758094, 2.374699085907965, 2.376652048187028, 2.3779159956427534, 2.378377194661674, 2.3779065501972974, 2.376384561116227, 2.3737402269273535, 2.370005013503714, 2.3599799960279255, 2.3483057394061233, 2.3366337028898654, 2.3256785960768678, 2.315767430748866, 2.3069961218703376, 2.299509222644942, 2.2934855735283954, 2.2911200629007573, 2.289284361262729, 2.2880776873390127, 2.287639397913778], "y": [0.9089818199324188, 0.8983187128268862, 0.8893301794134623, 0.8840432536285276, 0.8825173197168811, 0.8839767277553097, 0.8877597540277181, 0.8933226681040574, 0.9003903684378265, 0.9088607778292978, 0.918577540000233, 0.923882746845299, 0.9294336147243557, 0.9351860349133396, 0.9410575931959774, 0.9469811142079366, 0.9527250811845195, 0.9580591251944756, 0.9626951482188427, 0.9689798509373576, 0.9709060378385406, 0.9692054500117803, 0.9648334859097771, 0.95851867427928, 0.950697409378697, 0.9416756856291582, 0.9316178125565376, 0.9262251503703864, 0.9206299161948085, 0.9148601243261578, 0.9089818199324188]}