{"x": [2.284668316796132, 2.2869366247244765, 2.2957221913689883, 2.3041050157938776, 2.3158743295289486, 2.331165405185951, 2.3485446585194283, 2.3721902253097173, 2.3926337615044253, 2.408836425374549, 2.421133269738023, 2.429688037579433, 2.435384494686873, 2.438591320751321, 2.4396084691254734, 2.4362942920079558, 2.4322027707453713, 2.426399185168221, 2.4183233583161234, 2.407528877939363, 2.392255748357775, 2.3709141097766375, 2.356658679875837, 2.344538481317131, 2.3263139045259678, 2.3131871098612495, 2.3030101927987485, 2.295334492364921, 2.2896383864208714, 2.2859665574363444, 2.284668316796132], "y": [0.8442088248721078, 0.8109831648984983, 0.7788599097665141, 0.7635158172577479, 0.7505853812843721, 0.7418057825809932, 0.7388292238781706, 0.7439593416501096, 0.7569012412418866, 0.7745371006553766, 0.7950879515487357, 0.8165997337397596, 0.8390383433731036, 0.8619426798633859, 0.8850480422854008, 0.9280257252012467, 0.9492047067150802, 0.9699798889923594, 0.99077689486803, 1.010301587596303, 1.0273505535951133, 1.0356252252814508, 1.0323462077932115, 1.0241565787269857, 1.0019064454418078, 0.9771707692703202, 0.9510825195602813, 0.9249756465732508, 0.8983666336004823, 0.8713966415022149, 0.8442088248721078]}