{"x": [2.244994708146853, 2.2467492998831826, 2.2533694132906565, 2.2664270896780203, 2.28333530957284, 2.2939653135255607, 2.3042416286405274, 2.314010258576746, 2.32324692174827, 2.339938045526763, 2.3543362561965067, 2.3661732348877678, 2.3753127626481167, 2.3813501074117975, 2.3836670576634242, 2.3815948343587414, 2.374196595720365, 2.359816956258009, 2.350334994108405, 2.3401550115419507, 2.3292085804733467, 2.3187788987228513, 2.309102963487318, 2.3001778279239007, 2.2920631121340875, 2.284609998134462, 2.271551224786659, 2.2609963866773892, 2.2527455169309314, 2.247116673555384, 2.244994708146853], "y": [1.1118514199810738, 1.0950484959592812, 1.0795052998170613, 1.0682118528526785, 1.0647251700505198, 1.0657664346587543, 1.068678231986373, 1.0729325373746406, 1.0782437800374496, 1.0912134831140636, 1.1066892170350824, 1.1239764745746768, 1.1428293886755636, 1.1629213355868333, 1.1837724171897697, 1.2035059773581296, 1.2219172122811974, 1.2363161246358156, 1.2402469747263576, 1.241561183076479, 1.2400760591968276, 1.23643577285356, 1.2311751091781487, 1.2247221826976553, 1.2174640395846508, 1.2095280238647264, 1.1921300864684738, 1.1735401480929726, 1.153819256512093, 1.133159171243447, 1.1118514199810738]}