{"x": [2.180892102422727, 2.182427105495411, 2.1882374306204335, 2.1993690520492195, 2.2133706530743376, 2.2232015204135673, 2.2327116351054763, 2.2417696521493626, 2.2503621118154467, 2.25842142901178, 2.265998513448333, 2.2796462289988177, 2.2910657817986775, 2.300034244977852, 2.30606478858736, 2.3083377680307335, 2.3064341042841336, 2.299895732089417, 2.2875578029455435, 2.271381910253966, 2.2613717077412105, 2.251803621868324, 2.242868053979275, 2.2345614189128185, 2.226938858531373, 2.219881195654659, 2.207367944388234, 2.1970552240052257, 2.188849572779368, 2.1831239862664704, 2.180892102422727], "y": [1.0093310316805784, 0.9954044867646737, 0.9826551726784418, 0.9737528652435365, 0.9710846744646022, 0.9720658998728389, 0.9747429270467832, 0.9786278947771732, 0.9834559672621539, 0.9890114593674513, 0.9952085455895796, 1.009221397320054, 1.0249605517837146, 1.0422143582502181, 1.0607449708130439, 1.0800991595749043, 1.0962540043410025, 1.1111487226706724, 1.1222735516077165, 1.126058628894681, 1.124737995915279, 1.1215130992437967, 1.116873820444193, 1.1111846117863047, 1.1047670149316717, 1.0977329285747928, 1.0822450210700465, 1.0655400688853804, 1.047705413936386, 1.0288804571141628, 1.0093310316805784]}