{"x": [2.187906511438861, 2.1896634494159852, 2.196264878212828, 2.208228147384195, 2.222686259771171, 2.232742138609865, 2.242530690940413, 2.2519321372531884, 2.2609212757608583, 2.2694292690167224, 2.277486129346608, 2.292149350759179, 2.3046320807662535, 2.3145531808474726, 2.3212951173013208, 2.323903163161722, 2.3216444096895796, 2.3142315116916565, 2.3009135302214485, 2.2841345992098048, 2.2739159270770144, 2.2640721493770393, 2.254785654822974, 2.2460772643411167, 2.238012489943072, 2.2304973273890005, 2.217061925846934, 2.2058476882062292, 2.1968341964559626, 2.1904642524214286, 2.187906511438861], "y": [0.9224235926524087, 0.9080154019458423, 0.8950885334800279, 0.8866130886005177, 0.8841808136617448, 0.8850734505676958, 0.8875436212372013, 0.8911695908456372, 0.895722637876279, 0.901019078831032, 0.9069793839955115, 0.9206211817258728, 0.9362378584637933, 0.9535950158907645, 0.9724727432238386, 0.9923478631781851, 1.0090856714851486, 1.0242614791223372, 1.0350682349534628, 1.038620991086503, 1.0374002075698103, 1.034398272669521, 1.0300155571854732, 1.024573947926046, 1.0183622155500633, 1.0114957363220982, 0.9962227523440742, 0.9795310678647963, 0.9615552946384276, 0.9424243103435411, 0.9224235926524087]}