{"x": [2.281885270489063, 2.2833412464362017, 2.2885772549073087, 2.2935629650988076, 2.3008091445907612, 2.311263056767104, 2.3244400837106767, 2.3338740208925848, 2.342482908092413, 2.356474361425627, 2.366692513493876, 2.3742224334477102, 2.379435942961576, 2.3829534087959217, 2.384980497494436, 2.3856462188936733, 2.383791030187705, 2.377931857840781, 2.372953809731009, 2.366102975350743, 2.3560287534313193, 2.341161852019328, 2.330611373830211, 2.321944673936636, 2.3093152000095674, 2.300414822990911, 2.293635827833111, 2.2886202152275295, 2.2849812595689514, 2.2826999734259528, 2.281885270489063], "y": [1.00825608670948, 0.9830334222396269, 0.9583172962444809, 0.945992770524806, 0.9348462857381594, 0.9261870534424326, 0.9229262951455935, 0.9245823067161587, 0.9287809500988085, 0.9415895304227896, 0.9571317618248082, 0.9741397568310577, 0.9913077846936652, 1.0089017977733081, 1.0267207266707548, 1.044642225789481, 1.0750679776248322, 1.1049818239052782, 1.1199633376545775, 1.134186304486354, 1.1469178820018249, 1.1534415508867695, 1.1506246891133929, 1.143981225165718, 1.1266811071159537, 1.107848228353771, 1.0881520546594763, 1.0685331074215663, 1.0486128297566324, 1.0284907130897174, 1.00825608670948]}