{"x": [2.1516529152677295, 2.1527858808568614, 2.15698632546445, 2.166977114038984, 2.1758280032462283, 2.1874205495466716, 2.1964990885201026, 2.2046111151481065, 2.2115232406721286, 2.2174370187042927, 2.226649751780312, 2.2334295623140648, 2.2381448985139882, 2.241346083061675, 2.243207301862727, 2.243828839473271, 2.2423483365361068, 2.237571651350306, 2.2334597460055226, 2.227738242712923, 2.2191615630739947, 2.2060196915527106, 2.196044583756634, 2.1881146370367297, 2.176728506510193, 2.168691301900029, 2.162535268003845, 2.157939948596165, 2.154578508131906, 2.152444119355608, 2.1516529152677295], "y": [0.9417827218736572, 0.9194346495229595, 0.897455654688874, 0.8762532670779081, 0.8680767094646625, 0.8647892781826885, 0.8665174635329067, 0.870944823749035, 0.8769503172460478, 0.8839410726264616, 0.8992356538803382, 0.9157533061223436, 0.9323332494236019, 0.9492708210571892, 0.9664010823245778, 0.9836209452018791, 1.0107361735173483, 1.0374683783306953, 1.050916454457724, 1.0637625790544887, 1.0754432868074972, 1.081549806287369, 1.0785775292779347, 1.0718356340559925, 1.054944448455397, 1.036837176028436, 1.018007061335242, 0.9992605732130617, 0.9802540349859438, 0.9610694504003392, 0.9417827218736572]}