{"x": [2.3287403325135116, 2.329527289181234, 2.332118275212489, 2.336764673658099, 2.343458208174986, 2.361232922550023, 2.3814651729246594, 2.4003572940476015, 2.4184904144129646, 2.435411424849504, 2.450755031503457, 2.4641542783884365, 2.47480376458591, 2.481896599550867, 2.4844771654748747, 2.48349001010845, 2.4804253325932675, 2.475262747312768, 2.468102899035654, 2.4591465054144606, 2.448785514776273, 2.4375035034451584, 2.4257908690673387, 2.40647550608694, 2.3884237919776043, 2.372305082407464, 2.358289777928634, 2.346616318485305, 2.337418036868072, 2.3311529872148595, 2.3287403325135116], "y": [1.0001175187273386, 0.9898483862488036, 0.9798803787225014, 0.970652292012863, 0.9627818918637462, 0.9527147828279446, 0.9498964144647098, 0.9520130428041151, 0.9577211337166983, 0.9663223500457562, 0.9774971096128109, 0.9911905780396023, 1.0071166365089783, 1.0249784956070243, 1.04402304857606, 1.0557112717486603, 1.0670336738073185, 1.0775790900751403, 1.0868847154538444, 1.0945365451452216, 1.1001416639948967, 1.1034891746654705, 1.1046310167283389, 1.1017950384476207, 1.0943612212862899, 1.083478814377315, 1.0699950901623683, 1.0546130488686747, 1.0376345782359582, 1.0193215783937355, 1.0001175187273386]}