{"x": [2.2862057405171123, 2.2875631703319095, 2.2923814488443734, 2.3014753326174056, 2.3129836330318563, 2.3197651963679586, 2.3263478533888535, 2.3326297158860982, 2.3385838418260287, 2.3493772762830374, 2.3587111789304003, 2.3664133599288317, 2.372381949011374, 2.3763368228166994, 2.377826602543184, 2.376327857646781, 2.371134296145604, 2.3614121636544723, 2.3552324903706574, 2.348687687535405, 2.34177877745843, 2.3351361468881637, 2.328891576298937, 2.3230653005222104, 2.3177077865543922, 2.3127534185344825, 2.3040171683225457, 2.2969145721693276, 2.2913770988815108, 2.2876327723249386, 2.2862057405171123], "y": [1.1141253082803309, 1.102666187102497, 1.0921810420845817, 1.084752983716586, 1.0824219335741527, 1.0830908581026766, 1.0848531542899513, 1.087462543163661, 1.090751781832408, 1.0988695735205565, 1.1086304664427977, 1.119593245447203, 1.1315883302737386, 1.144411446995063, 1.15774763481735, 1.170454686836559, 1.1821483742882084, 1.1908723541866562, 1.19313533529272, 1.193824538621769, 1.1930245549402765, 1.1909633728887978, 1.1879393208606381, 1.184171819953356, 1.1798653155838095, 1.1751005308747604, 1.1645033082239564, 1.1529833780812508, 1.1406346108474235, 1.1276059851552969, 1.1141253082803309]}