{"x": [2.2498327538337635, 2.2516544349424, 2.257654857359052, 2.2667097868515382, 2.2768281955842142, 2.289165480494497, 2.300959099392208, 2.3119583633379484, 2.32201572042662, 2.3309734149799057, 2.3348980294882113, 2.3383709674931508, 2.3413258232114194, 2.3436333025448954, 2.3451588397162535, 2.3457323696343138, 2.3437130846368834, 2.337215284556477, 2.3273007317111523, 2.3159879246023887, 2.303584961230788, 2.2919037552579007, 2.2812523428395584, 2.271720841305819, 2.263445126801306, 2.259844520888626, 2.2566585161970685, 2.2539386520475255, 2.251794553703706, 2.2503590479841065, 2.2498327538337635], "y": [0.8495166179738395, 0.8393755108778439, 0.830999622506109, 0.8262922934285086, 0.8249624438591086, 0.8264980801851769, 0.8304322041256473, 0.836165889365583, 0.8434259528756125, 0.8521649881168429, 0.8570464381861898, 0.8622589093306832, 0.8678236892302682, 0.8736865798801262, 0.8798084063792865, 0.8860913266223032, 0.897405385036468, 0.9068850487338285, 0.912583731162149, 0.9142551780986362, 0.9124540312798191, 0.9079123292553374, 0.901390784496623, 0.8933202447960914, 0.8839634065332423, 0.8788539960421538, 0.8734762816010326, 0.8678141233509251, 0.8619098419100334, 0.855785192296022, 0.8495166179738395]}