{"x": [2.2065823630269286, 2.208326138834489, 2.214837508380921, 2.2307495692424975, 2.2453291563790367, 2.2648597435259505, 2.2797997889878, 2.293061814230814, 2.3042731838325947, 2.313781247345051, 2.328365713928197, 2.33885606689196, 2.345960168303867, 2.3506572208220966, 2.3541969044565003, 2.351495003177384, 2.3434205873760807, 2.3367519164661488, 2.327662017515775, 2.3140967134097603, 2.304127141252497, 2.2910439277436754, 2.2738259491208415, 2.2614274009410353, 2.244401952222197, 2.2324428910057734, 2.223218578672835, 2.216226247286537, 2.2110537470401384, 2.2077400172557247, 2.2065823630269286], "y": [1.0844999147596157, 1.0469133513495006, 1.0098540398383646, 0.9737201541901824, 0.9595317247679624, 0.9538368098223236, 0.9568514788244828, 0.9643622626749461, 0.974472602692783, 0.9861990903112943, 1.0117447055167053, 1.0392262923783384, 1.0666729316166519, 1.0946322585039319, 1.1511703780000868, 1.2021979327029564, 1.2526549978073012, 1.2780520973245173, 1.3026865766708386, 1.3260906204359126, 1.3357032336147696, 1.340244623865321, 1.3333791192080366, 1.3195997888509918, 1.2877645572899907, 1.254727523139185, 1.2208250625700159, 1.1871420067778538, 1.1531319172908396, 1.1188861503285783, 1.0844999147596157]}