{"x": [2.1997858505328862, 2.20101484553879, 2.205411237426145, 2.213685379208574, 2.224036674891543, 2.230979935622965, 2.2377039089320254, 2.24411056411198, 2.2501848079138376, 2.255878763233047, 2.261227513524588, 2.2708539804464527, 2.2789055470938964, 2.2852515392360178, 2.289559568531108, 2.2912461203788816, 2.2899279971351234, 2.285199188719551, 2.2762617825594575, 2.2646785938276213, 2.2576158942327793, 2.250840276013107, 2.2444760960201076, 2.2385292804230295, 2.2330443158151296, 2.227950580458762, 2.2188961284562727, 2.211420902919977, 2.2054936699924887, 2.2013930462527176, 2.1997858505328862], "y": [1.0055631814207373, 0.995262667500692, 0.9858667772227898, 0.9793350444588494, 0.9773411455599551, 0.9780666906504815, 0.9799437810057775, 0.9826802020066273, 0.9860914763615164, 0.9900241054736096, 0.9944147283484615, 1.0043419135208118, 1.0154720048881487, 1.027655396987873, 1.0407300799232375, 1.0543925099096065, 1.06594111119431, 1.076559303671733, 1.084353760646501, 1.0868955173627595, 1.086032845627024, 1.0838609971443103, 1.0807222242469579, 1.0768505235174606, 1.0724537055526029, 1.067609048177174, 1.0568698369243053, 1.0451879775383857, 1.0326495268623979, 1.0193690702212244, 1.0055631814207373]}