{"x": [2.2508140855960477, 2.252149960443288, 2.2569317627697805, 2.2663454865305184, 2.278680105079526, 2.2859786589468456, 2.2930280892366786, 2.299709790321177, 2.306001654853548, 2.317291109376406, 2.3269420325950314, 2.334800498880821, 2.3408300050784043, 2.3447881093648792, 2.346272729574801, 2.3447912583064996, 2.3396031738490666, 2.3295319895319913, 2.322919320872377, 2.3158348148876167, 2.308376255223551, 2.3012562335401556, 2.2946273022318655, 2.2884956887143915, 2.2829087495077385, 2.2777751950776888, 2.2687941571151464, 2.2615743309643768, 2.2559862772460226, 2.2522344304480786, 2.2508140855960477], "y": [1.1748769035461846, 1.1626003802382545, 1.1512147773711243, 1.142791037785599, 1.1400643605222067, 1.1408492394095961, 1.1428962997435423, 1.1458970197773952, 1.1496469385512413, 1.1587863483630592, 1.169641774479073, 1.1816682437901784, 1.1947080486763397, 1.2085362319265767, 1.222842913735334, 1.2365428408926644, 1.249308675800633, 1.2592286127012529, 1.2619009078298586, 1.2627245115016001, 1.261779484114004, 1.2593652595482863, 1.2558668191091638, 1.2515557715023238, 1.2466828540987946, 1.2413344120233698, 1.2295553572850657, 1.2169140833015941, 1.203471562957056, 1.1893850938658923, 1.1748769035461846]}