{"x": [2.2803840887254525, 2.282288405632512, 2.289441306393764, 2.303290242897789, 2.320956618680541, 2.3317414537327594, 2.3422017140026092, 2.352186716847778, 2.3616626516536243, 2.378880514875148, 2.39381020960527, 2.4061484618101683, 2.4156891959958413, 2.4219828511445765, 2.4243768981394758, 2.422075467311406, 2.4140080586090655, 2.398683363727493, 2.388723888241841, 2.3780740343698095, 2.3669591715728795, 2.356329276258863, 2.3464244194883084, 2.3372606552636292, 2.3289073255265462, 2.321225807105991, 2.3077566531638003, 2.296865825095678, 2.2883584400840977, 2.2825627646269484, 2.2803840887254525], "y": [1.12978752202119, 1.1122218927205667, 1.0960659722482105, 1.0845482481687798, 1.081033966312553, 1.0820409772183577, 1.0848533948891508, 1.0889924013095547, 1.0941922393379475, 1.1070017063923383, 1.122417330784428, 1.1397879853397619, 1.1588391401171174, 1.1792270552949062, 1.2004295485307057, 1.2211052748308544, 1.2402807581031072, 1.2550570172780722, 1.2590574687529013, 1.260389901286331, 1.2589646992120105, 1.255418334656542, 1.2502422732425535, 1.2438451469626466, 1.2366047599724896, 1.2286551941844523, 1.211149968881022, 1.192366609790371, 1.1723903960599744, 1.1514274717110489, 1.12978752202119]}