{"x": [2.2276721269510693, 2.2292893076924885, 2.235243017138283, 2.24080240675705, 2.2484669108220703, 2.2582238699651125, 2.2691627899329827, 2.2775777982545278, 2.2856072506060796, 2.29980956728794, 2.311221565832406, 2.3201167936544107, 2.3265458329804596, 2.3309842060416415, 2.333581795543324, 2.334444759983962, 2.3324471182021997, 2.3260989030112715, 2.3207002743278586, 2.3133926511287015, 2.303342369389202, 2.290592245020441, 2.2812518341935335, 2.2728714497396187, 2.2594720725681894, 2.2494859316503546, 2.2416881564228017, 2.235818567176419, 2.2314799295392054, 2.228700062597707, 2.2276721269510693], "y": [0.7889528340192012, 0.7680405619448781, 0.747928581915652, 0.7384464955031579, 0.7305679072346578, 0.7253394064899821, 0.7236436760595787, 0.7246842667965582, 0.7274088014481482, 0.7365132320667441, 0.7486995141097511, 0.762827999619714, 0.7777150670690924, 0.7933118028964379, 0.8093072456463458, 0.8254892403428913, 0.850346977974459, 0.8744633180105791, 0.8862671524797087, 0.8969944234754055, 0.9056220926082827, 0.9092108481434031, 0.9076032338007253, 0.9031764003167567, 0.890103610355349, 0.8747662586693711, 0.8582087205470901, 0.8414485402342575, 0.8242284372876179, 0.8066851912088178, 0.7889528340192012]}