{"x": [2.2386518716129817, 2.241033514363617, 2.249399169952483, 2.2626129107818578, 2.277569967081436, 2.29670677299353, 2.314921126133905, 2.3318439597435208, 2.3472667222545094, 2.360925156772043, 2.3721276408788228, 2.3765671986773413, 2.3800180470796213, 2.382297760759163, 2.3831890425774027, 2.3804011418767237, 2.3710621552288043, 2.356040841457486, 2.3383762789268676, 2.318980885702245, 2.3009711665402666, 2.2848449791686347, 2.277491112109199, 2.270622734001038, 2.258467995644025, 2.2532087461806443, 2.2485647202372334, 2.2446048941489476, 2.241478507171359, 2.2393753668042997, 2.2386518716129817], "y": [0.8710845735561865, 0.8561013839052434, 0.8434450020811888, 0.8361619854411944, 0.8341791226281028, 0.8366835475648192, 0.8430653047255469, 0.8522345066106856, 0.8637494949788428, 0.8775201432185682, 0.8933532710286168, 0.902042453140885, 0.911169512060988, 0.920667785090427, 0.9303950612622509, 0.9480798494832484, 0.9633542546477177, 0.9731398965281565, 0.9761996162915447, 0.9730030697482068, 0.9651259380463681, 0.954049659697674, 0.9475897777674862, 0.9406159110177446, 0.9254058040868804, 0.9172058529086576, 0.908642446619088, 0.899696142597233, 0.8904256365286684, 0.880855920445315, 0.8710845735561865]}