{"x": [2.2451937120507033, 2.247391768227347, 2.2552300235090637, 2.2678243442908284, 2.282182500346813, 2.3009110326480053, 2.318668842845212, 2.3350936245691245, 2.350000494360002, 2.363127503987086, 2.3738582252188443, 2.381403558156973, 2.3844543994214, 2.3819259746269563, 2.3732727769050723, 2.359056834532559, 2.3421956540673925, 2.33258324102007, 2.323206653843097, 2.31420914540066, 2.3056403629746725, 2.2975716330698646, 2.289964243442661, 2.28282615011861, 2.276163414983137, 2.2643864809071643, 2.2547935698554245, 2.2509575925003613, 2.2479276001645583, 2.2458870811312504, 2.2451937120507033], "y": [0.8608652173474993, 0.8464922287936629, 0.8342457597081253, 0.8270827845691202, 0.825141526351372, 0.8276858671481536, 0.8341582522762946, 0.84339153542997, 0.8549159532248927, 0.8685892312899125, 0.8842138444575782, 0.9016906464039485, 0.9204806177450425, 0.9373641433503374, 0.9520804111513728, 0.9616332870025253, 0.9646417829535345, 0.9637017864148808, 0.9613862538632572, 0.9579059621598309, 0.9534738569886129, 0.9482861954922122, 0.9424429209703451, 0.9360381972908061, 0.9291403119461042, 0.9141478400459984, 0.8976722081170346, 0.8888947721419472, 0.8798075695465225, 0.8704336083336507, 0.8608652173474993]}