{"x": [2.24921278190821, 2.25133375385928, 2.259275882068886, 2.2669616432843283, 2.27806481234572, 2.293355600359627, 2.3115703140370676, 2.324145555065234, 2.3359759195122165, 2.3561373326379655, 2.3713967992082967, 2.3826685042199953, 2.390364277178561, 2.3954532494268452, 2.3992171210767714, 2.3961319326345065, 2.3923156370976133, 2.386889785024075, 2.379329798052588, 2.3691603842660736, 2.3544512875203667, 2.3324784089146653, 2.3176395820845443, 2.3056070683030336, 2.288179823212273, 2.2758298667119705, 2.2663119104713427, 2.2591524274376655, 2.25386297645993, 2.2504707143337668, 2.24921278190821], "y": [0.9105921130265723, 0.8758363964342732, 0.8419338750330024, 0.8252850193551641, 0.810691357798295, 0.8000975739488404, 0.796321245045786, 0.7980257923014412, 0.8026175942696021, 0.817743565740212, 0.8373398696422703, 0.8594716366924205, 0.8821218607950826, 0.9054962043107151, 0.9531149380681126, 0.9985098296503687, 1.020952313285354, 1.0430608933530015, 1.0653096384373597, 1.0864931953642891, 1.1056703438250568, 1.115735787478467, 1.1116486605825107, 1.1020510567119761, 1.077441466488564, 1.0508517406750966, 1.0231219110074579, 0.9954947995219483, 0.9674495290704728, 0.9391081012050607, 0.9105921130265723]}