{"x": [2.213797055202834, 2.216130273331082, 2.224786637095934, 2.2331008074392713, 2.2448499056816833, 2.2601908918256512, 2.2776371420234782, 2.290844042895129, 2.303436486734282, 2.3255917934195813, 2.343130827023264, 2.3564982167442317, 2.365862163007662, 2.372134771322555, 2.37568575462765, 2.376814783597097, 2.3735259543406864, 2.3636057587831867, 2.3554384900474257, 2.3444614767347582, 2.328848501326069, 2.3069922490381938, 2.2915122438943816, 2.278468577480739, 2.2589421904603997, 2.2448423789254828, 2.2338605233445343, 2.225525403692238, 2.21930508169771, 2.2152771005751863, 2.213797055202834], "y": [0.8682291339033841, 0.8349302491949537, 0.8026916543739961, 0.7872378980847797, 0.7742032249997088, 0.7653796585884345, 0.7624082053886649, 0.7639794402619875, 0.7682597869557173, 0.7827162588635885, 0.8021357031789376, 0.8246311562598562, 0.8481567632891527, 0.872688213728318, 0.89773547547708, 0.9230079921133433, 0.9669771913764872, 1.0099387625979968, 1.031263779473617, 1.0512879099686254, 1.0687633935456033, 1.0772168995218414, 1.073507896386624, 1.064383750947236, 1.0399499679534512, 1.012958634681845, 0.984555543211051, 0.9561322693091906, 0.9271725677706274, 0.8978198980039115, 0.8682291339033841]}