{"x": [2.255522620340421, 2.2570830399816306, 2.2624139087198167, 2.2708652146916126, 2.2804870579169125, 2.2924730906934916, 2.303838320455862, 2.3143302096482166, 2.323827517525101, 2.332167294023412, 2.3357916039450175, 2.3389818535331224, 2.3416803002434663, 2.3437794704715453, 2.345165323063696, 2.3456918110687948, 2.343977926365971, 2.3382590204389704, 2.3290967718322317, 2.3184221629312676, 2.306353950764701, 2.295092668189693, 2.2849310143558688, 2.275913260204004, 2.2681616321543587, 2.2648055813991474, 2.2618450692222227, 2.259326346922056, 2.257344648103549, 2.2560175474844297, 2.255522620340421], "y": [0.8604860799784314, 0.8508534181938106, 0.842679990454496, 0.8378835156549614, 0.8365230465890771, 0.838178061313524, 0.8423296402791582, 0.8482851216858724, 0.8557247883922533, 0.8645288282801448, 0.8693969865404629, 0.8745600180938194, 0.8800294442616624, 0.885755675274082, 0.8917019911504962, 0.8977849238551834, 0.9084542376358675, 0.917622976498077, 0.9233582173838389, 0.9250589561529796, 0.9231444679742877, 0.9184020503788579, 0.911711907709818, 0.9035450645236712, 0.8942098427201925, 0.8891502873046759, 0.8838495755294025, 0.8782966598791437, 0.8725302308249568, 0.8665711006103148, 0.8604860799784314]}