{"x": [2.330188226883935, 2.331674152480311, 2.336956799365007, 2.341982220443699, 2.3493541670325206, 2.3603960312575314, 2.375090118841628, 2.38532662629041, 2.3944478229078374, 2.4087643272052643, 2.4189119525590255, 2.4262858011353408, 2.4313482726790694, 2.4347448572119177, 2.437330003563725, 2.4354165749157146, 2.4294072698100035, 2.424326670628631, 2.417329741689478, 2.4069054101191987, 2.399552358119904, 2.390562630235707, 2.3790710035227463, 2.3700460814879976, 2.357293590676456, 2.3484280074960653, 2.3417167973378583, 2.336768481348677, 2.3331984243375286, 2.3309749151357853, 2.330188226883935], "y": [1.1344455723683569, 1.1061409962163529, 1.078294081702997, 1.064268182454201, 1.051320784636605, 1.0407465428580405, 1.0365250330776394, 1.038604818740035, 1.0436955323851635, 1.0585674680942745, 1.0760132203452257, 1.0948003150938943, 1.1135982820033716, 1.1327674080025423, 1.1715794266563087, 1.2058847685620109, 1.2397138380822423, 1.256718144801268, 1.2730277101068455, 1.2880492476960936, 1.293779971296629, 1.2962484443586972, 1.2927587367562032, 1.2848349544568443, 1.2651227627380532, 1.2441078960380323, 1.2223092069545014, 1.2006587103082558, 1.1787387529840496, 1.156640986385683, 1.1344455723683569]}