{"x": [2.1999281888948325, 2.2010667838403615, 2.2051908257848676, 2.2149921090059266, 2.2241255539191997, 2.237174963963332, 2.2472757890341595, 2.255904772340839, 2.268855078172896, 2.2778289031600814, 2.2843374492107307, 2.2888335371750137, 2.2918693443916225, 2.293627136396691, 2.294211437354472, 2.2927192679831094, 2.2879274581046825, 2.2838260850536662, 2.2781116687217917, 2.2694119984840557, 2.2630329620530687, 2.2548854994398173, 2.2438548686841875, 2.2356714262587674, 2.224341655426009, 2.2164467479173484, 2.2104378625313723, 2.20596323921204, 2.2027117970853753, 2.2006665637534866, 2.1999281888948325], "y": [1.100385153148628, 1.0748055635708835, 1.0495349466521022, 1.0246296924118523, 1.014241708922384, 1.0096544532655278, 1.0120525529403863, 1.0178247445739914, 1.033631355873681, 1.0514047144321628, 1.070221213512905, 1.0889386058022865, 1.1079475367464704, 1.1271114858629876, 1.1463470095331219, 1.1777023770163404, 1.208725339439834, 1.2243815519170953, 1.2395236685466409, 1.253774449981808, 1.2594504648595246, 1.2620054802500056, 1.2578753297408196, 1.2494039527473544, 1.2294135701476145, 1.2084983874869362, 1.1869654423396034, 1.16558027011254, 1.1439752714055733, 1.122221939417281, 1.100385153148628]}