{"x": [2.270232196467246, 2.272097405331679, 2.278315273028116, 2.287874333886081, 2.2986265873031835, 2.3118144307997865, 2.324393382551483, 2.33609132926287, 2.346755064042087, 2.356208374823796, 2.360336710949217, 2.363981112101715, 2.3670725959484433, 2.369481037405515, 2.371071406061035, 2.371674980777036, 2.36963429597088, 2.3629641516174353, 2.3525534397372687, 2.3405239250056633, 2.3271920299977378, 2.3146795533297557, 2.303330508898462, 2.2932224384330997, 2.284498318295321, 2.280713602090592, 2.277370674772632, 2.274522430126851, 2.2722804886146655, 2.270781194608138, 2.270232196467246], "y": [0.852410897717647, 0.8416384594007342, 0.8326460986034105, 0.8275122066553867, 0.8260556568022515, 0.8277428438049292, 0.8320481648035738, 0.8382974977609727, 0.8461829831761778, 0.8556327098553844, 0.8608968249460823, 0.8665068523160907, 0.8724809947906687, 0.8787616842774204, 0.8853060224130406, 0.8920137292981094, 0.9040572325764885, 0.9142904891450798, 0.9206242541515003, 0.9225711173543204, 0.9206411994828012, 0.9156510156057919, 0.9084932892775507, 0.8996694144393212, 0.8895027560578839, 0.8839699640594557, 0.8781595681181239, 0.872057148742971, 0.8657068953583891, 0.8591320946391271, 0.852410897717647]}