{"x": [2.318945937876508, 2.320220345643401, 2.3246972982765364, 2.335119861398589, 2.3451048736864006, 2.352353636810988, 2.3610678384708694, 2.3722032607313137, 2.3811665409229508, 2.393841500129043, 2.4022791671488966, 2.4082764575036264, 2.412368070715853, 2.4150965811048253, 2.4171658859965515, 2.4154863251480627, 2.4102167000173287, 2.4057985865555915, 2.399698678742457, 2.3904472880351952, 2.3834067164180697, 2.3735084650858065, 2.3613366039130717, 2.353008326552702, 2.341929327513805, 2.334347194530193, 2.328651742682222, 2.3244542562989716, 2.321448815078864, 2.319593541477171, 2.318945937876508], "y": [1.3640906654462115, 1.3316092480208603, 1.2994126101802896, 1.2672682373811892, 1.25286188736429, 1.247626183851627, 1.2456212281065315, 1.248942085591254, 1.2563370387052666, 1.2752614104562434, 1.2957220022695262, 1.31702605236543, 1.338076413734172, 1.3593464453159627, 1.4021628875162229, 1.441927112861469, 1.4813763915992713, 1.5012745906289702, 1.520723219780084, 1.539546154969716, 1.5476870486170369, 1.5519141538483043, 1.5462778933522503, 1.5357630736678016, 1.512133243977988, 1.4878761397752853, 1.4631080620717292, 1.4385560086231295, 1.4138297160673716, 1.3889905758332637, 1.3640906654462115]}