{"x": [2.1889067625030796, 2.1906978489375266, 2.197516738511789, 2.214033078519324, 2.2283841884884352, 2.2464177406917023, 2.2601534415743467, 2.2727199999761583, 2.29319665263912, 2.3081047463107427, 2.3189744281522855, 2.3263772906203974, 2.331285797890674, 2.334057131373645, 2.33501103904546, 2.33224431678365, 2.324040422192347, 2.3172512011037756, 2.308015035854091, 2.294357830230826, 2.2846541487251066, 2.2725907417527362, 2.256629299639961, 2.2444390224417923, 2.227291688335878, 2.21517889991633, 2.2058138498521, 2.1987177297318974, 2.193455558362882, 2.1900735808036558, 2.1889067625030796], "y": [0.9695177638563789, 0.9350461642388271, 0.9012082872991833, 0.8689697235325121, 0.8571813739647886, 0.8527417188195734, 0.8550454394034145, 0.8610502888769443, 0.8795313027989505, 0.9021038912378738, 0.9268753066681337, 0.9518569408343958, 0.9774458246458552, 1.0033376476833114, 1.0293598852817663, 1.0756338702245167, 1.1212587817103563, 1.1441714973697588, 1.1662118992117998, 1.1866935345175278, 1.194676242204915, 1.1981918174075943, 1.1928210132539234, 1.181201619405345, 1.1531453355926593, 1.1235530080701932, 1.092979795468504, 1.0625668272399136, 1.0317835020505077, 1.000731546691534, 0.9695177638563789]}