{"x": [2.2924608725261817, 2.293977941961041, 2.299346057156536, 2.3090419276793748, 2.3209427495747947, 2.3276769377540236, 2.3342499864518254, 2.340570561219365, 2.3466048201626997, 2.357667171239242, 2.3673462544016792, 2.3754398835439123, 2.3817548334407643, 2.3859519822888657, 2.3875159948616878, 2.385775508592601, 2.3799295359460166, 2.36951488712402, 2.3630984152084022, 2.3563621157650894, 2.3495217545052984, 2.342899727694199, 2.336617479663516, 2.330709768642059, 2.3252325925144803, 2.3201409886808277, 2.311107748810055, 2.3037035893276983, 2.297906750274004, 2.2939725994353, 2.2924608725261817], "y": [1.1081915271666625, 1.096324867068079, 1.0856336341731605, 1.0783823367630359, 1.0761548589204466, 1.0767421731184015, 1.0783199117585776, 1.0806907191431538, 1.0837169564193105, 1.091316647679588, 1.1006142961848193, 1.1112476108196137, 1.123024521306442, 1.1357390269743897, 1.1490367176575664, 1.1621678536925772, 1.1740540065537104, 1.182562686320308, 1.1847149927502432, 1.1853675298160695, 1.1846613013986584, 1.1828071003159601, 1.1800413632873343, 1.1765463822977595, 1.1724974846317953, 1.1679732608262003, 1.157794945687037, 1.1465773832457684, 1.1344508857403257, 1.1215723973677145, 1.1081915271666625]}