{"x": [2.2221358975270755, 2.223734987475432, 2.2295402655677616, 2.2349775229595177, 2.2425573878268854, 2.252431960184984, 2.263702580483662, 2.272116000490824, 2.2800989887686183, 2.294030790991652, 2.3050126935495956, 2.3134512897557653, 2.3194712522381913, 2.3235963802164896, 2.3259962267841985, 2.3267892781201884, 2.3248295442044506, 2.318624450390823, 2.313350961162845, 2.3061848179468485, 2.29617780583388, 2.283140488758012, 2.273768143942028, 2.2654564265280457, 2.2523921173329287, 2.2427861546760126, 2.2353392337578035, 2.229769380940303, 2.2256785339082708, 2.223079570273414, 2.2221358975270755], "y": [0.8178437184015224, 0.7963175244111947, 0.7755273136704912, 0.7655906542662568, 0.7571736110412035, 0.7514084631273895, 0.7494804517668148, 0.7505724497823874, 0.7534447300680704, 0.7629559126399219, 0.7754940205247914, 0.7898674831275889, 0.8048522036090854, 0.8204651826765492, 0.8364238197949962, 0.8525423939194435, 0.8781667485743008, 0.9031055721083506, 0.9153859527382718, 0.9266670798300638, 0.9359646116208674, 0.9400404860415734, 0.938274429136461, 0.9335973405151178, 0.9200487610145657, 0.9043804769220155, 0.8875783040325095, 0.8706426070550639, 0.8532901990642117, 0.8356496763061422, 0.8178437184015224]}