{"x": [2.1289696620110883, 2.1301113668786766, 2.1343357598793986, 2.144364047420748, 2.1530502016616277, 2.164084274903303, 2.172954715048543, 2.1809785754114897, 2.187913160743858, 2.1939054283659796, 2.203350343276423, 2.210363616057748, 2.2152723983647515, 2.2186194987385592, 2.2205729818223183, 2.221227894568339, 2.2197583336464355, 2.214995892696734, 2.210879044413724, 2.2051504827596142, 2.196622539173199, 2.183971375993832, 2.1742184101392956, 2.1663005060720795, 2.1547508302753084, 2.1465318991181714, 2.1402100196672995, 2.1354768552913925, 2.132002434720477, 2.1297887648166283, 2.1289696620110883], "y": [0.8923212020155108, 0.8711466056548648, 0.8503662898532125, 0.8305380884263438, 0.8231575573941917, 0.8202991065007442, 0.8218814279958154, 0.8259809541342812, 0.8316205493791058, 0.8382527614536877, 0.8529362948935588, 0.8689246211611847, 0.8850565200735799, 0.9015832022979391, 0.9183251749465464, 0.9351680023107497, 0.9608658820819145, 0.9861613320727137, 0.9988651933670998, 1.0109283651285967, 1.02171685489923, 1.0271080888538249, 1.0244221151552126, 1.018125958164496, 1.0020156104183677, 0.984569504556434, 0.9663499743945387, 0.9481802684930798, 0.9297284539684517, 0.9110813598783984, 0.8923212020155108]}