{"x": [2.253092136666199, 2.254831557780015, 2.261429545422035, 2.277535996405948, 2.2924599056662873, 2.3128653681833553, 2.328108428211769, 2.341537592833874, 2.3527936064560784, 2.362280779916951, 2.376730948486798, 2.387068007880416, 2.394041865570833, 2.3986410126939117, 2.4021300446991596, 2.399337755581419, 2.3910967773544085, 2.384316766811883, 2.375091156457183, 2.3613288236628933, 2.3511367146437214, 2.3375055457034324, 2.3199410794666298, 2.3074962858812986, 2.290523701678548, 2.2786380219092357, 2.2694922958081816, 2.2625710629720026, 2.25746484423383, 2.2542025143869733, 2.253092136666199], "y": [1.1315310473912095, 1.0920940675735316, 1.0531740531590061, 1.0150443113667202, 0.9997711195690492, 0.9934774279048644, 0.9966572237788724, 1.0045388174237257, 1.0150674276883358, 1.027214156321618, 1.0535069445750556, 1.081671874699767, 1.1097299875812168, 1.138273642485497, 1.1959409747677279, 1.2494663768940193, 1.3024272287485752, 1.3290884316251144, 1.3550051520072153, 1.3797698641622165, 1.3901085023308324, 1.3951042764211556, 1.3877936128431227, 1.3734032206054718, 1.3404878308300443, 1.3064533666880995, 1.2715826077761907, 1.2369506871480889, 1.2020050161635212, 1.1668347930050273, 1.1315310473912095]}