{"x": [2.237900352642148, 2.2394087245643792, 2.244890125083394, 2.250121509863503, 2.2576664564828595, 2.2682164532316293, 2.2809963265876587, 2.2904966966949747, 2.2992867882967563, 2.313943573865635, 2.3249449807976803, 2.33317830302358, 2.3389456138451363, 2.3428641060788045, 2.3451343611495123, 2.345883504769811, 2.34396991484948, 2.3378929064116085, 2.332707736194297, 2.325579526599548, 2.3152332305420438, 2.3006365895863907, 2.2900191660847895, 2.281057747455159, 2.2676758751440826, 2.2581131655787563, 2.25077687349822, 2.2453184100029397, 2.241331259385585, 2.2388112712796304, 2.237900352642148], "y": [0.9598123582060621, 0.9354643747153812, 0.9116935157854142, 0.8999588937761894, 0.8895597341501426, 0.8818499446890513, 0.8791263217457522, 0.880682189422591, 0.8846080073037603, 0.8968460015379768, 0.9120594837527022, 0.9289323436379355, 0.9461297223336997, 0.9638400901088942, 0.9818267468164474, 0.9999406271693044, 1.029282182472955, 1.058051239851785, 1.072403802911985, 1.0858971599647287, 1.0976632506377104, 1.1033575288752127, 1.100811490206217, 1.0945741052685292, 1.0777989723956072, 1.059226160857531, 1.0396666731043016, 1.020121737343211, 1.0002244519105448, 0.9800867084643384, 0.9598123582060621]}