{"x": [2.294233375638082, 2.2955757699149113, 2.300339235056135, 2.3048576237891276, 2.3115253234825186, 2.321825953296895, 2.3363942558173454, 2.3466763332685434, 2.355561269911528, 2.368989573763509, 2.3782674843032092, 2.3849504029466413, 2.389526331542518, 2.3925925176135876, 2.3949285615121516, 2.3931870831050217, 2.3876968260478764, 2.383053168424398, 2.3766362734060604, 2.3669608541954323, 2.3599144601468534, 2.350926672473587, 2.339528597204933, 2.3309755790985296, 2.3191575124260506, 2.3109886421550097, 2.3048185787691815, 2.3002653803947486, 2.2969862976689015, 2.2949489503176843, 2.294233375638082], "y": [1.1727537131978225, 1.1442933372272208, 1.1162023347062922, 1.1019651197972482, 1.0885988972228826, 1.0771663391832895, 1.0722094329330054, 1.0745766370727898, 1.0802672146359196, 1.0961411848676315, 1.1141609080283414, 1.1332953963982084, 1.1523221375106953, 1.1716496956299647, 1.2106881008874266, 1.2453556604185807, 1.279629987667049, 1.2969013346459441, 1.3135952389500047, 1.329290865757014, 1.3355522852935284, 1.3383942417394241, 1.3343004983873152, 1.3257260750402686, 1.3052599597639707, 1.2837851744454774, 1.261653135140539, 1.239692500710014, 1.2175058223532806, 1.1951704221399615, 1.1727537131978225]}