{"x": [2.2487603598276826, 2.2509317597519733, 2.2589275967675735, 2.2666335898297474, 2.277659299370466, 2.2924520038688945, 2.309664835339716, 2.322735586273498, 2.3351172860839093, 2.3565523587239348, 2.373156421350774, 2.3856396297019873, 2.394291209892068, 2.4000629570777243, 2.403324950243072, 2.404361678089282, 2.4012845231636057, 2.391986610632839, 2.3843183826139223, 2.373975295830116, 2.359095014150017, 2.3376159186146026, 2.322344750795122, 2.3097396995657005, 2.2911789858495157, 2.2778747782326736, 2.2675424106458077, 2.25971362769505, 2.253887420524987, 2.2501295922615423, 2.2487603598276826], "y": [0.8798731873662308, 0.8469720710134546, 0.8149835570543774, 0.7994445192351206, 0.7860550549237201, 0.7766341010853927, 0.7732730134104208, 0.7748542572924582, 0.7793306813108365, 0.7943326895162127, 0.8141073696926203, 0.836710519496473, 0.8600844066701873, 0.8843305481326919, 0.9090192406203353, 0.9339009071950062, 0.9775768387204067, 1.020362405207463, 1.041680768183404, 1.0618375257774895, 1.079740824174957, 1.0887185372116046, 1.08475903970184, 1.0752722662459058, 1.0505056415729466, 1.0234915166628464, 0.995207120522564, 0.9669608142698087, 0.9382345376327987, 0.9091587819003141, 0.8798731873662308]}