{"x": [2.289209592297318, 2.291172077971838, 2.298472143610587, 2.312460887827779, 2.330227491214339, 2.340603061382386, 2.3506833280626602, 2.3603230419961116, 2.3694818117341034, 2.38614114794296, 2.400578128441627, 2.412492407508437, 2.4216709777618, 2.4276900987981556, 2.4299499259329473, 2.4275799913545097, 2.4194031047890263, 2.4040478927059814, 2.394118694343897, 2.38350955337537, 2.372815371959857, 2.3625632492511297, 2.352985683802043, 2.3441110516862107, 2.3360125221048285, 2.3285651738896433, 2.315519195856945, 2.304998394028823, 2.296813640476506, 2.2912725205010758, 2.289209592297318], "y": [1.142773792430924, 1.125101361039403, 1.1088879337958906, 1.097384009721681, 1.0938664767816955, 1.0948013799621652, 1.0974309662268613, 1.1013275335146935, 1.10624934804125, 1.1184518987026157, 1.133217037362446, 1.1499064892021404, 1.1682433836091928, 1.1878748024955155, 1.2082835164888424, 1.2288930813284529, 1.247959000631738, 1.2625902075428834, 1.2665562602552352, 1.2678846736474791, 1.2665640990536455, 1.2632469597181626, 1.2583675189056156, 1.2523028995949472, 1.2454073435338449, 1.2378131431589459, 1.2210372731305155, 1.202990683133835, 1.1837715132531472, 1.1635952114779526, 1.142773792430924]}