{"x": [2.334332417701053, 2.33589452499713, 2.3413667429848224, 2.3514394878309877, 2.357615008018162, 2.364061725579446, 2.3705857798246064, 2.376947477757858, 2.388857194808076, 2.399421008123036, 2.408547023042617, 2.416039105320722, 2.421780969126106, 2.4255181220388984, 2.4268829210304546, 2.4251370712092815, 2.419298146933518, 2.4145476295475445, 2.4086865006480163, 2.4020047904998747, 2.3949294025617394, 2.3882718598179635, 2.381836087936594, 2.375750245739109, 2.3700519068259602, 2.3599418736496838, 2.35140170674831, 2.344510011442647, 2.3391964142730326, 2.33566037842582, 2.334332417701053], "y": [1.1534739438145045, 1.140893222033123, 1.1294577697010038, 1.121441766661361, 1.1195005044009652, 1.1189128127889252, 1.119498518552996, 1.1210590102838036, 1.126426264020513, 1.1340055801267532, 1.1432660356273867, 1.1537739325254726, 1.165331535829061, 1.177701022365288, 1.1905504516435144, 1.2043075613818652, 1.2168858372276647, 1.222180776305696, 1.226212024660438, 1.228661466094193, 1.229425599175579, 1.2287367862241483, 1.226898803917862, 1.2241440281223082, 1.22065759748807, 1.2121158652045805, 1.2020045096809673, 1.1909365830869016, 1.179030276002134, 1.1664622353235667, 1.1534739438145045]}