{"x": [2.283354687742111, 2.2848357951782914, 2.2901491943522774, 2.295186373169398, 2.3024268408430917, 2.3125563431401552, 2.324891486214965, 2.3337601842974767, 2.3419717897796377, 2.355637024445442, 2.3658379953068227, 2.373433093956585, 2.378724189570197, 2.382305873820915, 2.384374129894822, 2.3850550113661217, 2.383206918598338, 2.377364712476051, 2.3723974784032498, 2.3655815628266335, 2.355686793900196, 2.341638072252259, 2.3317059471393726, 2.3233299152621156, 2.310847788016664, 2.301959306932364, 2.2951646398387573, 2.29013067514593, 2.2864712290437024, 2.2841733395602066, 2.283354687742111], "y": [0.9234349824062925, 0.8998753173888141, 0.8768748981710868, 0.8655226248693366, 0.8554318911289451, 0.8478792813750616, 0.8451419512516325, 0.8465498980503038, 0.8501838566730698, 0.8616039679539895, 0.8758274352294321, 0.8915970675761518, 0.9076392908112194, 0.9241474753584156, 0.9409036847341073, 0.957773321252163, 0.9860482182184637, 1.0137746293269712, 1.0276108339506642, 1.040636088941456, 1.0520429657573223, 1.0575798160224748, 1.0552304974100872, 1.049398816932582, 1.0337044275557083, 1.0163314089595064, 0.9980377114049663, 0.9797698301020392, 0.96117776883785, 0.9423674482893935, 0.9234349824062925]}