{"x": [2.2497530893582476, 2.2511186280377973, 2.256166137795008, 2.2609868078796516, 2.2679487759974757, 2.2777416805416566, 2.2897152250975323, 2.2985870526508365, 2.3067839670303463, 2.3203853520840805, 2.3305305604209603, 2.3380960345887116, 2.3433801940813384, 2.3469665011963743, 2.3490431808745145, 2.349729062391623, 2.347965276795436, 2.34235731888785, 2.337566073873309, 2.3309700741791413, 2.321360254897668, 2.307719525000837, 2.2978863461063734, 2.289606398208917, 2.277257399479513, 2.268434455136317, 2.2616666962691485, 2.2566298358982344, 2.2529486919613717, 2.250615600636482, 2.2497530893582476], "y": [0.9103628635215448, 0.8874773771636791, 0.8651137274845175, 0.8540538884156896, 0.84420046767872, 0.8367953389841919, 0.8340803544239354, 0.8354904507673728, 0.8391658134009553, 0.8506639075385075, 0.8649199519212477, 0.8806972664664565, 0.8967400384921651, 0.9132455308231745, 0.9299994234668121, 0.9468675912317064, 0.9743107800015232, 1.0012327107939434, 1.0146773689814426, 1.027334685071459, 1.0384062766232853, 1.0437783575976125, 1.041353404058037, 1.0355212286787276, 1.0199081645802097, 1.0026498919413587, 0.9844870242912346, 0.9663392641774449, 0.9478687379570081, 0.929178449450924, 0.9103628635215448]}