{"x": [2.2400028205877174, 2.242227440716623, 2.250451102896267, 2.2584118288237973, 2.269878648876737, 2.2854609525138945, 2.3037653354848073, 2.3174170284593902, 2.3303057797860025, 2.3524766014573792, 2.369515139381763, 2.3822576562976026, 2.391052141364656, 2.3969055961819983, 2.4002092007617004, 2.401260547358684, 2.3980533386570126, 2.3883729660919872, 2.38040935819877, 2.36967348739313, 2.354179409535913, 2.331467838079624, 2.3154525307626312, 2.3023762421642746, 2.2832932801602497, 2.269678980704527, 2.259129176216948, 2.2511480881747454, 2.2452185748461626, 2.2413984453407174, 2.2400028205877174], "y": [0.9342554810662055, 0.8993127162152114, 0.8652786578250504, 0.8486503875330581, 0.8342148560890721, 0.8239385880687784, 0.8202835319652897, 0.8220248340842097, 0.8268498670770891, 0.8428488235093473, 0.8637497389786122, 0.8875150141653962, 0.9119982611946369, 0.9373460307097401, 0.9631294833524985, 0.9891024482147048, 1.0355961743735627, 1.0811839265312773, 1.1039256370313004, 1.1254975058698682, 1.1448253307505025, 1.1547155170605703, 1.1504016343172925, 1.140198187386331, 1.1138749205882024, 1.0853339527130117, 1.0555239271813783, 1.0257876777019754, 0.9955753760497538, 0.9650185404516854, 0.9342554810662055]}