{"x": [2.2080910007514536, 2.209118036185847, 2.212900966176966, 2.2209683013360353, 2.23237653841549, 2.239950819994849, 2.2471519810693743, 2.253849021382262, 2.2600612819706996, 2.265745715203708, 2.2709879563661857, 2.2801848968471834, 2.2875720949485907, 2.2932238746971887, 2.296947248552382, 2.298366327943481, 2.297223406930694, 2.293072032329553, 2.2843892211501573, 2.271678969643205, 2.263958686917599, 2.2567291519136434, 2.2501393756746415, 2.2441327332303396, 2.2387316760042726, 2.2338024717940255, 2.2252297874424904, 2.2183748077619008, 2.2130631528622837, 2.2094760369683777, 2.2080910007514536], "y": [1.2397766209134806, 1.228399163112584, 1.217619980004529, 1.2090132454866813, 1.2060115955456623, 1.2070060585781341, 1.2095559560947227, 1.2131725707390042, 1.2175700778531566, 1.222508026412392, 1.2279131188952832, 1.23982055342725, 1.2526646089796498, 1.2663612452271342, 1.2807178166775453, 1.2954813145814315, 1.3082281117214862, 1.3203340274114364, 1.3303318225775242, 1.334046203385961, 1.3328416833576742, 1.329877318756547, 1.3257489891632555, 1.3208105174707907, 1.3153683677369654, 1.3094954333138418, 1.2967968304839879, 1.283424683115859, 1.2693679625209402, 1.2547572964266853, 1.2397766209134806]}