{"x": [2.2799066784361033, 2.2811958890589885, 2.2857789840767206, 2.296567573166759, 2.306778848678202, 2.3138968242960374, 2.32211121541272, 2.333211035445808, 2.342471496776588, 2.3560099875156157, 2.3652067592729202, 2.371802155901099, 2.3763222906919776, 2.3793511582576743, 2.3816615572110025, 2.379964015479453, 2.374596146903284, 2.370056357808908, 2.363768055527636, 2.3542102942789986, 2.3470545600412707, 2.3374952521468457, 2.3253010399965905, 2.3166018918199445, 2.3047939709510277, 2.296650043816054, 2.2904978860249026, 2.285945668613657, 2.282665954223588, 2.280625680695845, 2.2799066784361033], "y": [1.2836388301578099, 1.2532061297569022, 1.2230929008071532, 1.1932049114190488, 1.1802943119953053, 1.1758962602434297, 1.1743049668416843, 1.1772484659542237, 1.184039198442961, 1.2020948233447029, 1.2220375974399367, 1.2429850457973497, 1.2637459495036214, 1.2847762301127401, 1.3271808593380852, 1.3644993286872302, 1.4014687185853938, 1.4201251552766188, 1.4382670837698757, 1.4556053323229652, 1.46280364682925, 1.4662153761256564, 1.4612023774983336, 1.4512951182303149, 1.4284977585988434, 1.4048809222243834, 1.3806687462785798, 1.3566529941742487, 1.332430638673276, 1.3080720947013105, 1.2836388301578099]}