{"x": [2.229046220663048, 2.2303944627890138, 2.235232110220702, 2.2398446118088104, 2.2465971769611173, 2.256572012791756, 2.269552197026645, 2.2790297738442287, 2.2875462030089855, 2.3010828773657255, 2.3107985036994103, 2.3179139282183154, 2.3228305528868303, 2.3261471741464668, 2.328061283542878, 2.328692648843229, 2.326974152163345, 2.3215128434162358, 2.316857507822786, 2.310422265451771, 2.3008375739306897, 2.2861941435942725, 2.275664791779061, 2.2672459851692257, 2.255168270936845, 2.2466923718031993, 2.240241106804233, 2.235461286574815, 2.231994050960599, 2.2298211791299942, 2.229046220663048], "y": [1.0166544066032899, 0.9916968530474565, 0.9671755479506797, 0.9548674407062222, 0.9435905821585048, 0.9345560834350533, 0.931001602564297, 0.9328011657193908, 0.9373325368324268, 0.9507721583806499, 0.9667094144643632, 0.9839651456992139, 1.0012876871249983, 1.0189863781217694, 1.0368838046900906, 1.0548722195843325, 1.0851296344815367, 1.1149396746336242, 1.129917223711841, 1.1442206072802248, 1.157227211044474, 1.1640542163188956, 1.1609379645183011, 1.1538880020929114, 1.1360971775389392, 1.1169821518537926, 1.0970922988382308, 1.0773030254325442, 1.057242110684057, 1.0369990229263555, 1.0166544066032899]}