{"x": [2.212090561552641, 2.213908376086686, 2.2207463752108034, 2.237399334356839, 2.252015697139381, 2.270517102932532, 2.2849419221179206, 2.2980736001786664, 2.3193512298957764, 2.3348000871386874, 2.3460682021024035, 2.3537549403657105, 2.358858034078999, 2.361742887130374, 2.36271624779461, 2.3599340395506023, 2.3516141407275963, 2.3447159835561706, 2.3353169194486454, 2.321380295540344, 2.3114302321591396, 2.2989874919606867, 2.2822727473923607, 2.269630658316431, 2.251908296891261, 2.239381723055936, 2.229684926067874, 2.2223217234758765, 2.2168519729624885, 2.213329769845297, 2.212090561552641], "y": [1.0033421373694096, 0.9679923754023093, 0.9332626778973008, 0.9000380141266534, 0.8877911140658483, 0.8831734733514377, 0.8856927886589703, 0.8921720933638639, 0.9118596065695949, 0.935710595942142, 0.9617982648553599, 0.9880832102615748, 1.0149893942104307, 1.0422073046860252, 1.0695603593016039, 1.1173468424905229, 1.1644856581507919, 1.1881720482122957, 1.2109818540073924, 1.2322379581530911, 1.240571541985252, 1.2442635058436156, 1.2384606824061644, 1.226081949448915, 1.1964456443474718, 1.1652834382099404, 1.1331280300865438, 1.1011439229893907, 1.0687821911362552, 1.0361452194841507, 1.0033421373694096]}