{"x": [2.20346516211167, 2.20518505771598, 2.2116415817931885, 2.2235459047903126, 2.238105004665389, 2.2483073587705036, 2.258217071623984, 2.2677091677826833, 2.2767625729544543, 2.2853068212099963, 2.293379811364252, 2.308024105764399, 2.3204218632913234, 2.330235076953626, 2.3368784592202676, 2.3393868895760943, 2.337244758225902, 2.329983236774193, 2.3167180286162816, 2.2997771740934865, 2.28939080959956, 2.2794114882201377, 2.270031601095107, 2.261264472632761, 2.2531735497330447, 2.245652650927409, 2.2322496757877186, 2.2211159408291072, 2.212200373999713, 2.2059315188658553, 2.20346516211167], "y": [0.9602529239088118, 0.9457609869982768, 0.9326732991524778, 0.9239197934067731, 0.9213960304053197, 0.9223301489874768, 0.9249298024207707, 0.9287272293570218, 0.9334765656914907, 0.9389799562963689, 0.9451539595658441, 0.95922658482152, 0.9752360551503824, 0.9929478695556071, 1.0121307908064807, 1.0322759334668816, 1.0491951259413697, 1.0646262019542931, 1.075806569290533, 1.079544725157195, 1.0782478851978574, 1.0750901160348172, 1.0705013960741474, 1.0648289987079096, 1.0583817916510738, 1.0512778777046468, 1.0355386872931418, 1.0184254242337214, 1.0000587017503786, 0.9805730340327907, 0.9602529239088118]}