{"x": [2.2618673306433372, 2.2645853697435885, 2.2738349053107467, 2.2875376354857933, 2.30269272473833, 2.3213812346055507, 2.3393340730179526, 2.356210844294428, 2.3717771435954527, 2.385810112815329, 2.3919957743865785, 2.3974877337151805, 2.402175093099874, 2.4058415772474646, 2.408273181957068, 2.4092161220411574, 2.406006205395608, 2.3957085658708643, 2.380113832795367, 2.3622777324753517, 2.343392015881671, 2.32562113791863, 2.30946404978305, 2.295042467528988, 2.282543338104873, 2.2770973862536774, 2.27226694633033, 2.268126235868024, 2.2648426247721543, 2.2626236661419643, 2.2618673306433372], "y": [0.8209174593209798, 0.8056997899662572, 0.7933138588776377, 0.7865965006065101, 0.7848045781359594, 0.7869567594106003, 0.7925770688535321, 0.8008016306007334, 0.8112973035530942, 0.8241125242639903, 0.8313388239138261, 0.8391054318243777, 0.8474546876557433, 0.8562999295933238, 0.8655745461687008, 0.8751161434187337, 0.8929843208401596, 0.9079353726243441, 0.9170369443011447, 0.9198490310811519, 0.9170759170957934, 0.9101076785195585, 0.9000702616476665, 0.887667874789873, 0.8733533713287648, 0.8655585796967842, 0.8573680962984451, 0.8487536455042247, 0.8397774467659068, 0.8304628225268197, 0.8209174593209798]}