{"x": [2.257981656817403, 2.2601092461929264, 2.267817651821055, 2.2808384289193118, 2.2960516156821065, 2.3056190247778097, 2.3149932172879155, 2.3240752679984404, 2.332828735526414, 2.3491589934114625, 2.363804882461904, 2.3764732792044456, 2.3866447647628797, 2.3936320205388264, 2.3963760192555443, 2.3938874805050427, 2.3853831541186836, 2.37086867544646, 2.353158149778167, 2.343389679642701, 2.333893386828683, 2.3248328818892707, 2.316258746539481, 2.308245879154386, 2.3007403478166135, 2.293743614606352, 2.2872556886199287, 2.2759376771688182, 2.2668512959172533, 2.2604671159706737, 2.257981656817403], "y": [0.934463009861168, 0.9192700744243645, 0.9060061230368649, 0.8978174935104303, 0.8955474189997537, 0.8962512284400106, 0.8982896541355473, 0.9013388378146958, 0.9052321619027278, 0.9150819132985065, 0.9272963661750367, 0.9416177037712994, 0.957808128969766, 0.975672911163509, 0.9946582385810444, 1.0123843265899457, 1.0281349917799096, 1.038873964335651, 1.0423857876843008, 1.0413774475520692, 1.0388754121006436, 1.0351225986212813, 1.0303622875209975, 1.0248225015124508, 1.018612648688968, 1.0118385176689708, 1.0045756020639018, 0.9889488355364081, 0.971927352314801, 0.9536566898737123, 0.934463009861168]}