{"x": [2.2164277561043138, 2.2185021639793954, 2.226594247994616, 2.234401285147079, 2.245582749744724, 2.260661111124018, 2.2783052409502953, 2.290869424040019, 2.3027773166840864, 2.323370659192833, 2.3392442561891476, 2.3511040484129087, 2.3592675056897647, 2.3646879713232276, 2.367739310709941, 2.3687079371703152, 2.365581441317349, 2.35619432704387, 2.3484991787433396, 2.3381537139826936, 2.3232886596955433, 2.301683069294671, 2.2869389302928878, 2.274761118009737, 2.2568685426203747, 2.244098695279832, 2.2342205144620384, 2.2267691739437794, 2.2212432374084825, 2.2176824581918355, 2.2164277561043138], "y": [0.880978385869396, 0.8472439948245722, 0.8144288994645417, 0.7984580100771296, 0.7846379526830191, 0.7748275510195621, 0.7713224625247619, 0.7728477942443294, 0.7771358504874522, 0.7915785723445894, 0.8106628527125336, 0.8324694151920475, 0.8549691406684877, 0.8782821892366751, 0.9020016915014356, 0.9258970304302131, 0.970004270843463, 1.0132142895753204, 1.0347437423668095, 1.0551325629250057, 1.0733292043509821, 1.0825642496446017, 1.0787614932999312, 1.0696208435026158, 1.045700580764076, 1.019600483810129, 0.9922745692629967, 0.9650038948401509, 0.9372788847517167, 0.909227256739511, 0.880978385869396]}