{"x": [2.233985064275796, 2.2354198761455555, 2.24034527650933, 2.249167905605745, 2.2599338346951128, 2.266347053580683, 2.272606899323976, 2.2786243133101665, 2.284368341718242, 2.2897908682483896, 2.294904788887937, 2.304142775291937, 2.3119018350136353, 2.3179951654130146, 2.3220887682517373, 2.3236504716304136, 2.322101298224083, 2.3168069901204364, 2.3073275819479795, 2.295405042645172, 2.288891795320829, 2.282587214150995, 2.2766037072148264, 2.2709700382585916, 2.265737224264948, 2.2608614963286984, 2.2521688663527395, 2.2450101824463617, 2.239360513959808, 2.235497496188216, 2.233985064275796], "y": [1.0268849129563826, 1.0161429017727492, 1.0064894091080483, 0.9999936914252747, 0.9979619672240352, 0.9985447116205917, 1.0000557704467603, 1.002326015594018, 1.0052190108855923, 1.0086163506930679, 1.0124625861811816, 1.0213025923589034, 1.0313990983485488, 1.042580053835797, 1.0546665536995328, 1.0673315505694227, 1.0792325564520993, 1.0900030801610956, 1.0976509910809438, 1.1001415286355667, 1.0994590384926697, 1.0976869098923203, 1.0950552792686952, 1.0917402213376886, 1.0879070063924337, 1.0836287875807924, 1.0740154550866998, 1.063386420813612, 1.05188405710688, 1.039637202803445, 1.0268849129563826]}