{"x": [2.278074584880831, 2.281535634145337, 2.292654482064219, 2.3086882269846827, 2.3263117035783614, 2.3448652225525595, 2.3628041466274006, 2.37977574782135, 2.395481216804557, 2.4096827110348924, 2.421422266256087, 2.4296659095785675, 2.4319919919384634, 2.4328455539723364, 2.431877190656604, 2.428793255985494, 2.423625069130659, 2.4165998943694404, 2.408161611300416, 2.398690560438535, 2.378284371630235, 2.3594658503286383, 2.3416368251867414, 2.325353058752456, 2.310833441907248, 2.2983139959156746, 2.2881389348015326, 2.2840988429227362, 2.2809373551359737, 2.2788398787145554, 2.278074584880831], "y": [0.870933679628311, 0.8532660235966816, 0.8391063571945354, 0.8315132001958125, 0.8294760251582223, 0.831373748426706, 0.8364756522837736, 0.8441507075026096, 0.8541646959046499, 0.8666584337558654, 0.8814894407033946, 0.8986357893108876, 0.9078897467230321, 0.9173933154624653, 0.9278094516430394, 0.937805599270393, 0.9469090732489939, 0.9546698923694147, 0.9607264360341895, 0.9649908865132052, 0.9682855215893351, 0.9657889969710992, 0.9592701595258406, 0.9496135790739189, 0.9374648621877973, 0.9232689395163496, 0.9073087114555382, 0.8986949560327485, 0.8897214327644385, 0.8804290513740801, 0.870933679628311]}