{"x": [2.3172384703380575, 2.320108750503722, 2.329987160684599, 2.345440701277774, 2.36297625201877, 2.3812944928136024, 2.398824150855038, 2.4151495564069134, 2.429973197963011, 2.4429786501474364, 2.453436918010956, 2.460549750061081, 2.463228493524181, 2.4624160941908464, 2.4598059142683892, 2.45533013532606, 2.449055198659441, 2.441181826986116, 2.4320870043140395, 2.422230769370794, 2.412032827439242, 2.39338413278283, 2.3759669983594787, 2.3603680836461858, 2.3467112446970537, 2.33520396807682, 2.326019547431347, 2.322431675908554, 2.3196535211212126, 2.317829222440077, 2.3172384703380575], "y": [0.9423136441613061, 0.9247551699066076, 0.9099580236046793, 0.9013347121860127, 0.8989518825869505, 0.9011081102730412, 0.9068455620246514, 0.9153509184007348, 0.9262651112033983, 0.9395145599693491, 0.9548545180011628, 0.9720785844442256, 0.9905199829288099, 1.000709385741857, 1.0105922437867618, 1.0197977773889304, 1.0278847802868636, 1.0344600115773779, 1.039204255309898, 1.0419867272602894, 1.0429298591555523, 1.0401109138000035, 1.0328746375625604, 1.0224076477779573, 1.0095090135362619, 0.9947917931244672, 0.978523406318427, 0.9698567246417503, 0.9608975924668973, 0.9516857702167805, 0.9423136441613061]}