{"x": [2.1980423000891047, 2.2004640748726065, 2.2094564305544453, 2.2180025196568494, 2.2297941526970986, 2.244529866731037, 2.2607738721858763, 2.273963640998046, 2.2866312435785465, 2.3093702579179936, 2.327966066506123, 2.342524114569814, 2.352986491577548, 2.360093688107395, 2.364156362369876, 2.3654558826839653, 2.362140347807192, 2.3520672611582025, 2.343733904999542, 2.332556482576715, 2.3169549546790527, 2.2962060616206132, 2.2808539013999543, 2.2675514089844335, 2.2470565641885156, 2.231981161589704, 2.2201192771943776, 2.211033330025285, 2.2041852496067165, 2.199700837262286, 2.1980423000891047], "y": [0.807050469570548, 0.7759947001107832, 0.7461708279756734, 0.7322542659431962, 0.7209554284811334, 0.7137531564669509, 0.7114846157378848, 0.7129916008544891, 0.7169631056477157, 0.7304373304454931, 0.7489099593720616, 0.7707068709211841, 0.7939545256251981, 0.8184372244015821, 0.8435796989508448, 0.8690151190491372, 0.91009936220654, 0.9500673585623451, 0.9697618726330804, 0.9879932723964326, 1.0033413523722385, 1.0103022911404445, 1.0070294997835953, 0.9986962121825772, 0.9755499052791502, 0.9494383995994118, 0.9217188362736453, 0.8938391768965563, 0.8653271857783817, 0.8363377654462685, 0.807050469570548]}