{"x": [2.243628737120502, 2.244892504236805, 2.2494027665723526, 2.257917785003421, 2.2686452051877497, 2.275397758190975, 2.2819436109126, 2.288183915199816, 2.2940982353924957, 2.299636949144789, 2.3048315989437005, 2.3141493446705055, 2.3218903632773564, 2.3279411897085414, 2.332000612160759, 2.333559243282579, 2.3321796827330137, 2.327316484632596, 2.3181656746796726, 2.3062492821082334, 2.2993793873011206, 2.292781577757489, 2.2865816571841124, 2.280792888614972, 2.27546150162117, 2.2705207469251887, 2.2617732673568742, 2.2546065346217548, 2.2489718412421587, 2.2451186035814814, 2.243628737120502], "y": [1.0727656463599944, 1.062087542296547, 1.052326571679923, 1.0454637814863192, 1.0433363689001711, 1.044022455068348, 1.045816751152702, 1.048452360310865, 1.0517551848430047, 1.0555773948147613, 1.059855508016244, 1.0695508648020386, 1.0804252984205005, 1.0923233728484751, 1.1050653496434597, 1.1183472001288246, 1.1302363373719164, 1.1411727022127163, 1.1492643799335163, 1.151949926286714, 1.1511326994277027, 1.149051299988419, 1.1460213796364929, 1.1422651060963827, 1.1379858935347469, 1.1332610347580752, 1.1227695240583597, 1.11135979865984, 1.0991207577544344, 1.0861827711147896, 1.0727656463599944]}