{"x": [2.264485379049974, 2.2674677156687353, 2.277525697574602, 2.2932853483535163, 2.3111407189507847, 2.3304020588785628, 2.3488325438913966, 2.366010017814617, 2.381635723682065, 2.395388770100928, 2.4064918185655007, 2.4140857556989874, 2.4169777987558874, 2.4161584301940118, 2.4134848056036198, 2.4088824552562422, 2.4024170678310677, 2.39429376411111, 2.3849038363353556, 2.3747260073646355, 2.364195725048361, 2.3445707531043642, 2.3262769210966234, 2.3099183258618643, 2.2955982493838896, 2.2835232732431416, 2.2738584929844152, 2.2700703171894827, 2.267128281510992, 2.2651903458624276, 2.264485379049974], "y": [0.9252419630947748, 0.9073808718348312, 0.8923226543877062, 0.8835940106361225, 0.8811978563736396, 0.8834979036628591, 0.889548247085987, 0.8984757551560375, 0.9099039364141257, 0.9237737589871353, 0.9398436245372739, 0.9579224639907183, 0.9773170097221298, 0.9878364157579457, 0.9980433251695259, 1.0075545969785622, 1.015911910278168, 1.0227068582493368, 1.0276046779299377, 1.0304705153352602, 1.0314267480112007, 1.0283995109320336, 1.0206768560382364, 1.0095691405621734, 0.9959338777918116, 0.9804246294849469, 0.963309318959159, 0.9541977365505779, 0.944778838743076, 0.9350937974770541, 0.9252419630947748]}