{"x": [2.1852054414667843, 2.1865293620632364, 2.1912856969442327, 2.195812247081428, 2.2024011009875206, 2.211970003253618, 2.2241591363612887, 2.2330575244906976, 2.2411403041809224, 2.2541743896379365, 2.263633916586437, 2.2705930984009806, 2.275410312541016, 2.2786642225819422, 2.2805431178254483, 2.281163044198322, 2.2794887437746585, 2.274173481779352, 2.2696421194607352, 2.2633885781729894, 2.2541476583638587, 2.240376388966531, 2.2304745367746244, 2.222399960578948, 2.210679341505494, 2.202422255938409, 2.196129588873206, 2.1914690339296534, 2.1880858351443866, 2.1859634171718936, 2.1852054414667843], "y": [0.9509969980739714, 0.9275906708691087, 0.904634490928478, 0.8931672148099129, 0.8827472780573156, 0.8745562603568882, 0.8713810917581658, 0.8729432442164967, 0.8769793691010828, 0.8892191969604124, 0.9039603758076742, 0.9200337946216198, 0.936224291946242, 0.9527998711257193, 0.9695795580058981, 0.986452726956191, 1.0146967079189895, 1.0424865213846617, 1.0564211810905886, 1.069672641649524, 1.081585882033333, 1.087723636879157, 1.0850257993935515, 1.078691273113765, 1.0623400449856022, 1.0446058696228449, 1.0260833757555032, 1.0076378044920988, 0.9889157897075046, 0.9700082168881374, 0.9509969980739714]}