{"x": [2.3029330430112376, 2.3043295044394694, 2.309296844399165, 2.319153272981026, 2.3255260427842264, 2.332276947474701, 2.339430626855108, 2.3463403590844614, 2.352882896264458, 2.3590295028803223, 2.370000224458897, 2.379293662561049, 2.386762376614304, 2.3924177191775415, 2.3960683283394744, 2.397403827362809, 2.395840137125399, 2.3904730005217782, 2.380048948830752, 2.373121545956209, 2.365646348210093, 2.3583205149643662, 2.3513284940866623, 2.3448301191693663, 2.338838036840776, 2.3284276131455792, 2.319788239413187, 2.3129298599623853, 2.30768659491581, 2.3042208613731034, 2.3029330430112376], "y": [1.2510396140631648, 1.2379680470293462, 1.225796707622158, 1.2166116884453329, 1.214273908599361, 1.213564898421056, 1.2143302509797758, 1.2163343701716953, 1.2192905140338075, 1.2230003396894085, 1.232070131828005, 1.2428520551088216, 1.2547547894351303, 1.2676184543306575, 1.281200082485741, 1.2952002258048225, 1.3096412448132264, 1.3231387261278176, 1.3338128925135457, 1.3367729639728492, 1.3377069619850874, 1.3367988464867582, 1.3344315377725724, 1.3309768366773, 1.3267038066527375, 1.3165577370769905, 1.3048666776356275, 1.2923644827275007, 1.2791036223533272, 1.2652560685680956, 1.2510396140631648]}