{"x": [2.320226905129362, 2.3216310353661713, 2.3265963145945108, 2.3360996627369697, 2.3483097297146185, 2.3551252943274714, 2.3617359739329413, 2.3680347572061313, 2.373991269906233, 2.384739777983151, 2.3939657012962914, 2.4015006925754028, 2.4072775612786015, 2.4110536434249794, 2.4124483718955183, 2.41088309109508, 2.405529618604069, 2.3954374985387594, 2.3889381379822803, 2.3820136523354685, 2.3750536227176107, 2.3683704463402253, 2.362104622418484, 2.3562784885236594, 2.3509440529857097, 2.3460306264227886, 2.3374202323897886, 2.3304934577855687, 2.3251446458865725, 2.321571426711101, 2.320226905129362], "y": [1.1823685132301525, 1.1702130183517931, 1.159029385684168, 1.1509407235496922, 1.148361121750222, 1.1490452447584925, 1.1508393630478615, 1.1534997223546308, 1.1568571229588573, 1.1651441582203987, 1.1750984396271933, 1.1862306932894016, 1.1983686895475176, 1.2112873284496177, 1.2246740666614646, 1.2380969101356136, 1.25050509949602, 1.2599480137604666, 1.2624601587640816, 1.2632373708904674, 1.2624310714579265, 1.2603269601098426, 1.257230880995013, 1.2533705158383048, 1.248961937871368, 1.244088540533793, 1.2332702755255531, 1.221566237592136, 1.2090620414310989, 1.195920573477873, 1.1823685132301525]}