{"x": [2.269229024152612, 2.270512920202204, 2.275086552609451, 2.279430548621844, 2.2858549779278654, 2.2958324319243704, 2.3100812715552927, 2.320355690912487, 2.3291738251157184, 2.3424197079337485, 2.351552520435208, 2.358135247126667, 2.3626510333236017, 2.3656816562776504, 2.367996921048703, 2.3663280858568196, 2.3610442354946364, 2.3565634325748, 2.350357922172068, 2.340970014916284, 2.3340989758153134, 2.3252870032037483, 2.31395087574315, 2.3055112549729144, 2.2938732895850684, 2.2858183373272984, 2.279725040784465, 2.2752193099276727, 2.2719689008304886, 2.2699440999345994, 2.269229024152612], "y": [1.1616088634485628, 1.1337066217184748, 1.1061518513649804, 1.092172682171846, 1.0790191966726377, 1.0676993067687188, 1.0627334166308395, 1.0651625409217813, 1.0709681284994625, 1.086995688182333, 1.1050820072189702, 1.1242442333367104, 1.1432893452303416, 1.1626264581618977, 1.201674928332254, 1.2357220241721774, 1.2693979899546257, 1.2863766017643263, 1.3028034850485193, 1.318284336103519, 1.3244898749610432, 1.3273304786877775, 1.323138520248557, 1.3144867514921883, 1.2939782335546253, 1.2725077983578983, 1.250400478740792, 1.228461209769891, 1.2063011561997317, 1.1839951564028202, 1.1616088634485628]}