{"x": [2.330285624439944, 2.3309984979214984, 2.333348230733224, 2.337563286257957, 2.3436366164948876, 2.359777542106565, 2.3781646022899166, 2.3958599159803464, 2.4128209217807735, 2.4286222149628376, 2.4429380351071934, 2.455434127648491, 2.46539250897404, 2.472069106666253, 2.4745339166746274, 2.4736671827741397, 2.470928878252723, 2.4662765550708308, 2.459790548503903, 2.451662294719421, 2.4422622537521517, 2.4320469397960207, 2.4214576861773573, 2.403420447483551, 2.3865516963023494, 2.3714560249193677, 2.3582889874453126, 2.347272959431403, 2.3385581471115215, 2.332594067495245, 2.330285624439944], "y": [0.9667595277841744, 0.9574271399919044, 0.9483673162508203, 0.9399775743701777, 0.9328173284432856, 0.9236414132501601, 0.9210640275500864, 0.9230610917781004, 0.9284866492952049, 0.9366317710133998, 0.9471712761072942, 0.9600267512405374, 0.974934675679475, 0.9916356132801222, 1.0094519817402487, 1.020025471013227, 1.0302749388729762, 1.0398231213789797, 1.0482340439782252, 1.0551177396668177, 1.0601270316059799, 1.0630948174101313, 1.064108769875131, 1.0614409673429717, 1.0545196680693787, 1.0444153487967547, 1.031901129419465, 1.017601203247045, 1.0017932050192762, 0.9847079702000759, 0.9667595277841744]}