{"x": [2.275541027205052, 2.2779465579483666, 2.286464212301047, 2.3003409980247764, 2.316308125959083, 2.3257581018817586, 2.3350453456452027, 2.344079648036855, 2.3528199917313337, 2.369222289952869, 2.3840212359626887, 2.3969139211206234, 2.407292032338563, 2.414415497612973, 2.417185765508634, 2.414379607630231, 2.405054673418871, 2.389659711596317, 2.3711677996901144, 2.3615159889672817, 2.35209791937951, 2.343066255902496, 2.3344811957379448, 2.3264211308091984, 2.3188498907793367, 2.3117770895784204, 2.3052087966104082, 2.2937208203864503, 2.284500958563812, 2.2780406443499746, 2.275541027205052], "y": [0.928596092882094, 0.9126290087533083, 0.8989109943903981, 0.8906943346035551, 0.8884294934160759, 0.8890666173904105, 0.8909254006419479, 0.8937354151252372, 0.8973577338857143, 0.906644226462731, 0.9183175091342684, 0.9321998283722621, 0.9480502203407677, 0.9656778728440008, 0.9844875380743212, 1.003000179948894, 1.0192371141782526, 1.0300726461185419, 1.0336029146635908, 1.0326885062911397, 1.0303877329122748, 1.0268918090331811, 1.022409714556099, 1.0171415447688177, 1.0111922100183215, 1.004661822542624, 0.9976242089629521, 0.9823635830506656, 0.9656347322554549, 0.9475944740903465, 0.928596092882094]}