{"x": [2.281068218972056, 2.282647722450058, 2.2883094343754187, 2.293638714507246, 2.301199123433939, 2.3114642260640124, 2.323617355844827, 2.3322568110798283, 2.340357106972347, 2.3541316480040617, 2.3646332226012636, 2.372527129530479, 2.378055360641192, 2.381803286543055, 2.3839666059893525, 2.384675642010513, 2.382719049497341, 2.376566599207708, 2.3713496228612723, 2.3642258924653787, 2.3540396341481853, 2.340098119897072, 2.3304528341801896, 2.322123238782097, 2.3094271902354317, 2.3002846979452496, 2.293274101425681, 2.2880754846274227, 2.284292408136931, 2.2819150126466337, 2.281068218972056], "y": [0.8887838473754337, 0.8655759049747007, 0.8430138031269787, 0.8320107545463492, 0.8224030221576766, 0.8154514712373925, 0.8130024247425472, 0.8142401326625262, 0.817489334734791, 0.8280066370721499, 0.8414670381849308, 0.8566047956321369, 0.8721382091776192, 0.8881944019711355, 0.9045296527724133, 0.9209922661034755, 0.9487183863486207, 0.9758239826996409, 0.9892859780817291, 1.0018436302155187, 1.012585975539524, 1.017565134298868, 1.0154211354718312, 1.0101064287033716, 0.9953572256212226, 0.978735609723861, 0.9611085051188702, 0.9434484410332259, 0.9254320093001861, 0.9071752570867948, 0.8887838473754337]}