{"x": [2.2918631311564135, 2.293771436610589, 2.300110403163894, 2.3098452381112184, 2.3208188183080396, 2.333066752308759, 2.3447676309231733, 2.35564928290823, 2.365542033575958, 2.374263819658725, 2.3813678978957844, 2.384161437023091, 2.3863161159755224, 2.3877194833449753, 2.388237093130533, 2.3877379732181945, 2.3861123180769623, 2.379325579074756, 2.368813307811074, 2.356672821802324, 2.3443213644531116, 2.332708036210477, 2.3221688722540446, 2.3128056629372398, 2.304767841928619, 2.3013028029881264, 2.298259681560966, 2.2956863308042235, 2.293678213964309, 2.292349053662453, 2.2918631311564135], "y": [0.900635687480668, 0.8896455026159352, 0.8804670879323682, 0.8751855905240783, 0.8736883383778581, 0.8752180490027116, 0.8791475962453964, 0.8849169692699159, 0.8922538282195007, 0.9010864932450903, 0.911265766123324, 0.9168498823253435, 0.9227102213279436, 0.9288009170949496, 0.935029728780156, 0.9411958871876741, 0.9471647962634837, 0.9574465619469218, 0.963816953290205, 0.9657400581909196, 0.9639533605477525, 0.9593837441255201, 0.9527824885588079, 0.9445983048336387, 0.9351333330552691, 0.9299755304124375, 0.9245580739113579, 0.9188741056526128, 0.9129667292433343, 0.9068632690725077, 0.900635687480668]}