{"x": [2.2910074177509245, 2.29302738359125, 2.3005480149348414, 2.307896390298102, 2.318842392636819, 2.3352748236184984, 2.3568366407071974, 2.3719435886668805, 2.38559788259074, 2.4073445196823986, 2.4227746166949884, 2.4338464117430325, 2.4412925345721774, 2.44618794418989, 2.4498031268544325, 2.446710391172029, 2.4374152786151932, 2.429820030890633, 2.4195494601669845, 2.4043745514616615, 2.393367192845422, 2.3790982914178915, 2.361434218434075, 2.348403241179886, 2.3304419907809906, 2.31789256156642, 2.3082636312051914, 2.301012678376069, 2.2956738038506943, 2.2922632202287994, 2.2910074177509245], "y": [1.1379713133771452, 1.0965401698348416, 1.055747278034764, 1.0351732737638044, 1.0162663093056574, 1.0010670531208516, 0.9950562112187114, 0.9977887921874248, 1.0048064223321387, 1.0260045219319556, 1.0514025563744323, 1.0789808703506938, 1.1065848892571564, 1.134753339155045, 1.1917604628675353, 1.2471952209371746, 1.3019325783706164, 1.329438626609748, 1.3560616590204526, 1.3812290563158636, 1.3914747877868605, 1.3962219352602052, 1.3896745502831824, 1.3760700893892053, 1.3440439050203121, 1.310616852094087, 1.276234592990841, 1.2420913603427395, 1.2075974033155317, 1.1728565657673455, 1.1379713133771452]}