{"x": [2.325989939845887, 2.328603620751523, 2.3382779138887844, 2.3474149321893787, 2.36008294235408, 2.3762296855484477, 2.394362180841427, 2.4189348701793314, 2.440503467093668, 2.4578731924681567, 2.4711827156161834, 2.480498942163127, 2.486710400575009, 2.49020388052727, 2.4913104656893283, 2.4876615818952073, 2.4831737247335335, 2.476828846630472, 2.4680303105327055, 2.4563239989710968, 2.439920683322707, 2.4174348004622455, 2.402626624756966, 2.3898765829482334, 2.3704927754148573, 2.356471492987709, 2.345596100812198, 2.337401357503978, 2.3313255719795207, 2.3274209260896805, 2.325989939845887], "y": [0.8647151805441597, 0.8299758477459307, 0.7965085409609959, 0.7807042504321648, 0.7675595853161521, 0.7587839649424095, 0.7557937403389707, 0.7607003770653976, 0.7734552887628243, 0.7912102201825763, 0.8121816660763959, 0.8343463606058663, 0.8575731456837926, 0.8813346058005863, 0.905325997138688, 0.9503586715823356, 0.9725191744051771, 0.9942210468848054, 1.0158910049817536, 1.0361385626371784, 1.0536197745363427, 1.0619292032597727, 1.0587028130192717, 1.0505096393009863, 1.027835208788459, 1.0023808417970443, 0.975431871411066, 0.9484253326232653, 0.9208646398626431, 0.892907440612913, 0.8647151805441597]}