{"x": [2.212863485828769, 2.214626681117596, 2.2211792612460624, 2.233141924254821, 2.2477324452546776, 2.257417615049033, 2.266840574146088, 2.2758818257266196, 2.2845140106719204, 2.292667702717288, 2.3003735372314735, 2.3143502730451146, 2.3261748763617014, 2.3355372364339804, 2.341904022668935, 2.3444248268725443, 2.342426051995755, 2.335247531029157, 2.3220123076323107, 2.3050503678698218, 2.2951385396544755, 2.285593578236154, 2.276600199543867, 2.2681816484418396, 2.2604030847528165, 2.253171515462924, 2.240293543986632, 2.2296202704348347, 2.221110586255573, 2.2151694988104715, 2.212863485828769], "y": [0.9597113961825707, 0.9451836814225434, 0.9320983060960465, 0.9233720539784123, 0.9208482712551231, 0.9216980092556974, 0.9240922545376886, 0.9276157550269954, 0.9320479857194031, 0.93720783511998, 0.9430153177284188, 0.9562990600507032, 0.9714489713680107, 0.9882325130202932, 1.0064130061371808, 1.0255104364120076, 1.0424783157150825, 1.0579822786208664, 1.0692483000430144, 1.0730413168558455, 1.071846829282063, 1.068920252671548, 1.0646353580851253, 1.059309085536504, 1.0532275638872857, 1.0465048141344262, 1.031557864317202, 1.0152533579937555, 0.9977222151350591, 0.9791111515974809, 0.9597113961825707]}