{"x": [2.174074615723028, 2.1752154655611187, 2.1793840407739435, 2.1893579834385974, 2.198932587158519, 2.213402387230667, 2.224824553297643, 2.2342502908232036, 2.248018635904028, 2.2574513140529686, 2.264276590842217, 2.2690024455924274, 2.272195145702927, 2.274045697841492, 2.274661535231115, 2.2731238845980055, 2.26817218304435, 2.263937923281498, 2.2580292591230697, 2.2489797746355986, 2.242178835420765, 2.233108804767678, 2.2206653582207196, 2.2118690490557062, 2.1998913789257855, 2.1915637481728925, 2.1852233027549026, 2.1804876364456103, 2.177041361299999, 2.1748673136175616, 2.174074615723028], "y": [1.2550471744822702, 1.2263798554171523, 1.1979943009672327, 1.169749624361604, 1.1575233598477683, 1.1518860319144426, 1.1550820772420018, 1.162281803312946, 1.1810738181306542, 1.201702164099698, 1.2233336150734588, 1.2448037528987206, 1.2665547801700987, 1.2884557150209062, 1.3104260640137284, 1.3458190585285825, 1.3808976714133807, 1.3986160885874157, 1.4158485855264942, 1.4323143670148442, 1.439133042683994, 1.4423705812609025, 1.437129452816776, 1.4268857359909193, 1.40348823454315, 1.3792904070038936, 1.354497604752482, 1.3298878644170729, 1.3050647090497556, 1.2800969085330571, 1.2550471744822702]}