{"x": [2.2311517495121067, 2.233226475065219, 2.24088511634854, 2.248323694577275, 2.2591370650151865, 2.2741597402028306, 2.292164874843913, 2.30577219677855, 2.31851253314241, 2.340074173145849, 2.3563503768602434, 2.3684149238930092, 2.3766988441341583, 2.3822053433488013, 2.385313099913607, 2.3863002541140563, 2.3832965503118526, 2.37420693646823, 2.3667068133539924, 2.3565592374572444, 2.341784605287766, 2.319586628985674, 2.3037029353364993, 2.2909782673485393, 2.2726256514913654, 2.259576933101516, 2.2494723509927157, 2.2418238844959473, 2.236143962228324, 2.2324869080579575, 2.2311517495121067], "y": [0.9333200467363394, 0.8989222394807509, 0.8653237448149663, 0.848764521114348, 0.8341833224186092, 0.8235203534025648, 0.8196223020192369, 0.8214764621771045, 0.8266029570283248, 0.8432770183971805, 0.8646069829367564, 0.8885721430552739, 0.9130674747993089, 0.9383325312649332, 0.9639848445864808, 0.9898058603720279, 1.0356865177533603, 1.0807579707857222, 1.1032988898503406, 1.1247784518204118, 1.1442500423917767, 1.1544814862397392, 1.149903389547708, 1.13935191960942, 1.1126962704299062, 1.084059362605174, 1.0542560245071302, 1.0245569852916603, 0.9944194596283289, 0.9639646100419486, 0.9333200467363394]}