{"x": [2.3129466889499652, 2.314899989414161, 2.3216144984267837, 2.3326137834706553, 2.3453772859373028, 2.3588735253405244, 2.371669897058622, 2.383431988734494, 2.3939723227196463, 2.403060521950479, 2.410296836698062, 2.415190472940508, 2.417030716974138, 2.4164983155529938, 2.4147843325735887, 2.411799598823353, 2.4075405606117153, 2.4020903947533383, 2.3957251829048416, 2.3887914740971556, 2.381605195826515, 2.3746941107123924, 2.3679386987459283, 2.3614399928503036, 2.355245261335784, 2.3439321952891534, 2.3340644253379765, 2.3257950772144533, 2.319230248745372, 2.314712752449918, 2.3129466889499652], "y": [1.001803145280019, 0.9890451140296896, 0.9780224957923006, 0.9712594190708743, 0.9693058369763285, 0.971142269759789, 0.9758085138864401, 0.9826062197140006, 0.991176923570226, 1.0013409886578313, 1.0128969106564552, 1.0256678760568998, 1.0392199509839886, 1.0463670661788305, 1.0533260150382406, 1.0598563062761301, 1.0656367848655945, 1.0703758061095192, 1.0737885335170256, 1.0757707408924024, 1.07637312658753, 1.0757888621213012, 1.0742175977945572, 1.0718160073808978, 1.0687134090672539, 1.0608594591671998, 1.0512523207483655, 1.040355039152166, 1.0283535437559075, 1.0154039289439236, 1.001803145280019]}