{"x": [2.2665784088745924, 2.268260782933915, 2.274290743015957, 2.2798382304290428, 2.287415848701814, 2.2970087497488003, 2.307764002072809, 2.3154592486447005, 2.322829050222666, 2.335921585731511, 2.3464464801193596, 2.3546132042545427, 2.3604704083711345, 2.3644858556968695, 2.3668179231331923, 2.3675863879579397, 2.365564820773456, 2.3592223840560917, 2.3538813568085724, 2.3466926788970253, 2.336855779872205, 2.324411133094103, 2.3158499460964332, 2.30811480918031, 2.295686059657187, 2.2864364464902454, 2.2792533396082444, 2.273888032922761, 2.269956677007267, 2.2674707959304725, 2.2665784088745924], "y": [0.7602550774890722, 0.7396503189199743, 0.7198759405586888, 0.71059324308346, 0.7028781416371322, 0.6977226857030995, 0.696011830995088, 0.6968984260429828, 0.6992835665592976, 0.7074226969372464, 0.718478367608003, 0.7313743310367433, 0.7449756507351502, 0.7592297350752939, 0.7738423211681498, 0.7886198606339001, 0.8129524784037981, 0.8365307844901898, 0.8480472892761839, 0.8585105279922133, 0.8669270246646357, 0.8704953247122323, 0.868991400161837, 0.8650261298367297, 0.8531514319045317, 0.839103862356156, 0.8238955577341319, 0.8084935472739192, 0.7926646849423582, 0.7765429314359041, 0.7602550774890722]}