{"x": [2.3370461935174593, 2.338653185607254, 2.3443723046014386, 2.3497752471942643, 2.35752733577786, 2.368374330572053, 2.381609042195696, 2.390746441108025, 2.3992174640371955, 2.4133214710366313, 2.423826933184112, 2.431619165112231, 2.4370228438407655, 2.440665542057241, 2.442759530869194, 2.4434434220362613, 2.441434950640795, 2.4351450541729824, 2.4298299900802287, 2.422562483513724, 2.412033816315963, 2.3970294766762406, 2.3867428675399602, 2.3780672914782484, 2.3651680546662255, 2.356020299703603, 2.349053420180941, 2.3439141673339976, 2.340193241325864, 2.3378689349798596, 2.3370461935174593], "y": [0.9755387682096631, 0.9502577293646949, 0.9255797021625902, 0.913399975576708, 0.9025628795191702, 0.8944264933084137, 0.8914768348748239, 0.8929243058388033, 0.8966430423995269, 0.9083828552811861, 0.9230454833562648, 0.9393131973498972, 0.9558508735774573, 0.9728633757012637, 0.9901254251967052, 1.0075005636076435, 1.0377748216240312, 1.0674564970857268, 1.082262895761123, 1.096215053169591, 1.1084743478733017, 1.114475425407335, 1.1120512744967443, 1.1060159439210948, 1.0897452037975988, 1.0717336235971822, 1.0527715289900734, 1.0338499952728843, 1.0145992532695862, 0.9951295002147154, 0.9755387682096631]}