{"x": [2.259682697794665, 2.261737763588584, 2.269317929185951, 2.2767037693510654, 2.287553362853759, 2.303084608749967, 2.3222593602998027, 2.3361711082097933, 2.349038882918591, 2.370340901338106, 2.386028637731292, 2.39749114838475, 2.4052837709733614, 2.4104359082129743, 2.4142515464673195, 2.4112441902341732, 2.4021768217963837, 2.394724435791042, 2.3846415185916894, 2.369852721734218, 2.3594695086600153, 2.346724138428214, 2.330407960304675, 2.317713095984966, 2.299739051139396, 2.2870607772191454, 2.277285090538691, 2.2699068440870795, 2.2644516725576147, 2.2609559926510303, 2.259682697794665], "y": [0.9968494947567638, 0.960243103787057, 0.9243712172355963, 0.9065083826523254, 0.890510951135978, 0.8784104583801021, 0.873941630007301, 0.876108266191885, 0.8818224079744389, 0.8998632922186259, 0.9223524948783703, 0.9472619340316814, 0.9724850440029618, 0.9983768520760965, 1.0509671796887825, 1.0997424089850418, 1.1477616760976197, 1.1718340406986518, 1.1949284464153755, 1.2162490655952765, 1.224452533858044, 1.2280111210688396, 1.222839995275364, 1.2113596368125295, 1.1831488902171006, 1.1532038081580267, 1.1221895772462793, 1.0913363899731765, 1.0600858093514662, 1.028551452780691, 0.9968494947567638]}