{"x": [2.2313752652942496, 2.233457068893535, 2.241384037606064, 2.2489887390092353, 2.2597891534460013, 2.2740987355763864, 2.290575980349523, 2.302704318732362, 2.3142184848324083, 2.3342622532209654, 2.3498829022980714, 2.361654875562778, 2.369825486646043, 2.3752760316136707, 2.3783548170053175, 2.379332518941985, 2.3763535366301567, 2.367371672854573, 2.3599748549902393, 2.350014730128293, 2.335750605951714, 2.3154039176501278, 2.301165429853488, 2.289280899307631, 2.2716421381208987, 2.2589701171462018, 2.249132121240427, 2.241688961290946, 2.2361579002971643, 2.2325966876348926, 2.2313752652942496], "y": [0.8293003917701539, 0.7978529143567458, 0.767349784862817, 0.7526234689878101, 0.7400517980298199, 0.7313584988169218, 0.7283856219884352, 0.7298989467806919, 0.733999034935361, 0.7477367848210548, 0.7659645355030943, 0.7868852481575838, 0.8085844129959232, 0.8311211430096425, 0.854082432875744, 0.8772285740384951, 0.9184323936176007, 0.9587555284986902, 0.9788180918098119, 0.9977393833583647, 1.014437207007987, 1.022701275516708, 1.0191670196540015, 1.010565657381505, 0.987793757622299, 0.9627893150106878, 0.9365401987882608, 0.9103036347519179, 0.8835984800669183, 0.8565524815638133, 0.8293003917701539]}