{"x": [2.2455668186332347, 2.247772664648856, 2.2559121781190234, 2.2637867546136667, 2.275070087463845, 2.2901804045685905, 2.307684148709763, 2.3212769027461184, 2.3341359222768654, 2.356404515743531, 2.373709275560715, 2.3867674280376376, 2.3958579132862425, 2.4019390050986136, 2.4053836360483105, 2.4064797767718327, 2.403352451887051, 2.393871563460714, 2.3860320844546665, 2.3754434794801074, 2.360203379907899, 2.3382799660420583, 2.3223982415100672, 2.309294612792341, 2.2899799633278497, 2.2761051146238684, 2.265305920442189, 2.2571011522397586, 2.2509779204547335, 2.2470147668578506, 2.2455668186332347], "y": [0.8930717642073103, 0.85969576345493, 0.8272524050693301, 0.8114995279801456, 0.7979773798020995, 0.7885634529087425, 0.7853134308165393, 0.7870537293694859, 0.7917905234386982, 0.8074672194776497, 0.8280417050643664, 0.8515416800298395, 0.8758766720232087, 0.9011323462320265, 0.9268593117193855, 0.9527927016073583, 0.9972841913321548, 1.0408661322425137, 1.0625807387186388, 1.0830956847383575, 1.1012733929137712, 1.1103317390072018, 1.106197193328359, 1.0963169829809785, 1.0705583260759826, 1.042469313105654, 1.0130604457144738, 0.9836816358951294, 0.9537995556435191, 0.923547717618025, 0.8930717642073103]}