{"x": [2.2906149804770513, 2.2919577584210287, 2.296752344011473, 2.3013126188219752, 2.3080129804328573, 2.3181079823297157, 2.3316969414577287, 2.341408319747231, 2.3500078958718653, 2.3633929981703745, 2.3728339894709554, 2.379691854376195, 2.38440595964381, 2.38757525212937, 2.3899979511913148, 2.3882749430692027, 2.3828242767208154, 2.3781978129567003, 2.371805141501207, 2.3622388766933824, 2.3554544422632713, 2.347130575250374, 2.336321999841756, 2.3278833675082673, 2.3159858465507157, 2.3077059580690706, 2.301430666896823, 2.2967949264813163, 2.2934451466633115, 2.291355284136384, 2.2906149804770513], "y": [1.0713893471703984, 1.0451093455901241, 1.0192355463970801, 1.0061877043533896, 0.994098558700043, 0.9841252029346161, 0.9800365505480055, 0.9820268760303417, 0.9869583620420903, 1.001242673799214, 1.0178707686763795, 1.0357200136162403, 1.0535543476661593, 1.0717269051256704, 1.1085069911174388, 1.1403735669520871, 1.171817765920622, 1.1876351948733335, 1.2028249604178327, 1.2168515093605219, 1.2222257390799633, 1.2245972646576038, 1.2211806236826757, 1.2136117253311625, 1.1949145042749403, 1.175031270561747, 1.1544273811991663, 1.133960418815018, 1.113244106073485, 1.092362354359068, 1.0713893471703984]}