{"x": [2.3177203860547175, 2.32049782891121, 2.3298809426934795, 2.34472787050408, 2.3616306243645755, 2.380046025520068, 2.3976284396513377, 2.413967654933023, 2.4287890915903683, 2.4417848055267846, 2.45225738472059, 2.459417448064306, 2.4621500059659454, 2.461396845023892, 2.45892842852893, 2.4546584234434197, 2.4486308671082515, 2.4410222377640616, 2.432205272873228, 2.4226390585860025, 2.4127396993011225, 2.40326975058278, 2.393998655997221, 2.3850679374126162, 2.376546209453323, 2.3609535955874885, 2.347311215918201, 2.3358150729824083, 2.3266204921195146, 2.320225681806565, 2.3177203860547175], "y": [0.9492331060358159, 0.9323334290004713, 0.9180061665798616, 0.9096013668005624, 0.9072842917748453, 0.9095325311292418, 0.9154520153321875, 0.9241510194857266, 0.9352400972064773, 0.9486222316810221, 0.96405904446221, 0.981360229623388, 0.9998840154778392, 1.0097684098368385, 1.0193692130978296, 1.0283324995582925, 1.0362218602566622, 1.0426458886408587, 1.0472741184635923, 1.0499777125237193, 1.050885766696078, 1.0500583379753767, 1.0479580112861482, 1.0447231383461606, 1.0405276300380912, 1.0298702033360774, 1.0168089695491487, 1.0019687531173807, 0.9856025376447191, 0.9678937310118298, 0.9492331060358159]}