{"x": [2.2294803025307366, 2.231160569143485, 2.2368549509574542, 2.2459666785841583, 2.2563883356989223, 2.269129676566528, 2.2811942116709942, 2.2923064117569405, 2.3023334321446627, 2.311093442365029, 2.3182063802829274, 2.323166716457109, 2.325115942296694, 2.3232846674719276, 2.3172014489305393, 2.307337209417796, 2.2957384990666974, 2.2892283352822527, 2.2828679441664956, 2.276745356521109, 2.270895112002011, 2.2653668145743406, 2.2601427424227603, 2.255233216936491, 2.2506475631286453, 2.2425380963650223, 2.2359689469132618, 2.2333651443728324, 2.231326798052232, 2.229972418191036, 2.2294803025307366], "y": [0.8748346458413746, 0.8644123836667021, 0.8555230158329213, 0.850249258464898, 0.848757561410427, 0.8505478264017966, 0.8550192700788358, 0.8614287959684291, 0.8694301630406032, 0.8788808648455187, 0.8896260804246723, 0.9015757646206713, 0.9143664020547986, 0.9259562502168462, 0.9359898238614084, 0.9423916188167457, 0.9443296895085089, 0.9437570679255588, 0.9422552181220971, 0.9399922505397632, 0.9370971269118508, 0.9336897003270315, 0.929832019866599, 0.9255832777256742, 0.920986862879842, 0.9109211701326433, 0.8997888793912124, 0.8938403997223168, 0.8876752280038565, 0.881316934383679, 0.8748346458413746]}