{"x": [2.2359401852280283, 2.2372302815002594, 2.241863790254789, 2.2527968284372157, 2.2625686620303895, 2.275593179638431, 2.285268061165433, 2.2938532550022384, 2.3072831194112875, 2.3168190640607436, 2.3237803865926523, 2.3285878179750656, 2.331831649442424, 2.333704583350516, 2.3343225182912914, 2.3326657742309047, 2.3273908775151173, 2.32288690667159, 2.3166433854501975, 2.307276203295511, 2.3006603141342215, 2.292630662195916, 2.2819451934378514, 2.2735596980952484, 2.261653395799731, 2.2533167697864167, 2.246971948647047, 2.2422645179929392, 2.238848012400546, 2.2367053812218267, 2.2359401852280283], "y": [1.0402242227360075, 1.0150894293452486, 0.9903517499106399, 0.966369475943082, 0.9569524385455055, 0.9531404487504175, 0.9550976359962529, 0.9599688125749937, 0.9741001835901232, 0.9905925649372594, 1.0083259479045215, 1.0260733215038809, 1.0441718911596085, 1.0624564833849408, 1.080826359559802, 1.1114043112592895, 1.1415693803899176, 1.1567493363620056, 1.171300462072132, 1.184663882442183, 1.1897016107961194, 1.1918634123855782, 1.1884472929086556, 1.1809952742077017, 1.1625546108565608, 1.142900729104724, 1.1225164791575108, 1.1022467606040576, 1.0817199760741663, 1.0610203614938174, 1.0402242227360075]}