{"x": [2.2980952155026557, 2.3010625045527995, 2.3108093617741834, 2.325460023114952, 2.341813536261617, 2.359400688596297, 2.376305316976932, 2.3921607297153584, 2.406690752926266, 2.419629921956618, 2.4301984697293806, 2.4375344173393385, 2.439597564774663, 2.440361759975698, 2.4395608970965146, 2.4369569431267495, 2.4325078228962913, 2.4263362203012036, 2.418750512067673, 2.410119860595885, 2.4008723202724167, 2.391355079979227, 2.373508084329685, 2.3567114828763103, 2.341496961088911, 2.3280256452594834, 2.316509864898679, 2.3072091580505543, 2.3006745923336935, 2.298782727878376, 2.2980952155026557], "y": [0.8878870051672937, 0.8715107986710667, 0.858020664579067, 0.8504683485490113, 0.8484087459413271, 0.8503599098954598, 0.8555894899294378, 0.8633761279987863, 0.8734212397960408, 0.885740993826988, 0.9001460010312181, 0.916529630010061, 0.9252895289081856, 0.9342566026638744, 0.9438112630701495, 0.9530390656554806, 0.9615463017457604, 0.968900148231045, 0.9747338217579908, 0.9788674123758152, 0.9812565803821305, 0.9820611069499087, 0.9795108014809412, 0.9729614892028227, 0.9634020875250213, 0.9515114406342667, 0.9377749889793524, 0.9224517989227312, 0.9056908482964574, 0.8968761685096196, 0.8878870051672937]}