{"x": [2.138717132110917, 2.139658750713545, 2.1431113633328147, 2.150380094025345, 2.1603323867781405, 2.168154485088801, 2.175573513156507, 2.1824780788115703, 2.1889071138115557, 2.194824304952789, 2.200316990513185, 2.210063775429012, 2.2180572487411676, 2.224298221234985, 2.2285078736691015, 2.2301192184334724, 2.2290699712820423, 2.2253240952502327, 2.217550359961704, 2.206471778795065, 2.198497206305083, 2.1910311565137253, 2.184209498056075, 2.1779577629903284, 2.1722960578024733, 2.1670890367631084, 2.157918322182701, 2.150424478814492, 2.14448579720567, 2.140357462225591, 2.138717132110917], "y": [1.0696721236416358, 1.059779887168346, 1.050462030433154, 1.043260082843859, 1.040882192198321, 1.0419721628811953, 1.0446797966455268, 1.0484491135499907, 1.0529821352552464, 1.0580408000194956, 1.0635574698060197, 1.0756827809777698, 1.0888097561382746, 1.1028548034784607, 1.1176623772252223, 1.1329721447588, 1.1440637293863098, 1.1545562306080546, 1.1630289922304298, 1.1661085521307892, 1.164894458146347, 1.1618406193958575, 1.1576139050927792, 1.1525824096311508, 1.1470511078935361, 1.1410898046432112, 1.1282015474570832, 1.1145706737807366, 1.10019394027285, 1.0851681501187216, 1.0696721236416358]}