{"x": [2.277268913592934, 2.2789868343692743, 2.284993850647596, 2.294964245955519, 2.3065620340019164, 2.3133979325258585, 2.320107110950622, 2.3266164609303646, 2.3328939765886174, 2.344612378383298, 2.3551184772257896, 2.364204310644216, 2.3714993322783586, 2.3765077128122454, 2.3784413003865903, 2.376498553189621, 2.3700484580641605, 2.3593445399508224, 2.346505355455716, 2.3395525066002927, 2.3327663180826703, 2.3262517704408214, 2.320049544473303, 2.314217442574796, 2.308731261413095, 2.3036003519507355, 2.2988318783734814, 2.2904867580092594, 2.283799263344323, 2.2791293788616884, 2.277268913592934], "y": [0.9715493284901285, 0.9599566448824801, 0.9498939752340815, 0.9437080742770918, 0.9419288987161136, 0.9424639428647502, 0.9438791127256873, 0.9460127346571446, 0.9487544087562235, 0.9557382332357641, 0.96443976368129, 0.9746674120602057, 0.9862406492748974, 0.9990213479837636, 1.0126114684450167, 1.0254533208953756, 1.0367264621568266, 1.044211520677562, 1.046610542464981, 1.0460315478767868, 1.044411366608284, 1.0419399026520517, 1.038765023423999, 1.0350265669495466, 1.03079675777809, 1.0261448561744835, 1.0211220999407413, 1.0101966648531229, 0.9981848547957842, 0.9852114905081106, 0.9715493284901285]}