{"x": [2.277244972832704, 2.2787044461564276, 2.284082253920963, 2.2891982653814806, 2.2965273770573735, 2.306632219826498, 2.3187388276582666, 2.327594695416629, 2.335850657143277, 2.3497641677340813, 2.360297299287671, 2.3682038981334697, 2.3737462340982276, 2.377511274152513, 2.379691226463944, 2.3804104161407267, 2.378534386647776, 2.372589379226582, 2.3675222832404597, 2.3605722069934885, 2.3505517618693497, 2.336659624829693, 2.326831419557036, 2.3184331515277083, 2.305732858739692, 2.296601884625034, 2.2895878228831257, 2.284368291742405, 2.2805529686370707, 2.2781358852205185, 2.277244972832704], "y": [0.9061532586339844, 0.8830404318129839, 0.8605146241762325, 0.849457319902401, 0.8397248138987798, 0.8325875882305528, 0.8300424193882783, 0.8313692919639724, 0.8348371559396576, 0.8458924003947003, 0.8598529649025041, 0.8754520006545438, 0.8914079727299753, 0.9078741503740987, 0.9246145504566673, 0.94148096540512, 0.9691476931720797, 0.996233191113809, 1.0097196991640487, 1.0223394377224755, 1.0332140521493167, 1.0382811112460446, 1.0359894980721964, 1.030393588501126, 1.0151253237936277, 0.9980623077590413, 0.9800255635306666, 0.961970696856188, 0.9435678431219419, 0.9249280187842476, 0.9061532586339844]}