{"x": [2.227785661975083, 2.2303959092506154, 2.2392272600376466, 2.252807769355452, 2.268013673226653, 2.287447169648237, 2.306016235817455, 2.323359877836079, 2.339255796483251, 2.353451842903186, 2.3651803951379367, 2.3698596982343294, 2.3735114073493198, 2.375933085704649, 2.3768841181238094, 2.3739025582038566, 2.36402839863335, 2.348513361577641, 2.330484011669442, 2.310800646814416, 2.2924287426115173, 2.275877949711492, 2.261206567940138, 2.2546357116786497, 2.248590417279805, 2.2431114676440296, 2.2382607160636145, 2.23411208175495, 2.2308268841936085, 2.2286105110788528, 2.227785661975083], "y": [0.8463098134532573, 0.83108129173638, 0.8184034170013457, 0.811303783275044, 0.8094023312408215, 0.8118186499875543, 0.818038711165447, 0.827028492746581, 0.8383835736229617, 0.8520763623273231, 0.8679338923662654, 0.8766913091162967, 0.8859245775593312, 0.8955661498970141, 0.9054616024150726, 0.9235216923090792, 0.9389345933764334, 0.9485975573628482, 0.9516028509808679, 0.9484790075147848, 0.9407546055330033, 0.9298055111896772, 0.91644280302562, 0.909045370196972, 0.9012125814155231, 0.8929725263185643, 0.8843477013222306, 0.875314929742565, 0.865933586234282, 0.8562295265544395, 0.8463098134532573]}