{"x": [2.29552429908564, 2.296957223379879, 2.302052369088757, 2.311230657759305, 2.3224786980070213, 2.3288298737656503, 2.3350291316543426, 2.3409899860863117, 2.346680186399904, 2.3571086279231452, 2.366229764030512, 2.373854486974469, 2.3798069720595576, 2.383771307917095, 2.3852597842695005, 2.3836451732645125, 2.3781745035346207, 2.368404497612824, 2.3623882867372705, 2.3560754748108654, 2.349627776075674, 2.343382521119442, 2.337452744998819, 2.3318707920402653, 2.3266893312814427, 2.321867261777543, 2.3132989248871887, 2.3062583255906723, 2.3007362062241086, 2.2969797670417735, 2.29552429908564], "y": [1.0477672429169596, 1.0365488649288241, 1.0264520948055125, 1.0196203134992292, 1.0175236949543967, 1.0180766138059156, 1.0195640123412242, 1.0218004098800455, 1.0246560849144222, 1.0318298224630627, 1.0406059137986932, 1.050637222272141, 1.0617426925896631, 1.0737288629128408, 1.086265556095491, 1.0985759274325, 1.1097215087927936, 1.1176850176036082, 1.1196929377131717, 1.1203052628288999, 1.1196444922184243, 1.1179106446728988, 1.1153229651044783, 1.1120518595485487, 1.1082595875805232, 1.104019716359101, 1.0944714419146593, 1.0839292555658528, 1.0725181237565846, 1.060384946398781, 1.0477672429169596]}