{"x": [2.250804309225006, 2.252242720713627, 2.2574046776922567, 2.26231021634029, 2.2694223481017817, 2.2796235804597544, 2.2924071843694143, 2.3015732443988015, 2.309961213457751, 2.323645574572568, 2.3336686510539457, 2.3410640565613683, 2.3461861182526595, 2.349642929216629, 2.3516344055490133, 2.352286733022095, 2.350461905490102, 2.344708473178579, 2.3398155144029054, 2.333081607387009, 2.3231851690897085, 2.3086670137831384, 2.298445563148153, 2.2900209729189513, 2.277684682065447, 2.2689670413282377, 2.262321949403996, 2.257404099340955, 2.253835888440298, 2.2515995044219475, 2.250804309225006], "y": [0.9739082018479279, 0.9494315313705654, 0.925462162888714, 0.9135321074549381, 0.9027706896167766, 0.8944546812821403, 0.8913240891138698, 0.8928890092485106, 0.8969024375282033, 0.90923127239388, 0.9242618253765088, 0.9407447730041614, 0.9573995561483125, 0.9744778398884159, 0.9917799833363206, 1.0091841384362439, 1.0386692276162321, 1.0676450536805584, 1.0821559146195687, 1.0959094824138904, 1.108170547144435, 1.114293974762461, 1.1115932204566616, 1.1052058574347423, 1.0885299873090475, 1.070331601997832, 1.0512784856837774, 1.0322885085097535, 1.012999331407531, 0.9935096498693435, 0.9739082018479279]}