{"x": [2.3006804261310014, 2.302439512482326, 2.3084428097434184, 2.3179702728349154, 2.328853379738267, 2.341207535024425, 2.3529535526363214, 2.3638064320056595, 2.3736077896898045, 2.3821671372962423, 2.3890880245285673, 2.391792711206514, 2.3938728911272054, 2.3952249375191466, 2.3957242810145596, 2.393749732642114, 2.3873220800463897, 2.3770596223280007, 2.3650377370897, 2.3525855319039164, 2.346640659502807, 2.340948946208142, 2.3304646373934927, 2.3256752569963255, 2.3212038784596034, 2.3133068215469046, 2.306936697160022, 2.3044243482079834, 2.3024647190980954, 2.3011645005926273, 2.3006804261310014], "y": [0.8924009801954174, 0.8815044624933845, 0.8722422324802024, 0.8667495665057302, 0.8651684540501555, 0.8667895635278511, 0.8709469929059904, 0.8770027699662233, 0.8846441581880131, 0.8937476843790304, 0.9041514308424836, 0.9098205071355194, 0.9157472775494695, 0.9218871021469422, 0.9281541693723104, 0.940167195413641, 0.9505062919918481, 0.9570812042599194, 0.9590866431325058, 0.9571752400963655, 0.9550668411798424, 0.9523481551685502, 0.9454567410531912, 0.9413983599846104, 0.9369920695416267, 0.9272986598149022, 0.9165400718356084, 0.9107848835776505, 0.9048188176298901, 0.8986685339239932, 0.8924009801954174]}