{"x": [2.2605352091765725, 2.2621049277355647, 2.2677691536157703, 2.2731234450896003, 2.280731907431686, 2.2910461998258573, 2.3032080704885654, 2.3121282744422262, 2.320486451612654, 2.3347145111357506, 2.3456029797448297, 2.3538226860645217, 2.359606567322092, 2.3635417157419893, 2.3658205367132474, 2.3665704635475087, 2.364621201729181, 2.358460868518482, 2.3532198093311636, 2.3460532391603914, 2.3358134863338695, 2.321846732010687, 2.3118716329228826, 2.3032555631339053, 2.2901106142041443, 2.2806239909322645, 2.273328160331341, 2.267900972498359, 2.263936822869964, 2.261434049624416, 2.2605352091765725], "y": [0.894767064332756, 0.8715726083795978, 0.8490256939899201, 0.8380350116726362, 0.8284655375086476, 0.821595687949265, 0.8192148556274558, 0.8205194399731864, 0.8238977314463668, 0.8347620815149092, 0.8486387796309466, 0.8642451221644344, 0.8802833556530484, 0.8968722924107297, 0.9137584986320532, 0.9307812656019485, 0.9585434317550778, 0.9856835825631244, 0.9991586439430051, 1.0117159626290912, 1.0224309520192614, 1.0273901161883106, 1.0252559910828978, 1.0197951822445896, 1.0046121357963806, 0.9874954816949064, 0.969336552085078, 0.9511379062768798, 0.932565599076362, 0.9137385032821739, 0.894767064332756]}