{"x": [2.135535624280664, 2.136654706345931, 2.1407936810527874, 2.1507907342537607, 2.160049797725292, 2.1728069433461115, 2.183462092395806, 2.1926633785595624, 2.200298744075232, 2.206751298160973, 2.2167191788434213, 2.2240444997792084, 2.2291629556943358, 2.2326499409652327, 2.234685789719189, 2.2353673582799365, 2.233886186405373, 2.2290701132013675, 2.2249010409416132, 2.2190593090692774, 2.2101540185061785, 2.195758010877101, 2.18411013898297, 2.175298738807548, 2.1629192073905346, 2.154195770266869, 2.1474956938023064, 2.142461308689884, 2.138763887512461, 2.1364066549660543, 2.135535624280664], "y": [1.0733129650620568, 1.0486519136615626, 1.024314931736463, 1.000447440989528, 0.9908168327911363, 0.9868502087542533, 0.9893602860187996, 0.9952906335699865, 1.0029516120901685, 1.0116322770540498, 1.0301885557088646, 1.0499378290120112, 1.0696746228348253, 1.0897639372850483, 1.1100459247785135, 1.130418434715462, 1.1608015617529412, 1.1908371026601943, 1.2059967332461872, 1.2205936415401566, 1.2341543622998834, 1.24163449009826, 1.2375407988893983, 1.228892651438979, 1.2082121420658927, 1.1864426770017438, 1.1639678702217346, 1.1416154790502033, 1.1190034578848571, 1.09621071529347, 1.0733129650620568]}