{"x": [2.1590834106492984, 2.161021603082301, 2.1681596951486632, 2.1853493147938408, 2.1999527814862896, 2.217906593303618, 2.231369916370567, 2.243814032300317, 2.264426869354282, 2.279654533451554, 2.290823066681409, 2.2984480684007584, 2.3035056577131514, 2.3063592195854503, 2.3072662971456963, 2.304461150769887, 2.2959516390981576, 2.2889232233880987, 2.279387318815254, 2.26537703395837, 2.255566545670707, 2.2435948057067368, 2.2278742642391696, 2.2156097953334064, 2.1981880278376544, 2.185860085574437, 2.1763296325150536, 2.169117583629736, 2.163770314087291, 2.160334566931352, 2.1590834106492984], "y": [0.9442606962796298, 0.9100079453461413, 0.8764511997043021, 0.8448295857635082, 0.8336032089273341, 0.8294857561306134, 0.8315987501405924, 0.837154809033207, 0.8546225139876975, 0.8763619422101493, 0.9004399063847237, 0.9248464738680343, 0.9499112295597352, 0.9753056094852153, 1.000843709599718, 1.0465853430911871, 1.091615933713189, 1.1141932685733524, 1.135831225980625, 1.1557449400836861, 1.1633484579723503, 1.1666251341786116, 1.1616794381469007, 1.1506713440461416, 1.1235758417900428, 1.0947834026963197, 1.0649479678261207, 1.0352532762697615, 1.0051668164548886, 0.9747978116842615, 0.9442606962796298]}