{"x": [2.254696774407731, 2.25594396953744, 2.2603724809483254, 2.264562660710808, 2.270750765374258, 2.2803932761542827, 2.294382863988719, 2.304359231447368, 2.3128642151789185, 2.325514823255992, 2.334166744666906, 2.3403782091409604, 2.344627190889137, 2.3474728173388435, 2.3496413524458304, 2.34802500463721, 2.3429225544745655, 2.338607366659929, 2.3326377585208102, 2.32360899366343, 2.3169611510237997, 2.3083025868885936, 2.2972820563718033, 2.2891746680066976, 2.278066880725429, 2.2704052402648287, 2.2646208804481804, 2.260351848296273, 2.2572787703800548, 2.255369450869, 2.254696774407731], "y": [1.1538160963821713, 1.126220221045881, 1.0989534625668957, 1.0851174197723965, 1.0720521586832588, 1.0606828572742089, 1.055532084429742, 1.0579040378190028, 1.0636328529038959, 1.0793536959782233, 1.0969903122217546, 1.1156269343864547, 1.1341183173736278, 1.1528769820591378, 1.1907345701041836, 1.2243253415684592, 1.2575656410578044, 1.2743257938747754, 1.2905704036573826, 1.305958189377278, 1.3122200681810303, 1.3151242384636905, 1.3110334943492328, 1.3025213539498486, 1.2824882054071027, 1.2615813638687305, 1.240079318869018, 1.2187528608599012, 1.1972215200087257, 1.175555589398199, 1.1538160963821713]}