{"x": [2.209757459770091, 2.21209301314399, 2.2207189053168928, 2.2288729574896475, 2.240094006344974, 2.2541177340000265, 2.269609310493328, 2.281910956761835, 2.293741074784895, 2.3149923356917275, 2.3323496266539254, 2.345902613966694, 2.3556077334467433, 2.362184831012636, 2.3659373100068963, 2.3671368478646206, 2.3639757479215455, 2.3543897063317405, 2.3464737057166274, 2.335866837408986, 2.321070583585358, 2.3013812782237997, 2.287065551845197, 2.2746306910913687, 2.255445139902897, 2.241341478837381, 2.230262185899159, 2.221796618682407, 2.215433933157878, 2.2112836360200485, 2.209757459770091], "y": [0.7729008059609288, 0.7432365298454091, 0.7147581508318208, 0.7014751661023038, 0.6906578506891816, 0.6836976290234265, 0.681434736906746, 0.6827607475854411, 0.6863852631111277, 0.6988445434833545, 0.7160340524864561, 0.7363582081691412, 0.7580231070046306, 0.7808331699875058, 0.8042500334262527, 0.8279352967948362, 0.8669448636732253, 0.9048901752087515, 0.9235851167346781, 0.9408957565004592, 0.9554813921456669, 0.9621147283174043, 0.9591058456687691, 0.9514008061118853, 0.9298997208706649, 0.9055905822310241, 0.8797623661710384, 0.8537826636654668, 0.8272096133419662, 0.800192349031823, 0.7729008059609288]}