{"x": [2.2937456157486027, 2.2950952479716795, 2.2998845665657743, 2.304425859081341, 2.311128295611869, 2.3214996552088443, 2.3362337712026062, 2.3465756999497867, 2.3554975073710467, 2.3689524696351465, 2.378231739851761, 2.3849091968416185, 2.3894778880968484, 2.3925374203097234, 2.3948671573398226, 2.3931099480480498, 2.3875755862511556, 2.3829000154058404, 2.376442444418201, 2.366705506760286, 2.3596018506777847, 2.350511875143725, 2.3390516772430208, 2.330476370078452, 2.318647790825717, 2.3104792273416503, 2.304313303559419, 2.299765774369816, 2.2964924513369187, 2.2944597409308383, 2.2937456157486027], "y": [1.1878914097307567, 1.159073217900461, 1.1306237519140923, 1.1162008129169265, 1.1026464095150006, 1.091017293858626, 1.085947061445662, 1.0883438046985083, 1.094097170736731, 1.1101121575645527, 1.1282646118944724, 1.1475266995825026, 1.1666731438238485, 1.1861178996595736, 1.225386752991934, 1.2604998419495297, 1.2952185348992966, 1.312713988511909, 1.3296329611988142, 1.3455612201628586, 1.3519370771045023, 1.3548501212629305, 1.3506841506808611, 1.3420149203893494, 1.3213691325005927, 1.2997252411564508, 1.27742804748052, 1.2553056539197527, 1.2329591625864342, 1.2104654694003767, 1.1878914097307567]}