{"x": [2.275253182497862, 2.276810356641648, 2.282248289714389, 2.2914512347068716, 2.302296603284406, 2.3085156741315047, 2.31461259669303, 2.3205156166450034, 2.3261937752727384, 2.3316015935855994, 2.3367406633881207, 2.34612870422651, 2.3541648811573634, 2.360560710807271, 2.3649096302504855, 2.3665727253305633, 2.3648175332209127, 2.358961235898556, 2.349086031963562, 2.3371461509206357, 2.3308484500529283, 2.3247120926799187, 2.3188325154934826, 2.31324614090443, 2.3080045077286644, 2.303084530950287, 2.2942382083857615, 2.2868285692993955, 2.280932997848511, 2.2768574664427623, 2.275253182497862], "y": [0.9989996945985284, 0.9881666578206186, 0.9786688495975592, 0.972665424554837, 0.9709009730265507, 0.9713953783937791, 0.9727178057631025, 0.9747164082987848, 0.9772851767288528, 0.9803347108324137, 0.9838181170272914, 0.9919286562866799, 1.0013909900475717, 1.0120309742090199, 1.0236971616951756, 1.0360360087053433, 1.0479584176783716, 1.0584906689445583, 1.0655591265732784, 1.0677776816633102, 1.0671942829030105, 1.0656624511487531, 1.0633549862713032, 1.0604077433219161, 1.0569505985646208, 1.0530492658791901, 1.044152744973825, 1.0341462746880876, 1.0231793044484514, 1.0113797488151555, 0.9989996945985284]}