{"x": [2.2539113809661466, 2.2570394780343745, 2.2671508211621347, 2.281799667146356, 2.2979141238374745, 2.315959947099411, 2.333371189721821, 2.3498089629422285, 2.365006576904895, 2.3787407043991995, 2.3901367450610325, 2.3946842991027393, 2.3982158099343738, 2.4005296416989617, 2.4014003107208555, 2.400559541990496, 2.397804394968795, 2.393123965750513, 2.386707290535563, 2.3702833560501366, 2.351596957417066, 2.3333317510140565, 2.316048072975979, 2.300258628056513, 2.2861464686823405, 2.2739235728388856, 2.263927629870126, 2.2599308932943227, 2.2567854374726615, 2.254683650065859, 2.2539113809661466], "y": [0.8393595701240203, 0.823203659653367, 0.8102206255489397, 0.8032524328766977, 0.8013899927200775, 0.803299785322915, 0.808413265090203, 0.8160339747156015, 0.8258984632214462, 0.8381078089866532, 0.852523933267403, 0.8605905410819812, 0.8691508471888041, 0.8781293869052367, 0.8873603093038213, 0.8968981654219874, 0.9060680485334347, 0.9144323671552921, 0.9215523757831762, 0.9309407296218605, 0.9338912071947074, 0.9313920794675864, 0.9249781978178298, 0.9155660598649948, 0.9037871860009113, 0.8900550078067745, 0.8746260407343885, 0.8662910169855825, 0.8575989152936148, 0.8485839918296191, 0.8393595701240203]}