{"x": [2.310108894859961, 2.3115894233503256, 2.31693503230284, 2.3220146891313256, 2.329329579665819, 2.33958602246018, 2.3520925232701226, 2.361162876818398, 2.369554604698846, 2.383507546194511, 2.393922313938455, 2.4016812471388174, 2.4070906297557664, 2.4107546012643395, 2.4128717980087804, 2.4135687796568437, 2.4116993038495975, 2.405783499450594, 2.4007464396646623, 2.393828059981453, 2.3837667089140337, 2.3694672626063715, 2.3593448669356873, 2.3508282835201797, 2.3381406052569726, 2.329096886369681, 2.322176768948276, 2.3170429494455504, 2.3133055619980945, 2.3109537192523795, 2.310108894859961], "y": [0.9427423296980649, 0.9188575847107054, 0.8955316876722468, 0.8840088760219623, 0.8737584868444, 0.8660785081093035, 0.8632920893223217, 0.8647391757788717, 0.8684733792928694, 0.8801817300392737, 0.8947404124165982, 0.9108717972088728, 0.9272809485057429, 0.9441657635584608, 0.9613042755794377, 0.978558994728995, 1.0072761217913446, 1.035439423885058, 1.049500594980605, 1.0627378351168368, 1.0743281899544517, 1.0799042948546456, 1.0774440938423884, 1.071445486498904, 1.055383550113026, 1.037629351916928, 1.018944802691093, 1.0002833552897232, 0.9812928930292026, 0.962080093408386, 0.9427423296980649]}