{"x": [2.2453156163585835, 2.247583708620582, 2.255905794797354, 2.27033505593379, 2.287385330317564, 2.2981867833988043, 2.308757177962011, 2.3189814875115955, 2.3288203690876705, 2.347128329582664, 2.3634910791567374, 2.3775703779667934, 2.3888120856618875, 2.396479645347267, 2.3994837264970017, 2.396775965324681, 2.387439514821805, 2.3711575758639154, 2.3509255519961227, 2.3398493349188394, 2.329117014334348, 2.318927595260395, 2.3093326073755693, 2.3004155141211147, 2.292097281384052, 2.284371795335441, 2.2772309402620268, 2.26484857424712, 2.254947426244934, 2.248012780693934, 2.2453156163585835], "y": [0.9527974805879831, 0.9357872473321124, 0.9207794107260439, 0.9113205410112115, 0.9086819927998552, 0.9095123162894967, 0.9118845693413038, 0.9154180618545417, 0.9199145587620026, 0.9312413767343889, 0.945232039665143, 0.9615644442298176, 0.9799654795796318, 1.0001866069761003, 1.0216029783111067, 1.0418551821183393, 1.0600297363528552, 1.072767541589082, 1.0770123535610707, 1.0758071952814006, 1.0728151581670162, 1.0683529944819865, 1.0627252619628753, 1.0562177786101115, 1.0489604446762755, 1.041079765642884, 1.0326657044632217, 1.0147016030106362, 0.9952594015569758, 0.9745090436045212, 0.9527974805879831]}