{"x": [2.2397561258909793, 2.2425901752778903, 2.252130128475475, 2.267032597752964, 2.2838923987006314, 2.3026566721798205, 2.32059456966516, 2.337300227165745, 2.3524968468474015, 2.365881146541933, 2.376718108965471, 2.3841760493804136, 2.3870539437467664, 2.3863046099121616, 2.3838153838732916, 2.3794983535527914, 2.373405098793299, 2.365735251969808, 2.356870079517893, 2.347274034692377, 2.33735575618868, 2.318251829299428, 2.3004390043643914, 2.2844835364387115, 2.270476313674887, 2.25861356463407, 2.2490755078280884, 2.245320220298561, 2.242394240245433, 2.2404600033685576, 2.2397561258909793], "y": [0.8918647325472608, 0.8749993325974875, 0.8608055718421006, 0.8526086088422483, 0.8503678712421505, 0.852629800026084, 0.858583464009785, 0.8673348565375146, 0.8785030530773474, 0.892017190524398, 0.9076483016391473, 0.9252287893904514, 0.9441076704172149, 0.9540206634251174, 0.9636452509642185, 0.9726176801665556, 0.9804925441663329, 0.9868727269593368, 0.9914489699779897, 0.9941109985998108, 0.9950044325368324, 0.9920364546018595, 0.9845216569701116, 0.9737495920516714, 0.9605430766225705, 0.9455107761011743, 0.9289059471006443, 0.9200537620455891, 0.9108939582590955, 0.9014646307647998, 0.8918647325472608]}