{"x": [2.1989778923445544, 2.200218016449448, 2.2048057592849335, 2.2157811672063916, 2.225463893881282, 2.2379535363405045, 2.247964328833927, 2.256930894504503, 2.2646149513536478, 2.2712223585050895, 2.281589414488471, 2.2892648398486375, 2.294630938584538, 2.298284443005776, 2.3004125017678305, 2.3011216995610466, 2.299501293306424, 2.294272375693668, 2.2897610629124188, 2.2834789751638347, 2.2740784040737214, 2.259858251461462, 2.248817241484515, 2.2399937813150097, 2.2272614642401494, 2.2182372198734246, 2.211303906844583, 2.2061115520383465, 2.202300895459912, 2.199874273168299, 2.1989778923445544], "y": [1.0042270896681535, 0.980312542036466, 0.9568094334782509, 0.9342134358203557, 0.9256741533742283, 0.9224056106108321, 0.9243784751248396, 0.9292476496762629, 0.9358260584590852, 0.9434851943444106, 0.9602961216897208, 0.9784942252588398, 0.9968137226220576, 1.0155500751146955, 1.034513191181253, 1.0535821566366363, 1.0827475759310923, 1.1114861531340516, 1.1259365674578026, 1.1397097947723218, 1.1521527671978353, 1.1585547637056757, 1.15530177308361, 1.1479103997379152, 1.1293150304115835, 1.109335002293561, 1.0885367408173843, 1.0678159438203716, 1.0467971219440984, 1.0255718308861075, 1.0042270896681535]}