{"x": [2.267140266740793, 2.269445826880978, 2.2779636457846077, 2.28609428311295, 2.297552151071295, 2.3125340828109713, 2.3296543119511046, 2.342150745718265, 2.35409125388498, 2.3751137942559244, 2.39170678447678, 2.4042943293575907, 2.4130588768655654, 2.418907147529433, 2.422206836804862, 2.423254104720281, 2.4200163253937115, 2.4102976900092834, 2.4023289580757896, 2.3916432156572114, 2.3764614049331336, 2.3551461981041624, 2.340492826800092, 2.328118442211962, 2.3095954588276815, 2.296256045201893, 2.285899923034564, 2.27807269391912, 2.272256917840867, 2.2685106382769296, 2.267140266740793], "y": [0.84871626743277, 0.8159436165012375, 0.784213362519193, 0.7690003257870213, 0.7561061018154688, 0.7472548776183074, 0.7441403627877053, 0.7455062815756058, 0.7494370392319345, 0.7629748274111937, 0.7813101648104567, 0.8025955033299118, 0.8248249611549625, 0.8479931250541024, 0.8716365312176062, 0.8954860979692292, 0.9384460571405215, 0.980417350106443, 1.0012477658940881, 1.020823818087466, 1.0379526952064866, 1.0462922255324938, 1.0428229885334999, 1.0342421085089806, 1.0111638937731227, 0.9856304420636146, 0.9587483319206775, 0.9318564774422999, 0.9044591399526913, 0.8766967462651221, 0.84871626743277]}