{"x": [2.306779012894624, 2.3082614367826624, 2.3135407819159157, 2.3230128420676324, 2.3345677365498894, 2.341149272984535, 2.34757434994682, 2.353755751202044, 2.3596610390803905, 2.3705007027676026, 2.380003226972197, 2.387972099367435, 2.3942091878455045, 2.3983733879897904, 2.3999382867766292, 2.398255812533912, 2.3925700942714347, 2.3824681445937395, 2.3762687796085906, 2.3697705367739936, 2.363083574292064, 2.3566052673445204, 2.3504518005117214, 2.344656560623596, 2.3392738933063035, 2.3342616718935676, 2.3253470822468456, 2.3180087508585845, 2.312241795954151, 2.308308046713208, 2.306779012894624], "y": [1.050503971823653, 1.038982997627168, 1.0286360685183025, 1.0216928139161607, 1.019592070835294, 1.0201746648804697, 1.021715581390459, 1.0240243838458791, 1.0269685077104773, 1.0343613712842439, 1.0434087341272655, 1.0537687476036326, 1.0652548929012873, 1.0776726347383392, 1.0906761714480302, 1.1033526264568354, 1.1148067016708105, 1.1229477979588163, 1.1249921094389592, 1.125611928533168, 1.1249304100147928, 1.1231383514724926, 1.120463925188997, 1.1170826673391308, 1.1131618749155703, 1.1087774300034956, 1.0989001444279205, 1.0879871068790685, 1.0761681506122565, 1.0635919906747369, 1.050503971823653]}