{"x": [2.2460254838137077, 2.247531142705257, 2.252978622280111, 2.258125649658425, 2.265431376894236, 2.2753115633563112, 2.286943229363433, 2.295524766726115, 2.303573526908024, 2.3172950888970925, 2.3278142469592353, 2.335765229062499, 2.3413664100817826, 2.3451815648172682, 2.347394054874645, 2.348125785712089, 2.3462579047638994, 2.3403332528650527, 2.3352854470905022, 2.328379434805836, 2.318518603253262, 2.305130726097139, 2.29557435192606, 2.2872992140157398, 2.274634877065851, 2.26547328583586, 2.2584201317678567, 2.2531676606900857, 2.249327536962681, 2.2469005755913507, 2.2460254838137077], "y": [0.8634939331771584, 0.8412956047912313, 0.8197234524158029, 0.8092195116352785, 0.8000843590744392, 0.7935353289207648, 0.7912522988338224, 0.7924807930684655, 0.7957009547299001, 0.8060969189604787, 0.8194047537387431, 0.8343891802014247, 0.849799746952824, 0.8657466397772713, 0.8819838480075333, 0.8983547555373073, 0.9249302211283502, 0.9509041089870212, 0.9637952820246402, 0.9757940186142756, 0.985994496042548, 0.9906902903231262, 0.9886074073396794, 0.9833935046377118, 0.9688738464438139, 0.9524750426257486, 0.9350650300404039, 0.9176049349833811, 0.89978088321109, 0.8817080169925191, 0.8634939331771584]}