{"x": [2.299884251909997, 2.3027928736802226, 2.3124155495353094, 2.326997345592358, 2.343310208755733, 2.361204453178771, 2.378383125177822, 2.394474737328519, 2.4092079928180268, 2.4223144099321248, 2.433020048516925, 2.4404593023575294, 2.442556935346208, 2.443338906773595, 2.4425559902438674, 2.439990201104756, 2.435587139735223, 2.429455705758583, 2.4218873308312285, 2.413255661061737, 2.3944590125770455, 2.376296944286134, 2.3592365503860493, 2.343814862924668, 2.3301773431976542, 2.3185317608399356, 2.309123854332709, 2.305406388111246, 2.302504821974569, 2.3005841240810434, 2.299884251909997], "y": [0.9013276721630982, 0.8849937138396008, 0.8714784489696881, 0.8638779290966382, 0.8618073798934132, 0.8638428743221261, 0.8692503182090057, 0.8772631236142228, 0.8875624544056488, 0.9001504140149079, 0.9148345619025007, 0.9315081971247842, 0.9404178474260976, 0.9495376310492782, 0.959104299217124, 0.9683536680723386, 0.976897675951266, 0.984299874101083, 0.990186705031279, 0.9943615528646924, 0.9975809990072532, 0.9949367739929398, 0.9881695285781491, 0.9783382998907397, 0.9661522604457032, 0.9521206945354219, 0.9365003320077385, 0.9281280268607346, 0.9194391855952517, 0.9104717500278845, 0.9013276721630982]}