{"x": [2.1494441219808813, 2.1512260819554787, 2.157913581229428, 2.1701868289934083, 2.1851617114010673, 2.195464891030189, 2.2054827384522517, 2.2150902204599094, 2.224262970470449, 2.232929171052426, 2.2411229614890416, 2.2559976053039126, 2.2686014461274677, 2.2785706859378747, 2.28530218522622, 2.2878216387861245, 2.285556752414686, 2.277970653956434, 2.264243635910101, 2.2467892060931023, 2.236306436486079, 2.226223027609547, 2.216734264928598, 2.2078600585377735, 2.19966655214102, 2.1920509985041075, 2.178485970639594, 2.167230110618468, 2.158231236517583, 2.1519179504002452, 2.1494441219808813], "y": [0.9716867859451177, 0.9567776313582836, 0.9433338363097821, 0.9343744039527997, 0.9317943001346979, 0.9327093155157006, 0.9352852612926313, 0.9390610176864213, 0.9437960682792726, 0.9492958283996732, 0.9554774295021247, 0.96960040611991, 0.9857169481696745, 1.0035835087997995, 1.0229603371617388, 1.0433178152422016, 1.0607496486909016, 1.0766068123036183, 1.088045408385191, 1.091868415647177, 1.0905732296054653, 1.0874282604569296, 1.0828423797876008, 1.077157717998034, 1.0706821989453887, 1.0635359246098965, 1.0476781298927187, 1.0304143428227888, 1.0118737658703993, 0.9922000356734046, 0.9716867859451177]}