{"x": [2.2481972307548572, 2.2499333814576548, 2.256482502600293, 2.269461877699106, 2.286385941022461, 2.296752319520755, 2.3067711086072777, 2.316287033817344, 2.325273224064022, 2.3414704736412504, 2.355386157372432, 2.366770541876559, 2.3755172647144085, 2.3812647250238843, 2.3834582586799233, 2.3814181222524806, 2.3741544703004345, 2.359978300241082, 2.3505717282788186, 2.3404421561939963, 2.3297582579895453, 2.319583954943038, 2.31015449429079, 2.3014671999093235, 2.2935809071895226, 2.2863474229299467, 2.273701272335622, 2.2635190846215467, 2.2555905360788575, 2.2502097666994794, 2.2481972307548572], "y": [1.1243369613371401, 1.1075122929019505, 1.0919176560201265, 1.0804821623035608, 1.07690294798693, 1.0779262850328346, 1.0807781067522262, 1.0849533259828585, 1.090171915167487, 1.1029207224183348, 1.118127192307169, 1.1350698892149464, 1.1535131543446477, 1.1731245320092516, 1.193442697379495, 1.2130651160910826, 1.2314074396367785, 1.2458658849891096, 1.2498544978036743, 1.2511903112802256, 1.249747662005379, 1.246182486653293, 1.2410248438140896, 1.2346965798990157, 1.227580591094972, 1.2198019270073461, 1.2027568920758753, 1.1845679782888208, 1.1652897094504688, 1.1451173733318292, 1.1243369613371401]}