{"x": [2.2468982192890388, 2.248387247335518, 2.2537903320466333, 2.258928629170832, 2.266293404511559, 2.276447986691687, 2.2885943024627386, 2.2976599324255202, 2.3060967781094517, 2.320297004161176, 2.3310518478336886, 2.3391376513718636, 2.3448181217542263, 2.3486837520030788, 2.35092592876921, 2.3516666498723047, 2.349794309372531, 2.3438449619891126, 2.338765577174712, 2.3317905554656284, 2.321728779109403, 2.307779079118985, 2.2976852691994463, 2.2890710047329117, 2.2760657584632265, 2.2667178932459775, 2.259532209023179, 2.2541799757593677, 2.2502672404294337, 2.2477924362855584, 2.2468982192890388], "y": [0.9102952730027751, 0.8871382060917453, 0.8645711143861304, 0.8534912965611793, 0.8437483737681323, 0.836629248878729, 0.8341263522300826, 0.8355272465012761, 0.8391283277676017, 0.8505173572750555, 0.8648433459247031, 0.8808283512219198, 0.8971804104726115, 0.9140538952425752, 0.9312092636859693, 0.9484946724264826, 0.9763483209481274, 1.0036235232503257, 1.0172049243186028, 1.0299172678172646, 1.0408755144240152, 1.0460454643574684, 1.0436895415609821, 1.037925010477243, 1.0222152241031208, 1.0046813811303916, 0.9861561503420209, 0.9676145239287641, 0.9487166718498393, 0.9295752701571743, 0.9102952730027751]}