{"x": [2.2483248694071984, 2.2510263380842876, 2.2602348273107773, 2.274160583058141, 2.2897068901531585, 2.307781347164088, 2.325111607139478, 2.3413357057518933, 2.356202917643443, 2.3694580629567987, 2.3803427746221075, 2.3846493691888035, 2.387982424459, 2.390164911471558, 2.3909948762854603, 2.3902735856749215, 2.3878546059612193, 2.3777888765344852, 2.3622350247673505, 2.3442241304508284, 2.325907283351525, 2.308718514625518, 2.293168636092357, 2.2793753939737935, 2.2675299421687174, 2.262406320747199, 2.2578885010245027, 2.254046134482562, 2.2510254605203692, 2.249006551093305, 2.2483248694071984], "y": [0.843905934216612, 0.8283150016504734, 0.8154472575800933, 0.8082691732882068, 0.8063290952114102, 0.808433321135173, 0.8139809199097375, 0.8221380213518112, 0.8325651825327564, 0.8452564674604705, 0.8600311296345329, 0.8682024805847438, 0.876816914732105, 0.8858023653973854, 0.8950117482011275, 0.9041774408536162, 0.9130475433947051, 0.928339119411642, 0.9379094508181843, 0.9409295888852488, 0.9381995738399173, 0.9313071069745019, 0.9213757226909532, 0.9091210261201574, 0.8950319052914408, 0.8873781836264193, 0.8793519605576352, 0.8709355211651658, 0.8621904790552696, 0.8531469595823604, 0.843905934216612]}