{"x": [2.244087532650658, 2.246660732602664, 2.2557746154299316, 2.2708002601272854, 2.2882323501108135, 2.3071603525521676, 2.3251240546265857, 2.3416710012994506, 2.3565299946196063, 2.369362407357241, 2.3795687079555945, 2.3864505959288342, 2.389065152623897, 2.388363565796745, 2.386026370444211, 2.3819385330886194, 2.376081756022036, 2.3685057596405423, 2.359564276453561, 2.3497301789951472, 2.3394897468287374, 2.329707257467422, 2.3201639582742666, 2.3110211599106463, 2.302347008433815, 2.286622910951957, 2.2730027315530457, 2.261655989468698, 2.252652301306504, 2.2464398097424096, 2.244087532650658], "y": [0.9644361462557636, 0.9470078501400011, 0.9319312456382394, 0.9227177586465196, 0.9201138039764333, 0.9226009039827908, 0.9290631288816226, 0.9384826747770098, 0.9503881191862494, 0.9645659393947398, 0.9807372977368622, 0.9986386215705424, 1.0176381444688367, 1.0278101048948756, 1.0377347469976934, 1.0470939669283839, 1.0554607807992158, 1.062442552748441, 1.0675602415959893, 1.0705871638025528, 1.0715898002827073, 1.070686579447636, 1.0683545531846879, 1.064788820901883, 1.06019923434235, 1.0486813636365844, 1.0347386486801933, 1.0191033457310372, 1.0020111003045702, 0.9836635685143597, 0.9644361462557636]}