{"x": [2.0889533563576954, 2.090548797085911, 2.0966178600056455, 2.11150977758108, 2.1250721294271253, 2.14296944609428, 2.15764268572705, 2.1706841971023754, 2.1817516730120228, 2.191181793438215, 2.2057537291638267, 2.2163205199610045, 2.2235321903460266, 2.2283286088090075, 2.231990659314245, 2.229483264661714, 2.2219947571161853, 2.215752647578864, 2.2071973603060226, 2.194373001200879, 2.184990215383389, 2.17287108544263, 2.1560818832038144, 2.14388668638578, 2.1270130857514187, 2.115079019552817, 2.1058209962785175, 2.098760260861052, 2.0935039658109122, 2.09011259461494, 2.0889533563576954], "y": [1.017085326800308, 0.9827399473959245, 0.9488974150907824, 0.916010767344347, 0.9033059286368607, 0.8983022929292207, 0.9012497223021313, 0.9085920844749084, 0.9184560849924128, 0.9298955062176094, 0.9548605075971484, 0.9817665577888881, 1.0087040696002445, 1.0361746375277037, 1.091771604394107, 1.1387563614615046, 1.1852082363361152, 1.208600682213555, 1.2312496891516977, 1.2526545779726386, 1.261308618300252, 1.2653155838813201, 1.2587435018874265, 1.245463940594985, 1.214650555005493, 1.182603181007219, 1.149682896663514, 1.1169493676671514, 1.0838780921015336, 1.05055774736615, 1.017085326800308]}