{"x": [2.2466940519434555, 2.2496953140339477, 2.259525982070204, 2.273949393361694, 2.2898615409351604, 2.3084807353468553, 2.326408915733539, 2.3433024293759286, 2.3589055462825104, 2.3729923798459844, 2.384695070586209, 2.3893758890588805, 2.3930205489784755, 2.3954185667395502, 2.396328807958716, 2.3955205210016177, 2.392840522176089, 2.3819255710275775, 2.365609323168011, 2.3469939854246107, 2.3281591873944376, 2.3103880770668677, 2.2942007553515027, 2.2797544982355142, 2.2672542347836853, 2.2618220282428854, 2.2570159833582752, 2.2529116414998125, 2.2496720324230597, 2.2474979971149334, 2.2466940519434555], "y": [0.8494799937765466, 0.833527416813484, 0.8206103640591135, 0.8136392829070928, 0.811786089632837, 0.8138418791815025, 0.8192715218245706, 0.8272884119772704, 0.8375939480480235, 0.8502694499015095, 0.8651742899382696, 0.8734971994754067, 0.8823231463825645, 0.8915789165356243, 0.9010968591300949, 0.9105923709004415, 0.9197376252917077, 0.9352460147057899, 0.9446809139358425, 0.9476315864685354, 0.9449635208172941, 0.9381770763224144, 0.9283017533246988, 0.9160193657732212, 0.9017788252535351, 0.8940075987243722, 0.8858343030465815, 0.8772364805653533, 0.8682769545433106, 0.8589870050477904, 0.8494799937765466]}