{"x": [2.2997424105502664, 2.301449761019453, 2.3073471529667295, 2.317757777459165, 2.3304159945619287, 2.3369859657922736, 2.3434143661244304, 2.349615407497323, 2.355549653947968, 2.366458422017738, 2.376003690805496, 2.3839677779230986, 2.390142805125602, 2.394205623399022, 2.395700634683314, 2.3937988214590797, 2.3875094329971995, 2.382521211561899, 2.3764857216286246, 2.3697237805390956, 2.362623667140807, 2.3559217426549752, 2.3494137616921433, 2.3432178768572034, 2.3373772621404156, 2.3269061707195795, 2.3179650213229697, 2.3106633780173853, 2.3049866140489703, 2.3011777579957453, 2.2997424105502664], "y": [1.095873444337018, 1.0832527849609568, 1.071964877407677, 1.064404882101355, 1.0621018034805934, 1.0626510644877714, 1.0641145803882937, 1.0663324416830808, 1.0691884077007783, 1.0764466142192501, 1.0854227284361182, 1.0957664134884333, 1.1072680456824566, 1.1196980021264618, 1.1326893550499464, 1.1465417318262332, 1.1590296791622712, 1.1641358676857463, 1.1679474783151524, 1.1702245070500104, 1.170929558033325, 1.170287060265181, 1.1685623055048509, 1.1659548728607658, 1.1626269735817434, 1.1543692994020887, 1.1444754232219276, 1.133511315582679, 1.1216243478392247, 1.108990580076877, 1.095873444337018]}