{"x": [2.1017012481859982, 2.103319980523972, 2.109358444061587, 2.1198570884774526, 2.1322134491275753, 2.141832946774919, 2.1512007355103595, 2.1602158018280266, 2.168863862723593, 2.177085783348846, 2.184912347017557, 2.199293152334386, 2.2117704967907947, 2.221902042970791, 2.2289927379145995, 2.2318293894355676, 2.2297600142159615, 2.2229677174610685, 2.211118842323137, 2.1966681717313956, 2.186942799258559, 2.1775499913232244, 2.1686446921959472, 2.1602425363636772, 2.1524015719210974, 2.1450435306323588, 2.1317440952382554, 2.1204292266718046, 2.1111660324684123, 2.104456981817233, 2.1017012481859982], "y": [0.8465897320284319, 0.8342611769673426, 0.8233914703300313, 0.816617006703929, 0.8147635657212491, 0.8156077939950236, 0.8179512936373637, 0.8213587720658617, 0.8256124025974412, 0.8305434245772575, 0.8360805590051906, 0.8487426514527363, 0.8633093445169147, 0.8795950573816452, 0.8974928577745828, 0.9165339349983161, 0.9309402625692955, 0.9438122978658349, 0.9525239748333963, 0.9552566067278198, 0.9540952596915607, 0.9513191552691842, 0.9472888019913434, 0.9422936165632801, 0.9365845352859977, 0.9302652346274093, 0.9161649947211552, 0.9006226389069443, 0.8837767400564277, 0.8656863323491507, 0.8465897320284319]}