{"x": [2.2418458149956173, 2.2437112527506136, 2.250822870773228, 2.2681537477562697, 2.2833665892910098, 2.3027516645875163, 2.317110781958914, 2.330255210032608, 2.35161041795019, 2.3670689321021694, 2.3782893058417858, 2.385894361391654, 2.390921101438898, 2.393751217428011, 2.39465060287808, 2.3917568396691293, 2.382996134380207, 2.375781974464292, 2.365995124074283, 2.3515464827840233, 2.3412408091004875, 2.328316766476459, 2.311692205296321, 2.2990593066078366, 2.281367392044708, 2.268911600742347, 2.2593027976151703, 2.252032652384143, 2.2466424773276508, 2.2431637121378976, 2.2418458149956173], "y": [1.0269566683668752, 0.9897250367233222, 0.9531313331397904, 0.9180914994372839, 0.9050266498823301, 0.8998944284136615, 0.9021843108981978, 0.9084013700175927, 0.9277085749499427, 0.9513100789110308, 0.9771963660560722, 1.0032556265127608, 1.0299324668422214, 1.0569156365793155, 1.0840319068129756, 1.133741824748636, 1.1827591670829585, 1.2073723579910363, 1.23108039100547, 1.2531989584324545, 1.2619078907312509, 1.2657836531219062, 1.2601146804965442, 1.2479112729484152, 1.2185443342226847, 1.1876238124356802, 1.1557036572510362, 1.1239698815455335, 1.0918632849481404, 1.0594898217866622, 1.0269566683668752]}