{"x": [2.214441339733908, 2.2168404814696547, 2.225275730397967, 2.23954525715205, 2.2562026756602496, 2.2666881133556775, 2.276965717792959, 2.2869295969922128, 2.2965405271111767, 2.3144958227924324, 2.330626536102492, 2.3446068112228646, 2.3558357722107024, 2.3635421941844976, 2.3665686092350273, 2.3637978213713677, 2.3543468906764917, 2.3382307990042266, 2.3185175227672223, 2.3077850036127248, 2.29735741427583, 2.28741854785549, 2.2780246572402847, 2.269258647555572, 2.2610575914428663, 2.2534212334292008, 2.2463469325360013, 2.2340290589346274, 2.224148434433879, 2.217209926680302, 2.214441339733908], "y": [0.943618412416553, 0.9270019546167134, 0.9124861313056003, 0.9035455054998659, 0.9010788088775891, 0.9018437850463042, 0.9040574786190863, 0.9073675289618249, 0.9115942705220774, 0.9222969863825936, 0.9355913783544336, 0.9512234625297782, 0.9689356217217006, 0.9885139048929057, 1.0093355024183601, 1.0290689864050653, 1.0466122918131004, 1.058633631784492, 1.062586828655403, 1.0614669829609518, 1.0586909421827713, 1.0545272392121143, 1.0492478162077714, 1.0431091663348449, 1.0362339480335025, 1.0287408512666423, 1.0207149725145757, 1.003485386788302, 0.9847514097990547, 0.9646769469274926, 0.943618412416553]}