{"x": [2.185612666177601, 2.1875074572379067, 2.1944680409096637, 2.211317275868731, 2.226068278696529, 2.244798521220902, 2.25867567818213, 2.2713411330934656, 2.2918678478777528, 2.306708911604291, 2.3174788156943724, 2.3247846484935075, 2.3296158895039074, 2.3323377164443184, 2.3332028154899564, 2.3304287612851953, 2.322017653142216, 2.3150835169540573, 2.3056684057524355, 2.29175256447594, 2.2818137128738885, 2.2693323413631066, 2.2531634063757857, 2.2409076064050693, 2.223761327605997, 2.211692288742273, 2.202386293287257, 2.1953531148295964, 2.1901529107340343, 2.18682195559174, 2.185612666177601], "y": [1.0014022033889363, 0.9655541720495865, 0.9303373882807969, 0.8966489437325134, 0.8841601924657824, 0.8793916489139046, 0.8817482073250564, 0.8878894697979257, 0.906740920271537, 0.9296743075083725, 0.954778223310101, 0.9800421112055986, 1.0058935779876716, 1.0320370200942877, 1.0583075265743078, 1.1063357972121362, 1.1537031215718523, 1.17749274915732, 1.2004140123509635, 1.2218121134124555, 1.2302486276718778, 1.2340130544844063, 1.2284626295327072, 1.2165447000629366, 1.187924530829103, 1.1578131186375937, 1.1267364828503614, 1.0958406995287973, 1.0645841337603887, 1.0330693998738345, 1.0014022033889363]}