{"x": [2.24648768420005, 2.248695085650095, 2.2570441181772094, 2.2650819380294824, 2.2765181443861437, 2.2917217148539737, 2.309303606058132, 2.3218768955850946, 2.333843883155408, 2.3547320191971743, 2.3710245009116355, 2.3832843381494255, 2.391766600944315, 2.3974096356286188, 2.4005884861976736, 2.401596418987688, 2.398386147101123, 2.388757213587599, 2.3808660350997535, 2.3702732882153654, 2.3551364003595285, 2.3335101039673187, 2.3187675850755904, 2.30644653931292, 2.2881690915336876, 2.2750666864109665, 2.26491317153784, 2.2572455970021976, 2.251549503767378, 2.247870549487175, 2.24648768420005], "y": [0.8679191278294549, 0.8343030371497824, 0.8016655153442467, 0.785884821100802, 0.772362615550281, 0.76292521817126, 0.7595950341005292, 0.7610548267212518, 0.7651791221175969, 0.7792181039786181, 0.7980024302100114, 0.8196355590471989, 0.8420864921580504, 0.8654135009508904, 0.8891804569282366, 0.9131378641097392, 0.9569946237897536, 0.9999015562670159, 1.021240115978718, 1.0413746271955364, 1.059175119251341, 1.0680230679257654, 1.0643835672628217, 1.055507776612817, 1.0319492547761608, 1.0060610275252175, 0.9788805296284243, 0.9517252389759526, 0.9240891026407104, 0.8961075725379615, 0.8679191278294549]}