{"x": [2.291735913198901, 2.29381877381399, 2.301889943566186, 2.3097478514794108, 2.321182421629326, 2.337120801133306, 2.3563016897329354, 2.370058156082332, 2.3829535843939347, 2.404783328368232, 2.4212093793518776, 2.433325079303798, 2.4415952537520065, 2.44706723212017, 2.450141491991348, 2.451179615509216, 2.447911995630283, 2.4383081076611486, 2.4304322133370446, 2.4198128646617545, 2.4043807072100334, 2.3810564395255795, 2.364931638532199, 2.352016246060442, 2.3334295456738037, 2.320258991727764, 2.310089003652405, 2.302413046499314, 2.296723874514172, 2.2930577348577126, 2.291735913198901], "y": [0.9718275151508654, 0.9351746759846322, 0.8993609196036148, 0.8816916918296863, 0.8660968551076696, 0.8546301663783364, 0.8504336911720569, 0.8523003737672017, 0.8574416575556545, 0.8742612104590842, 0.895852489940573, 0.9201261035001594, 0.9449057740187455, 0.9704495660072471, 0.9963709139889888, 1.0224532768901473, 1.070843392562308, 1.118383333352286, 1.1421558220340777, 1.1648359975899014, 1.1854718901668229, 1.1964249757158765, 1.19177563062767, 1.181060302628684, 1.1539689648192246, 1.1248683877244483, 1.094588387376998, 1.0644298050285725, 1.0338341561613513, 1.002925126906952, 0.9718275151508654]}