{"x": [2.274109021697656, 2.275736889230731, 2.2816282849990737, 2.2871934280698163, 2.295061674616882, 2.3055799988761927, 2.317815567828921, 2.3269011069234433, 2.335451480989305, 2.3501473008776825, 2.3615303968695835, 2.370188880290153, 2.3763194326357766, 2.380503992710357, 2.3829328292924736, 2.383733824581042, 2.3817090739600695, 2.3753021935243965, 2.3698505092667332, 2.36240900792718, 2.3518578518047932, 2.337719190626326, 2.3275725921251365, 2.318731863266537, 2.3051061924891325, 2.2952070861154814, 2.287570176216754, 2.2818740572177703, 2.2777024028236235, 2.2750609583869976, 2.274109021697656], "y": [0.892311430533485, 0.8689939427388121, 0.8463743351900346, 0.835416408097338, 0.8259751327681634, 0.819335171136813, 0.8170957319005686, 0.8183954907845513, 0.821731281114956, 0.832526957440596, 0.846455068916322, 0.8622220543129288, 0.8785139734297293, 0.8954107115040746, 0.9126368868906342, 0.9300149987598458, 0.9579587002424292, 0.9852332662464531, 0.9987392968439874, 1.0112595916312603, 1.0218034505856857, 1.0265571982914743, 1.0244394078567423, 1.019028307162936, 1.0038117406067455, 0.9865248411263593, 0.9681262866222535, 0.9496524594746715, 0.9307758771371528, 0.9116225714564903, 0.892311430533485]}