{"x": [2.3425439188025217, 2.34550527755036, 2.3555238391380224, 2.3718450913982636, 2.3811804440836957, 2.390762567811171, 2.409096378429324, 2.4265716142911904, 2.442719715528136, 2.457213874102151, 2.469690176638652, 2.4795153397636804, 2.4860207538663848, 2.488403735723453, 2.4875738479799736, 2.4849392069631016, 2.4804266267271187, 2.4740579464207975, 2.465911651180198, 2.4563428745070888, 2.4458176701592524, 2.434844426287546, 2.425359565759858, 2.41608299066687, 2.398703204956945, 2.3833458308802866, 2.3700957294481078, 2.3591505350630397, 2.3505686163619703, 2.3447543343744672, 2.3425439188025217], "y": [1.0224678891021985, 1.0035763863528073, 0.9872887546809567, 0.9773112040543724, 0.9750693866701812, 0.9744715072368298, 0.9766973898597185, 0.9826722787126851, 0.9915532546242417, 1.0029353578539448, 1.0166302197159898, 1.0323360637228993, 1.0497323014303974, 1.0681516091397638, 1.079062197396381, 1.0896823817867027, 1.0996662531823915, 1.1085814637568936, 1.1160347573087053, 1.121544042552424, 1.1248474595018583, 1.1259790111081016, 1.125143638080617, 1.1229975761362876, 1.1153279301394379, 1.1042970350749122, 1.0908076171300203, 1.0756064422661322, 1.0589564071677406, 1.0411084363314038, 1.0224678891021985]}