{"x": [2.220772003930477, 2.2229001796790113, 2.2307386084622385, 2.244138706563062, 2.2598903008584457, 2.2694728668239255, 2.2788639124285743, 2.2879621360216524, 2.2967281180554346, 2.3130659054152627, 2.3276868137639393, 2.340286172094328, 2.3503558369695283, 2.3572281718974852, 2.3599060617474685, 2.3573511625860246, 2.348659141680908, 2.3337809280707367, 2.3155370192570803, 2.305756045249443, 2.2962489032577036, 2.28718196299222, 2.278608533569471, 2.270605765360695, 2.263119231117528, 2.2561507485345826, 2.2496993695616903, 2.2384829327775013, 2.2295129183184086, 2.223236806166652, 2.220772003930477], "y": [0.958825067590013, 0.9430912785366906, 0.9292840237696715, 0.9206563876897154, 0.9182302775121909, 0.9189364510788616, 0.920969309667264, 0.9240200555997613, 0.9279241921595794, 0.9378235227342049, 0.9501177929728281, 0.9645313079229367, 0.9808130490109066, 0.9987430269763162, 1.0177572848675265, 1.0360158487216748, 1.0522747366395546, 1.0634561536767655, 1.0671365230045529, 1.0661363946116758, 1.0636300106647856, 1.0598627457612744, 1.0550775604394487, 1.0495046551388347, 1.043255384979937, 1.0364371741323595, 1.0291277652630355, 1.0134208023583253, 0.9963311570013463, 0.9780222312934325, 0.958825067590013]}