{"x": [2.1612860831731173, 2.1633466637433236, 2.170945870108123, 2.1890570163182024, 2.2038652697517023, 2.2214953601500715, 2.235271899781894, 2.248190539263612, 2.259820672346969, 2.2701432313294094, 2.2868242933524345, 2.299255534022137, 2.3078331666828555, 2.3135531787513286, 2.316790427351673, 2.3178226171294303, 2.314848326524943, 2.305805786533289, 2.298319855822353, 2.2881770556658023, 2.2734187285356207, 2.2514475280827755, 2.2354150757752977, 2.222516434486969, 2.20383430069327, 2.190505543276377, 2.1801558379707875, 2.1722996463593818, 2.1664471225131248, 2.162666629181684, 2.1612860831731173], "y": [0.9247747733570275, 0.8910932323887829, 0.858215515665947, 0.8278710159394077, 0.8175965873734555, 0.8138511682176155, 0.8156895115986029, 0.8208160410830576, 0.8283120857780477, 0.8375259588865684, 0.8589706634890352, 0.8831284249978135, 0.9078871819907084, 0.9334577371632495, 0.959440606866556, 0.9856040141519635, 1.0308066133625522, 1.0751952814039836, 1.09738593450945, 1.118494886374485, 1.1375364025690908, 1.1474184018269227, 1.1428599072033074, 1.1323031817100448, 1.1055364872420057, 1.0767232795292392, 1.046710943514446, 1.0167853249973986, 0.9864042395182401, 0.955689995889505, 0.9247747733570275]}