{"x": [2.223768176030651, 2.2250538787636702, 2.2296460107186125, 2.238188088303033, 2.2487852434261915, 2.255858849546266, 2.262720265091578, 2.269271802816711, 2.275495790855073, 2.2813428222420606, 2.2868448041983314, 2.2967702131978314, 2.305102817303997, 2.311685289804808, 2.316162948686725, 2.317920621557484, 2.3165574287203867, 2.3116793458415263, 2.302551373679275, 2.2907618600611537, 2.283531263420665, 2.276575088196552, 2.270025765829548, 2.2638954489809264, 2.2582335681367685, 2.252970063760605, 2.243602008994188, 2.235856230590046, 2.2297054271994794, 2.225442470623277, 2.223768176030651], "y": [1.0108274274989801, 1.0002778887023558, 0.9906936242836553, 0.9841116181910243, 0.982114070455071, 0.9828299515908236, 0.9846925750248618, 0.9874181802540614, 0.9908260451762113, 0.9947666503563452, 0.9991762240068226, 1.0091768163173456, 1.020439387612913, 1.032806637070812, 1.046114681925199, 1.060045370098745, 1.0718343275953606, 1.0826529282902326, 1.0905808346872967, 1.0932601898865177, 1.0924730748004323, 1.0903487621615693, 1.0872295312621099, 1.083351072778822, 1.0789248451891307, 1.0740315940151874, 1.0631478319573489, 1.051271604282919, 1.0384962575357046, 1.0249395835054378, 1.0108274274989801]}