{"x": [2.27101985233326, 2.272614005211806, 2.278330411411651, 2.2836899074738826, 2.291234059507564, 2.301304936913733, 2.3130520266727155, 2.3214114202159566, 2.3292954975896296, 2.3428581322825575, 2.353334135564577, 2.361266176698956, 2.366849652190084, 2.370644396701135, 2.3728378557096512, 2.3735589669467387, 2.3716006954755495, 2.365439645116971, 2.3602215635524146, 2.3531187165837055, 2.343061219592656, 2.3295506016132137, 2.320197626806559, 2.312028174891935, 2.2994262783465853, 2.2902931647239324, 2.283271868605514, 2.2780603724968325, 2.274262321834907, 2.2718726266233547, 2.27101985233326], "y": [0.8539552475026936, 0.8315210229585779, 0.8097688172208981, 0.7992425876847457, 0.7901535021211948, 0.7837083482356639, 0.7814793434055511, 0.7826178616422151, 0.7856206949962238, 0.7954723994483682, 0.808265336248516, 0.8227735615080021, 0.8377494339786389, 0.8532752791702104, 0.8690965211018074, 0.8850528037912029, 0.9117740427622082, 0.9378489521154447, 0.9507572438599919, 0.962732298595391, 0.9728445122706683, 0.9774132443653527, 0.9755077282247477, 0.9705712127623308, 0.9566055033954699, 0.9406970165657021, 0.9237501844583536, 0.9067396842379151, 0.8893589011540092, 0.8717274543414335, 0.8539552475026936]}