{"x": [2.219783181223987, 2.221801153509572, 2.229015288803337, 2.2419874297024633, 2.2576553419326446, 2.267774829364571, 2.277644656451715, 2.2871456107240187, 2.29624447764088, 2.3048694626582624, 2.3130424879255687, 2.3279204548976113, 2.3405782983281274, 2.350618194977117, 2.357436164097195, 2.36010920358325, 2.3578117854262266, 2.3497408849458723, 2.3352099132107087, 2.3168092421292665, 2.306442559210931, 2.2964357577322687, 2.2869813560262116, 2.2781155105540916, 2.269911842097696, 2.2622817699268527, 2.248695751747203, 2.2374453367549703, 2.228489260693044, 2.222252542675123, 2.219783181223987], "y": [0.9989909085055635, 0.983394677939327, 0.969420742488501, 0.9602479938223486, 0.9576150707420998, 0.958462614427492, 0.9608519384853444, 0.9643878884721346, 0.9688579774223385, 0.974088189373467, 0.9799998001170598, 0.9935997803105722, 1.0092483799007839, 1.0266925807917346, 1.0456832395168845, 1.0656828565543035, 1.0840922665344785, 1.1007969087468281, 1.112779313790273, 1.1167970835629057, 1.1155996813766478, 1.112638970162832, 1.1082693546288898, 1.1028034571181005, 1.0965297009651236, 1.0895696585028116, 1.0740370837625146, 1.0570397337318391, 1.0387293419518757, 1.0192728101638593, 0.9989909085055635]}