{"x": [2.2499447343052763, 2.251539757278095, 2.257074848143218, 2.266196886425857, 2.276762446870169, 2.2833832702219543, 2.289877310422886, 2.296173630830344, 2.3022441781709326, 2.313578583483204, 2.323761055431825, 2.3326041713804706, 2.3397553965196507, 2.344725663213715, 2.3466867548562083, 2.3449437089482466, 2.339040852698996, 2.3292148970109716, 2.317479354727578, 2.310751785120644, 2.3041889307139027, 2.2978896649607354, 2.2918885657765955, 2.2862384164363485, 2.2809137139072613, 2.2759223858114823, 2.271271070686678, 2.2630847841212507, 2.2564741014850833, 2.251811953594338, 2.2499447343052763], "y": [0.9082240581615663, 0.8976610373100595, 0.8885240642386304, 0.8829585115536206, 0.8813597959387776, 0.8818825598918325, 0.883273971360393, 0.8853646140157757, 0.888040972058257, 0.8948245634568971, 0.9032390225043997, 0.913102297870628, 0.9242533013967684, 0.9365854720767167, 0.9497361414231509, 0.9614753919370568, 0.9717712406036886, 0.9785329754189365, 0.9806654646239353, 0.980088435656154, 0.9785003244252518, 0.9760952717268498, 0.9730208878709806, 0.9694134137194902, 0.9653408714793786, 0.9608682728951308, 0.956043051463394, 0.9455383851961862, 0.9339771492674207, 0.9214549129313314, 0.9082240581615663]}