{"x": [2.3053746998216758, 2.3067058959010156, 2.3114244756256217, 2.315896829923953, 2.322475222417708, 2.33251197698213, 2.3463949700826032, 2.3561592371883777, 2.3647022620542653, 2.3777795979274576, 2.386880209021865, 2.3934489577256866, 2.397947155361318, 2.4009621501075555, 2.4032593168807272, 2.401551736780139, 2.3961710326155914, 2.3916184128278783, 2.3853335677072236, 2.375894328943366, 2.3690977248900835, 2.3605549889256183, 2.34967492588562, 2.341367735133967, 2.3298015959485823, 2.321795350030984, 2.3157448004224475, 2.311284278511221, 2.3080716171610516, 2.3060755151998116, 2.3053746998216758], "y": [1.111204318551516, 1.0841769128416097, 1.0575313175622385, 1.0440604423267072, 1.031483034613702, 1.0208820220601618, 1.0163675551017057, 1.0184679111377821, 1.0236418007512182, 1.038374583094172, 1.0552987972753767, 1.0733570831411223, 1.0913414782931168, 1.109633062632163, 1.1466076183782115, 1.1794034744425914, 1.2117999561572632, 1.228112742082486, 1.2438395997909737, 1.258525731120754, 1.2643002403903518, 1.2668615771903862, 1.2632583887856141, 1.2553622302100609, 1.2362151648113255, 1.2160109170805515, 1.1951374303211677, 1.1744227807394119, 1.15347828814435, 1.1323826205092862, 1.111204318551516]}