{"x": [2.2565423602802923, 2.258634892971383, 2.266883221483152, 2.2748954437035898, 2.2864690738730378, 2.302309581072066, 2.3210519522461577, 2.334498239161369, 2.3471834294141445, 2.3689344845964486, 2.385546072548078, 2.3978994625899737, 2.4063797603303483, 2.4120047795371486, 2.4151705089127873, 2.416174909738188, 2.412940014234061, 2.4032206159740377, 2.395248092678319, 2.38451364697667, 2.3690092662831947, 2.346104458004163, 2.330336437431403, 2.3174838531047324, 2.2987710677572974, 2.2854531041375252, 2.2751534034215197, 2.267375306614823, 2.2616011913285523, 2.2578720519111704, 2.2565423602802923], "y": [0.9387357128058179, 0.9029348442282236, 0.8680343290352438, 0.85093708740395, 0.8360185599629001, 0.8252864648453583, 0.8214363925464274, 0.8231633752311837, 0.8279457438128079, 0.8438239474689687, 0.8645367077767251, 0.8880389852900662, 0.9121845086647323, 0.9371501031444373, 0.9625246827319627, 0.9880762445375624, 1.03513107167812, 1.0812846696268545, 1.1043186501378526, 1.1262023669464798, 1.145895777184582, 1.1560734972237252, 1.1517975086299865, 1.1417115963082087, 1.115726314180488, 1.0875770813760488, 1.0581889268300961, 1.028886347287671, 0.9991239624632767, 0.9690303406382765, 0.9387357128058179]}