{"x": [2.251057226406968, 2.2527726896724625, 2.2595363557530717, 2.2761022674181173, 2.291378044944293, 2.3121391206097814, 2.327066578914403, 2.3403132016746144, 2.3514786181779352, 2.360911020983769, 2.375288945514855, 2.385561569661026, 2.3924744001536693, 2.3970245855261134, 2.400392265441589, 2.3975916695856445, 2.3891285961185136, 2.3821887097812127, 2.372769555508479, 2.358764251440564, 2.3484420471377114, 2.334730842010418, 2.317488061281018, 2.305125180576196, 2.2882317573607334, 2.2764227661332503, 2.2673503774309163, 2.2604972290037355, 2.255440815644366, 2.252197147318351, 2.251057226406968], "y": [1.1260673123263063, 1.0859560586104755, 1.0463819722657342, 1.0076841207566887, 0.9922633382878335, 0.9859286995299531, 0.988917010163371, 0.9964194096013281, 1.0065538573934878, 1.018318352072526, 1.0439180292280628, 1.0714233264895145, 1.0988386143879443, 1.1267434714750215, 1.1831383108304772, 1.2368797930072284, 1.2900245635043557, 1.3167637869003703, 1.3427335312769153, 1.367496544349791, 1.3777833634758152, 1.3827199010639055, 1.3757883844276841, 1.3619132775510252, 1.3299129178182383, 1.2967423527791517, 1.262721323663959, 1.2289397724159634, 1.1948429759091783, 1.1605221879239709, 1.1260673123263063]}