{"x": [2.265318988022776, 2.267465703067517, 2.2755394097414756, 2.283353187729952, 2.294602005282846, 2.3099349966485336, 2.3280174679091505, 2.340710863672439, 2.3526899434039357, 2.3732493635974543, 2.3889548016640876, 2.400625196051867, 2.408629229266206, 2.413933911767606, 2.4169168967931567, 2.417862331909418, 2.4147377434231414, 2.405366506870191, 2.397688859883467, 2.3873606287846703, 2.3724638057273397, 2.3505092000488954, 2.3355597819965053, 2.323330323518957, 2.305493229166634, 2.292804955668393, 2.2830046806307736, 2.275619016885199, 2.2701493581637204, 2.266630714783916, 2.265318988022776], "y": [0.9028792752829164, 0.8683833677615552, 0.8347769504912108, 0.8183411561882573, 0.8040354033424997, 0.7937935206415638, 0.7901850557894472, 0.7918550913756021, 0.7963731621639957, 0.8113509440041036, 0.8309120806914926, 0.8531179526221608, 0.8759349661194797, 0.8995260872499475, 0.9235022387116477, 0.9476447363251507, 0.9927210798463195, 1.0369231128755327, 1.0589751385515327, 1.0799170998263878, 1.0987444819916892, 1.1084594676274842, 1.1044658192120889, 1.094985593839407, 1.070448383946002, 1.0438162891940244, 1.015991563419428, 0.9882473755982909, 0.960062790799366, 0.9315642436809739, 0.9028792752829164]}