{"x": [2.2660824299883298, 2.267623761661615, 2.273178186056518, 2.2784415988989895, 2.2859661026346956, 2.2963202867596704, 2.308702626543091, 2.3176999156038938, 2.326086638368895, 2.3402233613383427, 2.350925035679409, 2.3589535445817438, 2.3645773234140575, 2.3683939397040983, 2.3706000737922355, 2.371324923038597, 2.369393151082836, 2.363295849179462, 2.3581107120717872, 2.3510088791121673, 2.340783637865052, 2.326596097534637, 2.3165439800160064, 2.3079538274313647, 2.2949853099933595, 2.2856824293334896, 2.2785475844737273, 2.2732492807535123, 2.269387316190108, 2.266954418539145, 2.2660824299883298], "y": [0.9172053081443065, 0.8935873323878784, 0.8705800976170588, 0.8592949678624354, 0.8493732990582307, 0.8421170068940906, 0.8395595537951765, 0.8409305198046835, 0.8444651540864548, 0.8557089010180874, 0.8699055128013606, 0.8857678160588428, 0.9019933240678432, 0.9187363058393053, 0.9357567686619859, 0.9529042983932077, 0.9812338900208883, 1.0089669103068097, 1.0227704089848328, 1.0356927226783332, 1.0468447082130057, 1.0521017072904375, 1.0498032520311997, 1.0440991095224905, 1.0284980402931376, 1.0110632441844434, 0.9926347420003084, 0.9741959905752546, 0.9554038431158083, 0.9363720995148236, 0.9172053081443065]}