{"x": [2.2487527257130493, 2.250480899902137, 2.2570191363311687, 2.2699436986919883, 2.286667710503324, 2.2974242897235957, 2.307816369654381, 2.3176908660120734, 2.327027563499246, 2.3439086741181865, 2.3584939167403447, 2.3705158724436357, 2.379825484342431, 2.385997935467945, 2.3883758446023866, 2.3863247252632087, 2.378978314528574, 2.3646846456914656, 2.355270707552267, 2.3451726341805608, 2.3340985737602686, 2.323552989045395, 2.3137730863270694, 2.3047516806938155, 2.2965474333653106, 2.2890079486760175, 2.2757841982708236, 2.2650743038904793, 2.2566810505931802, 2.2509343308439633, 2.2487527257130493], "y": [1.1157154362531345, 1.099101189815072, 1.083730072902805, 1.0725787151462722, 1.0691575280763803, 1.0702345263066604, 1.0732125451820478, 1.077545655563889, 1.0829408018948345, 1.096080218840538, 1.1117290804941775, 1.1292035610894118, 1.1482617881134276, 1.168585971214522, 1.1896932476795707, 1.2092694399201556, 1.2275304541992673, 1.241782461897738, 1.2456579986130625, 1.2469506433052047, 1.2454404129754109, 1.241738217294096, 1.2363994630335362, 1.2298601179107538, 1.2225122494053386, 1.2144837366900176, 1.1968930964937434, 1.178100316174215, 1.158164826993772, 1.137273062042897, 1.1157154362531345]}