{"x": [2.137507406008038, 2.1391124922014173, 2.1451714939290922, 2.1564975130890702, 2.1704533894442277, 2.180670409683247, 2.1905705119239327, 2.2000277570930145, 2.2090292803767912, 2.2175069975161428, 2.2255076032015366, 2.240005084162292, 2.252263719743078, 2.261980899403728, 2.2685831281663007, 2.271159751507833, 2.2690983227761183, 2.262270131804035, 2.249609408227268, 2.2333321814706992, 2.22294902069457, 2.2129997637444463, 2.203674154784331, 2.194972430671914, 2.1869518073291117, 2.179498008639062, 2.166208286741752, 2.1551503635368383, 2.146269920635376, 2.13999658503848, 2.137507406008038], "y": [0.9459117208716116, 0.9320285078358147, 0.9194345249888543, 0.9109163837825605, 0.9084524530241783, 0.9094283343805399, 0.9121353295061734, 0.9160603956796997, 0.9209407859536742, 0.9265654410338886, 0.9328502434439151, 0.9471048338140707, 0.9632238692954325, 0.9809910826558494, 1.0001870764242533, 1.0203225330504595, 1.0365571101074145, 1.051429459911091, 1.0622796732916666, 1.0658953255158943, 1.0645330806309483, 1.0612653558919376, 1.0565611939794655, 1.050783987107013, 1.0442515701746995, 1.0370791399817387, 1.0212467723802052, 1.0040882629175676, 0.9857081147555132, 0.9662265224858655, 0.9459117208716116]}