{"x": [2.311575373234646, 2.3149193623427067, 2.3261555207863855, 2.3429659294496776, 2.3616924566999717, 2.38098469313947, 2.399577640684487, 2.417073268067404, 2.4331462911407082, 2.4475019201196666, 2.4592080527440827, 2.467276858147733, 2.4695183874064788, 2.4703328083752862, 2.469359581427459, 2.4662676686404588, 2.4610542262567976, 2.4538872753345466, 2.4451153072731886, 2.4351418344933706, 2.424438033648142, 2.413407086343542, 2.3937901480349817, 2.3753273086816797, 2.3586333640472494, 2.3439018109179934, 2.331370748618117, 2.321300117023197, 2.314265245153798, 2.312237358481676, 2.311575373234646], "y": [0.9278024597838034, 0.9090210502114551, 0.8936044243773864, 0.8850269465274345, 0.8826859760369548, 0.8847536002182582, 0.890300469441598, 0.8986240428624305, 0.9094423967713623, 0.9228293512421575, 0.9385856545003534, 0.9565819384174592, 0.9662121095012113, 0.9760661120892826, 0.9871351471382271, 0.9978080466001504, 1.0076324344252785, 1.0161373384285182, 1.022921321177566, 1.0277689686811602, 1.0305994605797502, 1.0315487963925416, 1.0287920943661155, 1.0216124538682558, 1.0110687776669292, 0.9979219819472209, 0.9827426585726143, 0.9658304807189593, 0.9473720344148368, 0.9376811198573375, 0.9278024597838034]}