{"x": [2.2957549853713153, 2.297738099806434, 2.304286401827647, 2.3142149666301863, 2.325368558314852, 2.3372103060730947, 2.3485576115415836, 2.359142678787037, 2.3687844880969977, 2.3773020610567723, 2.3842342730413066, 2.3869538225379845, 2.3890446762101516, 2.3903984700177356, 2.3908893706211702, 2.390356149496936, 2.3886522447242546, 2.3857282512491453, 2.381658307171759, 2.371005843629364, 2.358769022618876, 2.3468419965300313, 2.3355810024324746, 2.325319820255991, 2.3161842412032883, 2.308330458650351, 2.3019796118487448, 2.2994744312764612, 2.2975235534563736, 2.2962338997102276, 2.2957549853713153], "y": [0.9129380574379194, 0.9017611669437281, 0.8924888767939917, 0.8871857151305814, 0.8856700254531593, 0.8870747604798171, 0.8907406749727889, 0.8961839664744119, 0.9031631200185577, 0.9116297972442599, 0.9214368411092978, 0.9268318748727251, 0.9325002670340868, 0.9383945598664072, 0.9444223672840463, 0.9506445519886956, 0.9566525979099361, 0.9621821870390084, 0.96693209745772, 0.9732538132519235, 0.9751771649259612, 0.9735387274874961, 0.9692809768491253, 0.9630564639007547, 0.955273301530918, 0.9462069309258151, 0.9360310908503994, 0.9305493555514688, 0.9248467747919897, 0.9189526177218237, 0.9129380574379194]}