{"x": [2.2930362423916772, 2.294620664194476, 2.300385057174036, 2.305840478094901, 2.3135616566129467, 2.323890093355166, 2.335906886065207, 2.344951426756571, 2.3534594925753805, 2.3680755858571043, 2.3794004012547822, 2.3880231594615773, 2.3941374182329005, 2.39831646700498, 2.4007468269878256, 2.4015508025880212, 2.3995711827007606, 2.3932835410561015, 2.3879211723448113, 2.3805908397408637, 2.3701875251383413, 2.3562707511582817, 2.3462107135054273, 2.337446143981852, 2.323927182221858, 2.3140882483505867, 2.3064875628016503, 2.300807835270469, 2.2966410944140705, 2.293996177487567, 2.2930362423916772], "y": [0.882162238734203, 0.8592592729459522, 0.8370370316565556, 0.8262678578713681, 0.8169877649983498, 0.8104609487812481, 0.8082535456839992, 0.809544752439707, 0.8128739786600976, 0.8236355869677601, 0.8375014943887904, 0.8531910728824029, 0.8694037375272066, 0.8862195100806205, 0.9033650028934531, 0.9206632165779759, 0.9481483408772388, 0.974977737351858, 0.988265852893898, 1.000578254640508, 1.0109267620956974, 1.0155790694003692, 1.0134218991098092, 1.0080330158947328, 0.9929152636878532, 0.9757487315517811, 0.9574806165836671, 0.9391304650851505, 0.9203787815478628, 0.9013499797857546, 0.882162238734203]}