{"x": [2.241211749960914, 2.2430510917776703, 2.2496819425342163, 2.262630380694222, 2.2793463690032323, 2.2893153400535495, 2.2989708378454874, 2.3081661740060726, 2.3168687641523573, 2.3326032596756225, 2.346157122288801, 2.3572723322409765, 2.365815076649207, 2.371418079614561, 2.373532034764804, 2.371425500334584, 2.3640569074629614, 2.3499290578070764, 2.340671590568183, 2.33074302486753, 2.3204824235700814, 2.3106764983564085, 2.301550787466928, 2.293118917410219, 2.285444356784416, 2.278397042358589, 2.2660683768930823, 2.256143438763312, 2.2484287531456504, 2.243211480346648, 2.241211749960914], "y": [1.1393845787348453, 1.1227742405664594, 1.107434151563086, 1.0963112707178049, 1.0928534876224048, 1.0937914020441952, 1.0964430863494161, 1.1003492467158769, 1.1052561011727025, 1.1173185139978035, 1.1317881014417461, 1.1479922738809387, 1.165688166474862, 1.1845477766797905, 1.2041081890715162, 1.223369483371982, 1.2412898289190721, 1.2552343365082361, 1.2590449688655303, 1.2603276230548774, 1.2589990740416983, 1.2556992540209286, 1.2508842861427223, 1.2449373472449923, 1.238212302883382, 1.2308325697006524, 1.2145942704531718, 1.1971962836402963, 1.1787117504343587, 1.159343393212038, 1.1393845787348453]}