{"x": [2.177849945603144, 2.1796722550348138, 2.18660719435705, 2.2034468978682407, 2.218054728816592, 2.2363150942841403, 2.2505814694754513, 2.2636347390239018, 2.2750484911587523, 2.2849562097761673, 2.3005513236147253, 2.311964276986122, 2.3197641523528345, 2.3249463205103185, 2.3278755156249495, 2.328805822642931, 2.3260542176364347, 2.317672466505233, 2.3107220307195684, 2.301255820201544, 2.287253213341457, 2.265050462952972, 2.2484908303031537, 2.235828889134706, 2.2179867109726827, 2.2053571283477114, 2.195574562319777, 2.1881457795437584, 2.182624930454768, 2.1790692304859896, 2.177849945603144], "y": [0.9857965125741175, 0.9509498974903834, 0.9167517394836197, 0.8842171814814129, 0.8724176008846307, 0.8680383452096164, 0.8704590422822641, 0.8767041515296884, 0.8854426160140368, 0.8958575865439111, 0.9192553501381747, 0.9449537433212697, 0.9709101366785624, 0.9975130978867123, 1.0244422383924172, 1.0515142409272848, 1.0985554157404693, 1.1449255538240566, 1.1682107428920963, 1.1905915258536781, 1.211341592968725, 1.2229034336242488, 1.2173431559924173, 1.2053093134354147, 1.176238535666835, 1.145563887811129, 1.113866225748105, 1.0823262746322233, 1.0503970473433883, 1.0181831286761613, 0.9857965125741175]}