{"x": [2.266503353864192, 2.2690194029534667, 2.27835730048789, 2.287200327689735, 2.2994440786220904, 2.3149454007217516, 2.332235233064385, 2.3570759418637763, 2.378879800214641, 2.396522462948797, 2.410137182343825, 2.4197520359744975, 2.4262021467457227, 2.4298484435001173, 2.4310039041086138, 2.427517862384949, 2.4232094150975354, 2.4170892929860135, 2.4085566880464304, 2.3971649485282653, 2.3812089944640227, 2.3595660395585094, 2.344689792715808, 2.331852724457196, 2.312238316852872, 2.297958306398499, 2.2868214282309136, 2.278377773484034, 2.272079419586104, 2.2680035454480265, 2.266503353864192], "y": [0.8328129749446225, 0.7997210870170266, 0.7678744667996658, 0.7528943056817959, 0.7405373270738854, 0.7324213492676079, 0.7297340122673355, 0.7348226864700265, 0.7477666881624208, 0.7656724508929279, 0.7868034542554525, 0.8091984201560575, 0.832701100408902, 0.8567726626705716, 0.8810913900328486, 0.9242372865950799, 0.9454678919426239, 0.9662487828472901, 0.9869906218859938, 1.0063104951907742, 1.02284543854185, 1.030564202994883, 1.027340241236966, 1.0191606123905426, 0.9965035003303626, 0.9710252414912091, 0.9440246800760779, 0.9169291264293002, 0.8892561238620625, 0.8611617763164108, 0.8328129749446225]}