{"x": [2.2575624617178986, 2.259922497499885, 2.268308811686047, 2.281810125547302, 2.2972239717726257, 2.3166154797792706, 2.3350263105763593, 2.3520700345758083, 2.36753672647353, 2.381143408697521, 2.39222971314733, 2.3999723189080626, 2.403059569478571, 2.4002842015021155, 2.390941703004921, 2.375672475710129, 2.3575344723323033, 2.3475756028510175, 2.3378569429754643, 2.3285295277275253, 2.3196499175169243, 2.311294841711254, 2.3034268056965552, 2.2960550840017557, 2.2891862155868, 2.2770884204514914, 2.2672830637006727, 2.2633823508809146, 2.2603139349398926, 2.258258095833519, 2.2575624617178986], "y": [0.8948712631183281, 0.8794444177470989, 0.8662828425613148, 0.8585542417159315, 0.8564494634498352, 0.859035342611335, 0.8656503757307243, 0.8751367027223342, 0.8870220032781504, 0.9011712989241599, 0.9173712440496532, 0.9354992526976416, 0.9549682415112027, 0.973128027127523, 0.9889456819115092, 0.9992718452087178, 1.002556930304514, 1.0016002217918765, 0.9992249275476317, 0.9956367459564078, 0.991051089531548, 0.9856706047666114, 0.9796001091282303, 0.9729392947113404, 0.9657610375315053, 0.9501643600685434, 0.9330334530870456, 0.9239178796282947, 0.9144895147861292, 0.9047757737926275, 0.8948712631183281]}