{"x": [2.264977349082736, 2.266982389508285, 2.2746512005375275, 2.282076527776056, 2.292862005623003, 2.307914955692536, 2.3260669884662684, 2.3388793850922225, 2.3508608029187688, 2.371055815020029, 2.3861716102192774, 2.397284317378977, 2.404854960010042, 2.4098600988670946, 2.4135625426946015, 2.4105754059447304, 2.401604808520941, 2.3942496912864772, 2.384329736688283, 2.3698971777909583, 2.359937521751604, 2.3479619149211852, 2.3328671564234016, 2.320811321337016, 2.3035049687615707, 2.291265051718153, 2.28183084345469, 2.2747270973819638, 2.269481082714185, 2.2661241660227036, 2.264977349082736], "y": [0.9277074836356852, 0.893055511429753, 0.8592033519378306, 0.8424949961870317, 0.8277309146339002, 0.8168495844653615, 0.8129127890409169, 0.8147353988368345, 0.819626721831144, 0.8355003356240598, 0.8557626059980792, 0.8784684335495746, 0.9016007432783181, 0.9254202094405861, 0.9738857791685983, 1.0195354339062088, 1.0643945728355926, 1.0868339449019147, 1.1082633095456296, 1.1278125272093384, 1.1351549367372087, 1.1382679043150088, 1.1338858383185306, 1.1238006473498985, 1.098365505978134, 1.0710780339069983, 1.0426981569568707, 1.0144395068297232, 0.9857777929001661, 0.9568283421388523, 0.9277074836356852]}