{"x": [2.309444274040895, 2.311888336058129, 2.3205279186587653, 2.336227692679107, 2.3554974596960534, 2.3657602828182784, 2.3757952633477935, 2.385475262697581, 2.3947458321673047, 2.4118118350667612, 2.426768356397689, 2.4392511683493043, 2.448891188130115, 2.45518456702487, 2.457498082324336, 2.4545859091539306, 2.444953148479348, 2.437247114936693, 2.4278007347755017, 2.417046051598295, 2.4056507347582485, 2.395062746692719, 2.3848249363230005, 2.3751570609754014, 2.3661231904172526, 2.350140162389132, 2.336655713322461, 2.3257569332900316, 2.317299105225338, 2.3116073709143126, 2.309444274040895], "y": [1.1512488929113442, 1.1320703329870225, 1.1147744313799461, 1.1030729191276774, 1.0995966607379148, 1.1003919711783625, 1.1026848346516245, 1.1061438910109833, 1.1105850620295485, 1.1218524207118554, 1.1357989004224327, 1.1519182126717142, 1.1698827009815655, 1.189307440409202, 1.2095947459647376, 1.231814809992936, 1.2520489870154363, 1.2605470703524537, 1.2670560084543006, 1.2710612146463083, 1.2724219648061643, 1.2712747163886315, 1.26834062214321, 1.2639162797398131, 1.2583098724965045, 1.2445980086157626, 1.2284226560879186, 1.210789289578566, 1.1918635355625034, 1.1718974317089275, 1.1512488929113442]}