{"x": [2.3398487997018447, 2.3406631227611507, 2.343244881068874, 2.34776035152237, 2.3540575390245597, 2.3698893458476604, 2.387453424255256, 2.4043225201350857, 2.420618260031242, 2.435982242077161, 2.4501043820725483, 2.462716308550925, 2.4729770729240963, 2.480016796951748, 2.4826514264569592, 2.481706340436204, 2.478758045899792, 2.4738352791253697, 2.467129672688223, 2.4590105977426497, 2.449841368234384, 2.4400411543358493, 2.4299580901994573, 2.4128075034733727, 2.396564019732991, 2.3817671772542033, 2.368647592610797, 2.357447273901347, 2.348466640631552, 2.342244539242294, 2.3398487997018447], "y": [0.9346215809850786, 0.9256578075823669, 0.91703534391468, 0.9092211582526738, 0.902756144676589, 0.8948422555728045, 0.8926561865613583, 0.8943638018490687, 0.8990468785098283, 0.9061711952703352, 0.9155185475993134, 0.927168472455591, 0.940934305272067, 0.9566821888481187, 0.9737295428621777, 0.9838667501038437, 0.9936116830217078, 1.002531652677674, 1.010202006886497, 1.0162690238962704, 1.0205879709431165, 1.0231093430333793, 1.0239656883469004, 1.0217126499001985, 1.0157655461288475, 1.0068932239888002, 0.995688709439596, 0.9825906645619409, 0.9678816827860408, 0.9517473456081132, 0.9346215809850786]}