{"x": [2.2720774696720496, 2.27328296989609, 2.2776749722201663, 2.2863484746388285, 2.297666719085519, 2.3047917415862407, 2.311664529601391, 2.3181722542145726, 2.3243010418309358, 2.329999508293621, 2.3353138080531357, 2.3447696519763648, 2.3525232720826024, 2.3585256885127315, 2.36251382427725, 2.3640321193023244, 2.3626864342518297, 2.3579141334598916, 2.348614144378093, 2.336061173168072, 2.3288045232005588, 2.3218810649789563, 2.3154321541024867, 2.3094571939887785, 2.3039992244923995, 2.298969912278338, 2.290128709831477, 2.282959876929929, 2.277361068735366, 2.2735542248234393, 2.2720774696720496], "y": [1.1307900599450638, 1.1195275059767564, 1.1090867843415193, 1.1014111343738289, 1.0989529665036444, 1.0997394291513924, 1.101776400930995, 1.1047416401681849, 1.1084268926328453, 1.1126559970967882, 1.1173587689027884, 1.1279250572419317, 1.139623866856645, 1.1523105436536818, 1.1657883508114126, 1.1797615856864887, 1.1922994538681198, 1.2039713925222744, 1.2129544501689027, 1.2160541332824828, 1.2151194024733565, 1.2127533051190074, 1.2093458312475445, 1.2051626289673587, 1.2004438374170388, 1.1952705943943045, 1.1838833838068836, 1.171642736624993, 1.1586089744895869, 1.1449207921123776, 1.1307900599450638]}