{"x": [2.325315499663736, 2.3281287264676873, 2.337706269671798, 2.3527507189747427, 2.369824609259249, 2.388051479095081, 2.40548825884318, 2.421730061311447, 2.4364939029185355, 2.4494754945768498, 2.4599516093445337, 2.467117736577705, 2.469845450405479, 2.469064470021016, 2.466522172791927, 2.462145851355234, 2.4560004385753578, 2.4482922930557276, 2.4393962413274455, 2.4297672029013215, 2.419811849351677, 2.4012887132054535, 2.3839918736088506, 2.3684922026338677, 2.3549045692986392, 2.343432527966105, 2.33424813417629, 2.3306480127397258, 2.327850293779933, 2.3260022012512382, 2.325315499663736], "y": [0.9381740795117961, 0.9210886879411948, 0.9066631717859711, 0.8982633337184109, 0.8959449280285575, 0.8981091195276605, 0.9038415902753791, 0.9123104197184515, 0.9231522922760353, 0.936298577456964, 0.9515169070438746, 0.9686241827859565, 0.9869700771525823, 0.9969206093420944, 1.0065725389944693, 1.0155591826584776, 1.0234424469205738, 1.0298332404858135, 1.034428674458033, 1.0371123403821596, 1.038013106448165, 1.0351932552350356, 1.0279906533770204, 1.0175986836013526, 1.0048077080131301, 0.990220080956468, 0.9740939063886028, 0.9655009646148112, 0.9566143290699155, 0.9474740266087444, 0.9381740795117961]}