{"x": [2.213572131611817, 2.2158400006102585, 2.223833976687799, 2.23770346082135, 2.25415549287905, 2.264168230658735, 2.2739700316758, 2.283450567557051, 2.2925686966770233, 2.3095090431626177, 2.324602930001206, 2.337526483295629, 2.347793378668413, 2.3547499439568815, 2.357442851814341, 2.354840956803434, 2.345959025145439, 2.330501115102406, 2.321108427246355, 2.3112873653504455, 2.3010313760896954, 2.2910844885611206, 2.2816303932753876, 2.272722169966569, 2.264439831165705, 2.2567160141629627, 2.242929303457369, 2.2314839530110615, 2.22238005914573, 2.2160593162438165, 2.213572131611817], "y": [0.979060689881666, 0.9626620305480154, 0.9481652859407965, 0.9389360665714247, 0.9363146697164544, 0.9370682510179165, 0.9392471267473939, 0.9425123150877556, 0.9466838539938703, 0.9572299992798643, 0.9702826273504552, 0.9855094767374117, 1.0026403270201958, 1.0214190112773256, 1.0412629279852976, 1.0604939594872496, 1.0777483421275982, 1.0898558668770706, 1.092896029650442, 1.093901971043628, 1.0928094307405913, 1.0900820898150279, 1.0859985829000673, 1.0808315234000747, 1.0748399096486076, 1.0681437001038567, 1.0530737136564294, 1.036428495756416, 1.0183957909602268, 0.9991574461750005, 0.979060689881666]}