{"x": [2.288905765322643, 2.2917358450905683, 2.3014186246355175, 2.317228864434172, 2.335488346374461, 2.354881759308064, 2.3733257052753314, 2.3903587158552098, 2.40568446755469, 2.418949328177458, 2.4294993106750753, 2.436598067680972, 2.439277858084934, 2.4385186861600245, 2.436015769200749, 2.4316645594080537, 2.425463404658732, 2.4174849859413854, 2.408097001818397, 2.39778527076671, 2.3870513667623006, 2.377015085553904, 2.3672149819379356, 2.3578162959385134, 2.3488928947595045, 2.332703768089953, 2.318679620033621, 2.3070026738380607, 2.29774761596753, 2.29137653612785, 2.288905765322643], "y": [0.9629167001927943, 0.9446822505497359, 0.9289740270485899, 0.9194623166534763, 0.9168113476978437, 0.9192888855788227, 0.925774524816513, 0.9352743908968643, 0.9473364073039466, 0.9617735769899362, 0.9782988989288119, 0.996636606318932, 1.0161169191178905, 1.0267895489747083, 1.0371922782688494, 1.0469852823188175, 1.0557249410511536, 1.0630049495797886, 1.0683453094471418, 1.0715121414179491, 1.0725816865725668, 1.0716609616590305, 1.0693088043563206, 1.0656968190105134, 1.061032631187053, 1.049284129891398, 1.0350209473464373, 1.0189983559484532, 1.0014650045467988, 0.9826381606305571, 0.9629167001927943]}