{"x": [2.234856102271398, 2.2372858055573617, 2.245696113257006, 2.25874199826936, 2.273432158984051, 2.291367433705061, 2.308485596464071, 2.3244277713591406, 2.338973717590971, 2.351870422213618, 2.3624382166454208, 2.366618038393787, 2.3698580015091015, 2.371986786400307, 2.372801661798512, 2.3699819720660362, 2.3607440027006756, 2.3461415965946046, 2.3290931679275446, 2.3109243158650523, 2.2939643903957943, 2.2787002046056837, 2.2651996968316186, 2.259170312141977, 2.2536362315351868, 2.248635093927234, 2.244223734561026, 2.2404687822610567, 2.2375124228853407, 2.235531806682451, 2.234856102271398], "y": [0.8590561396288783, 0.8443346085710937, 0.8320100940110617, 0.824992046889207, 0.8230822617346147, 0.8253248972750682, 0.8311276550023414, 0.8395506661537936, 0.8502050317127167, 0.8630250918184035, 0.8778237624372258, 0.8859627643853135, 0.894519451920248, 0.9034279411515939, 0.9125509277011528, 0.9296203619822064, 0.9442482859246975, 0.9535162142306202, 0.9564275436785711, 0.9535793845368958, 0.9464674140756076, 0.9363499492154544, 0.923976802773508, 0.9171219884468466, 0.9098614160846815, 0.9022229229302943, 0.8942293090050748, 0.8858632115196502, 0.877182705016439, 0.8682150351433426, 0.8590561396288783]}