{"x": [2.284668670997808, 2.286759880071683, 2.294971083719913, 2.302935767684214, 2.314413241969195, 2.330039834494012, 2.3484426304613244, 2.361719752446449, 2.374263206738785, 2.3958395232861154, 2.412386094260122, 2.4247243883544396, 2.4332122072638924, 2.4388484744623984, 2.4420231690175056, 2.443031309976713, 2.4398236630023393, 2.4301773448794584, 2.422260986516979, 2.4116037390540486, 2.3962355341798545, 2.373675746880859, 2.3581050516580007, 2.345360543842745, 2.3267473592723, 2.3134823025625875, 2.3032177710550688, 2.295463534472838, 2.2897054037040334, 2.2859872934976635, 2.284668670997808], "y": [0.9233495181256925, 0.8881994363590642, 0.8539579770116795, 0.8372199544869409, 0.8226643654323041, 0.812259823196432, 0.8085474124351918, 0.8102315237523581, 0.8148984235319291, 0.830438695907291, 0.8507860515719426, 0.8739284454062851, 0.8977486136489837, 0.9223996983516329, 0.9474664284189441, 0.972713275619972, 1.0189368171930653, 1.0642562759425236, 1.0868616300364289, 1.1083114281694628, 1.1275509345865793, 1.137419892244486, 1.1332613502934052, 1.1233963849397435, 1.097862900250764, 1.0701422554844153, 1.0411761499694325, 1.0122846010952136, 0.9829299811628424, 0.9532411719695862, 0.9233495181256925]}