{"x": [2.2744800472200666, 2.2761399102893782, 2.2822611809881117, 2.2879909823721176, 2.295952048402881, 2.3062612595410017, 2.3179763484656464, 2.3264681333975297, 2.3345498163590412, 2.348736340676794, 2.3599866425039, 2.368652030270801, 2.3748375706026352, 2.379071289630129, 2.3815295169366184, 2.3823388594197823, 2.38024810423841, 2.373670477880403, 2.368108348345067, 2.3605801089392764, 2.35013426025682, 2.3366308888457312, 2.3271769848101727, 2.318746756404423, 2.3054178282336633, 2.295594902256495, 2.2879835476096937, 2.282296657082416, 2.278121306351452, 2.275463995468252, 2.2744800472200666], "y": [0.8324800007180235, 0.8101004595687666, 0.7885104375101171, 0.7782280049771267, 0.7695573377392798, 0.7636606560546674, 0.7617094050027318, 0.7627876346859358, 0.7656088739683662, 0.7750231303919576, 0.7875479403996111, 0.8019823164435571, 0.8170825514823602, 0.8328417910141427, 0.8489619885400446, 0.8652484434799452, 0.8917369888595739, 0.9174809031899847, 0.9301282248017286, 0.9417134585226274, 0.9512061126574227, 0.9553152728823124, 0.9535702458275155, 0.9489493508966155, 0.9354324418666288, 0.9197010340502821, 0.9027884840628396, 0.8857257554535298, 0.8682316456522959, 0.8504410381030477, 0.8324800007180235]}