{"x": [2.2579041115531084, 2.259557840403649, 2.2651816651117636, 2.273969416056271, 2.2839242899969583, 2.29577021526495, 2.3070417715474547, 2.31748318134063, 2.32695554546399, 2.335292674288678, 2.3389149408852123, 2.3421004449383456, 2.3447900462467413, 2.346875119156342, 2.3482432859888642, 2.348752273394083, 2.346903656027006, 2.340880974885088, 2.331407947270575, 2.3204362051672676, 2.3085132776671036, 2.297340262238361, 2.2872215201377246, 2.2782270167856464, 2.270488003692712, 2.267139920120443, 2.2641894033523027, 2.261682730098974, 2.259714310844241, 2.2583981253858134, 2.2579041115531084], "y": [0.8700661314210746, 0.8600944753307893, 0.8516955861217073, 0.8468189830940264, 0.8454382917536858, 0.8470018774558421, 0.8509670716091167, 0.8567125748819994, 0.8639450132151062, 0.8725682307216214, 0.8773553424284631, 0.8824435462095259, 0.8878440940494621, 0.8935055729314513, 0.8993884927160275, 0.905406927520418, 0.9163746654375102, 0.9257253858937464, 0.9315266150466995, 0.9332625260723338, 0.9314597362645224, 0.9269243225574398, 0.9204528386046735, 0.9124924393873259, 0.9033365415912313, 0.8983590307186162, 0.893136030728685, 0.8876578685410966, 0.8819641002467182, 0.8760776598914529, 0.8700661314210746]}