{"x": [2.2425279532593025, 2.244196763131445, 2.2502669071629957, 2.25596297476734, 2.2639148921778967, 2.2742867909512197, 2.2861269583657924, 2.2949337882013827, 2.303289024178567, 2.317874818617459, 2.3293788159258098, 2.3382207426882484, 2.34452905629596, 2.348849300266318, 2.3513622080966505, 2.3521921237573977, 2.3501221946842126, 2.3435788718154296, 2.3380232138599464, 2.3304766076936283, 2.3199330977465262, 2.3061870132405895, 2.296377695737277, 2.287692988839514, 2.2740610004534947, 2.264046098007348, 2.256286081471826, 2.2504824699593557, 2.246220359362887, 2.2435120810077573, 2.2425279532593025], "y": [0.8579551021634192, 0.8353553810860873, 0.8135222486814417, 0.8030789885473625, 0.7942317359864267, 0.7881777779829536, 0.786168517604911, 0.7873247081283687, 0.7903391832145383, 0.8002983777189017, 0.813422732820574, 0.8284696920493685, 0.8441609932707178, 0.860511750030848, 0.8772244802314605, 0.8941046845109784, 0.9210967806936792, 0.9473654462201015, 0.9603031709754781, 0.9721900878396059, 0.9819892681590521, 0.9862594786565948, 0.9843513661192523, 0.9794077369426346, 0.9651548707148955, 0.9487022141730967, 0.9310735352192826, 0.9133094778217055, 0.8951139274020135, 0.8766201776660653, 0.8579551021634192]}