{"x": [2.28768289051576, 2.28918005982158, 2.2944806605052785, 2.3047778028715684, 2.3113397044861386, 2.318264277593463, 2.3253024712140724, 2.3321246221775147, 2.3447316852645463, 2.355705742862293, 2.3650338148020014, 2.3725470897062344, 2.3782308818668123, 2.3818877763763626, 2.383214607783762, 2.381534436045607, 2.3758434415290157, 2.3710671014996105, 2.3650100916304653, 2.3579086280024204, 2.3502771811444703, 2.3430683458342014, 2.3361573995638856, 2.329700375787585, 2.323722179967697, 2.3132879984239785, 2.3046087065948067, 2.297710365824603, 2.2924435890567443, 2.288971059508292, 2.28768289051576], "y": [1.2327205404148232, 1.2192846399911133, 1.2068480581247756, 1.1976282729855658, 1.1953073185893606, 1.194603280671435, 1.195312541256584, 1.1971826953280018, 1.2034933602912834, 1.2122052244720602, 1.2226605385061102, 1.2342919967505466, 1.246918739297776, 1.2602860814295886, 1.2740809439348564, 1.2888500652284631, 1.3025818714558712, 1.308585837882465, 1.313294730360876, 1.31624136812343, 1.3171765037384209, 1.3163378516555686, 1.314122120287494, 1.3108506551708927, 1.3067693790474337, 1.2969768071663255, 1.285599790778976, 1.273365449036192, 1.2603451846095906, 1.2467210836172142, 1.2327205404148232]}