{"x": [2.255295470560008, 2.257706169234967, 2.2662853253129787, 2.2819572410564297, 2.3011805559869076, 2.311961709325119, 2.322492063176494, 2.3326391851312844, 2.34235235862443, 2.3602316147849427, 2.3759257990734604, 2.3890693958612927, 2.399272490408571, 2.405989893163165, 2.4085094362790964, 2.4056686151291458, 2.3960695254662556, 2.388323062956361, 2.3787927482521884, 2.3679283201489225, 2.3564183014887976, 2.345286786527739, 2.3345423372792484, 2.3244159525873376, 2.3149642932682823, 2.2982499594871943, 2.2841212583997996, 2.27265439416646, 2.2637034263697635, 2.2576282940862726, 2.255295470560008], "y": [1.1021414815730255, 1.0830183637942572, 1.0657584917590648, 1.0541139165222788, 1.0506978897954162, 1.0515560238512576, 1.0540220548982315, 1.0577170344495228, 1.0624362736405277, 1.0743383333037066, 1.0890018732786637, 1.1059091322403143, 1.1247374726817005, 1.1451096030827679, 1.1664121639460183, 1.1888539185601994, 1.2093370846390292, 1.2179554773866061, 1.2245477058875094, 1.2285869147207302, 1.2299545683512128, 1.2286979100100577, 1.225528268727313, 1.220786173019073, 1.2148114533811984, 1.2002912872786606, 1.1832447632055847, 1.1647046494319733, 1.1448274018964921, 1.1238530078382747, 1.1021414815730255]}