{"x": [2.239285947506998, 2.2415094528158215, 2.2497371298541973, 2.257688143649009, 2.2690942500340294, 2.284460852969339, 2.3023807221223165, 2.315798404413192, 2.3284924909952434, 2.3504278862683647, 2.367381920290755, 2.380106333819854, 2.3889126763566946, 2.3947815181238252, 2.3980952087730545, 2.399148052109088, 2.3959653529526403, 2.3863630335448303, 2.378456629828179, 2.3677995608468483, 2.3524569630192373, 2.330198178704007, 2.3144759659076084, 2.3015419990545443, 2.2825542377061976, 2.268968972326272, 2.2584290939807987, 2.2504493767316944, 2.2445144797088865, 2.2406868640599877, 2.239285947506998], "y": [0.9061454283759101, 0.8719411690121335, 0.8386668446007342, 0.822471097578692, 0.8084917707314905, 0.7986432289522023, 0.7951784705926634, 0.796866186414682, 0.8015290984449622, 0.8170530599884424, 0.8374456234897345, 0.860713309582836, 0.8847484512700472, 0.9096642374529648, 0.9350255328346463, 0.9605807156762042, 1.0059406971234175, 1.0503867650350156, 1.0725397050690633, 1.0935085117258556, 1.1121895425357387, 1.1216194280614311, 1.1174916715366783, 1.1076459186154068, 1.0820353638123839, 1.0541537465307467, 1.0249843279190343, 0.9958666786308291, 0.9662644762672341, 0.9363104768999901, 0.9061454283759101]}