{"x": [2.24487250266085, 2.2474338928890414, 2.2561932094523827, 2.270269653309859, 2.2863739891046233, 2.3051424705819366, 2.3229872797935265, 2.339499217633069, 2.3544353534052007, 2.3674927873591125, 2.378029966494601, 2.385279657223722, 2.3881030129694647, 2.385207546654304, 2.375639231812608, 2.3600100165579176, 2.341351873280891, 2.331692811394858, 2.3222575689163896, 2.3131949079338923, 2.3045666052811224, 2.2964507651974557, 2.2888165179346536, 2.281675630020414, 2.2750361251167446, 2.268951367403692, 2.26339827361731, 2.2540413992189077, 2.250353838537387, 2.2474762999711793, 2.24487250266085], "y": [0.8939730256101543, 0.8778776796623018, 0.8641337626651244, 0.8559964959646748, 0.8537578022302836, 0.8561761434700648, 0.862474322216198, 0.8716143674579121, 0.8831511073108318, 0.8969357853825964, 0.9127307778444363, 0.9303554590430182, 0.9492026356313703, 0.9678827981402516, 0.9841855447686766, 0.9949585249644303, 0.9984518273031187, 0.9975493292541634, 0.995293630112189, 0.9918590030309441, 0.9874452879740891, 0.9822447588968737, 0.9763599792343015, 0.969888981297837, 0.9629044935477146, 0.9555141670208496, 0.9477164524838921, 0.9310261834515557, 0.9221553726515563, 0.9129897215656124, 0.8939730256101543]}