{"x": [2.222929568877411, 2.2256862232130694, 2.2347978640274087, 2.247868548604332, 2.262178344449888, 2.2798176238499983, 2.296812345395141, 2.3128508316427405, 2.3277077792612797, 2.341190548249022, 2.3471648538975693, 2.352491930795976, 2.3570630869282967, 2.360658622445893, 2.363056357623021, 2.364061783067675, 2.3608538783533954, 2.350891330216791, 2.3361472833940025, 2.3194867890188466, 2.3016838639187296, 2.2848364730667106, 2.26939575399421, 2.2555050314802756, 2.243343221527984, 2.238012550249857, 2.2332645666832938, 2.229174328498212, 2.225915781867827, 2.2237034315686413, 2.222929568877411], "y": [0.772801023440227, 0.7584252218990742, 0.746969183545988, 0.7409277020398358, 0.7393239449020166, 0.7412705826958039, 0.7463806723289154, 0.7539022369442331, 0.7635499352623204, 0.7754044984433619, 0.7821171780022516, 0.7893542109965843, 0.7971641154045882, 0.8054684636384903, 0.8142059876527767, 0.8232105742371296, 0.8398861520603583, 0.8536379949557775, 0.8617844182629332, 0.8642701890865102, 0.8617919511550783, 0.8555268711999228, 0.8464330702663992, 0.835112255413426, 0.8219164923394402, 0.8146903328289771, 0.8070686473462416, 0.7990161557326247, 0.7905927037409722, 0.7818175837898392, 0.772801023440227]}