{"x": [2.3399441568363235, 2.3419093605950168, 2.348223230702534, 2.3585959089565303, 2.370757703722753, 2.3829821067082038, 2.394534702801571, 2.4050811602660565, 2.414442802785658, 2.4223972556050906, 2.4286407505347634, 2.432789888326833, 2.4343185154167952, 2.4338236045590707, 2.432250780201815, 2.429514972820955, 2.425595907080763, 2.420523615037702, 2.4145417361688493, 2.4079716700273246, 2.4011343960762686, 2.3948345322098263, 2.3886820987824007, 2.3827745451840796, 2.3771580413126308, 2.3669559363661343, 2.358134859467562, 2.350836779732977, 2.3451350272169096, 2.341316800704199, 2.3399441568363235], "y": [1.040883577034837, 1.028756739326109, 1.0182183683470434, 1.0115678439559532, 1.0095897951947537, 1.0112747742135082, 1.0156121358709977, 1.0219528230134955, 1.029939795395094, 1.0393446023767916, 1.0499626287980581, 1.0615911441358612, 1.0738427159778308, 1.0806232229198134, 1.0872373316797745, 1.0934742698286322, 1.099044275503844, 1.1036814178067238, 1.1070649604037122, 1.1090543326198088, 1.1096667506440374, 1.1091284540345834, 1.107670506540139, 1.1054365993796207, 1.1025479292736982, 1.095238066270762, 1.0863102644802591, 1.0762259441383963, 1.0651604345335384, 1.0532834626575707, 1.040883577034837]}