{"x": [2.225077892564551, 2.2274255067809685, 2.2361324820967763, 2.2445614400371676, 2.256608401447854, 2.2726279976439963, 2.2910519140072814, 2.3050188155574194, 2.3182588020389314, 2.341309618608341, 2.359336332051291, 2.3729777059350408, 2.3824881624238836, 2.388846062333316, 2.3924418304853985, 2.393583659588852, 2.390229157712102, 2.3801092888144093, 2.371772266266173, 2.3605446331396673, 2.3444533838828914, 2.3214554727776213, 2.305037615021933, 2.2914220740986853, 2.2712968453088864, 2.2568412424936435, 2.245598806663227, 2.237067689565107, 2.230704798040232, 2.2265875661442087, 2.225077892564551], "y": [0.9220592341929195, 0.8869914296448168, 0.8529407205599392, 0.83645922423452, 0.8224036995607443, 0.812753533924755, 0.8095422312407726, 0.8113729679484654, 0.8161821980088285, 0.8320870328250431, 0.8530809691107716, 0.8771562817128379, 0.902167099026038, 0.9281587683460734, 0.9546512660995965, 0.9813622790366318, 1.027955959262475, 1.0735609148410388, 1.096256514462926, 1.1176699784877724, 1.1365871296326253, 1.145961722683793, 1.1417719279119922, 1.1316864195518144, 1.105214463034095, 1.076263500282353, 1.0459199617015646, 1.0156026143468553, 0.9847572723806751, 0.9535252624037699, 0.9220592341929195]}