{"x": [2.2114561459118125, 2.2132659198727462, 2.21989616669731, 2.2361234079908496, 2.251121194299558, 2.271489733276023, 2.2870955297769466, 2.300885244657745, 2.3124827674661117, 2.322286698263201, 2.3372728706848775, 2.348029288812459, 2.355303914022247, 2.3601107771959935, 2.3636842920730747, 2.360947761209233, 2.352615226326485, 2.3457434852406083, 2.3363823660462026, 2.3224081101475473, 2.3120869644492994, 2.2983876087395765, 2.2804505897889404, 2.267683215701172, 2.25022540915207, 2.2379760034364264, 2.2285329675426206, 2.2213738892831816, 2.216079028310947, 2.212686350093844, 2.2114561459118125], "y": [1.1368108088976383, 1.0974682794591515, 1.0586462530894056, 1.0206626193156867, 1.0055428360772676, 0.9993247930328133, 1.0024970246116511, 1.0104624311376424, 1.0211410236688503, 1.0334867846686444, 1.0602765502299925, 1.0890267914767862, 1.1177029301458128, 1.1468942844709726, 1.2059013950460296, 1.2595510446402542, 1.3126202670312, 1.339335333975043, 1.3652830713483375, 1.3900223636246953, 1.40028405188714, 1.4051989219422407, 1.397818788074396, 1.3832175147173986, 1.349733682709468, 1.3150766970991927, 1.2795522876729186, 1.2442648585569498, 1.2086499810136535, 1.1727999730344356, 1.1368108088976383]}