{"x": [2.2458033173381797, 2.2476135527657495, 2.2545545576856214, 2.271434277874201, 2.286688549036267, 2.3068467435374758, 2.3214878845410114, 2.334631520871631, 2.345848053608155, 2.3553987760498014, 2.370076894242776, 2.380616024623008, 2.38772180990005, 2.3924040116757026, 2.395869710127707, 2.393041821363258, 2.3844979385577654, 2.377482931993023, 2.3679638595858785, 2.3538380475204654, 2.343533942028944, 2.3301372466109775, 2.313119627835362, 2.300670784840588, 2.2835305287294636, 2.271528029228089, 2.2622999620964093, 2.2553337302238265, 2.250197830444945, 2.246916825281174, 2.2458033173381797], "y": [1.0895200025209968, 1.0507479906212038, 1.0125594018836865, 0.9755089944596974, 0.9611418949194018, 0.9554188247347867, 0.9581731509456324, 0.9651870048626711, 0.974800637574097, 0.9860707858154623, 1.0108512176250113, 1.037655017452333, 1.064455249694573, 1.0917832869305968, 1.1470717588728185, 1.1992055122473202, 1.250712087190559, 1.2766128789072395, 1.301701692931856, 1.3254597667361794, 1.3351475531613737, 1.3396814640205361, 1.333209194330617, 1.3199232644865042, 1.2888609007880103, 1.2565066917017758, 1.223254659930927, 1.1902255054323017, 1.1568627122809791, 1.1232620784558691, 1.0895200025209968]}