{"x": [2.249025894436489, 2.251876098382527, 2.261424424726305, 2.275988606995435, 2.2922734474186828, 2.3116249097280135, 2.330165720433762, 2.347519070751969, 2.363428590541019, 2.3776276607931037, 2.3893034059023073, 2.3939288216600922, 2.3975114865972613, 2.3998599533565397, 2.400755205289458, 2.399997700778359, 2.3974496576568476, 2.386830692971029, 2.370361575263809, 2.3512463961302665, 2.3316239094664266, 2.3132540117945757, 2.2966843968312864, 2.2820194313389006, 2.2694559819338513, 2.2640246965013664, 2.2592357361443547, 2.255162252740778, 2.251958138096415, 2.2498153232744613, 2.249025894436489], "y": [0.8752582219563443, 0.8589502314807933, 0.8454260427835969, 0.8378629690562049, 0.8358333233324957, 0.838132915892292, 0.8441333790264284, 0.852908852570025, 0.8640907523756308, 0.8776779923915519, 0.8934863339686682, 0.9022309799995537, 0.9114520329267322, 0.9210729490669599, 0.930935800960471, 0.9406606280440926, 0.9500762295193884, 0.9663403077155792, 0.9765676329907692, 0.9797987236783553, 0.9768086550140822, 0.9692900545448875, 0.9585035703802163, 0.9452431341968366, 0.930062279238362, 0.9218332516289484, 0.913214573334419, 0.904189684143441, 0.8948208239515917, 0.8851409526480324, 0.8752582219563443]}