{"x": [2.236193911776019, 2.2377444672788607, 2.2434628253730726, 2.2488156083979236, 2.2562287512673036, 2.265743045122863, 2.27647685798211, 2.284726051471654, 2.2925834809867602, 2.306420937184088, 2.317472229281502, 2.3260508186924818, 2.33222889732649, 2.3364868263784513, 2.338977241812423, 2.3398047188071533, 2.337879426886207, 2.331753294195277, 2.326538490285938, 2.319463888695035, 2.3096886720178573, 2.2972152317282974, 2.288090282826693, 2.2799209100400533, 2.2669141190896984, 2.2572503836956677, 2.2497164861293224, 2.2440501149661527, 2.2398654228055164, 2.237186277701705, 2.236193911776019], "y": [0.7841292776486779, 0.7636077920013354, 0.7438382200219567, 0.7344702076777802, 0.7266307399541442, 0.7213655325823786, 0.719624998830826, 0.7206460833255615, 0.7233576526476458, 0.732406454508511, 0.7444594164840848, 0.7583810813674542, 0.7729984225613705, 0.7882858474385636, 0.8039478449164064, 0.819785004253008, 0.844201305141834, 0.8679148665851868, 0.8795419150024573, 0.8901406152548654, 0.8987152601364807, 0.9023884989354662, 0.9007053105559514, 0.8963054055739392, 0.8833856154566309, 0.8682891240678388, 0.8520246775209209, 0.8355774678283395, 0.81869236136284, 0.8015004097229981, 0.7841292776486779]}