{"x": [2.3259176031628734, 2.328695059536929, 2.33827855909239, 2.3540690151729833, 2.3724226324774307, 2.3908607528209425, 2.4083936909302794, 2.4245580199294703, 2.43905121541156, 2.4515193358760166, 2.4613609964943133, 2.4679120257786327, 2.4703393270788148, 2.4695648356465734, 2.467069181282748, 2.4627602690632284, 2.4566398832545806, 2.448766709595723, 2.4394921571001573, 2.4292825774577858, 2.4186393842677028, 2.409107867785615, 2.399796515400118, 2.390863044937134, 2.382382367688583, 2.367013211899855, 2.3537427755438043, 2.342755667377502, 2.3341060831293765, 2.3282040750162816, 2.3259176031628734], "y": [1.013082342234467, 0.9947524198307146, 0.9788824212324843, 0.9691285798838276, 0.9663680262926445, 0.9687188433759336, 0.9748902859961869, 0.9839780313105773, 0.9955460878289059, 1.0093861357305498, 1.0252020350129258, 1.0426920318389057, 1.0612102440111137, 1.0717839453396094, 1.0820880564637756, 1.0917917675267157, 1.1004675735677623, 1.1077250808029941, 1.1130768048933188, 1.116269595019774, 1.1173428442844338, 1.1164865286158698, 1.1142770491012257, 1.1108694784529747, 1.1064539891661862, 1.0952893832208555, 1.0816969259561549, 1.0664214449493614, 1.0497109225702879, 1.031800766905533, 1.013082342234467]}