{"x": [2.1807038022932037, 2.1823208774301395, 2.188471207573577, 2.200051934143135, 2.2144263686908974, 2.224442824853043, 2.2341536468523504, 2.2434303512449367, 2.2522547401506308, 2.260557179487184, 2.2683816240881023, 2.282521608450718, 2.2944157236149585, 2.3037840507745035, 2.3100923415295416, 2.3124536846371555, 2.3103996502152095, 2.3034515334673813, 2.2905905411009835, 2.273972797265126, 2.263785461074818, 2.254019159029536, 2.2448662761323437, 2.2363337458406862, 2.2284814101975656, 2.2211977541329633, 2.2082548896540994, 2.1975524667803694, 2.189015831998297, 2.1830406187233007, 2.1807038022932037], "y": [0.9979130127222732, 0.9836097844526759, 0.9705955341839348, 0.9616864145870996, 0.9590670117349799, 0.96001822652876, 0.9626515020042559, 0.9664885290202062, 0.9712749871208913, 0.9768042983771956, 0.9829915310860411, 0.9970419627607244, 1.0129271009099012, 1.0304211580662723, 1.049285460776689, 1.0690359166632872, 1.085630877632717, 1.100840593627501, 1.1120200724262939, 1.1157931958892908, 1.1144876349772244, 1.111308696111846, 1.1067075201776124, 1.1010381276061418, 1.0946151258153867, 1.087553788733159, 1.0719522535875574, 1.0550544519303602, 1.036965686831227, 1.0178265506963253, 0.9979130127222732]}