{"x": [2.276484950546391, 2.278078532801034, 2.283669133272465, 2.292897787906838, 2.3035834287838304, 2.3102925700400085, 2.31687365652101, 2.3232553329656485, 2.329409472912724, 2.3409047778827494, 2.35123850811205, 2.360221280429512, 2.3674925848572443, 2.372553166164281, 2.3745564265477883, 2.3728008172214468, 2.366840326094758, 2.3569182872990018, 2.345067213000895, 2.3382488132380153, 2.3315962205636946, 2.3252098013150015, 2.3191247066903147, 2.3133944277014464, 2.3079928545540396, 2.3029280425947745, 2.2982066484080437, 2.289891676437816, 2.283167681169974, 2.278412404650209, 2.276484950546391], "y": [0.9035662908595642, 0.892879876552834, 0.8836341131172794, 0.8780117510779123, 0.876400509224498, 0.8769297478828731, 0.878337572688184, 0.8804518759064819, 0.8831579124647642, 0.8900163165043652, 0.8985247688825787, 0.9085034477072603, 0.9197902701791852, 0.9322805223670672, 0.9456072935708466, 0.9574663091954362, 0.9678677976091039, 0.9747011897306672, 0.9768677860780055, 0.9762919124946372, 0.9746902831929444, 0.972260519631498, 0.969152188054395, 0.9655037031661798, 0.9613841708137142, 0.9568593361116486, 0.9519772375672482, 0.9413475815597595, 0.9296464605305054, 0.9169686734809682, 0.9035662908595642]}