{"x": [2.165853785789979, 2.166946193297195, 2.1708512544845973, 2.1781474071768576, 2.1872023611966176, 2.193709830639872, 2.2000058460212237, 2.206001575400284, 2.2116885360158, 2.2170244350898436, 2.2220455438373854, 2.2311153071473067, 2.2387593581972314, 2.244842856102257, 2.2490318827342626, 2.250705688111012, 2.2495600749937172, 2.2453798180658757, 2.23747388012476, 2.2273265065948507, 2.2207229984000016, 2.2143903505179545, 2.2084373439145484, 2.2028641513865184, 2.1977091289026323, 2.1929070714918586, 2.184326581203765, 2.177176623947786, 2.171454377375443, 2.1674463236313595, 2.165853785789979], "y": [0.9593520266963873, 0.9503402877464431, 0.9421454546068115, 0.9365195076705966, 0.9348186459072759, 0.9355110472424926, 0.9372961994717687, 0.939882472097658, 0.9430912188685839, 0.9467770444536115, 0.9508813831478455, 0.9601384703795977, 0.9705093448275178, 0.9818661756578125, 0.9940831783270053, 1.0068894843480045, 1.016997484532687, 1.0262716178703792, 1.0329798948979283, 1.0351096004765505, 1.0342870141619513, 1.032242377390688, 1.029309591987162, 1.0257069481123324, 1.0216250397317415, 1.017133216331323, 1.007181959973592, 0.9963347841947499, 0.9846712081863065, 0.972278772958294, 0.9593520266963873]}