{"x": [2.2821597109309715, 2.284188641843368, 2.2906828002941255, 2.3001630308791796, 2.3106616777836675, 2.322021291315041, 2.3329474576905205, 2.3432009869243964, 2.3526101590466983, 2.3610205003475393, 2.3679475875513845, 2.3706984632210313, 2.3728309406746377, 2.3742244966785107, 2.37473563028029, 2.3742053534940344, 2.372503947406224, 2.369600888191001, 2.365606233380728, 2.3554088393359724, 2.343872214351328, 2.332431436111872, 2.321570552319912, 2.3115924796224565, 2.3026313184819864, 2.2948342034163787, 2.2884669398243007, 2.285932920321605, 2.2839498746238536, 2.2826358007506156, 2.2821597109309715], "y": [0.8604530302736791, 0.8499303002210622, 0.8414056116974871, 0.8367047427961987, 0.835381355646584, 0.8366715608967186, 0.8400367261980047, 0.8450515733771218, 0.8515130773779519, 0.8594206829159231, 0.8686553745193886, 0.8737763823551777, 0.8791842079915987, 0.8848352189534552, 0.8906330345479773, 0.8965137116737261, 0.902167805257291, 0.9073189868750391, 0.9116784774201467, 0.9173314436604528, 0.9190193881446526, 0.9175241046718499, 0.9136294310467594, 0.907897639878324, 0.9006787095026522, 0.8921810092272109, 0.8825651958104189, 0.8773482645993329, 0.8718980209477266, 0.8662410620829762, 0.8604530302736791]}