{"x": [2.2901070840352085, 2.2926148750421325, 2.3012509740508107, 2.315217683910263, 2.331209039853293, 2.3505849138882366, 2.3689881861956374, 2.3860152723333523, 2.401438140405605, 2.414959501674373, 2.425916445600006, 2.43350022619756, 2.4364723887654343, 2.433575490256019, 2.4239672878079452, 2.408263802591466, 2.3895374352651833, 2.379571800926982, 2.3698456987853658, 2.360512862939101, 2.35163362388396, 2.3432878262586847, 2.3354387954948668, 2.328096575577213, 2.321267872691993, 2.315007452416058, 2.3092887683718746, 2.2996328589343573, 2.2958149110097947, 2.2928261893151496, 2.2901070840352085], "y": [0.9215432403486464, 0.9055600703265277, 0.8918791151843357, 0.8837787751881807, 0.8815514387845897, 0.8841199617108088, 0.8907033782265837, 0.9001879091432808, 0.9121048353189696, 0.9263104826460821, 0.9425761829492766, 0.9607460467008601, 0.9802094463672356, 0.9989529367351195, 1.0153050894332094, 1.0260785467478284, 1.0295412042843506, 1.0286036222678832, 1.0262380642087365, 1.022650157722466, 1.0180529834067347, 1.012649737674921, 1.006547269444028, 0.9998473060671894, 0.9926246666967395, 0.9849920850877512, 0.9769456065504026, 0.959738187211083, 0.950596136533512, 0.9411504306531709, 0.9215432403486464]}