{"x": [2.26446072703369, 2.266547673386409, 2.2743337332789166, 2.2819296461945773, 2.293127335734188, 2.3093581565746213, 2.32971273860552, 2.3439808499271666, 2.357130062552829, 2.378721066413563, 2.3944568094961176, 2.4058757176444936, 2.413595336862414, 2.4186817160732446, 2.422439502561707, 2.4193065692371234, 2.4098994756390426, 2.402202219776167, 2.391808728291063, 2.376556452555223, 2.365753871613309, 2.352297386234481, 2.335530425365543, 2.3226343396820712, 2.3045181574892437, 2.2917970067652664, 2.2820167206371114, 2.274652969284174, 2.2692208572245356, 2.2657434886361254, 2.26446072703369], "y": [1.0515620997097086, 1.0126343263454787, 0.9744361044558901, 0.9553459568552649, 0.9381197159011145, 0.9248573680704798, 0.919855327938454, 0.922124993476053, 0.9281106922376506, 0.9469173199106244, 0.9701986499754023, 0.995874367621541, 1.0217822079889614, 1.0483328663592737, 1.1022009155747503, 1.1538986839326129, 1.2048298248430267, 1.2303741599902052, 1.25494520271694, 1.277795481257524, 1.2867391536622919, 1.2906898538964, 1.2851923358515398, 1.2731488871976602, 1.2438336047283913, 1.2128464976918745, 1.180809417901636, 1.1489633336429752, 1.1167315158976299, 1.084226957478026, 1.0515620997097086]}