{"x": [2.303082628887807, 2.305459110556829, 2.3142589021366944, 2.322708377648128, 2.3347833715553095, 2.3510656589398753, 2.3701440959888878, 2.383098992790644, 2.395392210881925, 2.4166781416864325, 2.4330616917800656, 2.445254076012668, 2.4536032252193256, 2.4591221392276177, 2.463194331122786, 2.4597723700441936, 2.4555584227295406, 2.4495900305571254, 2.441303128999547, 2.4302086674970105, 2.414305628157934, 2.391062695391583, 2.375710302186403, 2.363048919758232, 2.3445138753955046, 2.3313489556135525, 2.3212085694673052, 2.31359712723611, 2.307983237542374, 2.3043945860962567, 2.303082628887807], "y": [0.9347008356780855, 0.8982367140319713, 0.86277062458449, 0.8455105313673259, 0.8305606492131067, 0.8199184772889714, 0.816126123731702, 0.8176938892823237, 0.8220715631996091, 0.8368946771067561, 0.8565713823379446, 0.8790866928876626, 0.902303463493112, 0.9263506736845285, 0.9754385979762447, 1.0230616014543676, 1.046576785960693, 1.0697090048169426, 1.0929444191147062, 1.1149778060305309, 1.1347240104569392, 1.144852451891267, 1.1408758535657393, 1.131326052186828, 1.1063423125814031, 1.0791058016000887, 1.0506046575510246, 1.0221846955571319, 0.9933036890809079, 0.9640974555896995, 0.9347008356780855]}