{"x": [2.3017802952927884, 2.3033491710956318, 2.3089573987902887, 2.314242532221614, 2.321783657644167, 2.3321962913247254, 2.344739243566022, 2.3534612929318866, 2.361594537185507, 2.3752690729578254, 2.385553510178716, 2.3932206639340134, 2.3985546048836834, 2.40215699519269, 2.4042312424009817, 2.4049101587093644, 2.4029541697323005, 2.3968170340997195, 2.3916241484710854, 2.3845286257894704, 2.374303641770865, 2.359984748792332, 2.350214098331229, 2.3418836114621335, 2.3293555175471616, 2.320413266158362, 2.3135854885411833, 2.3085406959965242, 2.3048822692189255, 2.3025927140038482, 2.3017802952927884], "y": [0.9236968788783275, 0.8997222491843738, 0.8763600570275613, 0.864889121295667, 0.8547576638825657, 0.8472581673732499, 0.8445489724501638, 0.8458468114602827, 0.849253990520402, 0.8601739350922355, 0.8739812393373052, 0.8893963634937624, 0.9051263536186416, 0.9213407391896382, 0.9378107999273035, 0.9543970736145939, 0.9830529800227711, 1.011112246427649, 1.025085730021209, 1.0381959498045028, 1.0495853843647096, 1.0549926777404466, 1.0527505415987788, 1.0471741831602768, 1.0319483205244682, 1.0149577437591988, 0.9970126884088426, 0.9790758352167026, 0.9608057353875289, 0.9423130449409858, 0.9236968788783275]}