{"x": [2.204227753162097, 2.2062481164361376, 2.213701759718632, 2.2315696084406302, 2.2466142330831524, 2.2650203452473625, 2.278796519454515, 2.2916005165035243, 2.312958419046562, 2.3288210042403614, 2.3404754650153374, 2.3484296606220516, 2.3537034040036473, 2.3566773017133413, 2.357623671353078, 2.3546771573188936, 2.3457516729102954, 2.3383923035826366, 2.328423734300511, 2.313823750793536, 2.303654599598787, 2.2913191389032037, 2.2752520522091437, 2.2626227906448575, 2.244620172023049, 2.231877746024276, 2.2220304980852834, 2.214584759770235, 2.2090662713687728, 2.2055209095521704, 2.204227753162097], "y": [0.9619883601366465, 0.9267733444372727, 0.8922969409084304, 0.8599360292691709, 0.8484959311946033, 0.844202726146085, 0.84618059199462, 0.8516351853497274, 0.869116230878609, 0.8911171780019161, 0.9156087444564666, 0.9404831304264383, 0.9660603064996112, 0.991988555758004, 1.0180696324554501, 1.06514475256985, 1.111459810669897, 1.1346638489154053, 1.156872300781021, 1.1772417607601575, 1.184966133352206, 1.1882697642925781, 1.1833346733050567, 1.17224376936397, 1.1447443395594492, 1.1154383661971343, 1.085037030649581, 1.0547737818709908, 1.0241005112358927, 0.9931321587546916, 0.9619883601366465]}