{"x": [2.2260590467598256, 2.227521033671412, 2.23258792704061, 2.2411838910975805, 2.2513024508176414, 2.257634236974435, 2.263830069017873, 2.2698157978022175, 2.2755647564709878, 2.281032473549427, 2.2862268981535085, 2.295722579709654, 2.303871938754351, 2.310401246049249, 2.3148954353404654, 2.3166558295967414, 2.315081219259449, 2.3096759141744614, 2.3004034217665286, 2.2891589950644415, 2.2827385885852065, 2.2764971626924972, 2.27053199456806, 2.2648720682171595, 2.259565981901607, 2.2545829574998364, 2.2456021601755927, 2.2380370756906447, 2.2319698365353116, 2.2277301520984696, 2.2260590467598256], "y": [0.917892724052141, 0.9077910947334499, 0.89893068209029, 0.8933501354648861, 0.8917229145522286, 0.8922535804187345, 0.8936624052789448, 0.8957706476074688, 0.8984582318424797, 0.9016256313422109, 0.9052237284327946, 0.9135475040878673, 0.9231950345365688, 0.9340049856394558, 0.9458492456254637, 0.958394573204443, 0.9696193600777858, 0.9795821867351402, 0.9862707950521785, 0.9883394817890504, 0.987707995353044, 0.9860755134072695, 0.9836453230408401, 0.9805705401749659, 0.9769918457083905, 0.9729754948914736, 0.9638707822857686, 0.9536750272751461, 0.9425227838894846, 0.9305159613233612, 0.917892724052141]}