{"x": [2.2092576335961898, 2.2111321246429947, 2.2183109572827404, 2.2253075686013277, 2.2356206805829784, 2.2505443070433313, 2.269198421944926, 2.282808253808124, 2.295326760230574, 2.315858033113305, 2.330849373647347, 2.341766173392013, 2.3491784714207857, 2.354079511263323, 2.357715758256288, 2.3548671798073384, 2.346251312628679, 2.339160512446183, 2.329552258962819, 2.315413398275376, 2.305411906612005, 2.293012892110555, 2.2770905809893804, 2.2648355186125535, 2.2475781242341673, 2.2354220419175688, 2.226051918802377, 2.2189784531253562, 2.2137502074099604, 2.2104014056960994, 2.2092576335961898], "y": [0.9823681849790732, 0.9467099127394518, 0.9117314842766115, 0.8942583361268983, 0.8785133941625991, 0.8664401053246451, 0.8619120894974958, 0.8641113422151904, 0.8698863948393584, 0.8879071173850646, 0.910131031782641, 0.9346150295259278, 0.9593342344685633, 0.9846711850255113, 1.0360911685021488, 1.083657113742378, 1.1305228835379975, 1.1540363858478786, 1.1766382818547252, 1.197609999316574, 1.2057687262098884, 1.2093546848550771, 1.2041413316303557, 1.1927171253373445, 1.1649150552126069, 1.135517415735184, 1.1051168838822936, 1.0748833669176014, 1.0442767514320934, 1.0134024753747828, 0.9823681849790732]}