{"x": [2.2442384026358213, 2.2465752740222507, 2.2551064949401294, 2.269637100307042, 2.286745582283138, 2.2963616937942173, 2.3057984465045287, 2.3237837976024602, 2.3402460914214758, 2.3549469569182264, 2.3675512748449608, 2.377534623426367, 2.3842482650384005, 2.386800381516202, 2.3839649311314806, 2.3745548772053175, 2.367261360833662, 2.3585677119184747, 2.34894170155288, 2.338891878915792, 2.3290563170219376, 2.3194836328412882, 2.3103453526205953, 2.3017053408253982, 2.2936463375442684, 2.2861199978460918, 2.2726781414392296, 2.2615258366109923, 2.252687237036309, 2.246582385872539, 2.2442384026358213], "y": [0.9887697557843127, 0.971680803744028, 0.9566904228495272, 0.947272326871179, 0.9446004607330758, 0.9452634285694435, 0.9472273087159904, 0.954041933522113, 0.9638678722962454, 0.9761739985845233, 0.9906759215979337, 1.00709260069534, 1.0251499134645468, 1.0442451021157104, 1.0639459415636343, 1.081484862252884, 1.0884933916015618, 1.0936640137337954, 1.096730111747717, 1.0977606929199633, 1.096780402550085, 1.0943180937646828, 1.0905821197513923, 1.0858055243740603, 1.080215612877365, 1.073926824824505, 1.059667690379928, 1.0437986625577997, 1.0265336950061412, 1.008072430318661, 0.9887697557843127]}