{"x": [2.303103990430945, 2.3047610602321753, 2.3106861271271844, 2.3162194198056727, 2.3239647391375646, 2.334206155831973, 2.3460638989579574, 2.354398610575702, 2.362284992712113, 2.375934800789023, 2.386545009795366, 2.394600616400103, 2.4002782224097774, 2.4041363039354278, 2.4063649633423814, 2.4070954923677212, 2.405072892132032, 2.398733246595377, 2.393379221673266, 2.386111851349555, 2.375886888452927, 2.362288406039923, 2.352946730867888, 2.3447245540560835, 2.3319555466189197, 2.322675118278408, 2.3155386532736957, 2.310245192716665, 2.3063896654106943, 2.3039661310477255, 2.303103990430945], "y": [0.8507432292128697, 0.8280921299188114, 0.8061669899684004, 0.7956082412330168, 0.7865465343755979, 0.7801855397461522, 0.7780077434878857, 0.7791142472596705, 0.7820291649508677, 0.7916716984679232, 0.8043040637484374, 0.8187006046513189, 0.8336076229188035, 0.8490856593113713, 0.8648699642911234, 0.8807940822820568, 0.9076871633907622, 0.9339004733248851, 0.9468478588801005, 0.958826410719118, 0.9688775467155055, 0.9734224864421142, 0.9715860952581936, 0.966786612361503, 0.9530215780210586, 0.9372297137203511, 0.9203602088221078, 0.9034096412007686, 0.8860753579289586, 0.8684818936738773, 0.8507432292128697]}