{"x": [2.27816096192749, 2.280945297426609, 2.2904609877387663, 2.3060324874249902, 2.3240492255948286, 2.3431638152598837, 2.3613378885328196, 2.3781128601061083, 2.3931981019568993, 2.4062440408737706, 2.41661163227233, 2.423577704953288, 2.4261891839314647, 2.4254269757187497, 2.4229470870739633, 2.4186475986461264, 2.412527400084225, 2.4046606067990637, 2.3954097690238334, 2.385253473536537, 2.374684006038457, 2.364811235312512, 2.3551695413315508, 2.345921436698974, 2.337140132037524, 2.3212074083845238, 2.307408286061216, 2.2959244583322453, 2.2868305174266186, 2.28057942826901, 2.27816096192749], "y": [0.977018878062455, 0.9590271133876161, 0.9435059098850024, 0.9340635983281937, 0.9314129388379192, 0.933838615470411, 0.9402381862262363, 0.9496187526346002, 0.9615280001225615, 0.9757749745840516, 0.9920748473480212, 1.0101539295551367, 1.029351834638624, 1.039861565974637, 1.0501029314316532, 1.0597410596308772, 1.0683388666471276, 1.0754962034996174, 1.0807436703044517, 1.0838538125692792, 1.084907225944823, 1.0839975171278131, 1.0816873420010502, 1.078139055648892, 1.0735557747525488, 1.0620048806616675, 1.0479742334774487, 1.0322071167191704, 1.0149507987752162, 0.9964228222539138, 0.977018878062455]}