{"x": [2.253681096460256, 2.2559346155791182, 2.264251784023386, 2.2722395604953207, 2.2835915372596824, 2.2986401146087663, 2.3159756537720257, 2.328560627885136, 2.3405219712442666, 2.361386304877741, 2.377677185015696, 2.389959601435552, 2.398480081549019, 2.404158506337425, 2.4073621675966237, 2.408380332945338, 2.4052149139950503, 2.3956956336577058, 2.3878821177994887, 2.377383473498554, 2.3623766997485345, 2.340959344285112, 2.3261416295181476, 2.313775397138669, 2.2954458395869928, 2.2823024681334325, 2.272112557669488, 2.2644146658016493, 2.2586995700042816, 2.255022527919011, 2.253681096460256], "y": [0.868138484608971, 0.8350586851988905, 0.8029623273603456, 0.7874603139232026, 0.7742221260898037, 0.7650614628596356, 0.7619219544638837, 0.7634677339042204, 0.7676745465397888, 0.7818270586514555, 0.8006739863864447, 0.8223475118866108, 0.8448504072322457, 0.8682327589579165, 0.8920593438909241, 0.9160787721596444, 0.9594985208083922, 1.0019800197427555, 1.0231076520493458, 1.043037688295965, 1.0606435998372616, 1.0693882132957084, 1.0657176753943418, 1.05676704323023, 1.033054425571226, 1.0070206910575379, 0.9796954413673292, 0.9523943395903884, 0.9246104345827995, 0.896478238552905, 0.868138484608971]}