{"x": [2.397298649874632, 2.397942208760354, 2.399892324538933, 2.4032610957524096, 2.4079649921576203, 2.4200300059583437, 2.4335990938198826, 2.445798740225715, 2.4575384886479967, 2.468518703267706, 2.478496673269435, 2.487246215331128, 2.4942444471916563, 2.4989531431648904, 2.500673525938536, 2.499976197531065, 2.497837217336131, 2.4942522489476047, 2.4893337967944222, 2.4833210165264865, 2.476493255604002, 2.469170549950064, 2.461623792916123, 2.449230114710259, 2.4375000114845564, 2.4268315776590352, 2.4174123327793287, 2.4094384222541776, 2.4031326163012725, 2.398865431263277, 2.397298649874632], "y": [1.0089626857795306, 1.0020556434435808, 0.9953984330428103, 0.9893150653377153, 0.9841936064895762, 0.9777038722984485, 0.975816794534021, 0.9771586069640942, 0.9807377325565225, 0.9861885509062056, 0.9933101131239148, 1.002070223226179, 1.0122838790907263, 1.0237826865146806, 1.0360885661278443, 1.0436514436331223, 1.0509389772895381, 1.0576429373867637, 1.0634398251507948, 1.0680566397026834, 1.0713506014423526, 1.0732720218508134, 1.0738722990792102, 1.072273053231033, 1.0679642801959617, 1.0615200680288381, 1.0533578883787351, 1.0438028478497714, 1.0330735021168038, 1.0213447951267651, 1.0089626857795306]}