{"x": [2.2880748982091856, 2.2901765639067215, 2.298083465125829, 2.3130569178501315, 2.3319249852729484, 2.3423084951763022, 2.3524220189028133, 2.36212344005305, 2.37136271875379, 2.3882174984425517, 2.4028406487810696, 2.414902165250874, 2.424160548840098, 2.4301906354896636, 2.4324271012138747, 2.4298356068392715, 2.421043305905529, 2.4138161718329774, 2.4047891654000537, 2.394345492178772, 2.3831945961321903, 2.372482602494598, 2.3621813934267055, 2.352524559330633, 2.3435564875427417, 2.32781535564816, 2.314607434880262, 2.303974861879593, 2.295725915916676, 2.2901584746251755, 2.2880748982091856], "y": [1.1370762712246105, 1.1182946155384355, 1.1011292870496037, 1.0890772579610972, 1.0854095988486483, 1.0863002479966344, 1.088815634975044, 1.0925747121837128, 1.0973584307043893, 1.109334786839189, 1.1239525903267642, 1.140586249735782, 1.1589285815995705, 1.1785971663848385, 1.1990474327283602, 1.2207302546015968, 1.2407191528146209, 1.2493099000090329, 1.2559841459680086, 1.2601370440959256, 1.2615421741867365, 1.2602911041640257, 1.2570978181397054, 1.252349086109357, 1.246401095771238, 1.2320718929139605, 1.215378777062312, 1.1973586425407912, 1.1781302326406167, 1.15792788700964, 1.1370762712246105]}