{"x": [2.194973075598177, 2.196764933436451, 2.2034292189440627, 2.2196759546086953, 2.234555142277923, 2.254564396180547, 2.269404346371648, 2.2825912494018383, 2.2937329058745113, 2.303166683113899, 2.317593971657536, 2.327934168607297, 2.334910959428925, 2.339511933039451, 2.3429561719715286, 2.3401976072476183, 2.3319482147570647, 2.3251602183243008, 2.3159283424555115, 2.3021783571384162, 2.2920656918265525, 2.2787363477182794, 2.2615921986762415, 2.249251277790822, 2.232337454551868, 2.220486178143873, 2.2113660158658157, 2.2044692512606283, 2.1993798761916916, 2.196126706774825, 2.194973075598177], "y": [1.0994611529563305, 1.0608859866697098, 1.0228486167918378, 0.985747859717124, 0.9711116872807676, 0.9651755667005235, 0.9681296924532792, 0.9755497038488111, 0.9855762511741117, 0.9972240839003819, 1.0226066511465326, 1.0499105281929682, 1.0771539570649225, 1.1048976242469162, 1.1609847224056844, 1.2130671299211568, 1.264566007340772, 1.290481509790146, 1.3156303195178052, 1.3395553317734183, 1.3494242160161547, 1.35411350823882, 1.3472807947230572, 1.333558204148974, 1.3018436576711432, 1.2689370454124909, 1.2351713746378434, 1.2016334190358415, 1.167774032015564, 1.1336853121201547, 1.0994611529563305]}