{"x": [2.2061359953926236, 2.2074763804338158, 2.212223838236316, 2.2208903782437246, 2.2315413099933896, 2.2383991677371338, 2.245069759783097, 2.251459291290457, 2.2575443026848534, 2.2632749652266826, 2.2686756117308, 2.2784333751535453, 2.2866402855725068, 2.2931195763313474, 2.297514582111862, 2.2992231724239183, 2.2977669318346257, 2.2926376967201625, 2.2832397373401405, 2.2713069347075026, 2.2643418097150887, 2.2576267918415085, 2.2512818395516434, 2.245325663758614, 2.239806941905475, 2.234668540033951, 2.2255107248770423, 2.217927445719523, 2.2119133404798803, 2.207758250635655, 2.2061359953926236], "y": [0.9895690695910537, 0.9789546943016033, 0.9693670335202956, 0.9628653067553481, 0.960880610433483, 0.961524395998213, 0.9632413335169123, 0.9657818960029366, 0.9689839589253367, 0.9727109739854747, 0.9769019347064055, 0.9864615599360731, 0.9972992981777684, 1.0092503960387498, 1.0221476185232279, 1.0356655748321686, 1.0475672594133851, 1.0584052333783491, 1.0661725015597507, 1.068674564077129, 1.0678849104281498, 1.0658736784666902, 1.0629312124571342, 1.0592650842950824, 1.0550645829575773, 1.0504065438223396, 1.0400054646984271, 1.0285972001210724, 1.016289269278957, 1.0032029896105834, 0.9895690695910537]}