{"x": [2.2791405870002106, 2.281230116672382, 2.288037223781042, 2.29814322868988, 2.309369722086199, 2.322362574880834, 2.334820005708261, 2.3464773427851675, 2.357159685151858, 2.366696471036799, 2.3708725088079357, 2.3745630567234617, 2.3776958071997614, 2.3801327554331935, 2.38173451316586, 2.382330564698814, 2.380022042188477, 2.3727265630695378, 2.3617285645627795, 2.349204627323195, 2.3360985063592223, 2.3237221023707746, 2.3124151362419054, 2.30229379428671, 2.293510568660933, 2.289694668086883, 2.2863233512594774, 2.283451206556948, 2.28119358955435, 2.2796880497975063, 2.2791405870002106], "y": [0.8484954667164731, 0.8372451604943041, 0.8280473989647422, 0.8229595863910226, 0.821551389662879, 0.8231263450776632, 0.8271397134237648, 0.8330337826061075, 0.8405518355995132, 0.8496747457793764, 0.8547930022985123, 0.8602716606511426, 0.8661321729780669, 0.8723144875598688, 0.8787725966385129, 0.8853996263861361, 0.8979246091914684, 0.9083639796169164, 0.9146395181995485, 0.9165074988406983, 0.914676322356041, 0.9099914276555189, 0.9031978926991671, 0.8947386943170165, 0.8848869996562966, 0.8794963243035478, 0.8738170020905525, 0.867833746555086, 0.861592614649371, 0.8551191308649636, 0.8484954667164731]}