{"x": [2.2754373988627576, 2.2779012635175517, 2.2866588020907694, 2.3022107847450783, 2.3210146262791462, 2.3309453369131288, 2.3406732319443053, 2.3591175629380094, 2.375828645266924, 2.3905581703724983, 2.4029443071185006, 2.4125640433636515, 2.4188786629209216, 2.4212070230496714, 2.4182647815821245, 2.4143183095392473, 2.4085920669636978, 2.4009527121002554, 2.391683457810648, 2.38123341964724, 2.3702168245961412, 2.3600015683757563, 2.350093435248266, 2.340692220091815, 2.331866031666421, 2.3161382968112854, 2.302775164934101, 2.291893697118159, 2.283405385391584, 2.2776572381917326, 2.2754373988627576], "y": [1.0841894737851236, 1.0654547134559158, 1.0487105385951287, 1.0376553283136236, 1.0344153618925194, 1.0351452548721372, 1.0372712406952307, 1.0446484674525336, 1.0552582365788283, 1.0684820243751185, 1.0838898277734152, 1.101160538923364, 1.1199311260994254, 1.1395980552496006, 1.1611167617676865, 1.1712824424037733, 1.1805628438146012, 1.1886019501312084, 1.1946902912857347, 1.1983980377670265, 1.199657130720835, 1.198602730225562, 1.1959023380354408, 1.1918061811794465, 1.186585094579299, 1.1737033696299939, 1.1583825606508322, 1.1415468770750368, 1.1233866142100288, 1.1041466608415595, 1.0841894737851236]}