{"x": [2.2090028644448347, 2.211056354064796, 2.2188799893478017, 2.2264402535402463, 2.2372608857027148, 2.251737078708192, 2.268493675433342, 2.2814890301954973, 2.293771871299872, 2.3150087979225273, 2.3314780618305484, 2.3438904383454613, 2.3525249653790863, 2.3583011679577526, 2.3615743008739436, 2.3626942388788907, 2.3596562109140846, 2.3506668825377544, 2.343219032746419, 2.3331454760112615, 2.318625876513265, 2.297733324756194, 2.282561887324892, 2.270032951437576, 2.251540203277515, 2.2382395070592964, 2.2278806250648437, 2.220006516798379, 2.2141290621950285, 2.2103245162931566, 2.2090028644448347], "y": [0.8573059673059206, 0.8253612274505184, 0.7943213505981999, 0.7792594947719035, 0.7663393161664723, 0.7573572773389866, 0.754282598230365, 0.7559836539120758, 0.7605558142582624, 0.7756333927516171, 0.7953736710676598, 0.8178869593863158, 0.8411747493225037, 0.8653307361782837, 0.8899295187559694, 0.9147198241646646, 0.9570889756115467, 0.9986048350340166, 1.0192982773299044, 1.0388485324502632, 1.056166333393231, 1.064781800888415, 1.0608372101664556, 1.0514160597469373, 1.0268402182813776, 1.0000260620982642, 0.9719440205854618, 0.9438821139206379, 0.9153351751347913, 0.8864302384585234, 0.8573059673059206]}