{"x": [2.2044881240339356, 2.2058707209482926, 2.210907221374608, 2.215707361795019, 2.222617452485752, 2.232247255528183, 2.2438968395154255, 2.2527163173575975, 2.260887976145922, 2.274530022322701, 2.28478233074188, 2.292466046238956, 2.297855932745114, 2.3015249637694564, 2.303655857407489, 2.304363290863785, 2.3026198055815903, 2.297052188406636, 2.2922831409923683, 2.2857139898378778, 2.276169106542874, 2.262758604403275, 2.252970446208165, 2.2446966984888173, 2.232288246004934, 2.2233867708171258, 2.2165437692138736, 2.211442103991447, 2.207710065103958, 2.205346418393528, 2.2044881240339356], "y": [0.8915630409436076, 0.8693182560171413, 0.8476070677929087, 0.8369047130397348, 0.8274267178949641, 0.820396468100497, 0.8178578244207309, 0.8192365465182035, 0.8228293249246492, 0.8341124591242991, 0.848176356397292, 0.8637924874990489, 0.8797159057272126, 0.8961215247634052, 0.9127881728273223, 0.929575590832721, 0.9563731557534898, 0.9826438783473813, 0.9957540085693698, 1.0080611439300655, 1.0187489017458355, 1.0237978022803673, 1.0214526534059798, 1.015720911718488, 1.0003099119661525, 0.9832199410517656, 0.9652067043789289, 0.9471918180070722, 0.9288442022280426, 0.9102686699426482, 0.8915630409436076]}