{"x": [2.251113981414924, 2.2529239687524707, 2.2597108786993725, 2.2730880987197444, 2.29052238333782, 2.3006884360498083, 2.310529696981816, 2.319891484862799, 2.328738561510226, 2.344689013638493, 2.3583697411572437, 2.369520830735127, 2.3780413854781304, 2.3835908113894595, 2.385666074022494, 2.3835007408495996, 2.3759671127888433, 2.3614377116180165, 2.3518252643099937, 2.341467848433408, 2.330985474402902, 2.320983828305627, 2.311699444507203, 2.3031426291178145, 2.2953770218114213, 2.2882619073134522, 2.275853243455701, 2.265910896463271, 2.258212774230376, 2.2530287109173, 2.251113981414924], "y": [1.1559338069438647, 1.138592800224856, 1.1225327746469362, 1.1107508680789266, 1.1070348140283661, 1.1080087776139294, 1.1107376631148376, 1.1147613995825842, 1.1198173626248686, 1.1322413127063082, 1.1471278553969373, 1.1637535773909773, 1.1818688079296307, 1.2011252975410203, 1.2210577285293072, 1.2411287381681309, 1.2598578210050873, 1.274612205610946, 1.278708887552857, 1.2800894246013113, 1.278724158514698, 1.2753019966033388, 1.270311972162614, 1.2641572149109102, 1.2572109522594375, 1.2495997521345465, 1.2328850680164014, 1.2150326934328932, 1.1961039730304153, 1.176307765110493, 1.1559338069438647]}