{"x": [2.233201194249411, 2.2357431236293244, 2.2442757603483594, 2.2567272053044585, 2.2704243641879125, 2.287948240804824, 2.3047839742960883, 2.3206236786018533, 2.335261398188801, 2.348506419636303, 2.3543707114905863, 2.3595996608801793, 2.3640897226432998, 2.3676272575563555, 2.369994724331953, 2.3709222573223006, 2.3680121522702176, 2.3586211755733815, 2.344538879024816, 2.3285625088482265, 2.3108760077716877, 2.2941909308003483, 2.2789473104058193, 2.265260334006664, 2.2532992284661497, 2.2480574143102476, 2.243387299369203, 2.23936163910638, 2.2361507000042375, 2.2339658735860297, 2.233201194249411], "y": [0.7947526511318889, 0.7809960395021115, 0.7699100177122197, 0.7639911992448625, 0.7624231647855128, 0.7644579455961271, 0.769729061459313, 0.7774137468034958, 0.7871957602274818, 0.7991218431213017, 0.8058442179258869, 0.8130718268144898, 0.8208532946017364, 0.8291114870371005, 0.8377924898358318, 0.8467425954819653, 0.8627563518086069, 0.8760499088864804, 0.8839706688584824, 0.8863800485704412, 0.8838272359767921, 0.8774290034920205, 0.8682195652707004, 0.8568244614039608, 0.8436154167318273, 0.8364023433896388, 0.8288066163591149, 0.8207936161934524, 0.8124208041037829, 0.8037052666636691, 0.7947526511318889]}