{"x": [2.2387599504690567, 2.24071302558104, 2.2477534804275643, 2.261105543588359, 2.277859621474384, 2.2882997832533416, 2.2984399967657563, 2.3081408710342672, 2.3173696592010047, 2.3342096787041053, 2.3488964992468118, 2.3611303304603743, 2.370658928214462, 2.3769972386686713, 2.3794272852467335, 2.377182426804059, 2.369300207992301, 2.3545169655999594, 2.345050039266265, 2.334988423386678, 2.3242523708486513, 2.3139548964747783, 2.304318549497553, 2.2953656952791706, 2.2871663118913537, 2.2795995998545426, 2.2662681168846923, 2.2554103128489658, 2.2468807444382084, 2.2410347830308717, 2.2387599504690567], "y": [1.0775696064822047, 1.0609195713030029, 1.0457054275737043, 1.035099606500283, 1.0319275558259886, 1.03286876695301, 1.0355256309463448, 1.0394408155373513, 1.0443667774666214, 1.056536951304178, 1.0712337771671823, 1.0878804995565683, 1.106210415467778, 1.1259098522045117, 1.1464606882163861, 1.166030420691053, 1.1840826904974024, 1.1977220694805761, 1.2013362767607096, 1.202540051807389, 1.2011984623760958, 1.197878114830908, 1.1930166679198078, 1.1869884633380678, 1.1801383559511014, 1.1725952313925798, 1.155921705892564, 1.1379292862184134, 1.1187234137587934, 1.0984988517811, 1.0775696064822047]}