{"x": [2.295000178469784, 2.2973498994515675, 2.3055956631296057, 2.320036670208785, 2.337337330234454, 2.3469666202210124, 2.356397314818742, 2.365519235499582, 2.3742847914458296, 2.390525790703734, 2.4049046249106083, 2.417085118236465, 2.4266370221512865, 2.4329926232056263, 2.4353857904146246, 2.4326694994249647, 2.4235974223575956, 2.4164390501191138, 2.407794350343838, 2.398114791847313, 2.387953468521224, 2.378067826193618, 2.3684734475352847, 2.359355348257014, 2.3507748025254607, 2.3354141591393507, 2.3222786413829746, 2.311492271116684, 2.303017148906148, 2.2972321728619916, 2.295000178469784], "y": [1.0502139837055027, 1.032976735760322, 1.017658404037128, 1.0077060930304085, 1.0048288821393558, 1.005539789423724, 1.0076111692094107, 1.0107380346949735, 1.0147569591313785, 1.0249825243541029, 1.0376939903541615, 1.0525142397191927, 1.0691505055413346, 1.0872943970017843, 1.1063697007424924, 1.1262447003584353, 1.1441357949073427, 1.1514429151976446, 1.1569115042146536, 1.160195851901266, 1.1613041391730812, 1.16028176681329, 1.1576896503745626, 1.1537715099949766, 1.1487849487117616, 1.136479790184106, 1.121822898805035, 1.1056527697617091, 1.088160166744553, 1.069562398203301, 1.0502139837055027]}