{"x": [2.187844168357284, 2.189579067388558, 2.196009749105086, 2.2117609313067503, 2.226367516536722, 2.246278577936379, 2.2616039970707855, 2.27508789112908, 2.2863892087778988, 2.2959258586524203, 2.3104838348886747, 2.320928086234171, 2.3279965043102795, 2.3326683191438518, 2.3361701840420532, 2.3335023862629467, 2.325469649603109, 2.3188349151896235, 2.309784743106325, 2.296248728953002, 2.2862250090942133, 2.2728759689602938, 2.2552907327108707, 2.242818833230407, 2.2257680385029013, 2.21379246138501, 2.2045541938536406, 2.1975436693816994, 2.1923562564517662, 2.1890301990500376, 2.187844168357284], "y": [1.1142571085948183, 1.0758278991372865, 1.0379008593524537, 1.000749772350849, 0.9859192623785847, 0.9798491724239831, 0.9830806249712902, 0.9910490224410095, 1.0016584817491903, 1.0138786583674817, 1.040315239499956, 1.06863034338289, 1.0968573908653176, 1.1255785135772642, 1.1836187074044364, 1.2359294283820925, 1.287688522423102, 1.3137521686722007, 1.3390785924584037, 1.363251278974577, 1.3733011812176534, 1.378125973690483, 1.3708030128670374, 1.3564044708394931, 1.3234723361751433, 1.2894109164476397, 1.2545074900516744, 1.2198334286550088, 1.1848401616711188, 1.1496170367436571, 1.1142571085948183]}