{"x": [2.300910954586275, 2.302789423329974, 2.309803989514617, 2.3166519728986152, 2.326914811926738, 2.342759936574991, 2.3645513704684697, 2.3798057398239814, 2.393305843373401, 2.414176026777683, 2.428644032542225, 2.438934342943401, 2.4458317327945336, 2.4503595056643985, 2.453702906638738, 2.4507703309030755, 2.441948513713513, 2.4347504127447785, 2.425008280331871, 2.4105555187315666, 2.3998644373167894, 2.385475054226692, 2.367789191069416, 2.3552406389333136, 2.338188821575942, 2.3263109441893737, 2.317211273742604, 2.3103567785730985, 2.3053170228262783, 2.3021007149719175, 2.300910954586275], "y": [1.1823408165493314, 1.1401028806741575, 1.0984091433379868, 1.07726167098441, 1.0575440494631505, 1.0410704552974492, 1.0341725796301864, 1.0372417511256844, 1.0449788566735032, 1.067518394828688, 1.0937782627647452, 1.1219387557765772, 1.1499614381970038, 1.1784630870902437, 1.2360335312745925, 1.2927390411544917, 1.3488308444118187, 1.377048124299443, 1.4044911270116462, 1.4307558055877343, 1.4417909559635207, 1.447177923563202, 1.439887815977647, 1.4254493512561337, 1.39235122068284, 1.3581238740433008, 1.3230554947400925, 1.2882480287738476, 1.2531318693449964, 1.2177994095783704, 1.1823408165493314]}