{"x": [2.2835891583724734, 2.2849321704554004, 2.2896998569616254, 2.2942218535500305, 2.3008922996286096, 2.3111842969499965, 2.3257219140235867, 2.3359445073232163, 2.3447916457318825, 2.3581768467608044, 2.367426396774606, 2.3740870900290045, 2.378646321576848, 2.3817004303259406, 2.3840276515145122, 2.3822864743175236, 2.3767977642066396, 2.3721585793860234, 2.3657527835681207, 2.3561072787229507, 2.349093911910481, 2.3401403173619992, 2.3287650337613996, 2.3202233390896296, 2.308429037315651, 2.3002849112275467, 2.294135749351654, 2.2896008344976884, 2.286335440011207, 2.2843061078454805, 2.2835891583724734], "y": [1.1707647318211962, 1.142355102524184, 1.1143162030517209, 1.1001093199473337, 1.0867755609199612, 1.075377486352578, 1.0704278396451126, 1.0727544999677447, 1.0783797025422708, 1.0941189269315774, 1.1120097199025714, 1.1310168189437084, 1.1499169887902188, 1.1691179114837382, 1.2079024476387616, 1.242459738184179, 1.2766227604332485, 1.2938338378065528, 1.310468410241366, 1.3261065416322226, 1.3323558440253345, 1.3351973645880273, 1.3312245849690532, 1.3227263788625112, 1.3024013707657753, 1.2810689516300562, 1.259078346723756, 1.237263735685221, 1.2152233203909721, 1.1930345601469516, 1.1707647318211962]}