{"x": [2.2106740506936835, 2.211928475251155, 2.216378859639431, 2.2243974104380975, 2.2341346139893976, 2.2407527274375862, 2.2471886177587916, 2.253355885166053, 2.259236105202376, 2.2647837642278454, 2.2700234018009495, 2.279529632843463, 2.2875919155863, 2.2940189478591466, 2.298438726673944, 2.3001914499161416, 2.2988766319099403, 2.2941823765478753, 2.2856110450396523, 2.274803151172143, 2.2680571250260817, 2.261544238612171, 2.2553795706392363, 2.249578797749016, 2.2441889155695076, 2.2391546042789567, 2.2301360304896116, 2.2226007031784656, 2.2165683104589555, 2.212347296145247, 2.2106740506936835], "y": [0.9359548924128644, 0.9262514661636989, 0.9175380201898047, 0.9117504272492611, 0.9100240854647997, 0.9106621184593391, 0.9123311982922513, 0.9147838707285536, 0.9178618248667576, 0.921435124112025, 0.925446506200733, 0.9345856927186844, 0.9449591880012664, 0.9564179428885561, 0.9688274222846582, 0.981883362882343, 0.9926835730481314, 1.0024987272807635, 1.0094663882689126, 1.0117479345906606, 1.0110426894882851, 1.0091483426411445, 1.0063573792371736, 1.0028726063873417, 0.9988749801959902, 0.9944379141716227, 0.9845145493652038, 0.9735918047143924, 0.961772424592299, 0.9491544920995147, 0.9359548924128644]}