{"x": [2.3733759009249593, 2.3750071138914124, 2.3808224078604674, 2.3863209603952407, 2.3942256182368316, 2.405343637188846, 2.418982102146645, 2.4283317650013787, 2.4369824317973263, 2.4513361154918645, 2.4619888675332864, 2.4698739843083555, 2.4753324871051867, 2.4790088814869256, 2.48111987887779, 2.4818091975555547, 2.4797566849545567, 2.4733362603917453, 2.4679168177771507, 2.460507123580658, 2.44975376192691, 2.4343196107250518, 2.4237780818843127, 2.414927568317532, 2.401825425836405, 2.392557971457442, 2.3855076914258753, 2.3803105298036438, 2.376551281614961, 2.3742043976435627, 2.3733759009249593], "y": [1.0047972264157488, 0.9787451994182218, 0.9532981696804456, 0.9407153627538738, 0.9294869392431389, 0.9210068955223453, 0.9179224570777005, 0.9194339438070084, 0.9232896864871589, 0.93540541112352, 0.950478404813935, 0.9671667599842577, 0.9841099786887815, 1.0015269829433098, 1.0191924847437885, 1.0369703109215709, 1.0681982039809423, 1.098827801780098, 1.1141162683956383, 1.1285455442479406, 1.141279500817104, 1.1475704000723632, 1.1450430920567862, 1.1387837370013545, 1.1220030749446097, 1.1034838950390926, 1.084012395699916, 1.0645943586234112, 1.0448474929002645, 1.0248825522358056, 1.0047972264157488]}