{"x": [2.3267404404810503, 2.327302822641857, 2.32894320720647, 2.3357906094084857, 2.3462622068563106, 2.3581352160890323, 2.369836946500613, 2.381026577321296, 2.3914114009962804, 2.400790377271164, 2.4089555254233326, 2.415485879815408, 2.419908126501832, 2.4215576055889163, 2.421004261774338, 2.4192574086579532, 2.41626582009724, 2.412081881381352, 2.4068734426263156, 2.4009020296443473, 2.394472771792744, 2.3878408137975007, 2.3759454139001757, 2.3647599901942367, 2.3546512633122227, 2.345751854151372, 2.3382280148797823, 2.332263712759509, 2.3282119425932275, 2.3270982210455644, 2.3267404404810503], "y": [0.9567583195233458, 0.9507312983552452, 0.9449046014920384, 0.9349810993130596, 0.9291342790552272, 0.9274397844413625, 0.9288537228834849, 0.93255802830289, 0.9380879558085057, 0.9451914384060108, 0.9537738703988706, 0.9636573037483109, 0.9746908224020423, 0.9864625690175238, 0.9930926818027286, 0.9995124239401858, 1.0054664720514177, 1.0106525059742861, 1.0148083747428112, 1.0177649447969366, 1.0194739561881385, 1.019996650751904, 1.018327119543971, 1.0139482875432932, 1.007534152335885, 0.9995261559434141, 0.9902555856255848, 0.9799125332898072, 0.9686431786619104, 0.9627475468182223, 0.9567583195233458]}