{"x": [2.286015580000006, 2.2882146560862333, 2.296341372450083, 2.3042152747800264, 2.3155668406553103, 2.3310204537442165, 2.3491810883386366, 2.362640086413293, 2.3753210150709316, 2.3970703024513544, 2.413731535092824, 2.4261679167667003, 2.4347434351055726, 2.440448796247964, 2.443668691268196, 2.444693112100252, 2.4415564430866166, 2.432082810732478, 2.4242812794131416, 2.413753685128102, 2.398531202508441, 2.37613294849634, 2.3603175497089093, 2.3474309823113084, 2.328643207207313, 2.315238687064686, 2.3048503207101927, 2.2969900995438786, 2.291150246835125, 2.2873889831142615, 2.286015580000006], "y": [0.9250657611153376, 0.8904560493152343, 0.856742186177635, 0.84025626382623, 0.8259410297779469, 0.8157632674956096, 0.8122146968389481, 0.8140255306278732, 0.81888534508571, 0.8348466049371611, 0.855587612274178, 0.8791061681258675, 0.9032990174433799, 0.9283246508442566, 0.9537696162595043, 0.9793970342114421, 1.025296887286976, 1.0703178323556364, 1.0927885084111681, 1.1141184153938257, 1.1332619028338662, 1.1430861231938894, 1.1387868301808357, 1.12866027400785, 1.102604036860734, 1.0743817280820633, 1.0449154470554802, 1.0155231180917041, 0.9856636438994439, 0.9554658683245805, 0.9250657611153376]}