{"x": [2.2938929070049903, 2.295717725748939, 2.3027390248532655, 2.3095721739093764, 2.319797717390843, 2.3355848408840165, 2.357358638247263, 2.3724421117284136, 2.3857728045065834, 2.4063247220076778, 2.4205277585784657, 2.4306108225747813, 2.437360002604913, 2.4417865758386332, 2.445052583185033, 2.442133190572361, 2.433361764227448, 2.4262110230978635, 2.4165376348930026, 2.4021897337958866, 2.3915620883077997, 2.3772054350522636, 2.359695977868224, 2.3472989384026555, 2.3304730421994546, 2.3187645079091443, 2.3098040599276493, 2.303063075007751, 2.298116406265002, 2.294969572323395, 2.2938929070049903], "y": [1.1788938932042747, 1.136643957195131, 1.0949415781849046, 1.0737929248468587, 1.0540598124581728, 1.03753021207891, 1.0305758821132598, 1.0336307905751927, 1.0413208014998554, 1.0636912468209692, 1.089709609884822, 1.1175845679081051, 1.1453036956630478, 1.1734871469062946, 1.2304022503119512, 1.2870523795693725, 1.3430954172991854, 1.371288597786882, 1.3987187652189674, 1.424997709550167, 1.4360707418322773, 1.441497103397951, 1.4342351369186623, 1.419895309147201, 1.3870635368273294, 1.3531268083539691, 1.3183632975031807, 1.283860119487579, 1.2490543636530034, 1.2140364381280488, 1.1788938932042747]}