{"x": [2.287160231740102, 2.288482401708922, 2.2932046750796404, 2.3043619664367845, 2.314631606892936, 2.3290087856511845, 2.3395196136720853, 2.348622722231237, 2.3624587097183944, 2.372085696111032, 2.379054026841041, 2.3838465345064415, 2.3870691205216055, 2.3889248012491575, 2.3895344331746355, 2.3878152863753503, 2.3823652942970615, 2.3777333393350997, 2.371316317340584, 2.3616245378672613, 2.3545923076544426, 2.3456906156101933, 2.334039629529554, 2.3252672932939626, 2.3130922246355063, 2.304641766380381, 2.2982356706972276, 2.2934919239922302, 2.2900614853726005, 2.287919004895537, 2.287160231740102], "y": [1.1617475549144491, 1.13377179419927, 1.1061657902285464, 1.079071503636499, 1.0679538505212154, 1.063224743116667, 1.0656408255467196, 1.0714242825193323, 1.0875644313673871, 1.105928979667311, 1.1254578779491264, 1.144905900679512, 1.164674781710551, 1.1846121311661906, 1.2046263711766017, 1.2387881289805216, 1.2725561426668162, 1.289576808014668, 1.3060078726294486, 1.3214036661135447, 1.3274897124031035, 1.3301826847301195, 1.3261035493771394, 1.3174184507105193, 1.2966385212664227, 1.2748046406368938, 1.2522859700241686, 1.2299320455867628, 1.207339277685698, 1.1845874427773504, 1.1617475549144491]}