{"x": [2.2777748536629683, 2.279780905755463, 2.287351825738992, 2.294768917357116, 2.305786537384829, 2.3220630414068046, 2.3429535394272327, 2.358072285886212, 2.3718865655335057, 2.3942482740450513, 2.4103559750711003, 2.4220019869743066, 2.4298668389627602, 2.4350505227575576, 2.4388830155200103, 2.4357678081203638, 2.426387714166114, 2.418699317723527, 2.4082946631799844, 2.3929506426354608, 2.381953444108974, 2.368018397313272, 2.3504170740432544, 2.3371614963590357, 2.318704082048242, 2.3057516183451168, 2.2957825329728987, 2.288255538713493, 2.2826903822421336, 2.2791132345784417, 2.2777748536629683], "y": [1.1046305842524562, 1.0644997211189666, 1.025038454141845, 1.0052162491933667, 0.987145690098085, 0.9728990104419037, 0.9672883458768353, 0.9697505404748419, 0.9763690429154028, 0.9968515488855517, 1.0218155929418529, 1.0491474778885579, 1.0766214047119733, 1.1047248204156601, 1.1616846069995947, 1.2154549832146002, 1.2684924389685812, 1.2951252809817881, 1.320818915940438, 1.3448965462956415, 1.354485182266888, 1.358808929024232, 1.3526549359022964, 1.339541283761946, 1.308193008731053, 1.2752811762315877, 1.2413463508851228, 1.2076260184670102, 1.1735269643097694, 1.1391586385782195, 1.1046305842524562]}