{"x": [2.283341768494363, 2.2846257829050933, 2.2892362044471564, 2.2986384682327095, 2.311466240443035, 2.3187957950457934, 2.325840660202073, 2.3324693402299985, 2.3386642571076197, 2.3443701033195024, 2.349643583738708, 2.3588932234923314, 2.36629324071548, 2.371892917181518, 2.375514353349627, 2.3768462485255006, 2.375406611504351, 2.3704029690251027, 2.3604301596955377, 2.3536646974725897, 2.346313735152957, 2.338814082149241, 2.3317009036468646, 2.3251386912513534, 2.3191198572464216, 2.308726382775726, 2.3001283685730227, 2.2933120080369473, 2.2880947232806275, 2.284635673845864, 2.283341768494363], "y": [1.2812761463421127, 1.2684931460023676, 1.2565015737994674, 1.2472250398344886, 1.2440778336422391, 1.2449216094333029, 1.2471134586959685, 1.2503100012117903, 1.2542824422557135, 1.2588273338815967, 1.2638674851841805, 1.2751308250814253, 1.287443743881461, 1.300672948232248, 1.3145863975913945, 1.3289015967946785, 1.343068462196267, 1.3564002359716971, 1.3671573546054743, 1.3701874570603367, 1.371144720322165, 1.3701345714316324, 1.3675523461218422, 1.3638385065232619, 1.359296604574865, 1.3486517624545071, 1.33651046404328, 1.3236179865552717, 1.3099996648338539, 1.2958170415795656, 1.2812761463421127]}