{"x": [2.19871002306466, 2.2005242880724185, 2.207297802071498, 2.220029792567462, 2.235893529326671, 2.2459941044940193, 2.2558079457726867, 2.265201844913908, 2.2741451532953767, 2.282562860165534, 2.29049005671504, 2.304783383567843, 2.316739401673422, 2.3260978222235877, 2.3323671196143465, 2.334800471453806, 2.332679112046927, 2.3251479689913617, 2.3110505519211197, 2.2925733753322897, 2.2822049514074627, 2.2722513169508276, 2.2629196626342916, 2.2542310894965096, 2.246253354338802, 2.238875098914879, 2.22583420067543, 2.2151574824313034, 2.2067332724112814, 2.2009264448149133, 2.19871002306466], "y": [1.0544897721092144, 1.0387042403649465, 1.0243308594797145, 1.0144170409598037, 1.0114625129654233, 1.0123774173207787, 1.0149361646799007, 1.0187049477314831, 1.0234448108053802, 1.0289561561681562, 1.035152305902078, 1.0492916876677798, 1.0653262549685096, 1.0830031801046527, 1.102036070775718, 1.121926616668073, 1.1404261151275177, 1.1574558976646132, 1.1701923972779251, 1.1746138829736443, 1.1733342470058472, 1.1701614179845008, 1.165520634821051, 1.1597651732858731, 1.1532183157236515, 1.1460025725820282, 1.13002913844954, 1.1127399515239313, 1.094248305232926, 1.0747313095987892, 1.0544897721092144]}