{"x": [2.272160046435421, 2.2736889196905676, 2.279185014840264, 2.2843788942967644, 2.291787395499979, 2.30195212962923, 2.314094676188759, 2.322846901902106, 2.3310173850758513, 2.3448100793760784, 2.3552547759637323, 2.363086428149657, 2.3685659134968478, 2.372282426114461, 2.374430425834916, 2.3751364709327487, 2.373232825856633, 2.3672234820138693, 2.3621149987135466, 2.3551206163708893, 2.345058050034967, 2.3311289344498785, 2.3213690673013168, 2.313008519673163, 2.300356911451406, 2.291272765367605, 2.284307776799039, 2.279138780606615, 2.2753742823626046, 2.273006242561062, 2.272160046435421], "y": [0.9004820541788924, 0.8772972282434858, 0.8547214326829549, 0.8436621786648072, 0.8339463362840075, 0.8268396050317037, 0.8243125490251009, 0.8256121278069253, 0.8290082380311513, 0.8398797216124898, 0.8536538985909182, 0.869064442458022, 0.8848314492306666, 0.9011044574406384, 0.9176480960655283, 0.9343156508372955, 0.9620956363955708, 0.9892845909318019, 1.0028138079795068, 1.0154714116705026, 1.0263765772173004, 1.0314910288873382, 1.029244453891279, 1.0237305306665796, 1.0086139313890379, 0.9916903028177432, 0.9737900277268202, 0.9558733636562062, 0.9376099048921233, 0.9191118541353658, 0.9004820541788924]}