{"x": [2.2128498357086728, 2.214234585979743, 2.2192209779035452, 2.223972525486405, 2.2308854989877442, 2.240880586696504, 2.253512946732086, 2.262712309560349, 2.271092227983402, 2.2846792474634343, 2.2945919577372567, 2.301901230618557, 2.306968274484386, 2.3103913201813158, 2.312366830459778, 2.313016189925534, 2.311253067299265, 2.305671010441767, 2.3009171913876227, 2.294364073348264, 2.2847073578799963, 2.27041712953302, 2.2601488046500497, 2.251742094856742, 2.2395023422006806, 2.2308694587720046, 2.2242871822748977, 2.2194110971309486, 2.215869196204718, 2.2136451448385075, 2.2128498357086728], "y": [0.9750951322022433, 0.950895792036384, 0.9271753052505178, 0.9153397820372979, 0.9046221511641698, 0.8962721730284728, 0.8931024107181624, 0.8947195794351724, 0.8988451676754462, 0.9113912144007096, 0.9265696625843708, 0.9431594680137154, 0.9598985054945762, 0.9770493966516158, 0.9944186725426214, 1.0118878659447912, 1.0410853547037813, 1.069798463077245, 1.0841871726047339, 1.0978506422017371, 1.1100909850424552, 1.1163253671517481, 1.113599437735761, 1.1071035607715414, 1.0902516443228807, 1.071932564800602, 1.0527808289275198, 1.0337041751354876, 1.0143353893175573, 0.9947702283898889, 0.9750951322022433]}