{"x": [2.2236640577391964, 2.225679839171571, 2.2333894425744827, 2.240873946973879, 2.251760063711599, 2.266930203451457, 2.2851524393651137, 2.298487963942096, 2.3109526638431963, 2.3319902011062132, 2.3478059274941585, 2.359487404498949, 2.367484188937401, 2.37278841199068, 2.3757768605034584, 2.376725702812208, 2.373718435807272, 2.364642710558957, 2.3571733264049515, 2.347079625061753, 2.3323817907840185, 2.310160012044953, 2.2945000725271876, 2.2819879563704353, 2.263994742799846, 2.251234900759039, 2.2413751829713475, 2.23392892420044, 2.228413203845401, 2.22487324563328, 2.2236640577391964], "y": [0.9381545005568527, 0.9034029651076768, 0.8694574999285363, 0.852708423385901, 0.8379421837322732, 0.8271296327658626, 0.8232573574095516, 0.8251742006979444, 0.8302871020573558, 0.8467944010138767, 0.8678348393576788, 0.8914225552679619, 0.9154933742881604, 0.9402969649044255, 0.9654668213885564, 0.9907957021024453, 1.0368908768193112, 1.0821837018386724, 1.10483981984163, 1.1264548279563258, 1.1461152548352727, 1.1565436423995206, 1.151997020627243, 1.141539849665642, 1.1151765649171046, 1.0868882475770678, 1.0574632848415935, 1.0281527864752429, 0.9984184811507164, 0.9683783298650088, 0.9381545005568527]}