{"x": [2.2310224812825354, 2.2327136093097537, 2.238365294379638, 2.2470190524211624, 2.256720050739718, 2.2693470991987867, 2.2813718442195605, 2.2925503242606755, 2.3027564589882545, 2.311836685571749, 2.3158215555052344, 2.3193562182693017, 2.322374554126406, 2.3247458648393042, 2.3263298817435247, 2.3269437245295035, 2.325132529597183, 2.319106444220358, 2.3096972910798907, 2.298872557859946, 2.286110258550775, 2.2741349865641203, 2.263252217227129, 2.25352101515294, 2.245068147577008, 2.241380402302132, 2.2381079148763647, 2.2353025953172074, 2.233078790095958, 2.2315785019916183, 2.2310224812825354], "y": [0.8323486630938829, 0.8226288866888273, 0.8145423285062897, 0.8099770007696397, 0.8087040603909652, 0.8103821298463889, 0.8145849594967908, 0.8206212007484204, 0.8281862148528345, 0.8372092201430176, 0.8422256396654515, 0.8475688421093208, 0.8532624725083124, 0.8592545225723135, 0.8655102499103614, 0.8719341452329019, 0.8827771659945215, 0.8919716111300905, 0.8975869735778008, 0.8992868585612468, 0.897410419173859, 0.892615612683805, 0.8857878315892003, 0.8773999254554089, 0.8677394170858739, 0.8624805488480137, 0.8569537064942157, 0.8511396061779364, 0.8450792208226395, 0.8387902035568676, 0.8323486630938829]}