{"x": [2.227153544406644, 2.2290551255321818, 2.236041718978129, 2.2428577267266196, 2.252955146610668, 2.2678032559754517, 2.286721237374811, 2.300575762866514, 2.313205227673729, 2.3336278078079946, 2.348353556181187, 2.359019571765667, 2.366243422944371, 2.371014670949095, 2.3745509168854517, 2.3717597218908955, 2.363317868920405, 2.35636870899275, 2.3469395242448603, 2.3330037552808416, 2.3230292578206395, 2.31045170201055, 2.294286127416456, 2.282070620893167, 2.265012884078628, 2.253019609973327, 2.2437802183848814, 2.236802645562692, 2.231648416063383, 2.2283501458414645, 2.227153544406644], "y": [1.0096489999035676, 0.9734422093496842, 0.9378650368227557, 0.920011164688817, 0.903785850408726, 0.8911011383565373, 0.8862557022225019, 0.8886418747564195, 0.8948174973683674, 0.913728454481439, 0.9366885768647806, 0.961793377134056, 0.987037931326808, 1.0128585962043875, 1.0651943771558439, 1.1136459727253043, 1.1614380536713023, 1.1854429091324026, 1.2085862534110197, 1.2302301889986944, 1.238801168756088, 1.2426427027503828, 1.2370434123528733, 1.2250659645741382, 1.1963699525676998, 1.1662079173553141, 1.1350916734464898, 1.104161835940854, 1.0728764513518412, 1.0413374299787939, 1.0096489999035676]}