{"x": [2.256708601291907, 2.2584158974064423, 2.264765423824308, 2.2802271667461915, 2.2951121345859677, 2.3054657325299783, 2.3173496069911246, 2.333165236340393, 2.34654376159199, 2.3662049508800678, 2.379414137269372, 2.3887194634172286, 2.3949514315778653, 2.399039165065084, 2.40205903911068, 2.399361940222058, 2.391226066742688, 2.3845922817645095, 2.375594445727694, 2.362144272730786, 2.352006160634589, 2.337341504316783, 2.3193802406561934, 2.3074428289915523, 2.2915042614770695, 2.2804117046792576, 2.2719214630482183, 2.2655138447580043, 2.260810604755186, 2.257814468028789, 2.256708601291907], "y": [1.2649694275543821, 1.2209727153262189, 1.1774031266067997, 1.1340820850896216, 1.1154771485202222, 1.1092105844040652, 1.1069214046383355, 1.1108101389480018, 1.1200983814263739, 1.1453841287143247, 1.173605730039002, 1.2033437913691971, 1.2327572647638325, 1.2625445150436012, 1.3225620315402262, 1.3820049313519744, 1.4409501622292238, 1.4706328217152278, 1.4996863296609708, 1.5279001104498555, 1.5403613800788016, 1.5469197649959114, 1.53805439758351, 1.521970245930688, 1.4864403802769066, 1.450129621826649, 1.4131237872516493, 1.376393563075775, 1.3394064508116503, 1.302240022767933, 1.2649694275543821]}