{"x": [2.268813335128147, 2.2705334361852203, 2.276392728141688, 2.285849605599747, 2.2967382835375725, 2.3029939530612555, 2.309143056866339, 2.3151208453251244, 2.32089615986554, 2.3317059681326913, 2.3414229122196173, 2.34985343903275, 2.3566354778557197, 2.361300636334091, 2.3631013970063433, 2.3612048427402246, 2.354963108222534, 2.3448071454365818, 2.3327915899308844, 2.326456200334456, 2.320263267143114, 2.3143002737969285, 2.308604541673533, 2.3032272109681613, 2.2981536835691516, 2.293395483084114, 2.2889626846776485, 2.2811677410777427, 2.274907065671604, 2.270536467784356, 2.268813335128147], "y": [0.9054507253561913, 0.8945607741332919, 0.8852216905030561, 0.8795852565515493, 0.8779608761426656, 0.8784222480291197, 0.879661113478413, 0.8815438171682465, 0.8839777995019876, 0.8902253713418854, 0.8980653398545012, 0.9073393834799357, 0.917879099648654, 0.9295597073071714, 0.942007902353113, 0.9540116053850969, 0.9644388080193159, 0.9711862245054449, 0.9732592983672385, 0.9727148698223389, 0.971272253356813, 0.9690848953952302, 0.9662741196878362, 0.9629538864794295, 0.9591857365614148, 0.9550285474155921, 0.9505259935028001, 0.9406663868108585, 0.929767903737308, 0.9179410335375033, 0.9054507253561913]}