{"x": [2.3588113278575498, 2.3606971207884593, 2.366887814552682, 2.3777844282744254, 2.3843119738766902, 2.391086492493778, 2.397880306467895, 2.4045253513345846, 2.417053334892422, 2.4282826760609773, 2.438069649335995, 2.4461866831459282, 2.4524398802064606, 2.4565196726539265, 2.4580038184650386, 2.4560020113029783, 2.449423683369719, 2.444188130589242, 2.4378215857016277, 2.430646791309476, 2.4230888211690904, 2.4161166841054014, 2.4093547233124606, 2.4029316745294764, 2.39689392527901, 2.3861241945322664, 2.376990617166285, 2.3695967286181423, 2.3639029461993744, 2.3601437992627923, 2.3588113278575498], "y": [1.1495357445327716, 1.1362899665897328, 1.124429015573386, 1.1164099629866224, 1.1145101387396188, 1.1139408573804592, 1.1145149431154844, 1.1160410038828654, 1.1213384721696287, 1.1289194981292008, 1.1382888744047923, 1.1490588956188172, 1.1610078337031948, 1.1738833408683953, 1.187307971306023, 1.2020370467809012, 1.2153666565974426, 1.2208737386290869, 1.2250217588332817, 1.2275229265879488, 1.2283043368922548, 1.227619711972258, 1.225787966151825, 1.2230191834480733, 1.2194882774286946, 1.2107488879487516, 1.2003113694055767, 1.188797567928655, 1.1763549776002686, 1.1631757126506599, 1.1495357445327716]}