{"x": [2.28913197046399, 2.2917297056693746, 2.3006725920216016, 2.3147023024095175, 2.330567488434709, 2.3490730076628976, 2.36674259454881, 2.383193991405848, 2.3981813546140387, 2.411425848246188, 2.422217610085922, 2.4264566285595177, 2.429723797188562, 2.431856016460015, 2.432667084594306, 2.4296387489417954, 2.4197840188276474, 2.4041444904089233, 2.3857773029234712, 2.367008088240512, 2.349503692469671, 2.3337936402259425, 2.3266332791069564, 2.319953728973817, 2.3081685406770913, 2.3030924396352703, 2.2986284390653267, 2.2948428930259595, 2.2918715496974134, 2.289883542148748, 2.28913197046399], "y": [0.8845548556155448, 0.8686738725237493, 0.8552955828030735, 0.8476009769478979, 0.8455187653300819, 0.8477986384031653, 0.8537516008938445, 0.8624324309052157, 0.8734498812590793, 0.8867340031185339, 0.9020774832173688, 0.9105067791479137, 0.9193582150005633, 0.9285583536272529, 0.9379674491339104, 0.9563590744527564, 0.9721801677484295, 0.9823455271283126, 0.98559757330826, 0.9826456802889094, 0.975256957739615, 0.9647149551297627, 0.9585231506559159, 0.9518154816110452, 0.9371296536932141, 0.9291923832135511, 0.9208954100687444, 0.91222861112846, 0.9032500320921429, 0.8939930371151715, 0.8845548556155448]}