{"x": [2.2565640621669405, 2.258637872882272, 2.2663477195066766, 2.280814538905974, 2.298881316277364, 2.309414718222548, 2.3196721059321797, 2.3295141101562784, 2.3388969728918867, 2.3560605932438685, 2.371033744483543, 2.383491863729915, 2.3931419414120305, 2.3994993029586285, 2.4018910411180068, 2.3993647046987188, 2.3907069074101677, 2.3835961185221857, 2.3747507284324225, 2.3645832079677125, 2.3537742369522774, 2.3429240075494464, 2.3324902607729525, 2.3227018449971197, 2.3135981230654936, 2.297568130947523, 2.284052607512524, 2.273099995390529, 2.264549028694241, 2.258736394768623, 2.2565640621669405], "y": [1.1188999738910388, 1.1009195095746602, 1.0845440384991845, 1.0731984697917811, 1.0697922478026969, 1.0706988417994108, 1.0732601825787624, 1.0770706068235103, 1.081902404310665, 1.093957244334157, 1.10864444194067, 1.1253852833612532, 1.143887621250155, 1.1637976922766238, 1.1845607980821187, 1.2055938286897832, 1.2249280806369554, 1.2331639621651214, 1.2395005335815388, 1.2433919755945808, 1.2446911826329914, 1.2434030482725698, 1.240159023545698, 1.235358003818879, 1.229359243879566, 1.2149255862184498, 1.1981142285380457, 1.179932687685312, 1.1605056676196028, 1.140052144148539, 1.1188999738910388]}