{"x": [2.2995324553659002, 2.300348050657794, 2.302973001852476, 2.3076013971394835, 2.314109955467101, 2.3306553043183986, 2.3490895002015595, 2.3666979952885527, 2.383688633503877, 2.399682460323754, 2.4143534574335255, 2.427410447046207, 2.437990412318851, 2.445207628506146, 2.4478945277714037, 2.44692008668397, 2.4438803696460143, 2.438797059769076, 2.4318487964861353, 2.423379106845283, 2.413766580555196, 2.4034535020742527, 2.392823225716336, 2.374887719949891, 2.3579506515712905, 2.3425918988070937, 2.3290355222952903, 2.3175286428692576, 2.3083363474279706, 2.30198675091502, 2.2995324553659002], "y": [0.9400528978908589, 0.9306558552519298, 0.9215960960242489, 0.9133459912574106, 0.906481230511937, 0.8980288779269229, 0.895711281116908, 0.8975469164046941, 0.9025215389204616, 0.9100622195015318, 0.9199326908061367, 0.9321996460240517, 0.9466574294950283, 0.9631407684309056, 0.9809331613084113, 0.9916033939641928, 1.0018778049298174, 1.0113188510546052, 1.0194855534849796, 1.0260024481525627, 1.030672019550789, 1.0334124500596809, 1.0343434557967575, 1.0319234999969273, 1.0255458618831799, 1.0160706911099509, 1.004158730586015, 0.9903180366932576, 0.9748430637989891, 0.9579408472676568, 0.9400528978908589]}