{"x": [2.25596752321864, 2.2575984400396036, 2.2640646339366257, 2.2799591370073067, 2.2952012073770796, 2.317421534152786, 2.3337499247407103, 2.3477247156446706, 2.359123514731806, 2.368583478728384, 2.3827772041640505, 2.3928401938209034, 2.3996069841293357, 2.4040589125143175, 2.407356696974679, 2.4046031770977065, 2.3962593445286213, 2.3894242878819294, 2.380133185849305, 2.366213046681063, 2.355783482665195, 2.3410468969047304, 2.3225064784919334, 2.3099486087336976, 2.2930824192058537, 2.2813048930172717, 2.272258229201712, 2.2654077679177194, 2.2603534136807295, 2.25710991583565, 2.25596752321864], "y": [1.2528422741654832, 1.20925571580642, 1.16612062225429, 1.1233413039017996, 1.1052946404561823, 1.0972784163664173, 1.1011359545827355, 1.110420466388574, 1.1224362728823474, 1.1360311729374468, 1.1648988870382873, 1.195452822927416, 1.2257423964535525, 1.256457670327124, 1.3183977677845595, 1.3774548407569633, 1.4359843221987103, 1.4654618776010933, 1.4942597888948557, 1.5220907856467738, 1.534203304882206, 1.540393778847441, 1.5316223427218076, 1.5154055269504285, 1.4792524093691182, 1.4421982184557136, 1.4043844503126415, 1.366842831196272, 1.329017502527124, 1.2909903753154788, 1.2528422741654832]}