{"x": [2.212843595130938, 2.2141024318575457, 2.218603566203858, 2.227214301140763, 2.238178048021129, 2.2450312522404374, 2.2516654863616896, 2.257977695778974, 2.2639483723926634, 2.2695273277463257, 2.2747492591709446, 2.2840890879538778, 2.2918103465796036, 2.297821333866861, 2.3018358256865588, 2.3033706046751075, 2.301994653370331, 2.297139262651428, 2.287901080655524, 2.275725210311505, 2.268743563744133, 2.262051522602563, 2.255780470623497, 2.249940148606289, 2.244576858813998, 2.239617063863171, 2.2308612227598354, 2.2237191658969806, 2.218122970448157, 2.2143104667581883, 2.212843595130938], "y": [1.0814504981088735, 1.0705404017103168, 1.060522684259395, 1.0533774390458615, 1.0511423686535846, 1.0518573167254555, 1.0537186325077526, 1.056446079910724, 1.0598569416549706, 1.0637951117985336, 1.0681957207466675, 1.0781436848721992, 1.0892563345183262, 1.101379735392476, 1.114326206135704, 1.1277936373210486, 1.1399459978776327, 1.1511708938707867, 1.1595940508285216, 1.1624298507314985, 1.1615850167386033, 1.1594231382436864, 1.1562829571193158, 1.1523999854282894, 1.1479885558964733, 1.143127895246312, 1.132363463931586, 1.1207030475574897, 1.1082267948048352, 1.095069885902619, 1.0814504981088735]}