{"x": [2.2733473535927424, 2.276522881706615, 2.286981240535112, 2.3025741070778265, 2.319892478924635, 2.339000615336083, 2.357391855682317, 2.3746896579571466, 2.390604309558343, 2.4048681328381805, 2.4165911777563225, 2.4247884929794585, 2.4271075240990463, 2.427973487178606, 2.427103353593851, 2.424260021744346, 2.4194113127219885, 2.4127085261592196, 2.4045061132966516, 2.3951987399365593, 2.3750008029713894, 2.3556065369139154, 2.337355013825011, 2.3208178716584205, 2.306159748560446, 2.2936014074802737, 2.28341964686838, 2.2793808509761213, 2.276218425724244, 2.2741168666632867, 2.2733473535927424], "y": [0.883468478094085, 0.8661173743061525, 0.8519128851539163, 0.8440896831787104, 0.8419887375012989, 0.844092376889055, 0.8496877727034063, 0.8579997903551331, 0.8687248761540557, 0.8819274498402154, 0.8974301858679022, 0.9151645300057965, 0.9246824127702367, 0.934440389281588, 0.9447303207778676, 0.9546578223088188, 0.9637890706610096, 0.9716606859937633, 0.9778834277723817, 0.9822851198501191, 0.9856784295445531, 0.9828979432314812, 0.9757740001533503, 0.9653905635377179, 0.9524897009993635, 0.9375978006153638, 0.9209902005908265, 0.9120739364891793, 0.9028105297553727, 0.8932383662426444, 0.883468478094085]}