{"x": [2.220495964191233, 2.2225152061798576, 2.230198567256549, 2.2376732081898254, 2.248550996273472, 2.263656749802003, 2.2817048600099854, 2.2954379672151064, 2.308278523373072, 2.3300063768769848, 2.3464325329360918, 2.3586277685143995, 2.367019022162767, 2.3726036991902713, 2.3757602104076847, 2.376767595957664, 2.3737715361600085, 2.364676037965491, 2.357162858283703, 2.3469907261994556, 2.3321719592425607, 2.309896230450485, 2.2938090606550263, 2.2809443588137714, 2.262400954926429, 2.24920872010931, 2.2389845281097682, 2.231236694940088, 2.2254780838220762, 2.2217689442391193, 2.220495964191233], "y": [0.9436181563163377, 0.9092206595725065, 0.8756315083028529, 0.8590755317468091, 0.8445275303990998, 0.8339611813871582, 0.8302065523738723, 0.8321758962515119, 0.8374291491837332, 0.8543473604167496, 0.8759195385561482, 0.9001363447399876, 0.9249026747596456, 0.9504486259639425, 0.9763882015500298, 1.002499699381554, 1.0485513993628495, 1.0937952647820626, 1.1164250624239136, 1.1379908533693577, 1.157543426852285, 1.1678240343591366, 1.163161812398651, 1.1524364782699448, 1.12539706396531, 1.0963716647227937, 1.0661727448975094, 1.0360771443984476, 1.0055384396745102, 0.9746763049616819, 0.9436181563163377]}