{"x": [2.2744220580271373, 2.275980793099193, 2.2816127116206326, 2.286970627061687, 2.294680550897764, 2.305435938740645, 2.318457539079352, 2.3279417466833423, 2.336734159028839, 2.351422231754281, 2.3624453380739205, 2.3706813192736513, 2.3764357130936675, 2.3803363910550295, 2.382590839951544, 2.3833319312095522, 2.3813573496159224, 2.375116085575378, 2.369805203694133, 2.3625178915727107, 2.3519509183358402, 2.337031927465376, 2.3264221393051465, 2.3174650511323716, 2.304082738198226, 2.294527918561652, 2.2872090960061446, 2.2817745886235365, 2.277813896024598, 2.2753183370997956, 2.2744220580271373], "y": [0.9734347687627958, 0.9486053115262183, 0.9243728313507235, 0.9124221671540622, 0.9018352550897839, 0.8939812046185409, 0.8911879267815526, 0.8927050285684243, 0.8965709407316905, 0.9087065163495782, 0.923856779955519, 0.9406855640453234, 0.9578394562484195, 0.9755073304101014, 0.9934499595607974, 1.0115184753939725, 1.041432005651838, 1.0707537533510176, 1.085380672492029, 1.0991301201885435, 1.1111234355438306, 1.1168614010375495, 1.1143212932389135, 1.1080931053886016, 1.0913402143380677, 1.0727809739445218, 1.0532316819196454, 1.0336985982833593, 1.0138142290207826, 0.9936916679195129, 0.9734347687627958]}