{"x": [2.2421194089562837, 2.244660169708849, 2.253436605455676, 2.266883643120792, 2.2819295195648817, 2.3009950603762324, 2.319216409823129, 2.336233911060029, 2.351824319436198, 2.3657365224692484, 2.3772203632169124, 2.3817983949714483, 2.385369482179947, 2.387737134581616, 2.388667725297514, 2.3857378560532725, 2.3760239802868597, 2.360754490203064, 2.3430127544846022, 2.323703496349959, 2.3056680743104767, 2.2894053453095857, 2.274977716923467, 2.268510083673534, 2.262558358768364, 2.2571630419741204, 2.252385641378727, 2.2482987832326655, 2.2450621958667014, 2.242877670794021, 2.2421194089562837], "y": [0.8245714955599299, 0.8094852535689888, 0.7969543183208591, 0.7899482189594816, 0.7880694288547179, 0.790424736503686, 0.7965095327110091, 0.805322022189024, 0.8164662801639768, 0.8299106909749288, 0.8454806292204302, 0.8540763499425938, 0.8631368204396634, 0.8725953143964055, 0.8823011315564564, 0.9000737464571752, 0.9152424837741803, 0.924747479333223, 0.927702658125246, 0.924652825930102, 0.917111441575317, 0.9064124205723051, 0.8933437961561174, 0.8861017823423231, 0.87843014532093, 0.8703563276431086, 0.8619021914509196, 0.8530430628755816, 0.8438392011402623, 0.8343142660611621, 0.8245714955599299]}