{"x": [2.296160648461402, 2.298299968895895, 2.306192618406732, 2.3138776983091436, 2.325230895791858, 2.3418471742360567, 2.3629507785236687, 2.3775478987166707, 2.3909391460875393, 2.412746238865012, 2.428500978795852, 2.439878460964827, 2.447544543010444, 2.452585921497961, 2.4563046142377156, 2.453104884800287, 2.4435199685034674, 2.4356970688030124, 2.4251435945107174, 2.4096401490317696, 2.3985771593416945, 2.3846150935459938, 2.367422910864458, 2.3543653041863357, 2.336152849436679, 2.323405063667733, 2.313624109015051, 2.30627207878393, 2.300862998531022, 2.2974151759421693, 2.296160648461402], "y": [1.0931625640353215, 1.0527529091719352, 1.0130638302987927, 0.9931749550120524, 0.9751268880741097, 0.9610466064207519, 0.9556620983796291, 0.958060644811222, 0.9643458207646581, 0.9839214805988823, 1.007952930682604, 1.0343399601271905, 1.0608912203955656, 1.0880633152488288, 1.1431437088842609, 1.1969763392068833, 1.250045348388399, 1.2766748836409518, 1.302344984689685, 1.3263568884930652, 1.3358881300037522, 1.3401653983299486, 1.3343151726693894, 1.321693952701644, 1.2912875298292508, 1.2592817914234922, 1.226248380170778, 1.193429087371785, 1.1602342055499901, 1.1267752700542304, 1.0931625640353215]}