{"x": [2.1311840406784572, 2.1329172120600126, 2.139482229538224, 2.1554397448096183, 2.169316562786164, 2.186693644370413, 2.2006440289461575, 2.2133728105474155, 2.2244741510534363, 2.23409945889414, 2.249244088317938, 2.2603407600379426, 2.267941231790454, 2.2730020052716853, 2.275870146771054, 2.276857369420394, 2.2742023152559416, 2.266287330286552, 2.259696916147944, 2.2506971994936387, 2.237345840791819, 2.21613701988273, 2.200010679285566, 2.1877144008916916, 2.170380811900369, 2.1580851613871093, 2.1485427692049446, 2.1412801851771466, 2.1358723405708164, 2.13238305657322, 2.1311840406784572], "y": [0.9525313692053446, 0.9193620720580682, 0.8868027922473453, 0.8557949716976428, 0.8445241956159955, 0.8403249687524891, 0.8427268059118941, 0.8489203647030051, 0.8575445595489332, 0.8677900437611528, 0.8907327254050003, 0.9158840736418953, 0.9412755803892467, 0.9672925817063314, 0.9936259901690722, 1.0200967292665468, 1.065016837451195, 1.109313772388852, 1.13156995539388, 1.1529656638564165, 1.1728058475425645, 1.1838547200430005, 1.178384185977023, 1.1666033905164823, 1.1382308627224669, 1.108318520849682, 1.0774174857650716, 1.046663189452082, 1.0155291713178647, 0.9841154912005892, 0.9525313692053446]}