{"x": [2.230115557998886, 2.232190392969185, 2.239996025360295, 2.247522273798113, 2.2582856326828513, 2.272710722848945, 2.2894587944499185, 2.3020247420865885, 2.3139131414743757, 2.334471143854343, 2.350380120120148, 2.3623329949125473, 2.37061699922589, 2.3761441303752884, 2.3792684935917268, 2.380314752660417, 2.377298977777578, 2.36833695384149, 2.3609404114981487, 2.3509588308579747, 2.336593347963243, 2.3158643796475373, 2.3011486474167104, 2.2889863662501644, 2.2710587458627263, 2.25820317009421, 2.2482189651243796, 2.2406555503343433, 2.2350282603978853, 2.231399001274386, 2.230115557998886], "y": [0.8532141052078801, 0.8212632573259411, 0.7902111442979419, 0.7751342021306115, 0.7621685279798733, 0.7530976390809503, 0.7499565645251313, 0.7515680069457953, 0.7559458770534081, 0.7704805078054848, 0.7895716245328498, 0.8113591220468157, 0.8338764162591213, 0.8572238805189583, 0.8809916552235453, 0.9049410623535231, 0.9470762872534247, 0.9883576898758919, 1.0089289616555615, 1.028377717636178, 1.0456465148900025, 1.054300319253347, 1.0505048293656016, 1.0413923414834014, 1.0175670624390185, 0.9915594895200733, 0.9643202654379756, 0.9371136101452834, 0.9094415855812487, 0.8814303246010622, 0.8532141052078801]}