{"x": [2.255732507532001, 2.2580675669745185, 2.2667253645452803, 2.2750500268210225, 2.286879525886653, 2.302537356263312, 2.3205444879286845, 2.3336269291123446, 2.3460696037580244, 2.367810009065749, 2.3848242494216514, 2.3976689602455905, 2.406587489116567, 2.4125311202001156, 2.4158833003462776, 2.4169466234511, 2.413632583993086, 2.4036830970766987, 2.395522280170069, 2.3845641290334547, 2.368913889290821, 2.346619634300106, 2.3312178526457874, 2.318354896172359, 2.299273989376827, 2.2855848991449106, 2.2749679755857346, 2.2669434364407395, 2.260981645546822, 2.2571405735721557, 2.255732507532001], "y": [0.8887156080322887, 0.8543590845611755, 0.8210294318650408, 0.8049429250064039, 0.7912265604452533, 0.7817650042658512, 0.7785351580425597, 0.7801344476653387, 0.7844804621939867, 0.7991171611596019, 0.8186483675282211, 0.8411420511072039, 0.8645239434911383, 0.8888329191630788, 0.9136100980253661, 0.9385903912198191, 0.9837409784565824, 1.0279061920919137, 1.0498653787055516, 1.0705710236600854, 1.0888428428815844, 1.097884721893936, 1.094066218279602, 1.0847742756009862, 1.0601430308234543, 1.0330887708312824, 1.004687976665622, 0.9763090941126136, 0.9474263786449812, 0.9181797568909428, 0.8887156080322887]}