{"x": [2.2729707513290465, 2.274595520764653, 2.2804487324494356, 2.2859784057146464, 2.2938402102677116, 2.3045271168840777, 2.3171624493886753, 2.326210295461129, 2.3346873330675786, 2.349107937774491, 2.360124691974821, 2.368422684176151, 2.374247032347308, 2.3782013468751004, 2.3804869283904018, 2.3812383415465934, 2.3792104915138466, 2.372821813655627, 2.367405064669715, 2.360011849776777, 2.3494493940151617, 2.3349802248074774, 2.3248245935458742, 2.3160642391633965, 2.3027375756113226, 2.293152477895046, 2.2857995343314808, 2.280344201715918, 2.2763695419252294, 2.2738666290614686, 2.2729707513290465], "y": [0.9225759147445697, 0.8984870870555516, 0.875063777978412, 0.8636328190015259, 0.8536610519203791, 0.8464767955308494, 0.8439924675743046, 0.8453291329060595, 0.8487627936608193, 0.8598047010511998, 0.8739072686478739, 0.8897626970985943, 0.9060454572274896, 0.9228803824025328, 0.9400113471516521, 0.957277765841333, 0.9860977958290652, 1.0142738690024686, 1.028264406637575, 1.0413187808639612, 1.0525000333085335, 1.0577181766933714, 1.0555407406523203, 1.049960931952381, 1.034456435913215, 1.0169972836455612, 0.9984870076593226, 0.9799504875610929, 0.9610410901395255, 0.9418795014149633, 0.9225759147445697]}