{"x": [2.2314923615546673, 2.232810495441622, 2.237585751506703, 2.2421548394073327, 2.248845253559276, 2.258669314828616, 2.271307115286622, 2.2807564629575925, 2.2892793028263916, 2.302921163531451, 2.312788656925852, 2.3200514475096568, 2.3250899683365254, 2.3284988850043917, 2.33047158176229, 2.3311239747176558, 2.329433923346711, 2.324044097131848, 2.3194372415072912, 2.31306286718824, 2.3035952497653533, 2.2893252984858954, 2.2788223155552103, 2.270353873594677, 2.2581356913013035, 2.2495312645330854, 2.2429635485445454, 2.2380854738592677, 2.234534883056679, 2.2322986903927537, 2.2314923615546673], "y": [0.9953519097747561, 0.9711060565875204, 0.9472985829031111, 0.935366160080667, 0.924480498082757, 0.9158598616140946, 0.9125261620877144, 0.9142898183569378, 0.9187352492037357, 0.9319810758779274, 0.9477694597296913, 0.9649127488970292, 0.9821612157442919, 0.9998042196794343, 1.017657513330479, 1.0356076111051666, 1.064992595644328, 1.093928444748454, 1.1084549232831187, 1.1222972153405852, 1.1348052267050273, 1.1413209475738992, 1.1383432822478723, 1.1314538242142398, 1.1139041487971908, 1.0949758958937967, 1.0752482496916178, 1.0556089064581837, 1.0356867399036056, 1.0155732533101967, 0.9953519097747561]}