{"x": [2.231855218796607, 2.2331482685616195, 2.23786383462873, 2.242383754790779, 2.249009978518227, 2.2587571355768303, 2.271315772236531, 2.2807547576885168, 2.2892560841184455, 2.3028459543386792, 2.3126705635940024, 2.3199035404156056, 2.3249245007206696, 2.3283235493736463, 2.330291596193302, 2.3309425524138474, 2.329275553639063, 2.3239528339769, 2.319397703052566, 2.3130903579352746, 2.303709856683258, 2.289535030899381, 2.2790484854312867, 2.270611637930269, 2.258445254044237, 2.249872452341323, 2.243323989523976, 2.2384552869310412, 2.234907305236272, 2.2326686522961223, 2.231855218796607], "y": [0.9866228157346117, 0.9625335179976078, 0.9388749111108207, 0.927010868300764, 0.9161813554223394, 0.9075955010221592, 0.9042781810563131, 0.9060602952898679, 0.9105321882264242, 0.923809342420805, 0.939605268690133, 0.956743479799347, 0.9739837436726914, 0.9916156241470555, 1.0094566876800701, 1.0273941627608156, 1.0565535070084944, 1.0852713568108, 1.0996936753232034, 1.1134403071500334, 1.1258726738961038, 1.1323249495136367, 1.1293596765542613, 1.122461844733856, 1.104930309133742, 1.0860372130213345, 1.066350678423291, 1.0467524238362036, 1.0268725930096516, 1.0068017406081409, 0.9866228157346117]}