{"x": [2.205200029885652, 2.207041849430861, 2.2139346046553205, 2.2273340365492786, 2.2445471373349597, 2.2548167361456573, 2.2647689723033695, 2.27425510810629, 2.28324069944686, 2.2995075153326447, 2.313536401265879, 2.3250540896589644, 2.333908958503196, 2.3397174822891036, 2.341912324145575, 2.3397346907695926, 2.3321097663250816, 2.3175081361907304, 2.3079468798590694, 2.297694564233263, 2.2871134678695233, 2.276998533698187, 2.2675823072302075, 2.2588789765492865, 2.25095412829684, 2.2436736765577554, 2.230927451882822, 2.220650495196802, 2.2126492343222544, 2.20722438380834, 2.205200029885652], "y": [1.1099011337226568, 1.0927877751847195, 1.0770159881870207, 1.0656595426298727, 1.062163431631164, 1.0631189419331792, 1.0658264601937022, 1.0698169950370606, 1.0748339950438153, 1.087188333736213, 1.1020351968076092, 1.1186935685048207, 1.1369075683750893, 1.156335383893669, 1.1764937973634957, 1.196388092437641, 1.2148917566918604, 1.229280639727841, 1.2332122499917189, 1.234540860625275, 1.2331697102034205, 1.2297744546242904, 1.224818376490106, 1.2186962799189172, 1.2117716129398035, 1.2041723198759196, 1.187448674349325, 1.1695224028207047, 1.150471238182772, 1.1304983738880314, 1.1099011337226568]}