{"x": [2.2021282248468097, 2.203636194164186, 2.2086577617004877, 2.216212227664324, 2.224607642313168, 2.2366398030977437, 2.2480937611404177, 2.2587609966656843, 2.2685446219191463, 2.2773200316606714, 2.281205296891961, 2.284679619985461, 2.2876801726005316, 2.2900698837463747, 2.291696499652875, 2.292346816971688, 2.290783720422035, 2.2854665561820022, 2.277225141723717, 2.2678333023195525, 2.2556893010711567, 2.2442836657496446, 2.2338708573021795, 2.2244884941553935, 2.216241005576072, 2.2126057171693803, 2.2093523866044453, 2.206531923643657, 2.204267143136624, 2.2027140198445534, 2.2021282248468097], "y": [0.7527553243510009, 0.744336326287074, 0.7374126452328288, 0.7336023844227033, 0.7325511678351684, 0.7341819901446336, 0.7382117940738077, 0.7439397044292814, 0.7510726945240218, 0.7595549910288741, 0.7642677766021715, 0.7692911930510957, 0.774657806125564, 0.780322886224406, 0.7862633572935949, 0.7923880746924634, 0.8018053333952883, 0.80973349817309, 0.8144473835785333, 0.8158384193420143, 0.8140259938090181, 0.8094792218171141, 0.803067745492807, 0.7952252414155, 0.7861861284651853, 0.781259696528012, 0.7760730893839637, 0.7705979740895077, 0.7648706127375652, 0.7588983580172767, 0.7527553243510009]}