{"x": [2.2114953251721032, 2.21397480615959, 2.2225957483013756, 2.235738292924691, 2.2503950874631133, 2.2698702154179444, 2.2884738322085885, 2.3058543891111394, 2.321798968010818, 2.3360702060539738, 2.342334614999559, 2.3478799171348634, 2.3525946190304268, 2.3562619617343774, 2.358661267321918, 2.3595187790684293, 2.3564247543890833, 2.3467356334502676, 2.3317917943543103, 2.314578358542637, 2.2949691119168514, 2.276652361766821, 2.2601109747096633, 2.2453956702137154, 2.232673386277472, 2.2271246951532646, 2.222195110793193, 2.2179590495350503, 2.214586426613033, 2.2122939732748605, 2.2114953251721032], "y": [0.8119050339292825, 0.7971975365558291, 0.7850263549556129, 0.7782924123245184, 0.7764894047279773, 0.7789554659785609, 0.7852218452565453, 0.7942424105458646, 0.8056101174427555, 0.819314793218521, 0.8269848386496836, 0.8351898395992151, 0.8439706064709216, 0.8532378001297952, 0.8629254654301094, 0.8728689155294417, 0.8900700132495182, 0.9046155172602092, 0.91358724055823, 0.9163272722039464, 0.9132193856386395, 0.9055592174893715, 0.8947328658074001, 0.8815310784243231, 0.8664655661529924, 0.8583076192874373, 0.8497613178482173, 0.8407960608607961, 0.8314716057850758, 0.8218063145562428, 0.8119050339292825]}