{"x": [2.2641093615849335, 2.2661220130207536, 2.2735250863629535, 2.28075418338349, 2.291498670220226, 2.3074663542013374, 2.328087161695237, 2.3429197180705845, 2.356392321014746, 2.378045621403395, 2.39356013486133, 2.4047550399938395, 2.4123152646818116, 2.417298883099124, 2.420990774987589, 2.417977544988626, 2.408882660068952, 2.4014261589135493, 2.3913302634632183, 2.3764191903046, 2.365677220260017, 2.3519466486109497, 2.334588506313203, 2.3216411556680985, 2.3036936507244525, 2.2911197225541833, 2.281453558852, 2.2741639607226563, 2.26878904191609, 2.2653554448515814, 2.2641093615849335], "y": [1.0990911952662707, 1.0595678754924103, 1.020691943647129, 1.0011296961337168, 0.9832552066550344, 0.9691001260450085, 0.9636123635595784, 0.9662231225405726, 0.9729543750981331, 0.9934382664757057, 1.0181681691951219, 1.0451300369980456, 1.0721908204419337, 1.0998423402084896, 1.1558526433385876, 1.2089816382607301, 1.2614130479762962, 1.2877517796334434, 1.3131958573303009, 1.3371237942806111, 1.3467356769150551, 1.3511231147102691, 1.344894769388196, 1.3317622334277457, 1.3005988945045337, 1.2679720556279779, 1.2343687884655363, 1.2009859446547504, 1.1672418674025054, 1.1332416359883344, 1.0990911952662707]}