{"x": [2.26024963786153, 2.26184110170297, 2.2676469728613315, 2.27312790084708, 2.2808352201611095, 2.2910035502771184, 2.3026979142955324, 2.311558115297699, 2.319927965371945, 2.334430929611475, 2.3457864509062083, 2.354489459623152, 2.360692626455247, 2.3649442171601405, 2.367421150122734, 2.368241228622634, 2.3662578269904286, 2.359955239224404, 2.354580120889057, 2.3472500323475125, 2.3369264024991354, 2.32332654114946, 2.3134761184209056, 2.3048270794881174, 2.291353821964345, 2.281485085046008, 2.273838877528788, 2.2681140225709733, 2.263905279065212, 2.2612270145443896, 2.26024963786153], "y": [0.8559388764223521, 0.8336450246627636, 0.8120616874896193, 0.8016733106340439, 0.7928101185301794, 0.7866859602700104, 0.7846507448149452, 0.7858754954940581, 0.7890296650772334, 0.7993113785057514, 0.8126962284322272, 0.8279395781527518, 0.8437724979563521, 0.8602371450747116, 0.8770498285574144, 0.8940241914039172, 0.9207307178835206, 0.946758584221197, 0.959614658510992, 0.9714654114506511, 0.9813023914023232, 0.9855904304746183, 0.9835865465016941, 0.978463997873591, 0.9639213896111573, 0.9472746736315876, 0.9294971419730185, 0.9116055464304161, 0.8932979077664378, 0.8747016093974084, 0.8559388764223521]}