{"x": [2.106666137106906, 2.1084746292389376, 2.1153532114773363, 2.131833640791919, 2.1454490359751532, 2.161746238565026, 2.174787927365693, 2.1869292595313854, 2.1977761866441847, 2.207351906850061, 2.2227408730491143, 2.234182253510275, 2.242083246270922, 2.2473623294007146, 2.2503578646551805, 2.2513827007583007, 2.2486736525409787, 2.240597840906533, 2.23387029809844, 2.224710122487976, 2.2112924280195814, 2.1911210215459636, 2.1759968981097138, 2.1639304529867367, 2.1465027923547306, 2.134047575925963, 2.1243552230734437, 2.116976793458096, 2.11146933162778, 2.1079046544833737, 2.106666137106906], "y": [0.8683595210062844, 0.83729963846975, 0.8069570602443498, 0.7788099093031414, 0.769223489166236, 0.7658059425635481, 0.7677389911463055, 0.7728780938733443, 0.7802556910451618, 0.7892217576497973, 0.8098515794514161, 0.8329059638800909, 0.856446742218105, 0.8807104025493915, 0.9053426739796856, 0.9301352482356632, 0.971729560647378, 1.012622188756758, 1.03309854876647, 1.0526083497461705, 1.0702715633708422, 1.0794985889627682, 1.075058078340187, 1.0649161778083154, 1.0394554162614338, 1.0121490424842727, 0.9837443111648649, 0.9554191067855803, 0.9266714757370139, 0.8976113020357831, 0.8683595210062844]}