{"x": [2.2580621608438607, 2.2596571435027926, 2.265062225132277, 2.273629382407064, 2.2833769419309946, 2.2957350991199728, 2.3074430019337084, 2.3182448104573847, 2.3280202155432725, 2.3366029062928653, 2.343618889021984, 2.346399365586674, 2.3485649458536852, 2.3499985980669953, 2.3505492431487705, 2.3488364080119624, 2.3430620425005815, 2.333743175526647, 2.3228565422715506, 2.310390076262049, 2.304455492838511, 2.2987780586901665, 2.2883164890610233, 2.2790387604080284, 2.2710659168111347, 2.267612610661023, 2.264564874200009, 2.2619706182833035, 2.2599288190425653, 2.2585632149271597, 2.2580621608438607], "y": [0.8363246936719443, 0.826571337614759, 0.8182974620634145, 0.8134520174098914, 0.8120883455326752, 0.8138238423332773, 0.8181436814456178, 0.8243181815869779, 0.832015257316411, 0.8411086550765612, 0.8514589424963457, 0.8570990644263262, 0.8630026470181912, 0.8691324680295718, 0.8754035807134746, 0.8862853136972674, 0.8956662848558106, 0.9015594723723941, 0.903306514773865, 0.9012861775196689, 0.8991041385269165, 0.8963207384356553, 0.8893478693534109, 0.880863230681969, 0.8711894804583546, 0.8659532751747746, 0.8604710793006382, 0.8547303863066364, 0.8487707910457768, 0.8426125747057862, 0.8363246936719443]}