{"x": [2.2551254152862192, 2.257402969624967, 2.265605401055639, 2.279550819579992, 2.2959476764537943, 2.3055102143058948, 2.3148866320587778, 2.323975846865095, 2.33273479765542, 2.349054585754084, 2.363631361962842, 2.3761448115030115, 2.386087164580778, 2.3928105840714076, 2.395391443025012, 2.392708266146624, 2.3837020900947317, 2.36831534217955, 2.3590481692679504, 2.3493778231615865, 2.3395874280659776, 2.3300658707360338, 2.3209837654191725, 2.31239984227795, 2.3043942423423007, 2.296915117079443, 2.283542673582543, 2.2724214837803336, 2.263583045775836, 2.2574609279393787, 2.2551254152862192], "y": [0.9672725225380566, 0.9509038552308093, 0.9365567077161845, 0.9275690060766533, 0.9250398632889435, 0.925723305913376, 0.9277213084451953, 0.9307322172802991, 0.934600056323143, 0.9444527628723928, 0.9567380754565606, 0.9711691775519429, 0.9874784614834561, 1.0054135385209524, 1.024392751493294, 1.0433534281391927, 1.0602529988424196, 1.0719680061810453, 1.0749017869745916, 1.0758876722119308, 1.0748973725151667, 1.0724129257698878, 1.0686580301264952, 1.0638726208665776, 1.0582867509978273, 1.0520134537927879, 1.0378150625783027, 1.0220290885074719, 1.0048605168248201, 0.9864925294760297, 0.9672725225380566]}