{"x": [2.256300993822374, 2.2578025151586347, 2.2631679144209516, 2.2682657586544974, 2.2756637231496954, 2.2863173491611977, 2.299728725125291, 2.309161430227428, 2.317778795931282, 2.331799590223764, 2.3420391056082503, 2.3495764538817676, 2.354787683363648, 2.358298857166895, 2.360319347835825, 2.3609812651778115, 2.3590812997131954, 2.353099664294123, 2.3480278746216556, 2.3410590138506193, 2.330822928407067, 2.315705129061496, 2.3051137442337457, 2.2964120322771224, 2.2837329139224547, 2.2748086975741075, 2.268021189530456, 2.2630084298426976, 2.259378686759397, 2.257108712931703, 2.256300993822374], "y": [1.0104440189273252, 0.9847829433342543, 0.9596441713341649, 0.9471157988529523, 0.9357924488987519, 0.9270055517877275, 0.9237124828873784, 0.9253705005248031, 0.9295497296829047, 0.9423284555059698, 0.9578621654410162, 0.9748719332424588, 0.9920425824531364, 1.0096397346532042, 1.0274611187151983, 1.0453844548405045, 1.0762720249494977, 1.10663436829974, 1.1218386663444162, 1.1362722628839832, 1.1491985662334834, 1.1557802762269462, 1.1530156420141318, 1.146374795387072, 1.1290564059957693, 1.110194119593465, 1.0904619828538205, 1.0708121734182166, 1.0508605385054581, 1.030707953612026, 1.0104440189273252]}