{"x": [2.2111223505078157, 2.2124226050391083, 2.2170369430993504, 2.225638230644878, 2.236407276107277, 2.2429732948149077, 2.249352097894427, 2.255447853584266, 2.2612356694693485, 2.266665629594473, 2.2717634788379577, 2.28091564472217, 2.288525125062072, 2.2944672594423867, 2.2984431276074884, 2.2999599439749616, 2.2985318072387355, 2.2935503057979134, 2.2843074959193626, 2.272374487072044, 2.265702047589094, 2.259277379561038, 2.2532221302814297, 2.247556053884032, 2.2423274819682715, 2.237477710566246, 2.2288877086926577, 2.2218517790155508, 2.2163309897997627, 2.212568699101353, 2.2111223505078157], "y": [1.0816552072522836, 1.0709264420501372, 1.0611537787041128, 1.0543332412457564, 1.0522049700011826, 1.0528346937529365, 1.0545139867426179, 1.0570031906977795, 1.0601425474855604, 1.063794245014683, 1.0678968411312102, 1.0772350261621781, 1.0877581667317981, 1.0993051021476397, 1.1116929605340373, 1.1246144864181993, 1.1365231122194424, 1.1474336386231714, 1.1554326787644422, 1.1580817309501323, 1.1573204378228956, 1.1553647648930647, 1.1524966428944716, 1.1489206471036646, 1.1448261278988008, 1.1402893042141755, 1.1301757018926069, 1.119133311905382, 1.107260672372153, 1.094693493179221, 1.0816552072522836]}