{"x": [2.2777744704198306, 2.279566256212132, 2.285517056798324, 2.2947506864670566, 2.305206828182303, 2.3171183836370117, 2.3284707472959356, 2.338995939522495, 2.3485378759029985, 2.3569196215415515, 2.3605498661768616, 2.363732994867674, 2.36640891843788, 2.368472551183704, 2.369816068798437, 2.370308729028702, 2.3683337130027295, 2.361987369083466, 2.352046564871294, 2.340517700453882, 2.328506443562552, 2.3172368640878283, 2.3070321486315395, 2.2979781141236013, 2.2902164573918165, 2.2868720446176853, 2.283935370963634, 2.281453279121148, 2.279517294285965, 2.278237775214708, 2.2777744704198306], "y": [0.8921947769826594, 0.8817271704056139, 0.8729311908603514, 0.8678112466600363, 0.8663474003893049, 0.867872820991836, 0.8717889288454042, 0.8775113373425869, 0.884755443949, 0.893427485193025, 0.8982502664057544, 0.9033791636045468, 0.9088223231856372, 0.9145258285173745, 0.9204468157912169, 0.9264982962526922, 0.9380211982851623, 0.9478396441097913, 0.9539669652818809, 0.9558240970423186, 0.9540526584151702, 0.9495354839241683, 0.9430421298587762, 0.9350218852433402, 0.9257762965086718, 0.9207460925203762, 0.9154674566343506, 0.9099332660898458, 0.9041852222821347, 0.8982493184352115, 0.8921947769826594]}