{"x": [2.2826541725923573, 2.2844759187147368, 2.291431151238587, 2.3083649584863317, 2.3239899783431612, 2.3453126544632283, 2.3606181223824496, 2.374171484588548, 2.385567747785809, 2.3951779846856196, 2.409797583316842, 2.42022508221438, 2.427232448302914, 2.431839771007529, 2.435243979285596, 2.4323600727483967, 2.4236676032464826, 2.4165534439091307, 2.4069077771958947, 2.3925745880347504, 2.381987396839713, 2.36782995139219, 2.3500956357753804, 2.337472684268302, 2.320278232924562, 2.308277477422775, 2.299069626068821, 2.292125419095815, 2.2870167205991434, 2.2837612948208346, 2.2826541725923573], "y": [1.1659607278835502, 1.1247199141152944, 1.084029027915292, 1.0442088538499343, 1.028274128682468, 1.0216862462633791, 1.0247769653661394, 1.0325304333456171, 1.0429813149214615, 1.0550949059374681, 1.0814057316857966, 1.109641515408562, 1.137765045863533, 1.1663798798180747, 1.2241947079993285, 1.2798319301704362, 1.3348615438506248, 1.3625486026409446, 1.389458556211938, 1.4151674532413312, 1.425908687411038, 1.431107674551737, 1.4238446974447863, 1.4094253395498364, 1.3763188724874407, 1.342057248526192, 1.3069418319329185, 1.2720783432600034, 1.2368990019841846, 1.2014959229081281, 1.1659607278835502]}