{"x": [2.213003041275495, 2.2149250311456115, 2.2221623730083824, 2.2397025948291747, 2.254662971406192, 2.273059040359177, 2.287799661726409, 2.3014025551715553, 2.3134148777483374, 2.3239241727885203, 2.3406241248298776, 2.3529370108060377, 2.3613906384523533, 2.3670214495797457, 2.370210196976673, 2.371280541871909, 2.3683455259843127, 2.359552043664682, 2.3522484721057904, 2.3423046118230286, 2.327650931528787, 2.3049075977302995, 2.2878412453823485, 2.2745866583607004, 2.255746629468272, 2.2423617449681275, 2.2319696950019257, 2.2240628234350015, 2.21816870841776, 2.2143567563132796, 2.213003041275495], "y": [0.9892223967380328, 0.9540873683894392, 0.9196521372318197, 0.8871669988253694, 0.8756347622530516, 0.8713464065351674, 0.8736293835328137, 0.8797497750385825, 0.8884413131643473, 0.8989004453672924, 0.9226525370958784, 0.9489478427340505, 0.9756315395218447, 1.003050100036451, 1.030840687688582, 1.0587931336248042, 1.1064229637551275, 1.1533259455920881, 1.1768544792326256, 1.199394525715867, 1.2201064081135091, 1.231351548679556, 1.2258819002772832, 1.2138198374771465, 1.184294025493865, 1.1529699402803522, 1.1205298609795, 1.088228404549008, 1.055499791476188, 1.0224568917353478, 0.9892223967380328]}