{"x": [2.212662102751488, 2.2140361985546884, 2.218832523018311, 2.227062764191541, 2.236797166131494, 2.2431629070613583, 2.2493850104012623, 2.255387623978213, 2.2611468546156335, 2.2666188821610422, 2.2718161951488436, 2.281320403552651, 2.289488239444252, 2.29605538371474, 2.300603200567516, 2.3024029031772146, 2.3009046373225144, 2.2957056362020523, 2.286727433644868, 2.2758309485820565, 2.2693907137686584, 2.2631382418139743, 2.2571707534431025, 2.25151412240699, 2.2462153319312437, 2.241240065348636, 2.232270970392768, 2.224707221807035, 2.218625725291185, 2.2143569623036674, 2.212662102751488], "y": [0.9437371902735686, 0.9340183378276994, 0.9254544891729997, 0.9200146672568634, 0.9184115605479243, 0.9189519154284715, 0.9204010776038833, 0.9225624541661334, 0.9253073004028164, 0.9285295151049691, 0.9321783081590221, 0.9405875648215604, 0.9502956286232823, 0.9611507040288714, 0.9730386320449558, 0.9856388916120696, 0.9965132595567318, 1.0061810962390862, 1.0126679674951664, 1.0146564928600363, 1.0140006112557072, 1.0123232920891507, 1.0098425138029465, 1.0067171812313502, 1.0030926433632754, 0.9990354056705889, 0.9898636413977328, 0.97962030579943, 0.9684331874495, 0.9563959636893867, 0.9437371902735686]}