{"x": [2.255833524480126, 2.2571630005601206, 2.2619247097121304, 2.266457905815279, 2.2731014885068883, 2.2829913434293454, 2.2960370361666866, 2.3054581382862884, 2.3138777328199285, 2.3271466561682383, 2.3365975930826464, 2.343493226749234, 2.348245304919664, 2.3514455182402223, 2.353289427513545, 2.3538962763842592, 2.3521984481812175, 2.346817304238966, 2.3422381765861844, 2.3359099977989497, 2.3264635088552277, 2.311820513001362, 2.3013424181620836, 2.2930470610156433, 2.2812305147264462, 2.272967291843045, 2.26668972715007, 2.262046083688204, 2.2586839098377443, 2.256581026568399, 2.255833524480126], "y": [1.0246558953771279, 0.9995071274250413, 0.9747775062773805, 0.9623418317786891, 0.9508937456431484, 0.9416064013739529, 0.9378816336006953, 0.9397156886570806, 0.9443234376722643, 0.9578778823287663, 0.9738347982986773, 0.9910508841536895, 1.0082969053305033, 1.0258970794225943, 1.0436835476382214, 1.0615550385508974, 1.0920086047996795, 1.1220310232190667, 1.1371252316297038, 1.1515736810565804, 1.1648013421224361, 1.1718575339466906, 1.168703366073961, 1.161567099806278, 1.1437147955277394, 1.124615509332243, 1.1047747490866329, 1.0850488537032243, 1.0650646058995819, 1.0449080541765348, 1.0246558953771279]}