{"x": [2.323653110393739, 2.325945278516657, 2.3344405509555477, 2.3425976243440463, 2.3543639091513286, 2.3706363964957964, 2.3901483937563563, 2.4032603364694904, 2.415577485718972, 2.4364633718706967, 2.4521280182058494, 2.4635992579105843, 2.471355484172651, 2.4764357264974697, 2.480152436019764, 2.4766482798598455, 2.472538568497095, 2.46674348839806, 2.458721970061025, 2.4479790621668487, 2.432465074694775, 2.409058978513857, 2.3935312634186303, 2.3810426835210126, 2.3630941159880057, 2.3504499797905583, 2.3407494596757212, 2.333489441484569, 2.328162123854698, 2.3247868367728204, 2.323653110393739], "y": [0.9682550449368719, 0.9309866860653357, 0.8946271625003831, 0.8767463848153464, 0.8610042566643952, 0.8494588540723003, 0.8452908655534457, 0.8470817737062587, 0.8519210120854157, 0.867870222747256, 0.8884718840968734, 0.9116714585500013, 0.9353293314884945, 0.9597023726553938, 1.009279884754213, 1.0579130237889796, 1.0819591520432021, 1.105655629801498, 1.1295033075638439, 1.152255151908101, 1.1729716320683667, 1.1840174918847857, 1.1796241835758157, 1.1694042781889238, 1.1433983611091496, 1.115410970155769, 1.086272196295865, 1.0572686717117272, 1.0278487466725805, 0.9981366969421626, 0.9682550449368719]}