{"x": [2.2137119162210914, 2.2155757003780385, 2.2227096195972447, 2.239944826235561, 2.254654418307041, 2.2727830717177477, 2.286581217702924, 2.2993045018875544, 2.32031792331427, 2.335815561649447, 2.3471813200531866, 2.3549463124500805, 2.3601003363193898, 2.3630100413217723, 2.364012446591439, 2.3611299439147646, 2.3526057087128827, 2.3455527085043224, 2.335970325830821, 2.3218619301779495, 2.3119544856324374, 2.2998320131883023, 2.283746689855138, 2.2712560382456237, 2.253537528660665, 2.240988573690071, 2.23127533801581, 2.223912390419154, 2.218445016819348, 2.214925335258447, 2.2137119162210914], "y": [0.9634443382143479, 0.9288702707204887, 0.8949889037022075, 0.8630026558459777, 0.851617327633789, 0.8474520277738622, 0.8496707454311029, 0.8554525773404492, 0.8735033715490872, 0.8958649348266068, 0.920584074012474, 0.9456227970880943, 0.9713262754156674, 0.997362138493996, 1.0235409034211218, 1.0698650985405662, 1.115489404446173, 1.1383761634569405, 1.1603244320049946, 1.1805544968756192, 1.188299495924082, 1.191644362068529, 1.1864996585823222, 1.1751335148623452, 1.147290224153841, 1.1177533508113922, 1.0871664874475537, 1.0567217372531914, 1.0258801478384356, 0.9947496589868451, 0.9634443382143479]}