{"x": [2.2790182219569264, 2.281192257761601, 2.289519893313468, 2.2975586585305483, 2.3091538676556445, 2.325086113046179, 2.3440441385946946, 2.3571346656052024, 2.369471816131713, 2.390551917722383, 2.4065442845988967, 2.4183672109621956, 2.426437880395898, 2.431772507391341, 2.4357169854618586, 2.432462051533063, 2.428438688602207, 2.4227249583974575, 2.4147740412930885, 2.4040926826659663, 2.3886659914512456, 2.365651645535027, 2.3501826181477847, 2.3376348109840066, 2.319465916341755, 2.3066001131633174, 2.2966915149423826, 2.28924420141408, 2.2837485900762924, 2.280232835986871, 2.2790182219569264], "y": [0.9432902207498504, 0.9070696870306093, 0.8717524960225187, 0.8544272227404335, 0.8392503335381115, 0.8282352811702955, 0.8242652573477245, 0.8259735118316617, 0.8306718889643467, 0.8462680753740035, 0.8665697871480128, 0.889550947072524, 0.9130942718571154, 0.9374040559334981, 0.9869425570489405, 1.0344770662035718, 1.0579736416830687, 1.081117318912161, 1.1044016296634303, 1.1265665746857174, 1.1466253617613853, 1.1571457050461804, 1.1528884910941748, 1.1428901305125079, 1.117237534327656, 1.0895164797342811, 1.0606061798311106, 1.0318041064408672, 1.0025667986580054, 0.9730203270790166, 0.9432902207498504]}