{"x": [2.2532202768297402, 2.2547642888870927, 2.260353096566949, 2.265644347016862, 2.2731639120865266, 2.2833396119354332, 2.2953078451356417, 2.3041729302329594, 2.3124814262881856, 2.3266438913001783, 2.3375104855189663, 2.345733411151633, 2.3515347596187777, 2.355490789040839, 2.3577890143253675, 2.358552862469465, 2.3566429006055607, 2.350561960025772, 2.345378473047488, 2.3382851247845284, 2.3281589428961333, 2.3144073896637227, 2.3045064625220393, 2.295934559580542, 2.2828290102295035, 2.273352949922319, 2.266056236062547, 2.260620187294283, 2.2566434314517734, 2.2541276749888333, 2.2532202768297402], "y": [0.8828308912810969, 0.8600185175509709, 0.8378475095189987, 0.8270475355982257, 0.8176617533092443, 0.8109533141438476, 0.8086490968111537, 0.8099527612882748, 0.8133080806697764, 0.8240813162553382, 0.8378448101766798, 0.8533335198995148, 0.869267583881123, 0.8857569704742928, 0.9025478380727238, 0.9194780362457885, 0.9468264350664963, 0.9735585325158764, 0.9868245745548707, 0.9991753161947386, 1.0096821174171988, 1.0145634302796707, 1.0124156116390892, 1.0070152446942144, 0.9919664861699345, 0.9749777249329066, 0.9569452072450532, 0.9388639339181651, 0.9204067270790562, 0.9016920698148007, 0.8828308912810969]}