{"x": [2.2737465740565055, 2.275702239053348, 2.282143716863465, 2.291946541029868, 2.302942638892391, 2.315706214281357, 2.32790389254089, 2.3392644506843525, 2.349620807448149, 2.3587945861259723, 2.362791137868638, 2.3663102342752995, 2.3692843635474223, 2.3715894821365717, 2.3730992645751967, 2.3736605438972935, 2.3714994590304714, 2.3645772527447573, 2.353908513359127, 2.341639988992516, 2.3287691225513525, 2.3166666180637208, 2.305669735012102, 2.295875914353002, 2.2874323139676678, 2.2837787512421475, 2.2805600781434037, 2.277827658882816, 2.275687027611549, 2.2742647892029786, 2.2737465740565055], "y": [0.8637405138646013, 0.852727890409291, 0.8435840474223354, 0.8383933429889712, 0.8369357401796348, 0.8385372553079822, 0.8426226380921352, 0.8485965842638221, 0.8561792083989198, 0.8653113424415231, 0.8704105649345177, 0.8758502759880099, 0.8816452417031939, 0.887737326802519, 0.8940811766788874, 0.900578009737268, 0.9128422211419315, 0.9231942368547242, 0.9295406366564714, 0.9314332804126999, 0.9295542987108533, 0.9247878366781713, 0.9179283815707802, 0.9094392922133347, 0.8996226818125828, 0.8942717603788674, 0.8886485029365545, 0.8827416879566761, 0.8765956098590096, 0.870236292202269, 0.8637405138646013]}