{"x": [2.3241318207159307, 2.3267581182145145, 2.3356856530526353, 2.3497550725172487, 2.3657632173759824, 2.3828206287459888, 2.3991169895777626, 2.4142637432699967, 2.427998137487567, 2.440031232587078, 2.449721050447288, 2.456342313038496, 2.4588696683948106, 2.4581606503204383, 2.455836620439294, 2.4518168507031857, 2.4461487927677585, 2.4390137854504212, 2.430764226907085, 2.421830006355689, 2.4125922622109033, 2.395263258127402, 2.379079455013945, 2.3645699352139715, 2.3518431771588775, 2.341092445173563, 2.332487609821216, 2.3291168351306593, 2.3264993621309253, 2.324772464378902, 2.3241318207159307], "y": [0.9254144701016023, 0.909398906998211, 0.8958455007184629, 0.8878965633057682, 0.8856889699908665, 0.8877376126173174, 0.8931764399630948, 0.9012046706481571, 0.9114634742247026, 0.9238566341536288, 0.938156746759261, 0.9541808361544815, 0.971333825227837, 0.9805643111827216, 0.9895255311166733, 0.997881001538093, 1.005218954517991, 1.011171993177221, 1.0154488825301042, 1.0179430766043298, 1.0187829480566282, 1.0161432983955092, 1.0094093062924314, 0.9997001316138976, 0.9877492376234381, 0.9741110963358088, 0.959026867997561, 0.950986686419823, 0.9426707092124732, 0.9341171062283056, 0.9254144701016023]}