{"x": [2.228207237713836, 2.229638069155418, 2.234809062665441, 2.2396965800427666, 2.2466488953097006, 2.2561041549298984, 2.26730082191976, 2.2756375175481294, 2.283439399800302, 2.296679135566882, 2.3067792681931123, 2.3143966335446127, 2.3197559650800503, 2.323406170953721, 2.3255248911272224, 2.326225784282783, 2.324458875836058, 2.3188429623897338, 2.3140502971221237, 2.3074811949818343, 2.2980678370654246, 2.285192844369467, 2.2759104518719218, 2.267907243549602, 2.2557082782956024, 2.246900277356696, 2.2401201807092144, 2.2350715861205397, 2.231380557401262, 2.229047708380702, 2.228207237713836], "y": [0.8395824262660656, 0.8181949854729512, 0.7973928046158274, 0.7872395292028049, 0.7783714888242601, 0.7719576402934502, 0.7696829895994608, 0.7708786446187019, 0.7740505081479773, 0.7842602246528134, 0.7972624836202621, 0.8118586188082434, 0.82683704494959, 0.8423209618073599, 0.8580784711370929, 0.8739623253367105, 0.8995594187999624, 0.9245952865777918, 0.9370364070713973, 0.9486380456011149, 0.9585498802150314, 0.9631423017718048, 0.961137202747565, 0.9560252668006816, 0.9418608949750192, 0.9259160472526449, 0.9090089677035244, 0.8920643920654551, 0.8747732597176732, 0.8572451303099913, 0.8395824262660656]}