{"x": [2.330493848073566, 2.3325081451084424, 2.3392339689293933, 2.3442736277794687, 2.3500625926570935, 2.356252299743721, 2.3626067702629556, 2.37474646683723, 2.386291383701781, 2.3969150173515446, 2.4064141829827443, 2.4145614869744167, 2.420993209677889, 2.425287167366596, 2.426873255475572, 2.426337723579425, 2.424639493331597, 2.421707080442448, 2.4175517517328133, 2.4122641272570573, 2.4061045210034804, 2.3993965917069673, 2.3924416229870915, 2.3801362433580144, 2.3686506404500536, 2.358375780440244, 2.349413567761475, 2.341923810367093, 2.3360230452118516, 2.332018492652857, 2.330493848073566], "y": [0.9753763071319719, 0.962835793436583, 0.9520615106196864, 0.9481356023731141, 0.9454339727665104, 0.9439275840294852, 0.9434777115303807, 0.9450332523847752, 0.9490961128125707, 0.9551184591305747, 0.9627928385458371, 0.97194768697299, 0.9823795015381795, 0.9938927230101468, 1.0060778231658918, 1.012998539404772, 1.0197290016248768, 1.0260332884755683, 1.0316079024858058, 1.036179063576797, 1.039482658151999, 1.0414135508083637, 1.0420077494308637, 1.0401686070350276, 1.0353847029381087, 1.028457102930614, 1.0198988826725506, 1.010120068996545, 0.9993079168833244, 0.98762859294744, 0.9753763071319719]}