{"x": [2.2862446637522287, 2.2877744786081795, 2.293256387050544, 2.298439363643616, 2.3058558077287463, 2.3161238078749173, 2.3285003681616456, 2.337303984096037, 2.345495317419926, 2.35923794597812, 2.3695730276381997, 2.377290526847193, 2.382673685308761, 2.3863175417353317, 2.3884199935343, 2.389110575011007, 2.3872028874627134, 2.3811938247539226, 2.376096181469121, 2.3691181016678136, 2.35905341160964, 2.3449651387382047, 2.335108736386835, 2.326709445546342, 2.314094896761585, 2.305087593017974, 2.2982006415417446, 2.2931017574650205, 2.289396600731374, 2.287071718926485, 2.2862446637522287], "y": [0.9196187764122419, 0.8959881930778711, 0.8729514076674528, 0.861625888508126, 0.8516195411363457, 0.8442188468627289, 0.8415687792782541, 0.8429187100519259, 0.8464155693557754, 0.8575268174701219, 0.8715054610458893, 0.8870828997024222, 0.9029761558413407, 0.9193559084665228, 0.9359944195151315, 0.9527510137605528, 0.9810499663651187, 1.008769294561509, 1.0225742307980854, 1.035530643644302, 1.046787705308903, 1.052222775758098, 1.0499370569153919, 1.0442956837388677, 1.0289014549256488, 1.0117423574898823, 0.993627831691401, 0.975521706103528, 0.957079845671055, 0.9384123238605407, 0.9196187764122419]}