{"x": [2.282045346166108, 2.2836783627915387, 2.2900740073518833, 2.2963133212928897, 2.305690264805076, 2.3203877258124965, 2.3412343793408876, 2.3559871564092463, 2.3688224685110235, 2.388255270907185, 2.401542953245785, 2.410955163058473, 2.4172619420625407, 2.421402466258517, 2.4245337324427823, 2.4217880209431466, 2.4137343209219875, 2.4071522523345195, 2.39822366461884, 2.3849292566200613, 2.374989844026784, 2.3612858140865463, 2.3443599632461147, 2.332596496530676, 2.316732033983539, 2.3056780311449443, 2.2972055039235557, 2.2908133550371965, 2.2861107212032343, 2.2831040478765106, 2.282045346166108], "y": [1.1593920637149482, 1.1186943257260153, 1.0784691053863764, 1.0580166295375435, 1.0387993004522929, 1.0223865370292387, 1.0152583395072132, 1.0184716111049446, 1.0264229826117637, 1.04896445795707, 1.074745114119602, 1.102178944339682, 1.1293974521478802, 1.1570285702594159, 1.2127764202607538, 1.267297911128483, 1.321291149724147, 1.3484711595121301, 1.3749731760461301, 1.400495736534137, 1.4114111446219486, 1.4169009187356951, 1.4094577047404155, 1.3951921268661474, 1.3629017658531848, 1.3296624438043572, 1.2956733309665063, 1.2619368436774767, 1.2279236789171677, 1.1937156492858216, 1.1593920637149482]}