{"x": [2.286649812457912, 2.2882963448749294, 2.2939137838966475, 2.303087711253348, 2.313683996696949, 2.320118870873421, 2.3264341446234904, 2.3325616815424475, 2.3384727611066483, 2.349515727990873, 2.3594346005115745, 2.3680415861360258, 2.3749856403872065, 2.379789792082376, 2.381662452824854, 2.379858146845339, 2.3738382233368185, 2.363920076472139, 2.352141031703506, 2.345619476498979, 2.339255818155106, 2.3331423507225297, 2.3273139708966153, 2.321821632954877, 2.3166443162610433, 2.311791250320461, 2.307270254065944, 2.299318334531962, 2.2929153781669065, 2.288424708356885, 2.286649812457912], "y": [0.9190774425064346, 0.9084883333993672, 0.8993622893758625, 0.8938291595414644, 0.8922495381602321, 0.892754918950192, 0.8940892100996685, 0.8960975485943559, 0.8986742268024602, 0.9052278661586348, 0.9133834332348699, 0.9229676525362244, 0.9338174254238304, 0.9458203433429693, 0.9586126478197772, 0.9703786233462277, 0.9806477139149348, 0.987322277246767, 0.989365200945424, 0.988775111683695, 0.9872314990039855, 0.9849088343587886, 0.9819424824396648, 0.9784583802964976, 0.9745213591304338, 0.9701930961699743, 0.9655190505834219, 0.9553254865444543, 0.9440941054237438, 0.9319258644868885, 0.9190774425064346]}