{"x": [2.231254687594606, 2.2331530154005814, 2.2394063146876704, 2.2488750407608546, 2.259475082733316, 2.2717842240176243, 2.283553206179237, 2.29452268071484, 2.3045323149485593, 2.313413144419837, 2.3172878262247356, 2.3207043130612486, 2.323596843299209, 2.3258439737131944, 2.3273214517559153, 2.3278767527720694, 2.3257974200275546, 2.319107976417312, 2.3088384307168486, 2.2970608880271954, 2.2846469440678785, 2.2729574204309184, 2.2623150663820693, 2.252818387392198, 2.2446111135814792, 2.2410542480367974, 2.237917464048946, 2.2352510083451778, 2.2331588996720666, 2.2317659769860887, 2.231254687594606], "y": [0.8537632951378367, 0.8431450069345945, 0.8343559261605803, 0.8293929072182538, 0.8280045842540373, 0.8295429135314956, 0.8334636883277046, 0.8391985553633244, 0.8464804022451691, 0.8552562943658215, 0.8601591345862536, 0.8653915928051248, 0.8709696103031309, 0.8768374391424989, 0.8829522792681632, 0.8892185263037193, 0.9009977411403232, 0.9109136309649765, 0.9169544006991299, 0.9187554992717661, 0.9169667491880509, 0.912421348366563, 0.9058669127976231, 0.8977408181949385, 0.8883210337456928, 0.8831796810872709, 0.8777717807669276, 0.8720854142327908, 0.8661636044012779, 0.8600311423057515, 0.8537632951378367]}