{"x": [2.217503622769561, 2.2188560457527218, 2.2236666292144385, 2.232215377557459, 2.2425234420773297, 2.24907849256308, 2.2554696708335618, 2.26161388441201, 2.267486708082104, 2.2730414480311003, 2.2782950853097144, 2.287836889256427, 2.295935868231612, 2.302373333937774, 2.306769651761045, 2.308481958536867, 2.3069940633872257, 2.30181768598793, 2.292604239900226, 2.2811556485062603, 2.2745045756367093, 2.2680675752189807, 2.2619533561775955, 2.2561858133270114, 2.2508138782121754, 2.245792731694295, 2.2367996796743603, 2.2292964805881463, 2.2233135089469864, 2.219152471210935, 2.217503622769561], "y": [0.9747802516505178, 0.9645034797065531, 0.9553220105282846, 0.949292682215231, 0.9475100706498383, 0.9481117419790546, 0.9496876656999441, 0.9520219578310292, 0.9549732664205901, 0.9584233006907839, 0.9623165214283285, 0.9712439168965211, 0.9814542932637509, 0.992785854554365, 1.0050911185301519, 1.018045466735387, 1.029467250660734, 1.0397568617823314, 1.046919965962798, 1.049184343450151, 1.0484771376415527, 1.0466600146424263, 1.0439804475061112, 1.040619018644641, 1.0367406186120012, 1.032417684268622, 1.022701561238404, 1.0119512945093823, 1.0002863778095703, 0.9878194329309659, 0.9747802516505178]}