{"x": [2.324652652105731, 2.3266291962266687, 2.3331806380700537, 2.3434969988944783, 2.3552898272731335, 2.3675370149633306, 2.3792149952909907, 2.390023768805853, 2.3997755596913857, 2.4082629432379843, 2.415070524733767, 2.419709484945095, 2.421460844706293, 2.4209347419915415, 2.419250066072064, 2.416338771702725, 2.412233776761618, 2.407082723308726, 2.4011512725312945, 2.394753039319876, 2.3881501507715455, 2.375775146238212, 2.36418144925678, 2.353737372463785, 2.3445490573805725, 2.3367748478423307, 2.3305746794075612, 2.3281614916517537, 2.3263008380528296, 2.325087683921783, 2.324652652105731], "y": [0.9748122198955493, 0.9630143621902403, 0.9530056268620642, 0.9470337604727253, 0.9452960356201, 0.9468292192798561, 0.9508253466452234, 0.956728862376692, 0.9642510733157788, 0.9732763030081558, 0.9836275002647793, 0.9951626552872814, 1.0074716963637542, 1.0140653107872994, 1.0204617474733912, 1.0264139577098104, 1.0316152516004657, 1.0357965713734134, 1.0387688900631074, 1.0404801775195183, 1.0409976287776042, 1.0391818110369306, 1.0344888246135429, 1.0276926599674057, 1.0192759230767214, 1.0095991298509612, 0.9988456851722038, 0.993100038887671, 0.9871524431922193, 0.9810342953630903, 0.9748122198955493]}