{"x": [2.1878394463501825, 2.1895427041993583, 2.1957611029291186, 2.211051712039526, 2.2254674433117296, 2.2455733377103573, 2.2617215624366627, 2.275736976707339, 2.287355619441663, 2.297114207414659, 2.311968894691064, 2.322632450507057, 2.3298721408994894, 2.334669443801216, 2.3382526505800953, 2.335675739613413, 2.327765706129376, 2.3212116861556678, 2.312247100925468, 2.2987858097348894, 2.2887267150665305, 2.2750987389508968, 2.256732575244567, 2.243992094160265, 2.22665139500517, 2.214449370915146, 2.2050163887353267, 2.197833901691268, 2.1925055945474203, 2.1890803158637753, 2.1878394463501825], "y": [1.1563198752777015, 1.1173420241993384, 1.0788257227254743, 1.0408831500696223, 1.0254342775517244, 1.0189355099287136, 1.0225462344405092, 1.031342293565631, 1.0428517182448886, 1.0559753486956702, 1.0841121416042359, 1.114089290011289, 1.1439338910438688, 1.1742670282479437, 1.2355321081550388, 1.2892552860783624, 1.3424553959146466, 1.3692606724182574, 1.3953588378308168, 1.4203902791156355, 1.4309347384845903, 1.4360970321533268, 1.4279662176450982, 1.412438621063674, 1.3774151443911606, 1.3413475224785656, 1.3044587492607065, 1.2678089893852098, 1.230844111973666, 1.1936503792768676, 1.1563198752777015]}