{"x": [2.260362762662547, 2.2619363577719223, 2.267621413932012, 2.27296628192, 2.2804728794366826, 2.2903941594202255, 2.3018434813991875, 2.310378208518061, 2.318441184851178, 2.3323905473762436, 2.343274531087091, 2.351590172934112, 2.3574988387517655, 2.361543486450281, 2.363900706332974, 2.3646896312203944, 2.362776849796912, 2.356665648243493, 2.3514561540511902, 2.3443507378776034, 2.3343292663215993, 2.3210591627105233, 2.311538755383241, 2.3031787652381905, 2.2901778586115658, 2.280679219260774, 2.2733350829385564, 2.2678505069454724, 2.2638298341492122, 2.2612811203019265, 2.260362762662547], "y": [0.8372597554582901, 0.8154084878273397, 0.794251119486634, 0.7840608077422869, 0.775339508471047, 0.7692660445558704, 0.767208913869003, 0.7683651187297496, 0.7713927893401794, 0.7813126612638895, 0.7942352777375941, 0.8089425962768968, 0.8241935420486421, 0.8400410814056627, 0.8562154506518479, 0.8725416352523391, 0.8986830739235859, 0.9241720276908568, 0.9367689163121036, 0.9484022087813863, 0.9581074213656497, 0.9624115349334895, 0.9605103902661999, 0.9555744940458557, 0.9415235094272052, 0.9254385775660998, 0.9082626396245055, 0.8909867818916837, 0.8733127890068256, 0.8553646645475059, 0.8372597554582901]}