{"x": [2.2870719707543206, 2.2886005100707543, 2.293945067809959, 2.3036461099977563, 2.315636350983406, 2.322163294079969, 2.32853088709197, 2.3346474896570073, 2.3404775372165343, 2.3511289958101664, 2.3603956164889337, 2.368080730771865, 2.3740315754336656, 2.3779543973269512, 2.379412127595288, 2.3777229059232083, 2.3720187230846888, 2.3673966698877167, 2.361731421495247, 2.355326583503443, 2.3485771312547468, 2.341923717351186, 2.335486672494776, 2.329388123404254, 2.323662867038226, 2.313453108348088, 2.3047655092009913, 2.2976872621336604, 2.2921804067324962, 2.288475829092845, 2.2870719707543206], "y": [1.089890952700074, 1.0779411577099502, 1.0671444111944406, 1.0597343195283617, 1.0574422027915513, 1.058022381179514, 1.0595687809923553, 1.061894706991256, 1.0648667944974766, 1.0723346332999004, 1.0814643609928116, 1.091867006190322, 1.1033501876509684, 1.1156965226459281, 1.1285688006835946, 1.1417109811163497, 1.1536706079721195, 1.1586392370508847, 1.1623749580428235, 1.1646124894186938, 1.1653005233581404, 1.1646138881793089, 1.162796241910788, 1.1600797802681286, 1.1566457004192015, 1.1482279953365806, 1.1382468855571923, 1.1272753292558368, 1.1154367831960093, 1.102893906999922, 1.089890952700074]}