{"x": [2.1978980318182146, 2.2003267196841247, 2.208738322712401, 2.2216919860455313, 2.236236623505463, 2.254042918886909, 2.271052608805761, 2.286912182037435, 2.3014015719477348, 2.3142731630983895, 2.324843858420498, 2.329035614671738, 2.3322926609784425, 2.3344416951403955, 2.335278184835933, 2.332492150201791, 2.323291786030954, 2.3087809828408457, 2.2918757639327016, 2.273833131378261, 2.2569727914362647, 2.2417729917065516, 2.2283059928731115, 2.222280102058414, 2.2167438304149054, 2.211735629718167, 2.2073127613822283, 2.2035425141481344, 2.200569501397703, 2.1985738587468484, 2.1978980318182146], "y": [0.8403117544960425, 0.8257288376484856, 0.8135713328457939, 0.8066983058572409, 0.8048303082949799, 0.8070330561222268, 0.8127415324571353, 0.8210391616900218, 0.8315479339306105, 0.8442127971836203, 0.8588530506095076, 0.8669150347268848, 0.8753978442694033, 0.8842368512808649, 0.8932948134008546, 0.910225976216607, 0.9247097451460031, 0.9338401128085491, 0.9366932858742889, 0.9338829747008061, 0.9268713147385215, 0.9168893110025401, 0.9046698898694161, 0.8978915429303622, 0.8907077386717464, 0.883145220447855, 0.8752261301094095, 0.8669310026377329, 0.8583179254197272, 0.8494127466024287, 0.8403117544960425]}