{"x": [2.1723720609872355, 2.1741600016618023, 2.180927195854437, 2.197344022445341, 2.2116472801983673, 2.2296484724229475, 2.2436383358365473, 2.2564153012693637, 2.2771994517334995, 2.2923301826505487, 2.3033739443804895, 2.310906527253094, 2.315906053874348, 2.3187300636279873, 2.3196907973485525, 2.3169395304303912, 2.3087581423066332, 2.301977026611794, 2.292741699954059, 2.2790684192303905, 2.2693444937963383, 2.25725075251981, 2.2410343251730165, 2.2286876341479465, 2.21133086813112, 2.19905905623625, 2.1895612232167165, 2.182354034715489, 2.1770032650149242, 2.173561161659149, 2.1723720609872355], "y": [0.9756171112282639, 0.941204050248749, 0.9074155820888168, 0.875190278935718, 0.8633867096651152, 0.8589297478783012, 0.861297606002626, 0.8674678721846238, 0.8863724161528794, 0.909394450237846, 0.9346330793279098, 0.9600842240351145, 0.9861515465904347, 1.01252765174047, 1.0390371018421323, 1.0854294009274008, 1.1311774038613038, 1.154156926203784, 1.1762646334272902, 1.1968134554935042, 1.2048240614570183, 1.2083547774872447, 1.202846589857814, 1.1909776443449935, 1.1624021450351691, 1.1322916853942953, 1.1011946065137828, 1.0702587509941905, 1.0389483695459736, 1.0073651176790048, 0.9756171112282639]}