{"x": [2.2934705777143938, 2.2948684694402286, 2.2998380271884025, 2.3091191815813925, 2.3208554451554204, 2.3271111887538503, 2.333200329074557, 2.3390273306567058, 2.3445577270986204, 2.354585702668217, 2.363225744140874, 2.370305253460581, 2.375736147280787, 2.379282539076217, 2.380586946164343, 2.3790229816076303, 2.373732291006397, 2.369381062142051, 2.363979993608447, 2.357800255136429, 2.3512487067692076, 2.3448803791831776, 2.3387344065172875, 2.332934279806317, 2.3275108972640797, 2.317900996111821, 2.309781730640319, 2.303221345342824, 2.2981504387936296, 2.2947608715810803, 2.2934705777143938], "y": [1.1234213800136075, 1.1117215384702974, 1.1010377241138385, 1.0934596491132744, 1.09104569698002, 1.0916238381651995, 1.093170106367693, 1.095493246470789, 1.0984539292589703, 1.1058510314115404, 1.1148302907145538, 1.1249574264492965, 1.1360562427245287, 1.1479092258219428, 1.1602124215540575, 1.172942293132188, 1.184625794683195, 1.1895723584606712, 1.1933446448402918, 1.1956351630381423, 1.196351302123219, 1.1956705338483224, 1.1938688508359092, 1.1911840723899412, 1.1878022937206898, 1.1795627897059255, 1.1698510877557635, 1.1592480360161077, 1.147857282388066, 1.1358403531945294, 1.1234213800136075]}