{"x": [2.2806347612160454, 2.2819326117758783, 2.2866187405345366, 2.2957745733217783, 2.3077341151172837, 2.314446484356959, 2.3209436098830682, 2.327115343783463, 2.332934361976477, 2.3383462481173103, 2.3433851978289533, 2.3523119585329377, 2.359563281060316, 2.3651065643873315, 2.368724036798727, 2.370063287994269, 2.3685957232859147, 2.363533031596371, 2.3538355374596542, 2.347514209480451, 2.340752134395048, 2.3339109957911512, 2.3273577400823977, 2.3212331945482707, 2.3155536733958, 2.305599546818659, 2.297259918319643, 2.2905680976211586, 2.285405684749392, 2.281953540535651, 2.2806347612160454], "y": [1.1867726687230833, 1.1748591911358948, 1.1638294331352232, 1.1556920349059727, 1.1530432834999509, 1.153732911676042, 1.1555546821689933, 1.1582493188059364, 1.161639067057917, 1.165565706760406, 1.1699607035474402, 1.179899644497711, 1.190944809400594, 1.202938530928309, 1.2156618210267482, 1.2288214039917016, 1.241911988206045, 1.2540728390851017, 1.2634598173071991, 1.2659867883852522, 1.2667736243207168, 1.265953162590898, 1.263824976869791, 1.2607093720049576, 1.2568415443004188, 1.247594067742642, 1.2368678822557706, 1.2253114944447858, 1.2129956486825184, 1.2000782274317248, 1.1867726687230833]}