{"x": [2.265927869938883, 2.267355719094216, 2.2724508222510558, 2.2773033838168777, 2.2844382415242306, 2.2951900353852386, 2.3096294221130105, 2.319881820174802, 2.3289693784229, 2.3431453106224045, 2.353161251830454, 2.3604386259915198, 2.365440231837164, 2.3688003351443405, 2.3713631809890097, 2.369514984432525, 2.3636895734041548, 2.35875017819073, 2.351931977802131, 2.3417269629597146, 2.3344830401164924, 2.3255884911270854, 2.3141614053730577, 2.305259746516663, 2.292705983904323, 2.2839667429641866, 2.2773431359793377, 2.272449319968109, 2.268913595750671, 2.2667078241472187, 2.265927869938883], "y": [1.1334968988053093, 1.1056303619030778, 1.0781963947099253, 1.0643590369993459, 1.0515483528780176, 1.0410082556803457, 1.0367422468791574, 1.0388656817827853, 1.0440653862835039, 1.059122119896044, 1.07667268625057, 1.0955242454159966, 1.1143694125297916, 1.1335752993967692, 1.172449876052734, 1.206322681338081, 1.2397419475592442, 1.256556955509136, 1.2727017460277597, 1.2876120730525853, 1.2933137655565983, 1.2957367211574966, 1.292090713286584, 1.284051302124749, 1.264247011688591, 1.2431969833415406, 1.221388593760197, 1.1997237375441085, 1.1777962642680155, 1.1556946307553704, 1.1334968988053093]}