{"x": [2.175848584246632, 2.177488552245063, 2.1835997814677723, 2.1985475847671703, 2.2124517200208054, 2.23151022425414, 2.24652959996581, 2.2596857710602163, 2.2706711315457633, 2.2799271938320387, 2.2940469040658837, 2.304184951369018, 2.311058158226904, 2.3156080748944294, 2.319050670865906, 2.3164995063050458, 2.3088649609919796, 2.3025430751050417, 2.2939039871271683, 2.280955446416092, 2.2713433346700524, 2.258502788828671, 2.2413386409333964, 2.229232106145769, 2.2126916452374874, 2.201061443366758, 2.192080389390145, 2.1852570902283555, 2.1802050571832057, 2.1769669592306706, 2.175848584246632], "y": [1.0862559283876025, 1.049402494843981, 1.0130223088029844, 0.9773424972445804, 0.9630232079957658, 0.957095270906813, 0.9603033198233648, 0.9682272321622283, 0.9787209382272567, 0.9907675694131619, 1.0167466179597269, 1.0445224559732227, 1.0721997981852012, 1.1003524979269454, 1.1572350951655423, 1.2076081514226227, 1.2574646149470077, 1.282577702390315, 1.3069908046309817, 1.3303139275591764, 1.3400325391172692, 1.3447191674715164, 1.3374655199428036, 1.323300238763892, 1.291020887397314, 1.2576712548614968, 1.2235127968269615, 1.1895751196381394, 1.1553289474938737, 1.1208592839818174, 1.0862559283876025]}