{"x": [2.225230391176384, 2.227770945185137, 2.2364643631805006, 2.249536161409631, 2.2640600051184543, 2.2825471849354493, 2.3002554870863237, 2.3168478231734793, 2.332108043824592, 2.345810478656467, 2.351842004047401, 2.3571949310630402, 2.361764091052907, 2.365344579049017, 2.3677303392010196, 2.3686726808360277, 2.365742138873893, 2.356098444408831, 2.341225807090385, 2.3241198821883833, 2.30542460320962, 2.28789151857114, 2.271998763929461, 2.2578340909034966, 2.245571384066268, 2.240226600574736, 2.235483121355127, 2.2314134958053717, 2.228181657379158, 2.225993193366638, 2.225230391176384], "y": [0.8211763928625104, 0.806603035659452, 0.7946338402647225, 0.7880661925504703, 0.7863158013475339, 0.7885454193281225, 0.794304156069684, 0.8026631199147644, 0.8132604572724156, 0.8261015024294769, 0.8333101785714672, 0.8410361401703115, 0.8493174070313148, 0.8580716465497346, 0.8672369080604863, 0.8766605942981683, 0.8938017233632596, 0.9082725747163238, 0.9171533391597273, 0.9198829272517914, 0.9170281331613758, 0.9099391100656061, 0.8998228708273158, 0.887401921407305, 0.8731409646883219, 0.8653951653926537, 0.8572672184075121, 0.8487289650230453, 0.8398397106471469, 0.8306207730726883, 0.8211763928625104]}