{"x": [2.239987686650419, 2.2415031515796864, 2.2468209707798623, 2.256395551438328, 2.268153685018299, 2.2746714302523605, 2.2810348316810165, 2.287154359323716, 2.2929953387048596, 2.3036947287088627, 2.313039156943688, 2.3208309234940727, 2.3268942505233117, 2.3309135843935684, 2.332414142623217, 2.330719624120748, 2.325001993372318, 2.3203975973987587, 2.314785681391225, 2.3084761653627415, 2.3018462511655295, 2.2952176975812266, 2.288798435489299, 2.2827065192734617, 2.2769770108606058, 2.2667276915343826, 2.2579739848946243, 2.250809184047871, 2.245213205407146, 2.241429691713363, 2.239987686650419], "y": [1.0805948465258883, 1.0688696259710402, 1.0583103537439444, 1.0511345493573427, 1.0489184586336147, 1.0494810084723505, 1.0509990952666335, 1.0532873359023651, 1.0562143862343247, 1.063580061244762, 1.072602908676773, 1.0829179729944671, 1.0943349885059908, 1.1066463243985936, 1.11950993047234, 1.132432223111619, 1.1441440008859354, 1.1489637992120656, 1.15256064740323, 1.154698617500645, 1.1553506500065398, 1.1546742175449916, 1.1528886202527244, 1.1502196004882352, 1.1468420506320474, 1.1385449488513812, 1.1286827450066685, 1.1178076001557016, 1.1060480011082974, 1.0935617790396621, 1.0805948465258883]}