{"x": [2.2932639110334705, 2.294734659698854, 2.2999083308253048, 2.3095035878189383, 2.321518476876829, 2.3283354325123247, 2.334968689863888, 2.3413186912193127, 2.347352956380233, 2.3583301018889244, 2.367846275408862, 2.375713066580408, 2.381803009521867, 2.385824577688939, 2.3873261870050078, 2.385697978862547, 2.3801350520080717, 2.369901373752791, 2.363456868728991, 2.3566462717035654, 2.3496990336589856, 2.343000196857126, 2.3366809810355558, 2.3307697355134356, 2.3253210067596237, 2.3202765294105854, 2.3113748427034393, 2.3041363284382803, 2.2985020751974075, 2.29470461906013, 2.2932639110334705], "y": [1.1151872324604217, 1.1032191311830757, 1.0923273142135859, 1.084716152457981, 1.0823410354144574, 1.0829793532440006, 1.0846758881524978, 1.087207332684236, 1.090419555061168, 1.0984147564836393, 1.1081030695898164, 1.1190554662889802, 1.1310868415953341, 1.1439804647430243, 1.1574029718806258, 1.1706432129448237, 1.1827679352098903, 1.191718361100065, 1.194032551152738, 1.1947416976530703, 1.193975652155729, 1.1919815288761597, 1.1890305536955101, 1.1853294836484016, 1.1810740519124416, 1.1763464105801198, 1.1657840741986742, 1.154249514334104, 1.1418520407828527, 1.128751122131437, 1.1151872324604217]}