{"x": [2.2906516234068484, 2.2937661886359573, 2.3041151632172743, 2.3198269650269983, 2.3373968605244584, 2.356613134276419, 2.3750680455659565, 2.392367915639009, 2.4082179311908782, 2.4223278700134707, 2.4338460141752907, 2.4418317267637697, 2.444076322874186, 2.444911678686032, 2.4440623319514367, 2.441283893326368, 2.436526346945114, 2.429905834687065, 2.4217197963501107, 2.4123646533895755, 2.402306882386213, 2.3919392227237783, 2.3723887040530935, 2.3540526129964547, 2.337519700492079, 2.3229338848223158, 2.310512476814341, 2.3004904248700915, 2.2934437087478385, 2.2913979173694132, 2.2906516234068484], "y": [0.8890564249116353, 0.8714652251084609, 0.8569033037998958, 0.8487378112642521, 0.8465390032539807, 0.8487252974267966, 0.8545098724687237, 0.8630777301848057, 0.8740991047539343, 0.8875939099135632, 0.9033588233272544, 0.9212754998052736, 0.9308497127121133, 0.9406479750658169, 0.951043440749301, 0.9610966678659432, 0.9703936033575574, 0.9784704885583041, 0.9849272990414024, 0.9895297902642824, 0.9922033396256501, 0.9931079151436006, 0.9902355424194005, 0.9828693310375467, 0.9721795433417192, 0.9589559758160129, 0.9437767918713288, 0.9269168548324817, 0.9085394659710192, 0.8988910599524147, 0.8890564249116353]}