{"x": [2.2534764775037535, 2.2550072112165536, 2.2603584390717435, 2.2692358815913165, 2.2795656841977765, 2.2858635719561904, 2.292041988814261, 2.2980319831463705, 2.3038050270253243, 2.3145729531826817, 2.3242267433698136, 2.3325827372150076, 2.339314332369471, 2.343966726052831, 2.345782598047318, 2.3440557867540206, 2.338260606762934, 2.3286404104626572, 2.3171744515748673, 2.3108123484668446, 2.3046080091237044, 2.2986523610212513, 2.2929787709215343, 2.2876368121220683, 2.2826044409188047, 2.277889969047474, 2.27350052781503, 2.265788125311643, 2.2595809008452568, 2.255223044063472, 2.2534764775037535], "y": [0.9277627009263755, 0.9174327917835454, 0.9084653769364189, 0.9029442588473701, 0.9013358718438405, 0.9018213085255831, 0.9031351593989573, 0.9051188323091242, 0.9076657823841964, 0.9141372654842768, 0.9221767096359437, 0.9315980225889144, 0.9422408322543715, 0.9539907607981483, 0.9664970870640216, 0.9779482668021576, 0.9879745963154277, 0.9945274730186673, 0.9965325058680793, 0.9959466645833731, 0.9944216271139482, 0.9921320631507224, 0.9892127785050684, 0.985788984728744, 0.9819245148154757, 0.9776801471574499, 0.97310044110695, 0.9631291324869361, 0.9521574182911637, 0.9402867783148046, 0.9277627009263755]}