{"x": [2.2523772236120116, 2.253704769587875, 2.2584850933596563, 2.263047458664203, 2.26973596801366, 2.2796581562933165, 2.292646298242232, 2.3021421381812766, 2.3106515827352103, 2.3241288614156286, 2.3337777460130895, 2.340838932686556, 2.3457166060313788, 2.349007291880609, 2.3509066371447105, 2.3515333157170817, 2.349832066239026, 2.344425898215062, 2.3398191053818844, 2.3334506635360532, 2.3239615572725647, 2.309376212661347, 2.2987977470199032, 2.2903781964463685, 2.278347015278696, 2.269919228110291, 2.2635070365580447, 2.2587573359694337, 2.2553118110129167, 2.2531507567973454, 2.2523772236120116], "y": [1.0235406854246079, 0.9985493044642358, 0.9739834744301944, 0.961639681432316, 0.9503061804097358, 0.9411793672353962, 0.9375659605753239, 0.9393959865384068, 0.9439904750362736, 0.9575487793219275, 0.9735678281142046, 0.9908840211411648, 1.0082547123831296, 1.025994610864354, 1.0439297246481514, 1.0619542383125182, 1.0922268766037753, 1.1220614241317088, 1.1370533849370128, 1.1513860182418822, 1.1644602519867613, 1.1714062183174831, 1.1683159370168472, 1.1612050339810884, 1.1433097982553335, 1.124121545636404, 1.1041690912855957, 1.0843272959204067, 1.0642179732871226, 1.043929379420014, 1.0235406854246079]}