{"x": [2.221185173096912, 2.2225125857746035, 2.227305431899726, 2.231891681749465, 2.238623698367199, 2.2485939996607773, 2.261570562034482, 2.271287381032978, 2.279997706220631, 2.2938270506001834, 2.303768666187702, 2.3110677209918733, 2.3161255743124887, 2.3195454403791764, 2.321522801117449, 2.322175771817156, 2.320474517246741, 2.3150531236112126, 2.3104195916586816, 2.3040033347730087, 2.294436477440369, 2.279809690889811, 2.2690014556196996, 2.2603831801754835, 2.248032587678554, 2.2393540517462367, 2.232734477160388, 2.227817999901114, 2.224241857996657, 2.2219922041565754, 2.221185173096912], "y": [1.0223464931073156, 0.9974263738501934, 0.9729354981160145, 0.960632222265821, 0.9493590578214984, 0.940336905012039, 0.9368134155252771, 0.9387012197199759, 0.943403411895163, 0.9572503223463783, 0.9736177933810783, 0.9913224150242382, 1.0091026830781062, 1.0272692548065911, 1.045641585533168, 1.0641084781001728, 1.094363487304189, 1.12417738238848, 1.1391597873517862, 1.1534697043472375, 1.1664850820980817, 1.1733394188584585, 1.1701860546840337, 1.1629412645809154, 1.1446936949923852, 1.1251108282827729, 1.1047396013487527, 1.0844712611610003, 1.0639240333264093, 1.0431882923672846, 1.0223464931073156]}