{"x": [2.1556505906238193, 2.1568410986911655, 2.1612464322523723, 2.1717005108497007, 2.180907570757359, 2.192882179533668, 2.2020895466120014, 2.2103502018877945, 2.2174181066356478, 2.223477289986334, 2.2329310630334964, 2.239888457511967, 2.244721939750781, 2.2479985282714012, 2.2498998439102134, 2.2505317905755176, 2.248974549584327, 2.2439747154357645, 2.2396833169914463, 2.2337244089855526, 2.224829374094572, 2.211315853213262, 2.201171765201186, 2.1930436169451655, 2.1813439515493265, 2.1730912870835133, 2.166777475329013, 2.162072053636637, 2.1586345996285963, 2.1564559463844994, 2.1556505906238193], "y": [0.9606558431094795, 0.937609741048117, 0.9149572982240934, 0.8931596970186807, 0.8848183030069923, 0.8815080838517422, 0.8832373477874689, 0.8876563450367428, 0.8936804016917729, 0.9007182162126672, 0.9161733693903321, 0.932901496800275, 0.9497076797220383, 0.9668854066560432, 0.9842623970854211, 1.0017316684197755, 1.029638728781846, 1.0571383774349428, 1.070958288607547, 1.0841453072548328, 1.0960985453138563, 1.102374395789915, 1.0994001179555086, 1.092641267745515, 1.0755612727399173, 1.0571958201357599, 1.0380769263061056, 1.019041662203311, 0.9997370984240167, 0.9802488991243299, 0.9606558431094795]}