{"x": [2.2097221125775737, 2.2110540523024085, 2.21588396846779, 2.220493765885077, 2.227199156435629, 2.236854526258701, 2.2489898537944213, 2.258048023126872, 2.266315134021355, 2.2797647875686633, 2.289618623994544, 2.2969093227619024, 2.3019785182314227, 2.305412757625618, 2.3074009216546276, 2.308058937005921, 2.30636151518437, 2.3009499489035448, 2.296322174738061, 2.289929021072751, 2.2805011964800643, 2.26666205746662, 2.2566221301884597, 2.2483691536079626, 2.2362855301777382, 2.227722604835002, 2.2211744828507496, 2.2163082386481787, 2.212763430672018, 2.2105289572518525, 2.2097221125775737], "y": [0.9463242825277008, 0.9230681875103058, 0.9002802097868641, 0.8889240876270342, 0.878664970691256, 0.8707159267280626, 0.8676914776956155, 0.8692400885879379, 0.8732530058322239, 0.8855087289693322, 0.9003808321768867, 0.9166634381601995, 0.9331141409144924, 0.9499821094822148, 0.9670731225722414, 0.9842667999115186, 1.0123811534419354, 1.040021939712622, 1.0538736337918924, 1.0670042586362838, 1.0787048615564732, 1.084558596826622, 1.0818549314388717, 1.075530508631893, 1.0590950970815105, 1.0411885464702049, 1.0224511415351591, 1.0037689475990235, 0.9847916179839645, 0.9656143861004982, 0.9463242825277008]}