{"x": [2.186711354026119, 2.1879840777112007, 2.1926276118463117, 2.2036275713223246, 2.2132794405460077, 2.22574425209915, 2.2352478362991874, 2.2437898955190425, 2.251120266179024, 2.257417044843542, 2.267266557577128, 2.2745245726022003, 2.2795704497841753, 2.2829907215502385, 2.2849741226926312, 2.2856316971144652, 2.283990793642287, 2.2787371997985613, 2.2742326366979766, 2.267988232886164, 2.2586861901259834, 2.244601344295098, 2.234053861825324, 2.225592373692379, 2.2134045052800535, 2.204811694432814, 2.1982424875475264, 2.1933522624543227, 2.1897848700352016, 2.1875311188044253, 2.186711354026119], "y": [0.9877011081348829, 0.9637929103662817, 0.9403054810293541, 0.9177480992649657, 0.9091949714545414, 0.905886943673949, 0.9077064381948501, 0.9122519741636079, 0.9184444931614936, 0.9256855016549266, 0.9416197082873575, 0.9588891338710268, 0.9762588653211396, 0.9940203457839526, 1.011991916831019, 1.0300606423497471, 1.0590548633771706, 1.0876163263809673, 1.1019645203192525, 1.1156454990507916, 1.1280275274131135, 1.1344664515311451, 1.1314566906495354, 1.1244773450075203, 1.106797439010056, 1.0877698914083052, 1.0679524877718143, 1.0482238192258082, 1.0282136124455579, 1.0080117555984525, 0.9877011081348829]}