{"x": [2.2258914119186572, 2.2276920395813846, 2.2336686312967124, 2.242650858243351, 2.2526552062427077, 2.2651408472939933, 2.277072007919565, 2.288203687410747, 2.2983930906974854, 2.307487509237148, 2.3114806642268695, 2.3150214113296106, 2.318042276842924, 2.3204088020299385, 2.3219799257466938, 2.322573594186848, 2.320588324888266, 2.314171510742117, 2.3043857153152163, 2.2932382464047896, 2.280672064725228, 2.268837470208024, 2.2580367549262785, 2.24835238993579, 2.2399159508796767, 2.2362334143930958, 2.232965623755848, 2.2301650675366425, 2.2279469529125326, 2.2264508050336707, 2.2258914119186572], "y": [0.8161320943494259, 0.8061025341657766, 0.7978493718066867, 0.7932651243884021, 0.7919967607099819, 0.7935876256300327, 0.7975963024419233, 0.8034079201289016, 0.8107472149924576, 0.81957075748928, 0.8244976934384406, 0.8297591661004902, 0.8353796395375064, 0.8413054229156731, 0.8474991722875421, 0.8538614453717506, 0.8650135554381648, 0.8743481871574716, 0.8799317221865184, 0.8815662228591441, 0.8797331641238697, 0.8751275806707018, 0.8685342879697433, 0.8603893488067511, 0.8509508212663558, 0.8457966665381617, 0.8403700718151078, 0.8346518473482872, 0.8286834996955286, 0.8224845030870653, 0.8161320943494259]}