{"x": [2.281192818203433, 2.282851870125396, 2.288561863459837, 2.297707515548539, 2.3081769124397873, 2.3205301695647593, 2.3322447227949157, 2.343045167435265, 2.352791160269374, 2.3613011430247512, 2.368197719713464, 2.3709027793434356, 2.3729901126795125, 2.3743536312955715, 2.3748612068285544, 2.373003328596083, 2.366881732678498, 2.357022306266846, 2.345452715579334, 2.3391572610643308, 2.333000946611756, 2.327067704232982, 2.3213929705200216, 2.310951652943797, 2.3017288381341845, 2.293856663197446, 2.287489502678655, 2.2849700526195327, 2.2829983843267057, 2.2816851754787204, 2.281192818203433], "y": [0.8962019331811424, 0.8857239318718062, 0.8767831857710121, 0.8714674945507812, 0.8699538056758988, 0.8716486145214886, 0.8759199821287775, 0.882080421285999, 0.8898015765568484, 0.8989482420464476, 0.9093654646154512, 0.9150334099265233, 0.9209567528336252, 0.9270934778163156, 0.9333593331935034, 0.9449195338708014, 0.954900316137132, 0.9612522509059016, 0.963175772623202, 0.962632216050332, 0.9612081396270309, 0.9590550022987668, 0.9562915329635602, 0.9493262496563204, 0.9408129676061776, 0.9310975492986574, 0.9203355904596419, 0.914582334013415, 0.908619103975967, 0.9024701981068622, 0.8962019331811424]}