{"x": [2.2208673499274414, 2.223251700263679, 2.231592252125694, 2.244565609826021, 2.2591603834943985, 2.27803304900767, 2.2960159776621603, 2.312751927144104, 2.328035142730193, 2.341612818328946, 2.352791685954252, 2.3572417298192, 2.360713477171698, 2.3630190309582044, 2.36393133758702, 2.3612073349331903, 2.3520279397016615, 2.3373546908364653, 2.3201937664956263, 2.3010659382995784, 2.2832585827768783, 2.267251866364091, 2.2530776287928838, 2.2467338597097974, 2.2408980946568278, 2.235609210774343, 2.230926736920669, 2.226920860389189, 2.2237474895032836, 2.221604003385339, 2.2208673499274414], "y": [0.8209779670428671, 0.8063506075360339, 0.7940998946055512, 0.7871600060889986, 0.7852991879324749, 0.7877314558296643, 0.7939530077025537, 0.8029010382919283, 0.8141519306049713, 0.8276322058280263, 0.8431597302079833, 0.8516974948881683, 0.8606776556024652, 0.8700367054431696, 0.879632281965624, 0.8968226495406117, 0.9116100641559071, 0.9209750843594536, 0.9238923624471266, 0.9207801734592334, 0.9131344150872959, 0.902366238609149, 0.8892796200902615, 0.8820534393164714, 0.8744111267736899, 0.8663795152710454, 0.8579799013119713, 0.8491884019598281, 0.8400633142964311, 0.8306267921157547, 0.8209779670428671]}