{"x": [2.2614247733207065, 2.2630230986264332, 2.268775608975829, 2.2741849671679963, 2.2818155764606276, 2.2920183814555104, 2.3039197601778034, 2.312533043421439, 2.32064750209731, 2.3345915220116775, 2.345363611944223, 2.3535300586554064, 2.359288950838388, 2.3632090279980016, 2.365478348101363, 2.3662251880006293, 2.364251523532214, 2.3580286611923578, 2.352747429700707, 2.345549107000247, 2.3353447849549314, 2.3216365391100777, 2.3120122982960294, 2.3036175722317567, 2.290679758031375, 2.281296970867439, 2.2740749477813087, 2.2687049816714544, 2.2647841606116286, 2.262311172844804, 2.2614247733207065], "y": [0.8706672849669748, 0.8479528206743614, 0.8259207949716842, 0.815249390329519, 0.8060345200151192, 0.7995089967243061, 0.7972646998430729, 0.7984583326244477, 0.8015838674345955, 0.8117837138568222, 0.824986626814255, 0.8399420265143569, 0.855379064554688, 0.8713821885527236, 0.8876909636337051, 0.9041399206990766, 0.9312552509839438, 0.9577205579383421, 0.9708261077104444, 0.9829846845678524, 0.9932483877447247, 0.9978912087798822, 0.9959027731383739, 0.9907931291338428, 0.9763820616598504, 0.9599914250699284, 0.9425405785194025, 0.9250233330101366, 0.9071259145239495, 0.8889696958058915, 0.8706672849669748]}