{"x": [2.2804418554212553, 2.2832591117777703, 2.2927806898088248, 2.3079113281464854, 2.325178759616563, 2.3437473884558817, 2.3614709145243036, 2.3779259634846674, 2.392827671100576, 2.405855437801792, 2.416316269556381, 2.4234330371001436, 2.4261344487237935, 2.4253711670100047, 2.4228764851258773, 2.418562386073007, 2.4124655576933414, 2.4047429008384906, 2.395767528129105, 2.38600563581582, 2.3758916952060827, 2.3663324192962603, 2.3569771724625137, 2.347971339638033, 2.339384868742985, 2.323697156344365, 2.3099987517788296, 2.298485117683581, 2.289298153799055, 2.282928017175377, 2.2804418554212553], "y": [0.9382419250463572, 0.9209794248556049, 0.9063073289585429, 0.8976466261732586, 0.89524250478151, 0.8975049819632005, 0.9034874065278734, 0.9122956555455681, 0.9235336712590143, 0.9370893437771085, 0.952711442280232, 0.9701856852110444, 0.9888591937596974, 0.9989485741266892, 1.008754427351241, 1.0179239791329697, 1.0260184719660437, 1.032642096070577, 1.037433182576115, 1.0402414369257749, 1.0411843257693123, 1.0403430862958973, 1.0382060798730197, 1.0349145215539324, 1.0306469814429395, 1.019816312048243, 1.0065588072981804, 0.9915228487278078, 0.9749625493708024, 0.9570706067007859, 0.9382419250463572]}