{"x": [2.2262148409840457, 2.2275311309826553, 2.2322377458598037, 2.240784119801185, 2.2512339214846118, 2.2580018205491004, 2.2645890185672335, 2.270904920836556, 2.2769264503768163, 2.282605263153947, 2.287963676219869, 2.2976646254705106, 2.305853759526205, 2.312340237289481, 2.3167568592846313, 2.3184786453723576, 2.3170259848550168, 2.3119202990467884, 2.3026454793412054, 2.2909604815002655, 2.2840982097785703, 2.2774751727689186, 2.271207197059273, 2.265313644886927, 2.2598430545282504, 2.2547419543975806, 2.2456320279601, 2.238063223510429, 2.232042547033885, 2.227864727781255, 2.2262148409840457], "y": [0.9965434583452704, 0.9861256254540315, 0.9767388454998394, 0.9704284024914855, 0.9685142856495332, 0.9691428386991401, 0.9708186546058492, 0.9732991894636658, 0.9764272650145829, 0.9800706946574249, 0.9841708048431388, 0.993534262912862, 1.004175343683251, 1.0159320491218762, 1.028646933525021, 1.041996476135219, 1.053649672436231, 1.064225076874654, 1.0717239726717938, 1.0741149022409473, 1.0733466852595521, 1.0713931471151423, 1.0685316369861437, 1.0649620708350684, 1.0608653246783424, 1.0563167572772834, 1.046142705644887, 1.0349543878085106, 1.0228623775715842, 1.0099827935706696, 0.9965434583452704]}