{"x": [2.2685008376263687, 2.271193861851363, 2.280363470119389, 2.2951617613558475, 2.312159991200089, 2.330714254222026, 2.3483750346685746, 2.364715469916176, 2.3794656330602413, 2.3923043448714454, 2.4025867073958227, 2.4095716779863774, 2.4122307777030243, 2.4115095328832457, 2.409129452434335, 2.404988390308916, 2.39909807974186, 2.3915743185246314, 2.3827810823792857, 2.3731833113274634, 2.3632254670800696, 2.3536646766337466, 2.3443189564354268, 2.3353386611318276, 2.326792039712446, 2.3112194798680052, 2.2976564962646635, 2.286286966872835, 2.2772267176281287, 2.2709502568424944, 2.2685008376263687], "y": [0.9607994670219966, 0.9438168321673781, 0.9292710234826519, 0.9205648768049836, 0.9181469033447393, 0.9204864983170666, 0.9266372068080108, 0.9356367443564938, 0.947057523112387, 0.9607458618812704, 0.976445421115216, 0.9939319873712519, 1.0125733124924599, 1.0224938917280584, 1.0321517022209477, 1.0412133141552582, 1.04924857692621, 1.0558650086665367, 1.0606674195111492, 1.0634862784327668, 1.0644373371732414, 1.0635687253683805, 1.0613731128340802, 1.0580034173939694, 1.0536495899499032, 1.0426546748187495, 1.0292592183268852, 1.0141336465629032, 0.9975215725381823, 0.9796152091971023, 0.9607994670219966]}