{"x": [2.2872342867158917, 2.2887356560956063, 2.294103370935257, 2.299166033319864, 2.3063958565809615, 2.3163835892570623, 2.3284183290189095, 2.3369338767368606, 2.3448667662668616, 2.358186422120325, 2.368201514175693, 2.375674138530035, 2.38088099703203, 2.3844035629082936, 2.3864358550825, 2.387103874549359, 2.3852440274338775, 2.379383545665505, 2.3744095501527673, 2.367600603794825, 2.3577733020501546, 2.3440142210150126, 2.334494667126333, 2.3263846567865394, 2.314184967581718, 2.305464561131602, 2.2987964738015854, 2.293862103776191, 2.290278245552012, 2.288032014289415, 2.2872342867158917], "y": [0.893350095845827, 0.8703448361041383, 0.8479242267636876, 0.8369125129408629, 0.8271853320877277, 0.8199829183683779, 0.8173762718141724, 0.8186476510699753, 0.8219943243216676, 0.8326931216749732, 0.8461878145935927, 0.8612400134729671, 0.8765964524404491, 0.8924243746941496, 0.9085024705173106, 0.924694725665127, 0.9522168157434878, 0.9791719493364962, 0.9926004311406507, 1.0051981692082526, 1.016134909100357, 1.0213190993087458, 1.0191261092328887, 1.0136801158431825, 0.9988368282498362, 0.9822829167133749, 0.9648010950928607, 0.9473228327734108, 0.9295185180861223, 0.9114952604902149, 0.893350095845827]}