{"x": [2.262335283108201, 2.263664881790393, 2.268414569406067, 2.2795915062221455, 2.289703622696814, 2.303503465728425, 2.3134342387393008, 2.322164483840691, 2.33563806471, 2.345089654084669, 2.351943759131958, 2.3566535605640797, 2.359818931078419, 2.3616398889617742, 2.362237523354737, 2.3605193443263617, 2.355086338057795, 2.3504726974919885, 2.344090835497929, 2.3345028648154718, 2.3276432425087257, 2.3191431622788716, 2.3081340088595956, 2.2996428483391878, 2.2877319887719207, 2.2794479341202285, 2.273169215351086, 2.26852653589009, 2.2651716154058144, 2.2630775445247497, 2.262335283108201], "y": [1.0997023464258167, 1.0729498052100492, 1.0465887209813887, 1.0208824644314807, 1.0105546032536925, 1.0062553069847873, 1.0083615948732818, 1.0135422822535838, 1.0283678083525996, 1.0454882673458932, 1.0638039410121585, 1.0820791123833642, 1.1006840726811962, 1.1194617295896077, 1.1383180049300698, 1.1708359566586408, 1.2029428370222157, 1.2191085380269489, 1.2346612678752316, 1.2490977425841, 1.2546805230774347, 1.2571239821652875, 1.2534738892108013, 1.2455729506208484, 1.2262903160016967, 1.2058734710949277, 1.1847535561320948, 1.1637771507936807, 1.1425566757272925, 1.1211742461232457, 1.0997023464258167]}