{"x": [2.174059882418854, 2.1752063830901416, 2.179319347246197, 2.1869802549538835, 2.196476632823792, 2.2032372529486577, 2.209787073034938, 2.2160336168253894, 2.221965473376587, 2.2275378886859145, 2.23278614058273, 2.2422760898930543, 2.250285443860922, 2.2566608434069466, 2.261048024776412, 2.262797316599463, 2.261583855272993, 2.257181507113119, 2.2489152967036157, 2.2383026210033727, 2.2314220466857075, 2.224809956730707, 2.2185860700016713, 2.2127552436370994, 2.2073612790587243, 2.2023365744436427, 2.1933604747980957, 2.185888065832828, 2.1799108506823837, 2.175726136274143, 2.174059882418854], "y": [0.9854216471025107, 0.9759624469786113, 0.9673674218696172, 0.9614731985921119, 0.9596703723934252, 0.960356503232955, 0.9621666460005425, 0.9648048082186532, 0.9680899698693347, 0.9718737510567242, 0.9760956776881619, 0.9856413080263844, 0.9963678803236425, 1.0081391752761724, 1.020822157338531, 1.0341279971271535, 1.044727246897583, 1.0544450611974163, 1.0614953866301198, 1.0638209914380536, 1.0630411623016602, 1.0609842950599877, 1.057992322649404, 1.054292305240285, 1.050083239967621, 1.0454395961533847, 1.035127042585369, 1.0238684442616577, 1.0117496229079046, 0.9988654786376462, 0.9854216471025107]}