{"x": [2.2644057474914727, 2.267142561217494, 2.2765333077494097, 2.2909668114732065, 2.307195008303271, 2.3254276865778727, 2.3428853235299236, 2.359183625808107, 2.3740573216052705, 2.3872263951217976, 2.3979525653110416, 2.4053949215457613, 2.4074987680468865, 2.40829225192855, 2.4075556837784604, 2.4051010914398017, 2.4008478990722377, 2.394869410508539, 2.3874110132153774, 2.378849517911849, 2.3601272395947954, 2.3416118685160323, 2.3242819571218747, 2.3086747979073574, 2.2949032701293093, 2.2831641114304375, 2.273679509007918, 2.269927837033243, 2.2669955316094166, 2.2650489528504365, 2.2644057474914727], "y": [0.8835531729595334, 0.8672891104402507, 0.8537309483754503, 0.8460205124990847, 0.8439175434567339, 0.8460741031268585, 0.851758486886452, 0.8601279818002738, 0.8708264057775219, 0.8838128052778532, 0.8988799995202222, 0.915900976475393, 0.924972325613155, 0.9342505759120538, 0.9437690653266465, 0.9529950693276447, 0.9615591048812294, 0.9690216798237202, 0.9749990160657194, 0.9792483732994921, 0.9825192314247652, 0.9797202413334759, 0.9726260547848938, 0.962410971903606, 0.949830178618709, 0.9354229241838259, 0.9194410862358462, 0.9108908411528807, 0.9020261178923531, 0.8928810075705116, 0.8835531729595334]}