{"x": [2.17658133895169, 2.1782712146730874, 2.1844363362400236, 2.199559672353998, 2.2140761657626853, 2.2351443280874754, 2.25170221344373, 2.265795668033323, 2.2772749206511236, 2.2868177466399477, 2.3011951495172376, 2.3114437677915354, 2.3183770934555272, 2.322958080079706, 2.3263669236005953, 2.323776867240678, 2.3158642633045656, 2.3093358729128446, 2.3004187807144967, 2.286993949526952, 2.276905260784974, 2.262709555949007, 2.243999064429892, 2.2313787970648726, 2.214381703846352, 2.2024551153175507, 2.193257853020731, 2.186265246015059, 2.181093677590248, 2.1777802164243414, 2.17658133895169], "y": [1.225842132430561, 1.184623620908123, 1.1438337612841425, 1.1033793658500273, 1.0863791938971679, 1.0789047732796522, 1.0829377307088655, 1.0925191111327808, 1.1048066873213607, 1.1186519840462585, 1.1479906457508526, 1.179013743719628, 1.209799096232727, 1.24102125976551, 1.3039965820711552, 1.3607488920325275, 1.417006547305827, 1.4453560828957512, 1.473047264091165, 1.4997953214061512, 1.5113920705402748, 1.5172868305203278, 1.508291065941437, 1.4918066756014485, 1.455173991164368, 1.4176485344249603, 1.3793625868243065, 1.3413353480938037, 1.3030179588530173, 1.264491863688617, 1.225842132430561]}