{"x": [2.1831492257908365, 2.18491373238689, 2.1915806635995385, 2.2078397181091507, 2.2223735374718667, 2.2411762153878536, 2.2558472584618676, 2.2690698973831425, 2.280433580212258, 2.2901788419316746, 2.305310566683044, 2.3162855278224144, 2.323750654836842, 2.3286991341590237, 2.3324587112289357, 2.3297039122730077, 2.321531000713701, 2.314761712526412, 2.3055326536088105, 2.2918023159473955, 2.281879442255274, 2.269221153619718, 2.252242004363594, 2.239663969025363, 2.2221949402474, 2.209879710084631, 2.200357075355929, 2.1931285177781867, 2.187767399789141, 2.1843241827645126, 2.1831492257908365], "y": [1.0395189291469984, 1.0035049242328244, 0.9680694326785724, 0.9338845954354151, 0.9209499515148977, 0.9159503293485436, 0.9186690161262597, 0.9255822340913241, 0.935064610073229, 0.9462036681897402, 0.9708125767827139, 0.9975355576059275, 1.0243556647392602, 1.0517519933323933, 1.1072442009422703, 1.156161639227901, 1.2044701084890959, 1.228764947245285, 1.2522359277157988, 1.274295518759518, 1.283125392653926, 1.2871500447034694, 1.2809149149595929, 1.2679164004515828, 1.2372831951686292, 1.205266842025941, 1.1723118546895295, 1.1395503022686364, 1.106431881781101, 1.0730536804405404, 1.0395189291469984]}