{"x": [2.2402306847516678, 2.242292512005589, 2.2498939320697855, 2.257271543503678, 2.267984198166102, 2.282846007340121, 2.300618822814212, 2.313668189285654, 2.3258786928578026, 2.346535938524329, 2.362109885957606, 2.3736321098677333, 2.3815306536128387, 2.3867735632050433, 2.3897285586909995, 2.3906662935759475, 2.3877195669873905, 2.378822742928558, 2.3714932671241487, 2.3615856872464787, 2.3471696349747955, 2.3254884457626623, 2.3101707082739242, 2.297880881619931, 2.2801523716177834, 2.2675608106958167, 2.2578226445675043, 2.250464730607021, 2.245010287700468, 2.241506675237002, 2.2402306847516678], "y": [0.915968604814309, 0.8820952816236537, 0.8490215523417716, 0.8327277326277328, 0.8184044389622823, 0.8079779065091499, 0.8042748022647231, 0.8061448515245955, 0.8111134179229541, 0.8271790925185899, 0.8477068839380459, 0.8707541487514693, 0.894300318829101, 0.9185762537776475, 0.9432177741126396, 0.968018120401097, 1.0128704536139783, 1.0569302029765568, 1.0789631165899343, 1.0999633632272854, 1.119014348934824, 1.1290487225513688, 1.124662077165072, 1.1145212734329308, 1.0888517524228385, 1.0612547059782107, 1.0325264533446805, 1.0039015190588532, 0.9748537168477225, 0.9455015669473312, 0.915968604814309]}