{"x": [2.3114506726565036, 2.312947160302966, 2.318224775175684, 2.323212000279438, 2.3304639620741816, 2.3411036051231173, 2.3549218917051826, 2.364263112163638, 2.372707251565872, 2.3861808474952797, 2.3958188505678697, 2.4028315463999115, 2.40763600017211, 2.4108545111059367, 2.413296235112082, 2.411406599060527, 2.4055033757638262, 2.4005265371879725, 2.3936957546098814, 2.3836001800935978, 2.376593375545584, 2.368182096853546, 2.3576807817690986, 2.349230764744658, 2.3371298780655336, 2.328698635303506, 2.3223250887076667, 2.3176425578807596, 2.3142732598243905, 2.312183429577874, 2.3114506726565036], "y": [1.0492854091193282, 1.0226874017854695, 0.9965753308093238, 0.9834960878601926, 0.9715232828218777, 0.9619260985820971, 0.9581362561741618, 0.9598474257106799, 0.9641928843276537, 0.9772873099620574, 0.9929478053677361, 1.0099467558278614, 1.026999605478212, 1.044421535469332, 1.0797332385984633, 1.1117230616636204, 1.1432202275497234, 1.1590229215098966, 1.174117108072274, 1.1878675825142087, 1.1930005276535967, 1.195166820926193, 1.1922209219700042, 1.1853250426606217, 1.1677300965194983, 1.1487727468736988, 1.1290282574172452, 1.1094046181446036, 1.0895133853056105, 1.0694470065892834, 1.0492854091193282]}