{"x": [2.2675071904286295, 2.269889125380092, 2.2781649052308506, 2.2920206986378657, 2.308178672817696, 2.317724226061093, 2.327092497732462, 2.336186214017602, 2.3449634865104545, 2.3613658349439888, 2.376081054112779, 2.388795377738329, 2.3989580954519916, 2.4058782775111043, 2.4085503222541806, 2.405818881603463, 2.396684823028411, 2.381299147989742, 2.3721194184222423, 2.3625680306120396, 2.352812323316242, 2.3433124367099913, 2.334231703190382, 2.3256294311450745, 2.3175849972788725, 2.3100529348993857, 2.296543815729174, 2.285252551720149, 2.2762427809783214, 2.26997454153342, 2.2675071904286295], "y": [0.964628035614611, 0.9485029360935845, 0.9344600048989306, 0.9258008745621624, 0.9233752984386532, 0.9240348658178765, 0.9259811704553087, 0.9289200938449891, 0.9327006274252186, 0.9423523711171323, 0.9544211537916168, 0.9686657665335433, 0.9848299920360251, 1.002688967116062, 1.0216545171352847, 1.0404044188275323, 1.0570052789090119, 1.0683222339488745, 1.071121252012094, 1.0720555581448863, 1.0710861975506505, 1.0686642893626088, 1.065000368228061, 1.0603222323821417, 1.0548481949139927, 1.048688159301928, 1.0347066504072218, 1.0190944503704968, 1.0020633768844263, 0.9837891776209294, 0.964628035614611]}