{"x": [2.2107805420066406, 2.2129717515444423, 2.2210619055412164, 2.2288181637215834, 2.239825935435309, 2.2543971183038667, 2.271196517727131, 2.283728615475855, 2.2956547535159317, 2.3164755969215975, 2.3327481466575803, 2.3450327835639637, 2.3535641854595317, 2.3592576490082466, 2.3624738493706445, 2.363496563019782, 2.360417182937627, 2.3511302701151964, 2.3434853218917584, 2.333197241789648, 2.318481099370021, 2.297550930799646, 2.2829034928208918, 2.2706600592496495, 2.2524661890500397, 2.2393865175918903, 2.229227061415643, 2.2215372917659435, 2.2158175929586914, 2.2121294909900775, 2.2107805420066406], "y": [0.8456714465422471, 0.8135235682158686, 0.7823332349628449, 0.7672828023855417, 0.754417965673676, 0.745470570941857, 0.7422838137039164, 0.7437112199188857, 0.7478170930215442, 0.7617926058130018, 0.7804710505686175, 0.8019830906735671, 0.8243301152434236, 0.8475628249056416, 0.8712447420363535, 0.8951221623440178, 0.9374628841123419, 0.9788871831623149, 0.9994894099655943, 1.018907246879251, 1.0360153238840546, 1.0444520999349374, 1.0408327370619517, 1.0320153927149065, 1.0086321990417804, 0.9829340721573704, 0.9559478352758918, 0.9289715024237425, 0.9015098903630911, 0.873696173119031, 0.8456714465422471]}