{"x": [2.321849705504446, 2.324862158402567, 2.334464763398848, 2.3481191824405503, 2.363056886552171, 2.379693664036914, 2.3957695371534062, 2.4109776097891835, 2.4250721068801053, 2.4378622208490652, 2.4485242243177803, 2.4528007842656177, 2.456132591458026, 2.4583209484744954, 2.4591381033240767, 2.458329965974276, 2.4557139987182395, 2.4512968349311626, 2.445286916278179, 2.4301308539347826, 2.4130410851721713, 2.3962260613274387, 2.3802489368885493, 2.365566564100348, 2.352368666507894, 2.34085541596655, 2.331392830462973, 2.327593848513297, 2.3245969994290414, 2.322589824503929, 2.321849705504446], "y": [0.8204940709149785, 0.8055132808818515, 0.7936267793037821, 0.7873404283395519, 0.7856592490851161, 0.7873884182512405, 0.7920078007450781, 0.7989133904824641, 0.8078754100467233, 0.8190053613409557, 0.8321880967621064, 0.8395893141268103, 0.847461165516392, 0.855736711578773, 0.8642576168718699, 0.8729916660755345, 0.881363847200159, 0.8889508274675058, 0.8953503964595148, 0.9036608087718064, 0.9062509790746389, 0.904059643568389, 0.8983782288797652, 0.8899821171793704, 0.879404676018281, 0.8669694985252397, 0.8529107627037416, 0.8452791288113585, 0.837298339671961, 0.8289997794238572, 0.8204940709149785]}