{"x": [2.227328046144718, 2.2292227687708537, 2.236146614338814, 2.253045536561818, 2.268369553203304, 2.2886107150673105, 2.3039043487398256, 2.317600783959977, 2.32927828682813, 2.3392308496613965, 2.3545657598313054, 2.3656166218395906, 2.373097969404171, 2.3780412300765064, 2.38171248257443, 2.3788822293453094, 2.370286824805192, 2.363202804654587, 2.3535670046469495, 2.3392355426429727, 2.328776317737545, 2.3152012952435195, 2.297489195406158, 2.284579072491196, 2.266795778863575, 2.254312064127114, 2.2446904893115622, 2.2374059635786763, 2.232020689007754, 2.2285727928648718, 2.227328046144718], "y": [1.1079933499294325, 1.0691039282044517, 1.030788951256991, 0.9935858050278856, 0.9791802451825866, 0.9734670143207942, 0.9763930973868543, 0.9838001788147037, 0.9938950001694241, 1.0056939825183098, 1.0315932562699102, 1.0595898685587812, 1.0876040106507554, 1.1161754455544615, 1.173992573802684, 1.2267782537560317, 1.2789362575739496, 1.305172484823641, 1.3305826072161921, 1.3546316638380775, 1.3644179266673155, 1.3689879474628865, 1.3621719645814172, 1.3482613632425202, 1.3158412107522757, 1.2821019737764479, 1.247437805772569, 1.212998806101202, 1.17821220190773, 1.1431763928542296, 1.1079933499294325]}