{"x": [2.260317205703382, 2.263146015982815, 2.2725950369891095, 2.2863970237224733, 2.3016100044081744, 2.3192788298978932, 2.33628968306093, 2.3523116308301795, 2.367099190107878, 2.3804347604808203, 2.391506751061944, 2.3959349637997813, 2.3993850117735653, 2.401658313544977, 2.4025255342234333, 2.4017677014991565, 2.3992394303819062, 2.388906860130682, 2.373457519183431, 2.3558476011954497, 2.3379636048059504, 2.3210715944053932, 2.3056594618670676, 2.291882650376102, 2.2799365076089226, 2.2747406343156555, 2.270141560628905, 2.266211408367083, 2.2631083152393567, 2.261024429311068, 2.260317205703382], "y": [0.8332377131522999, 0.817965179702907, 0.805637631382886, 0.7989997134791166, 0.7972327922749836, 0.7992009364390582, 0.8043673530214, 0.8120002866012374, 0.8218131646685186, 0.8338728484110233, 0.8480391617533305, 0.8559420951072734, 0.8643184065047204, 0.8730997465546778, 0.8821290190786271, 0.8911126186045909, 0.8997663586075354, 0.9144330629448709, 0.9233274937554867, 0.9260994648241998, 0.923602161808432, 0.917219855498042, 0.9079195835828162, 0.896333887564949, 0.8828688381416461, 0.8755112658664648, 0.8677666231834202, 0.8596107117146117, 0.8511056660516656, 0.8422792121411481, 0.8332377131522999]}