{"x": [2.240623573660733, 2.2425277999542628, 2.2498033539150835, 2.2568946061771955, 2.2672842190416853, 2.281999708339537, 2.2999355744767147, 2.313414190540155, 2.3259120010514214, 2.3467304445908934, 2.362196654136075, 2.373569887399861, 2.381345473244225, 2.3865052869260825, 2.3894157625683397, 2.390417006701353, 2.3874943983925974, 2.378875181388378, 2.3717536295996897, 2.3620936990845998, 2.3479272680144616, 2.326104427779957, 2.310357842092334, 2.297979840337289, 2.280317196343787, 2.2677965146885173, 2.258108657641835, 2.250773702342078, 2.245330884584733, 2.2418302112370023, 2.240623573660733], "y": [0.9424145041499286, 0.90821204207951, 0.8747381596632355, 0.8581252390613328, 0.8433492134084022, 0.832346571387593, 0.8283580299721742, 0.8304318218876832, 0.8358887840754718, 0.8531537602859764, 0.8747773355261537, 0.8988071546888226, 0.9232134660090401, 0.9483033861015985, 0.9737345904231278, 0.9993122082147371, 1.0449129405609174, 1.089786958968773, 1.1122752043305195, 1.133795506878874, 1.1535216847175978, 1.1641787718191092, 1.1593403138627363, 1.1484705986518693, 1.1215304774526043, 1.0928187237906308, 1.06303151691752, 1.0333721548212649, 1.0033079724098548, 0.9729499073929807, 0.9424145041499286]}