{"x": [2.2588475131394046, 2.2603798033032327, 2.2656998838158926, 2.274794365036694, 2.2855396376243573, 2.2921682825404, 2.298653494570025, 2.3049176874200152, 2.3109327734422096, 2.3166522318248073, 2.3220842016264043, 2.3320078821130843, 2.340513478493147, 2.347312648685149, 2.351972553912466, 2.3537812732795853, 2.3520890910624894, 2.34633522198977, 2.336472960658005, 2.3244833068424113, 2.317757695522518, 2.311221492177161, 2.3049789603574746, 2.299062224241985, 2.2935235648611028, 2.288329671063601, 2.2789918785777616, 2.27116005888819, 2.2649032714780177, 2.2605519449704587, 2.2588475131394046], "y": [0.9911720639338442, 0.9804498174277154, 0.9710152413045835, 0.9650334853622768, 0.96329276429167, 0.9638570086401407, 0.9653400224764112, 0.9675555765828487, 0.9703782583229718, 0.9737037486904719, 0.9774806249724202, 0.986216672600996, 0.9963398865189669, 1.00767990038623, 1.0200965955925643, 1.033234996211574, 1.0452028652967391, 1.0558323696026566, 1.0630078735649984, 1.0652439990247713, 1.0645805931691907, 1.0628624544135474, 1.0603010835275026, 1.057057311329067, 1.0532805491653165, 1.0490421358537987, 1.0394381592233815, 1.028703845041832, 1.0169814087804536, 1.0043872625367931, 0.9911720639338442]}