{"x": [2.2320326578821565, 2.2334837562039014, 2.2386802132670667, 2.247997923268674, 2.259325075971784, 2.2660631932798223, 2.2726373565850344, 2.2789593990038983, 2.2849992767241147, 2.2907062671675313, 2.296094231912409, 2.3058428713801744, 2.3140513066570767, 2.3205106289560202, 2.324858851082325, 2.3265196649813875, 2.3248909802801316, 2.319301830681411, 2.3093227678581774, 2.2967999435992286, 2.289954074282565, 2.2833276917783394, 2.277037548342671, 2.271113091375955, 2.265607460196906, 2.260474855291464, 2.2513240337095364, 2.243753433573221, 2.237768584000622, 2.2336514645648817, 2.2320326578821565], "y": [1.003490898352585, 0.9921972683955301, 0.9820657039587346, 0.9753141690629279, 0.973289680296898, 0.9738961741902882, 0.9754931828114318, 0.9778751389556052, 0.9809019875714948, 0.9844540625252323, 0.9884736162698867, 0.9977143749132061, 1.008287521264762, 1.0200113000457218, 1.0327025930020608, 1.0460149049633989, 1.0585121677060707, 1.0698079897956132, 1.0778023361253595, 1.0803849976690882, 1.0796695678691435, 1.0778070906458772, 1.0750444149612974, 1.0715660401929619, 1.0675446914190663, 1.0630569762403075, 1.0529654599659586, 1.0418220884281908, 1.029752693611297, 1.0168946283841234, 1.003490898352585]}