{"x": [2.3087408235022355, 2.3111989126279737, 2.3199111166463036, 2.3357764616781815, 2.3552424835840657, 2.365754045112718, 2.376028608299534, 2.3859362308110317, 2.395422637745312, 2.412882548552982, 2.4281844009594806, 2.4409587084320985, 2.450829166542279, 2.457280333029283, 2.4596622199010834, 2.4567499748307777, 2.447062843570369, 2.4392842645370147, 2.4297262917712055, 2.418824154491623, 2.407262316808229, 2.3963981864691135, 2.3859026415038946, 2.376002464197425, 2.3667596368572834, 2.350421590641195, 2.33663728312546, 2.3254870681355864, 2.3168193386909612, 2.310970695948007, 2.3087408235022355], "y": [1.1197610074782551, 1.100391494355444, 1.0829181506025207, 1.0711124076739649, 1.0676254705888844, 1.0684581408517078, 1.07082871395907, 1.074394711991002, 1.0789647677096248, 1.0905379260222723, 1.1048431625345116, 1.1213630417933163, 1.1397658513295157, 1.159660884624587, 1.1804396361218494, 1.2029784950059, 1.2235367249659006, 1.2321955862913878, 1.2388384266357144, 1.242931437698225, 1.2443218499405346, 1.2431336148289354, 1.2400865233323108, 1.2355033530724333, 1.2297077423978884, 1.2155737014781336, 1.1989395278229138, 1.1808345163035545, 1.1614183065109276, 1.1409405473726184, 1.1197610074782551]}