{"x": [2.268317095993277, 2.2711598213032396, 2.2805790206525063, 2.2946798930654415, 2.3103446039483373, 2.3290332890606757, 2.3469737677731257, 2.363810175364247, 2.3792942561551613, 2.3931825791650225, 2.40466348292678, 2.4092375005564133, 2.4127946111284557, 2.415136897669776, 2.4160354055092297, 2.415291307209033, 2.4127789766043213, 2.4023582807254344, 2.386432017070928, 2.3681040724479794, 2.349180741975795, 2.3313992484308206, 2.315277450304973, 2.3009392715520227, 2.2885800640524003, 2.2832178305089474, 2.278478258221004, 2.2744349088390443, 2.2712457208552936, 2.269106887775996, 2.268317095993277], "y": [0.8456539269887908, 0.8299580594430948, 0.8170848302903644, 0.8100040072227545, 0.8081094119952879, 0.8102633473004106, 0.8159242316920009, 0.824231928776573, 0.8348491644565332, 0.8478037314757514, 0.8629330133983978, 0.8713327733810242, 0.8802110935723777, 0.8894961405774068, 0.8990298223315714, 0.908365047836261, 0.9173865949561508, 0.932845719375179, 0.9423957041440615, 0.9453847723896662, 0.9425828800732242, 0.9355286952144009, 0.9253597226000074, 0.9128003830914458, 0.8983365824122097, 0.8904708771323241, 0.8822150111782338, 0.8735484649794024, 0.8645325469870198, 0.8551978748237592, 0.8456539269887908]}