{"x": [2.2078617857073706, 2.2091594660014424, 2.213822238314361, 2.2182742420068475, 2.224808615954855, 2.2345340874965336, 2.2473197872380997, 2.256796984859529, 2.265262628045279, 2.278620211742694, 2.288164109250733, 2.295148715091714, 2.2999769419547778, 2.303236744363404, 2.305119683131779, 2.305741739697633, 2.304086504373255, 2.298816029692276, 2.2943166404137934, 2.288087341115785, 2.2787827846673734, 2.26441121826872, 2.253873536993858, 2.245524609707559, 2.23361498225103, 2.22526810266258, 2.2189121009261608, 2.2141981763943126, 2.2107761499625878, 2.2086284659837574, 2.2078617857073706], "y": [1.0131761983854344, 0.9885588657075781, 0.9643523459933409, 0.9521789629430663, 0.9409846095059878, 0.9319369785154789, 0.9283355474989319, 0.9301916601592383, 0.9348387360586558, 0.9484700219643073, 0.9645084833436648, 0.9818155196095086, 0.9991665887378269, 1.0168794389543676, 1.034784119832291, 1.0527767878216303, 1.082647829197356, 1.1120967852652128, 1.1269026697224283, 1.1410679282338558, 1.15401346198308, 1.1609141644113168, 1.1577793475780087, 1.1506263610411098, 1.1327181602667935, 1.1135526585139588, 1.0936381387299259, 1.0738337371647748, 1.0537657242849132, 1.0335205399855465, 1.0131761983854344]}