{"x": [2.220517631379846, 2.221697847030805, 2.225905134933823, 2.2358038589149953, 2.245150011376462, 2.2516500855697936, 2.259152369553088, 2.2694779606189956, 2.2780969386213563, 2.2906947746280815, 2.299254921300749, 2.305400785558165, 2.30961752357193, 2.3124474300751867, 2.3146133623939504, 2.3130711763846104, 2.3081694355739346, 2.30401346010458, 2.2982462903908973, 2.289476300306947, 2.282926674582443, 2.2742269435480873, 2.2629211035197083, 2.254814527542861, 2.243797033339727, 2.2361917290557694, 2.2304412343270146, 2.226182554470264, 2.2231107724594623, 2.2211965117699424, 2.220517631379846], "y": [1.1873264625695998, 1.1594615407222484, 1.1318908042967755, 1.104544702135686, 1.092740202340819, 1.088705148948452, 1.0872056972379687, 1.0898768568831247, 1.0961590653248348, 1.1129028410408712, 1.1314019412560008, 1.1508369913551497, 1.1700974810919456, 1.1896100148474777, 1.2289586016947387, 1.2630632634444077, 1.2968490478480839, 1.3138962401418994, 1.3304678619906436, 1.3462807251935769, 1.3528262966870974, 1.355997539856226, 1.3514197775921277, 1.3423059775051434, 1.3212604174922222, 1.2994370422466892, 1.2770532943314383, 1.2548501070523532, 1.232451847415709, 1.209924650705481, 1.1873264625695998]}