{"x": [2.120218904782941, 2.1217069463269826, 2.1274075550374563, 2.1382542680304146, 2.151734700889147, 2.162052464599808, 2.1720234873190427, 2.1815218781299186, 2.190545051540075, 2.1990272053409115, 2.2070246286627095, 2.221506355304833, 2.233747541483235, 2.243468793874979, 2.2501006663930174, 2.2526978148747965, 2.250760992134874, 2.24428587922614, 2.2321136310343044, 2.2163570011672613, 2.2058894656601846, 2.1958894279509327, 2.1865448222989747, 2.1778412891424157, 2.1698297857835653, 2.162386486134607, 2.1491084479331035, 2.1380403031478106, 2.129120242847967, 2.122779947208727, 2.120218904782941], "y": [0.9386755658566985, 0.9252752891124262, 0.9130570754627166, 0.9046956882708697, 0.9022786842442256, 0.9033139244207941, 0.9061611469524401, 0.9102532892551364, 0.9153077326697854, 0.9211000636157167, 0.9275451587352781, 0.9420920021149279, 0.958451932250316, 0.976423888321514, 0.9958033817623153, 1.0161208943778195, 1.0318300984498496, 1.0462732036465074, 1.0568827340319396, 1.0604118098707447, 1.0589668733714601, 1.0555527282526327, 1.0506843930912926, 1.0447454661994688, 1.0380658127715203, 1.0307583339776958, 1.0146902132002382, 0.9973379392888854, 0.9787896843000738, 0.959151933937607, 0.9386755658566985]}