{"x": [2.186993210955268, 2.188933501967574, 2.196066584848343, 2.209056223063483, 2.224957826925152, 2.234496722726136, 2.2437985717853355, 2.2527417383640405, 2.26128640131691, 2.2769787196717597, 2.290749810603349, 2.3023035762751487, 2.311340324231384, 2.3173723617670197, 2.3196888457458256, 2.317451946944023, 2.309670262011083, 2.2954714841114723, 2.2865692899612617, 2.2771717352723226, 2.2673774019624937, 2.257929354626649, 2.249018124855353, 2.2406815886968197, 2.232992217835142, 2.2258629032783257, 2.2132353936130276, 2.2028783247251416, 2.194718323709106, 2.189115863142806, 2.186993210955268], "y": [0.998647523221408, 0.9828060520501272, 0.9685289351598358, 0.9589275104731771, 0.9560890158720977, 0.956890003066253, 0.9591500290986441, 0.9625194237891, 0.9667998191045332, 0.9775100894002784, 0.9905988555648866, 1.005591435996337, 1.0222228567284288, 1.0402021544443543, 1.0590243361766918, 1.0773467363832907, 1.0940847005720666, 1.1063826192549766, 1.1095711837644286, 1.1106209314423894, 1.1095056092952487, 1.1066936153380103, 1.1025253693626855, 1.097301725478853, 1.091304470487209, 1.0846511731367818, 1.0698128473638195, 1.0536219323662905, 1.0362199500704743, 1.0177914712181007, 0.998647523221408]}