{"x": [2.2866751911851764, 2.2895346167325514, 2.299514378800947, 2.315861163782634, 2.33471142378559, 2.3551293865327376, 2.3745666658525666, 2.3925609541784882, 2.4088119993912964, 2.42296093407157, 2.434274155874108, 2.441927137500934, 2.4448190479376155, 2.44400671411449, 2.441345659128803, 2.4367362686774157, 2.4301934822624762, 2.421820500712768, 2.4120039565740967, 2.4012474074094436, 2.390061936970924, 2.379519483238211, 2.3692236178189874, 2.359348183349175, 2.3499709345151962, 2.3329535495110614, 2.318201493835874, 2.305901197750661, 2.2961236529579363, 2.2893527371266766, 2.2866751911851764], "y": [0.9895825509464451, 0.9707494973057225, 0.9545240674823392, 0.9447593835631528, 0.9420697499263712, 0.9446648691354882, 0.9514339177463629, 0.9613216495842832, 0.9738701627530341, 0.9889307031789725, 1.0062229917190866, 1.0254909292145873, 1.0460203811589834, 1.057153073368084, 1.0679935303891654, 1.0781779617355238, 1.0872422360093152, 1.0947632572796102, 1.1002685313103469, 1.1035301789469738, 1.1046378550305445, 1.1036689259670316, 1.1012037059959603, 1.097415534214068, 1.0925225130898208, 1.0801958092416588, 1.065231990427752, 1.0484267326645, 1.030038867369706, 1.0102887068151105, 0.9895825509464451]}