{"x": [2.245716859421892, 2.247164335844075, 2.2523740456227106, 2.2573185222036685, 2.2644258112634916, 2.274350124605152, 2.286405101819379, 2.295200591020894, 2.3033489757476495, 2.3169273360233755, 2.3270857018421864, 2.3346633515206894, 2.3399527085662135, 2.343538477346652, 2.3456121045792164, 2.3462958390768347, 2.344488084045469, 2.338760214313082, 2.3338800719873154, 2.327178104469591, 2.3174516686992894, 2.3036927212166405, 2.2938636685589047, 2.2855616833427352, 2.2731622993395, 2.2643141571283976, 2.2575383940031717, 2.252510781454653, 2.2488491625624962, 2.246544413529399, 2.245716859421892], "y": [0.9097060791695989, 0.886679721505225, 0.8642037952884294, 0.8531177897901524, 0.8432773726858018, 0.8359349047207891, 0.8332738230825889, 0.8346566492138214, 0.8382450562068986, 0.849533818525947, 0.8636073896415981, 0.8792226714323943, 0.8951200166464689, 0.9114859918714204, 0.9281025122172576, 0.9448339552345236, 0.9724812495364922, 0.9995890411987044, 1.0131141692041232, 1.0258353526425492, 1.0369473082770886, 1.0423111198870816, 1.0399998306954816, 1.034252711821972, 1.0187631104304216, 1.001597771514501, 0.9835138694257053, 0.9654472086748426, 0.9470549911436859, 0.9284424783573964, 0.9097060791695989]}