{"x": [2.2134432411214293, 2.2147138128867683, 2.2193041726443514, 2.2236887202454767, 2.2301146544610595, 2.239614072632381, 2.251983540048173, 2.2612248074856107, 2.2695192211955986, 2.2826888107366763, 2.292146415811226, 2.299084421511912, 2.3038883725468957, 2.307136036585463, 2.309014644066376, 2.3096367548706334, 2.3080150243680286, 2.3028370497405004, 2.2984106870351066, 2.2922803642959804, 2.2831430049799253, 2.269206091671157, 2.2589618953382833, 2.2507660036539585, 2.239002874626118, 2.2307358163936413, 2.22443260610647, 2.21975317709023, 2.216351018865195, 2.2142118736289476, 2.2134432411214293], "y": [0.9813316701781718, 0.9575281697209892, 0.9341369409392015, 0.9223941009617841, 0.91163185594233, 0.9030037483555723, 0.899586225572626, 0.9013315377686849, 0.9057643517417183, 0.9188880428225441, 0.9344248348946588, 0.9512385875553685, 0.968118625255545, 0.9853658365257331, 1.0028083694440464, 1.0203407423245499, 1.0491946081840302, 1.0776263538852113, 1.0919114634994276, 1.105552438046872, 1.1179475421975622, 1.1244967703659063, 1.121495699186932, 1.114656302559557, 1.0973791370453818, 1.078814045591136, 1.0594936829496275, 1.0402683400689399, 1.020776388288529, 1.001104544823283, 0.9813316701781718]}