{"x": [2.2990022383919784, 2.301784991576985, 2.31214732649402, 2.3219320228233995, 2.3353720775364826, 2.3521433046930436, 2.370647177576509, 2.3966623962534124, 2.4197321994946956, 2.4386553934705133, 2.453398530881058, 2.463892784397492, 2.4709482609693816, 2.4749371635189794, 2.4762034280379566, 2.47231583972063, 2.4675254375196776, 2.4607465328277978, 2.451340018030944, 2.4388500733632608, 2.421523605549322, 2.398357409545601, 2.382687034441347, 2.3690444004544227, 2.3480443080482054, 2.3327220569838962, 2.3207756477698536, 2.311727238429268, 2.304979519721536, 2.3006122495462082, 2.2990022383919784], "y": [0.8718133583501453, 0.8364229335214861, 0.8024693195767403, 0.7866539733949861, 0.7737997761654336, 0.7655662208209645, 0.7629831640542719, 0.7682286591177321, 0.7813470050377168, 0.799677106813177, 0.8215110208149985, 0.8448617133329009, 0.8694707451764403, 0.8947292828538408, 0.9202694794724816, 0.966322011184491, 0.988951503557851, 1.0110668450542253, 1.0330818217359992, 1.0535059006900354, 1.0708340211098653, 1.0788213615250957, 1.0755720231219266, 1.0672055786043817, 1.0436859052696823, 1.0170352810467986, 0.9887101957682384, 0.9602590360815156, 0.9311762148401797, 0.9016336016206012, 0.8718133583501453]}