{"x": [2.23703000380906, 2.2388465495262055, 2.2456082783725235, 2.258694826574518, 2.2755099583577225, 2.2852556125340384, 2.294706351858084, 2.3037183784561415, 2.312254548536452, 2.327699661697798, 2.3410007477495927, 2.351895957171171, 2.3602519759109866, 2.365713052000091, 2.3677552797842236, 2.36560636440239, 2.3581673072873874, 2.344014000670301, 2.334778546517758, 2.324882460914116, 2.3148539841272058, 2.3052514627932537, 2.296295351009188, 2.288007406788673, 2.2804542982823537, 2.2735149506805903, 2.261375235225113, 2.251608243405762, 2.2440305071152804, 2.23891980316248, 2.23703000380906], "y": [1.1391302924686735, 1.1224038197962851, 1.1069975305152315, 1.0958888825000794, 1.0924376294405156, 1.0933378161566154, 1.095881757523298, 1.0996462720860538, 1.10439200634508, 1.116109089509639, 1.1302130842733475, 1.1460422627240774, 1.1633467543255365, 1.1817947284020809, 1.2009253427481377, 1.2201336101159324, 1.2379727749458982, 1.2518017607272223, 1.2555791014324365, 1.2568555832898776, 1.2555994721769088, 1.2524467359328337, 1.2478194218384013, 1.2420806105838953, 1.23556844953067, 1.2284058281841743, 1.212605250144607, 1.1956354658778152, 1.177581501770932, 1.1586490992544838, 1.1391302924686735]}