{"x": [2.205539510651395, 2.2069430071937055, 2.2119987439497026, 2.2167810664598555, 2.223621921087321, 2.2330765962466987, 2.244461185638624, 2.2527831816314308, 2.260529040700428, 2.273528303533741, 2.283316097487262, 2.2906404869073014, 2.295761299423366, 2.2992368870605975, 2.3012487987648695, 2.3019131560938964, 2.3001684163691425, 2.2946334260016257, 2.2899135252412894, 2.2834350742124463, 2.2740693296485026, 2.2609949331311148, 2.2517411720380562, 2.243861177845943, 2.2319879676166683, 2.2234737062632544, 2.2169441146018607, 2.212095374844039, 2.2085619569895614, 2.206337149808144, 2.205539510651395], "y": [0.8595139655131258, 0.8377446555419592, 0.8165240951106448, 0.8060993351176526, 0.7968934165068625, 0.7900855158851696, 0.7876097296218875, 0.7888460802640663, 0.7921302616686088, 0.8026007125692642, 0.8157800448304355, 0.8304718462499531, 0.8454677247915647, 0.8609279765565059, 0.8766371442419386, 0.892460682639345, 0.9185536448016349, 0.9441124138005779, 0.9568494843048542, 0.968788500197515, 0.9791230617707393, 0.9839790364261425, 0.9818297159130867, 0.9765233645708261, 0.9620949380510095, 0.946008445367908, 0.929019262751514, 0.912023454318461, 0.8947063315840752, 0.8771714336972235, 0.8595139655131258]}