{"x": [2.2153693518557684, 2.2166152693730004, 2.2210770762273473, 2.231609428615564, 2.2412526343237453, 2.254654497582342, 2.264515743717677, 2.2730899930028348, 2.2861695690601502, 2.295291049207478, 2.3019012226533526, 2.306450553099354, 2.3095126296537467, 2.3112782322622594, 2.3118605736589295, 2.3102502421011266, 2.3051276058096604, 2.3007648735585593, 2.2947149216921234, 2.2855757141820687, 2.278967810038987, 2.270666237468761, 2.2597737822832573, 2.2515093299555495, 2.239988628489881, 2.2319767604507987, 2.2258971056887233, 2.2213927577186197, 2.2181324828482567, 2.2160941797828735, 2.2153693518557684], "y": [1.0892717357766721, 1.0631949379858614, 1.0374724969454567, 1.0122746570603804, 1.0019917254774984, 0.9976190650211626, 0.9998161712993037, 1.0051597375742822, 1.020181519230041, 1.0373353017453433, 1.0556043811330913, 1.0738060972241505, 1.0923161637648597, 1.1109885009907514, 1.1297350849074634, 1.161516702648851, 1.1929240742582536, 1.2087546519755343, 1.2240202573016083, 1.2382797533739307, 1.2438686981073868, 1.2463150409408907, 1.2425487070149575, 1.2345156702957027, 1.2151898924114568, 1.1948349353967056, 1.1738217942102476, 1.1529550665809392, 1.1318581454699999, 1.1106075516803442, 1.0892717357766721]}