{"x": [2.225944698198357, 2.2277943620035114, 2.2348141415492413, 2.241692987210393, 2.2518921438141923, 2.2668923942987593, 2.286012399240502, 2.2996887746647263, 2.3121856866609423, 2.3324453485787795, 2.3470659611183096, 2.3576482597335997, 2.364806268549219, 2.3695295410895207, 2.3730280354093063, 2.3702030102272915, 2.361672730230589, 2.3546636863652197, 2.3451667586276597, 2.33115541002335, 2.321145235224687, 2.3085433405750377, 2.2926000877016848, 2.2804915257273373, 2.263559666259277, 2.251662535538639, 2.2425020294128766, 2.235587116962853, 2.2304736359955237, 2.227184160822008, 2.225944698198357], "y": [1.005842404011188, 0.9692324261618789, 0.9332541767679972, 0.9152000581565104, 0.8987913128955606, 0.8859559529329561, 0.8810386985164012, 0.8833492893496034, 0.8893667028555587, 0.9079123958768766, 0.9305182096625861, 0.9552730088732863, 0.980172224835774, 1.0056457158069998, 1.0572822821915184, 1.1058167563796468, 1.153679166214244, 1.1777115671221443, 1.2008738501022886, 1.2225194516010656, 1.2310798306809165, 1.2349107497259624, 1.2294754713747782, 1.2177659756618142, 1.189585135913606, 1.1599195912638443, 1.1292981708808694, 1.0988626340269534, 1.0680731840452742, 1.0370323903880763, 1.005842404011188]}