{"x": [2.1720257685911393, 2.1736940818327986, 2.179966328617746, 2.1952511912296093, 2.20906736530021, 2.2272375609586237, 2.2413186505815097, 2.253909862888793, 2.2646364661283966, 2.2737801119248084, 2.287885878569625, 2.298074488933095, 2.3049920764014855, 2.309574882923183, 2.313054263698997, 2.310475606006007, 2.3027987779446337, 2.2964392452315563, 2.287761299550536, 2.274816812452879, 2.265377947467722, 2.253193804136989, 2.2369471762000237, 2.225061487030654, 2.2086336234030473, 2.1970681221837314, 2.1881348647009586, 2.181358291660272, 2.17634010579772, 2.1731235052899818, 2.1720257685911393], "y": [1.0120849470888709, 0.9771992609314222, 0.9428415356281222, 0.9095257894351253, 0.8966853622457156, 0.8916250039490494, 0.8943517140285869, 0.9012200038782152, 0.9105495590616516, 0.9214350704658268, 0.9452991498727901, 0.9710801342884648, 0.9968844975315435, 1.0232039972066567, 1.076467963045285, 1.1237458089632701, 1.1704674367287755, 1.193978070352607, 1.216735196895297, 1.238233473077476, 1.246931615613789, 1.2509685088606053, 1.2447741590153503, 1.2320834820319604, 1.2024490965866235, 1.1715768950634748, 1.1398428351894787, 1.1083027100707155, 1.076435497369698, 1.0443312510932683, 1.0120849470888709]}