{"x": [2.2863600540224938, 2.2880759442281997, 2.294807409993342, 2.31128606454423, 2.3267599780938735, 2.3485002093939085, 2.3639716184003903, 2.377501151582937, 2.388735600177518, 2.398138243282599, 2.4123363331608085, 2.422420864098619, 2.429187985643461, 2.433634043924092, 2.4369212625444665, 2.4340896010181488, 2.4255466634525917, 2.418564168485327, 2.409097017774461, 2.3950122800212506, 2.384515273960891, 2.3701603380163525, 2.352371007657387, 2.3399327596769672, 2.323130733380621, 2.3114190493789533, 2.3024388253761634, 2.295661182266529, 2.290671279805891, 2.2874788350268487, 2.2863600540224938], "y": [1.1995541668530618, 1.1572518587881129, 1.115453331117002, 1.0742861061494977, 1.0573943965976862, 1.0501739952829694, 1.0534885188151457, 1.0616923163963627, 1.0725877181963743, 1.0850982305058863, 1.112012166449239, 1.1407218850113732, 1.169244520987692, 1.19821980809249, 1.2567086168868422, 1.31360989869288, 1.3699374443159653, 1.3982874043752131, 1.4259071170592108, 1.4524530459953549, 1.4637380448602404, 1.4693482275346184, 1.4616214359136412, 1.446740119757064, 1.4129388632437017, 1.3781062273281814, 1.3424715301379735, 1.3070999740044862, 1.271432281300033, 1.2355554129138613, 1.1995541668530618]}