{"x": [2.23369189459624, 2.2358367014680827, 2.2438721345405317, 2.2516151820160215, 2.262710418368514, 2.2776646150759183, 2.295139638988426, 2.308190641449494, 2.320543269307127, 2.341876237130797, 2.358335123479387, 2.3706683425259194, 2.379188710823826, 2.3848623982405885, 2.388064542665014, 2.389136799286515, 2.3859826472686203, 2.3766293017399205, 2.368929542924093, 2.358550741850734, 2.3436038792990828, 2.321883973969582, 2.30660239949053, 2.294033291002684, 2.2755895998361626, 2.262401562049035, 2.2521760903222003, 2.2444407221705474, 2.23869468495545, 2.234996193949108, 2.23369189459624], "y": [0.89152566941979, 0.8581173711713084, 0.8256189649993868, 0.8098017282751118, 0.7961256362864708, 0.7864407203791514, 0.7829695340469478, 0.784561786016039, 0.7890647313391257, 0.8041445306492642, 0.8239810776953034, 0.8466145760218055, 0.8699745238867048, 0.8941838838798907, 0.9188205722661908, 0.9436413379533365, 0.9879322049785779, 1.0313389383758327, 1.0529776578190027, 1.0734667025317695, 1.0917374556298418, 1.100982715571359, 1.0969716690161586, 1.0873991811030006, 1.0624993175184394, 1.035394038378466, 1.007038082639075, 0.9787340978499536, 0.949960246322792, 0.9208454454698748, 0.89152566941979]}