{"x": [2.2085110918753745, 2.20993995516273, 2.215094162527774, 2.2200002096220914, 2.2270839448270707, 2.2370708959366654, 2.249307576897941, 2.258311333145917, 2.2666138878957307, 2.2803564057377113, 2.2905832992381003, 2.298199230613336, 2.303513622726077, 2.3071179781081015, 2.3092042401762427, 2.3098938497022288, 2.308098873187833, 2.3023962145540744, 2.2975315990871676, 2.290838860916807, 2.281082332698607, 2.267134838790094, 2.257070574057199, 2.2486385113801317, 2.2361289753311557, 2.2272249080112867, 2.220409750219565, 2.2153504032452918, 2.211664459391173, 2.2093431923315325, 2.2085110918753745], "y": [0.9301890744674979, 0.9068258143968083, 0.8839934313003648, 0.8726916195176259, 0.8626108981540601, 0.8550211519840158, 0.8522630587217952, 0.8537417229810765, 0.8575261197878327, 0.8692884076392632, 0.8838200276130814, 0.8998747751669819, 0.9161858310163764, 0.9329578889917741, 0.9499769227843398, 0.9671094777412376, 0.9952351288167677, 1.0228350178313363, 1.036623492991186, 1.0496232540142834, 1.0610480077672089, 1.0666321151139122, 1.064189737780226, 1.0581768390895852, 1.0421419606010083, 1.0244700503375068, 1.0058923095848764, 0.9873467486082599, 0.9684801473868484, 0.9493959292611217, 0.9301890744674979]}