{"x": [2.246658460411508, 2.2480777434938295, 2.253238462870223, 2.258165140961871, 2.2653011001018064, 2.275420970509308, 2.287889772684362, 2.2971166885730376, 2.30560494288684, 2.319605311859399, 2.329993987022213, 2.337723552307799, 2.3431149390974064, 2.3467710885382633, 2.3488874898629457, 2.3495871549480554, 2.3477792000949353, 2.3420297923408215, 2.3371236576608534, 2.3303683929222903, 2.3204951655547594, 2.3062896812624745, 2.2959856607879603, 2.2873949827984417, 2.2746968228614532, 2.2656689822987577, 2.2587580162410417, 2.253622656460081, 2.249877721126398, 2.247514078988935, 2.246658460411508], "y": [0.9557090335179759, 0.9318973044022338, 0.9086082558285512, 0.8970565872788906, 0.8867226001271125, 0.8788963160608462, 0.8760342413466081, 0.8775716425198756, 0.881502179110276, 0.8936559960959938, 0.9086069432443439, 0.9250905476064696, 0.9418195213571257, 0.9590113271241594, 0.9764510856989423, 0.9940048545957494, 1.0227149112673308, 1.0509014393492582, 1.0649931166184425, 1.0782976994404916, 1.0900329269394695, 1.095812234780845, 1.0932630871104263, 1.0870284064076792, 1.0705080551659345, 1.052357944391273, 1.0333010040674162, 1.0142846678524349, 0.9949464046815174, 0.9753895825842257, 0.9557090335179759]}