{"x": [2.2900019764311272, 2.2918518343046506, 2.2987504414257516, 2.315650061970867, 2.3317221807205746, 2.3548001265638447, 2.371403965226621, 2.385748547431176, 2.397536788117881, 2.407350329628469, 2.4221024713747683, 2.4325565610929396, 2.4395712936274405, 2.4441781964341893, 2.447582341412219, 2.444646650799963, 2.435791780283475, 2.4285604901328903, 2.4187530496636183, 2.4040959112976124, 2.393172596994924, 2.3778637448122355, 2.3588450951821294, 2.345835396900465, 2.3283496383821354, 2.3161604983031707, 2.3068123558653686, 2.299749748647415, 2.2945512894270923, 2.291229627804827, 2.2900019764311272], "y": [1.2830498958106415, 1.2379728255538782, 1.1933883724690404, 1.1492830980434383, 1.1308816224204346, 1.1228606672488985, 1.12664436246843, 1.1358224215895392, 1.147828891159697, 1.1614968219850548, 1.1906751103518058, 1.22165430024245, 1.2523864645271656, 1.2835705765184107, 1.3464760569859708, 1.4076297078213564, 1.4682100557735045, 1.4987096029889377, 1.5284808651225803, 1.55719088166887, 1.5696283594268305, 1.5759250802546638, 1.5671620128222554, 1.5507532305640344, 1.5139607675336295, 1.4761929373798597, 1.4376235665870765, 1.3993384926352679, 1.3607560700837331, 1.3219642799298699, 1.2830498958106415]}