{"x": [2.2498499786756994, 2.2517779519651895, 2.2590714799847356, 2.2769075276512476, 2.292899267960141, 2.3137639621585677, 2.3289406623096287, 2.342685506859299, 2.3545245005468587, 2.364669040656469, 2.3803622004175082, 2.391677061454794, 2.3993172061304424, 2.4043548052111525, 2.4080833760324865, 2.4050704135918695, 2.395976931816801, 2.3885142880827557, 2.3783998687143444, 2.36343573598613, 2.3526208313396495, 2.338735996603357, 2.3211197033009996, 2.3080471498356196, 2.2899522650234307, 2.277266534607295, 2.2675037861436103, 2.260127656099344, 2.254673315557249, 2.251166195600804, 2.2498499786756994], "y": [1.1079476108951103, 1.0678450926045164, 1.0283642934322543, 0.9902081385368384, 0.9756099461176265, 0.9698213784172734, 0.97248393677738, 0.9794481806560491, 0.9891237595181461, 1.000563466848984, 1.0259379271705749, 1.0535443108454494, 1.081221339026362, 1.1094881445603075, 1.166729174225207, 1.2205001864408447, 1.2735822765143274, 1.300257487394087, 1.326044236856182, 1.350336739535817, 1.3601323376574987, 1.3646186802012428, 1.3581870640930653, 1.3447405842052873, 1.3129676529588357, 1.2797507090436613, 1.2455603323026903, 1.211594480717169, 1.1772675738129568, 1.1426838147216616, 1.1079476108951103]}