{"x": [2.2994705822589614, 2.3015327827264067, 2.309761256484614, 2.317776661564458, 2.3293549502002726, 2.3451551225601466, 2.363764244430965, 2.377119842475555, 2.3897205844970144, 2.411366194846618, 2.427949732548842, 2.44030950478549, 2.44881310358447, 2.454459231079394, 2.457639285481283, 2.4586493311920528, 2.4554373798478824, 2.4457747978181907, 2.4378423569588477, 2.427159262842668, 2.4117404045695277, 2.3890555002136042, 2.3733763235780656, 2.360559366614776, 2.341852422399746, 2.328517952034944, 2.3181941570771225, 2.310388345723217, 2.304584030682918, 2.3008241607239777, 2.2994705822589614], "y": [0.935114346242609, 0.8996322532507999, 0.8650559056493279, 0.8481350488875986, 0.8334209283086881, 0.8229263639076199, 0.8192545916152625, 0.8210255923740393, 0.8257931644316889, 0.8415396585396883, 0.8620830237613621, 0.8854128246094267, 0.9094142267845267, 0.9342436396494327, 0.9594872200745996, 0.9849102589634304, 1.0314315801305214, 1.0770515808219774, 1.0998126147406138, 1.1214195530507294, 1.1408211741640226, 1.150799110154677, 1.1465955946326816, 1.1366340818503138, 1.110890579853083, 1.0829611651518514, 1.0537844696033143, 1.0246842585738851, 0.9951197037867242, 0.9652195529217634, 0.935114346242609]}