{"x": [2.224646790975723, 2.2276130541334545, 2.2372203728334807, 2.2505760748509327, 2.265054355918334, 2.2828377358472562, 2.3000360819247394, 2.3163542291209733, 2.331564654044319, 2.3455091202547615, 2.3573092395064226, 2.3621294877068504, 2.3659434968175574, 2.368502312872382, 2.369502113259199, 2.3687272112736406, 2.366105047732682, 2.355554686441591, 2.340400393876954, 2.323471500459921, 2.3055429820841167, 2.2884950316693007, 2.272771096740036, 2.258540666788096, 2.245982731135421, 2.2404513720176698, 2.2355070294456603, 2.23122774467295, 2.227803203566207, 2.2254658856037213, 2.224646790975723], "y": [0.7479950391880021, 0.7334372693411789, 0.7221047141381319, 0.7163091401990402, 0.7147785092847474, 0.7166350452119732, 0.72152505743533, 0.7287667570290289, 0.738113794772324, 0.7497135252097247, 0.7634888317312184, 0.7712718384280369, 0.7795942972269672, 0.7884015753946918, 0.7975183778776146, 0.8061858898005227, 0.8144835096029388, 0.8281964824854503, 0.8361131913035081, 0.8385089019119194, 0.836143442946117, 0.8301106530505198, 0.8212761733264453, 0.8101953328782775, 0.7971667570047458, 0.7899977248153406, 0.7824119201281065, 0.7743660821957095, 0.7659209472406848, 0.7570916583886282, 0.7479950391880021]}