{"x": [2.371962561333747, 2.373386899728514, 2.37844235151501, 2.383239399031456, 2.390290554738138, 2.4009941948982334, 2.4156253771210916, 2.42577370366202, 2.434710384159355, 2.4485056497266964, 2.458158193470188, 2.4651348930138255, 2.4699112883295453, 2.4731114767764164, 2.475546955670261, 2.473709813733385, 2.4679344330027804, 2.463057044662096, 2.45633567681578, 2.4462753447983316, 2.439076737660273, 2.4300973665420904, 2.4187354961389875, 2.409985933716152, 2.3977625425830906, 2.3893003662027685, 2.382907849277134, 2.378199278010908, 2.374808604002027, 2.3727020954976235, 2.371962561333747], "y": [1.1505903096341892, 1.1222236759572741, 1.0942748467643097, 1.080157832447249, 1.067020749007487, 1.0560509116877101, 1.0514865113699592, 1.0536386654625487, 1.0589070656474362, 1.0740395726228866, 1.0915448174494298, 1.1102779661606061, 1.1289599503878935, 1.1479754514537386, 1.1864305516162033, 1.2208543574053277, 1.254839920118341, 1.2719416661014225, 1.2884062294715881, 1.3037261203661648, 1.3097050184320467, 1.3123390383887412, 1.3086750848606654, 1.300553397109851, 1.280704977024739, 1.2597012737554183, 1.2379780210645148, 1.2164186554168892, 1.1946131464739036, 1.1726459149758677, 1.1505903096341892]}