{"x": [2.2263981016886105, 2.227513106670818, 2.231545090424204, 2.2397541656916387, 2.250880228646802, 2.2576490188481615, 2.264147434699574, 2.2702570222547074, 2.27596860999449, 2.2812339122798218, 2.286109133656193, 2.2946938475683023, 2.301616467637342, 2.3069057064329477, 2.3103716434824233, 2.311670070532162, 2.310439752339851, 2.306090582456005, 2.2973770466261336, 2.29150831326438, 2.2851665464181545, 2.27826994682018, 2.2717272564849744, 2.265681147627371, 2.260119898900565, 2.2504636639505704, 2.2424152965260102, 2.2359741873613483, 2.23100064209096, 2.227666860365021, 2.2263981016886105], "y": [1.1856298114588537, 1.1745441128482148, 1.1641576285147794, 1.156181464408331, 1.1534946756713527, 1.154279124047044, 1.156329117087582, 1.1593041173279892, 1.1629858902725128, 1.1671845926037034, 1.1718305291027573, 1.1821920223937017, 1.193516604379738, 1.205690050019399, 1.2185166939156598, 1.231739764681141, 1.2439672024258295, 1.2554610546075833, 1.2646353806314081, 1.267164369946594, 1.2679516510246105, 1.2670169309460924, 1.2646441707775162, 1.261248412074104, 1.2571060550049475, 1.247404854089321, 1.2363332708956616, 1.2245404219051554, 1.212057512707882, 1.1990234800691941, 1.1856298114588537]}