{"x": [2.3095542920703296, 2.310983695216293, 2.316050337781803, 2.3258572600152587, 2.3386470840230227, 2.3453962405381508, 2.351940633229149, 2.358168772326854, 2.364046162767795, 2.374603406660908, 2.383598265386948, 2.390866787031369, 2.3963829754868518, 2.399944698402045, 2.4012412916829966, 2.3996327783251554, 2.3941783602054056, 2.389610299903383, 2.3838361071668133, 2.3770966050931848, 2.3698749314238623, 2.362977607427664, 2.356359394183088, 2.350166298753395, 2.3444233533023615, 2.33437429371724, 2.3259919697780633, 2.3193115055535873, 2.3141984416917403, 2.310817808249611, 2.3095542920703296], "y": [1.2301954695819484, 1.2174524751718616, 1.2056729916092195, 1.1969850488579672, 1.1941431349267424, 1.1948183409913897, 1.1966010190894911, 1.1992572198918234, 1.2026189755235446, 1.2109310283027221, 1.2209129187309469, 1.2320339207265372, 1.2441202666261435, 1.2569323278113564, 1.2701668896780012, 1.284150607381513, 1.2971267778107578, 1.3027698367572946, 1.3071709715470905, 1.3099050468133426, 1.3107673026777975, 1.309966826955196, 1.3078660906223059, 1.3047650629762233, 1.3008934507785073, 1.291586915672133, 1.2807549334153985, 1.2690793923125359, 1.256637389248567, 1.2436023502836875, 1.2301954695819484]}