{"x": [2.228769458231365, 2.230938831579787, 2.2391809073687416, 2.2470784005226854, 2.2582561735611844, 2.272947798439688, 2.289782446259174, 2.302495970036887, 2.314616611082213, 2.3358776128926424, 2.352613389629304, 2.365313807380264, 2.374171864535584, 2.3800951945604383, 2.383444547602889, 2.3845850181841355, 2.3813633620600294, 2.371875817425257, 2.364065977876984, 2.3535644677938143, 2.3385952348056342, 2.3175029491466264, 2.3026497416800997, 2.2901728252995746, 2.2715534517828027, 2.25813781560114, 2.247703503056079, 2.2397962920464694, 2.2339058087360133, 2.230100643447929, 2.228769458231365], "y": [0.8491020749726543, 0.8168837759192432, 0.7856620981726998, 0.7706497954833551, 0.7578906019330987, 0.7491062090650572, 0.7460071717266827, 0.7474320622884671, 0.7515252347267974, 0.7654950079442853, 0.7842639536281547, 0.8059678457679198, 0.8285968167195746, 0.8521647963596373, 0.8762100470215157, 0.9004606464377951, 0.9429915396419472, 0.9845757005896948, 1.005234648779923, 1.0246641114608463, 1.041689937483439, 1.050000904556218, 1.0464076756602414, 1.03758409228522, 1.0140377162092427, 0.9880788008596187, 0.9607846677537721, 0.9334835923142916, 0.9056775693611266, 0.8775021254611542, 0.8491020749726543]}