{"x": [2.282660542344153, 2.2839408893747133, 2.2885443761562585, 2.2994621087769254, 2.3095513751137657, 2.323719119818804, 2.334270945630849, 2.343381039240667, 2.357201210673706, 2.366822630206035, 2.373797871947489, 2.378605244785646, 2.38184342886222, 2.383711950386423, 2.384328576523951, 2.3826554430672457, 2.377326846325986, 2.3727868049832885, 2.366484791559678, 2.3569458377566064, 2.3500114706031456, 2.3412302314421765, 2.329572224801882, 2.3208190901780292, 2.3086693626138333, 2.3002216179271064, 2.29380649853393, 2.289045329477963, 2.2855947000934167, 2.283432856375172, 2.282660542344153], "y": [1.1547634259831836, 1.1271936797937168, 1.0999808500451875, 1.0732445939454298, 1.0622521776353726, 1.0575722714907838, 1.060036963997984, 1.0659039846680631, 1.0821831548367695, 1.100654689582444, 1.1202790446629562, 1.1398238126243752, 1.1596889316060723, 1.17972313942589, 1.1998348431791919, 1.2335504433858253, 1.2668843169925115, 1.283691740343377, 1.2999209141331067, 1.3151340018389446, 1.3211478269946277, 1.3238201629802377, 1.3196715413805276, 1.3109249526592353, 1.2900614616511685, 1.2681582924015242, 1.2455760104831273, 1.2231541611686214, 1.200493595987841, 1.1776730887697102, 1.1547634259831836]}