{"x": [2.253912021008757, 2.255679152498834, 2.2624058579007826, 2.278940961346684, 2.294478925070415, 2.3160835998322753, 2.3331000850153263, 2.3479493151852724, 2.3602998016051395, 2.370682299925172, 2.38647951485764, 2.397798583201809, 2.4054582302218592, 2.410519402054577, 2.41435567242853, 2.4114464728359897, 2.4028306783505484, 2.3957215300794434, 2.386024448648988, 2.3715067338365845, 2.360683940830752, 2.3460428177897104, 2.326648368335006, 2.313148487999387, 2.294785994442842, 2.2818899879598207, 2.2719353158919704, 2.2643681857297313, 2.2587610573307533, 2.2551591339859587, 2.253912021008757], "y": [1.2243272415495061, 1.1823946312771056, 1.1409673698132383, 1.1002008941332304, 1.0836345721501504, 1.076626764421531, 1.0802824396441695, 1.0893612662576901, 1.101344120439869, 1.1150673502999717, 1.1445821884745182, 1.1760870510184536, 1.207451170524582, 1.2393378875795908, 1.3037410752925185, 1.3614371333406854, 1.418560391668194, 1.4473327032327719, 1.475338997411774, 1.502187749758921, 1.5134909368601699, 1.5190165502369837, 1.5105192356604498, 1.4942065946851937, 1.4573231342019073, 1.4193181106970876, 1.380438896471057, 1.3418177013715948, 1.3028636479121616, 1.2636681407041583, 1.2243272415495061]}