{"x": [2.2521486401642687, 2.253584211419513, 2.2587608186332955, 2.2636812225949847, 2.2707793791046194, 2.280784729989846, 2.293058360668953, 2.3019671721308135, 2.3101882126564743, 2.3237963392221084, 2.3339114347727437, 2.3414323690136642, 2.3466712579215097, 2.3502187650077517, 2.3522693150393947, 2.35294530579631, 2.3511364126393963, 2.3454036004789054, 2.340519784008353, 2.333804456100556, 2.324011870320648, 2.310000370694495, 2.300062873775567, 2.2917379296098064, 2.279380755929911, 2.2705878007602363, 2.263863630535097, 2.2588769579369696, 2.255248221696205, 2.2529664336001307, 2.2521486401642687], "y": [0.9303920389492675, 0.9069416967041684, 0.8840248436480574, 0.8726830050734897, 0.8625605621093387, 0.8549226862282786, 0.8521294472009353, 0.8535756311928385, 0.8573002603659045, 0.8689186952551267, 0.8832927787641026, 0.8991787783506956, 0.9153122836780604, 0.9318999641852895, 0.9487296957984072, 0.9656704058808802, 0.9938703391039725, 1.021540597378382, 1.0353667519047702, 1.048402034157041, 1.0598600265043032, 1.0654150425360627, 1.0629584446516134, 1.0570015979340501, 1.0411395973323678, 1.02365621264469, 1.0052776834451977, 0.9869300425004665, 0.9682663047951552, 0.9493890775985706, 0.9303920389492675]}