{"x": [2.1840023322743365, 2.185856871291693, 2.1927697936753208, 2.205362863814494, 2.220661556366925, 2.2310076605662736, 2.2410792493207308, 2.2507512290474034, 2.2599952670948813, 2.2687394307064017, 2.2770135741085853, 2.2920488453945267, 2.3048080345298354, 2.314905633582587, 2.321725587278671, 2.3242877811970346, 2.321956101003908, 2.3141299465236944, 2.300047438262188, 2.2821944596601655, 2.271649054370418, 2.2614952469182805, 2.251927907550563, 2.2429717306018255, 2.234696535485408, 2.227002693236579, 2.213297605252324, 2.2019294845929935, 2.1928495997164363, 2.1864901578975613, 2.1840023322743365], "y": [0.9793833074596612, 0.9641436016018469, 0.950435959437071, 0.9413611988249859, 0.9387369461917606, 0.939660355571958, 0.9422015476049038, 0.9459365857712819, 0.9506318453502888, 0.9560981336456857, 0.962252746221107, 0.9763456071095215, 0.9924758777224755, 1.0103929374926377, 1.0298527438430223, 1.0503132177851358, 1.0681428129160762, 1.0843317752394652, 1.095968590602645, 1.099842047168539, 1.098587301770225, 1.0954760073507668, 1.0909212043925038, 1.085258421770101, 1.0787923338990755, 1.0716443315193371, 1.0557533223923996, 1.0384239012868501, 1.0197933163844102, 1.0000121329607772, 0.9793833074596612]}