{"x": [2.3032141452521904, 2.3051471501515364, 2.311586497528337, 2.3217583098974743, 2.3333980747997316, 2.3454787866032536, 2.3569881876974814, 2.367629038175203, 2.3772176293877716, 2.3855493499920915, 2.392224275361281, 2.3967687279235697, 2.3984849240283466, 2.397973614190994, 2.396333763930596, 2.393494446162783, 2.3894820332464297, 2.3844338062467014, 2.378611287869705, 2.372325058564673, 2.3658356580522426, 2.3536210337042838, 2.3421841937427725, 2.331887151428936, 2.322830702096375, 2.315169580916413, 2.3090591986964384, 2.306680187421677, 2.3048452691207504, 2.3036468935577092, 2.3032141452521904], "y": [0.9529258873722164, 0.9412824469533079, 0.9313909850749779, 0.9254794687618118, 0.9237684266775972, 0.9253068697634781, 0.929287333462649, 0.9351545692036303, 0.9426185542443258, 0.951555751561716, 0.961789833613085, 0.9731772676715276, 0.9853172995683642, 0.9917948421106364, 0.9980822013544041, 1.0039395695591042, 1.0090650968744865, 1.0131927012518496, 1.0161286837937522, 1.0178191634991371, 1.0183311024593942, 1.0165279350649525, 1.0118752850341741, 1.005147783914663, 0.9968249792664251, 0.9872648767941302, 0.9766464227569048, 0.9709747207403852, 0.9651043737967572, 0.959066402674081, 0.9529258873722164]}