{"x": [2.177715034766493, 2.1795640213871565, 2.1863365201294203, 2.198227813814286, 2.2124013002594554, 2.2217508504449155, 2.230878763059447, 2.239678640445949, 2.2481200979420124, 2.2561382090203335, 2.2637518414602003, 2.277661525251675, 2.2895784149455283, 2.299106302001041, 2.3056452433184114, 2.308304281090954, 2.3061158207220642, 2.2986446100271585, 2.285400073103169, 2.268924081157497, 2.25938664900917, 2.2501551383802387, 2.241395664040555, 2.233144118728946, 2.225468455803161, 2.218299204954174, 2.2054582524427424, 2.194724740764555, 2.186119784880998, 2.1800775666720096, 2.177715034766493], "y": [0.9586248471364035, 0.9444904765982585, 0.9319472536145509, 0.9239036429166755, 0.921620044758656, 0.9223799811938479, 0.9245416479945956, 0.9277453285588705, 0.9318003509407511, 0.9365511116776968, 0.9419262799461895, 0.9543120193453042, 0.9686119564238553, 0.9846031986733924, 1.002084915855682, 1.0205591602872617, 1.0370238749781018, 1.051858200017998, 1.0622306581953374, 1.0656287953876462, 1.0645662781360268, 1.061945063455417, 1.0580667962034602, 1.0532004477207015, 1.0475920006668573, 1.0413492190776656, 1.0273516112845789, 1.0119133757417318, 0.9951950587252298, 0.9773327949453526, 0.9586248471364035]}