{"x": [2.188183904505061, 2.190342450271468, 2.1982900594531385, 2.2059262138389584, 2.2167939272073935, 2.2312431724086443, 2.247928484223368, 2.2602893318243407, 2.272017896762836, 2.2924055188086316, 2.3082674526831366, 2.320212284978899, 2.3284983626667644, 2.334025640003914, 2.3371485657176083, 2.3381410866745047, 2.3351364252409876, 2.326068211372396, 2.318598106236863, 2.308535455638271, 2.2941067527199874, 2.273455605084455, 2.258958215402957, 2.246893312801648, 2.2290263409490825, 2.216200096727238, 2.206242311764802, 2.198706963974695, 2.1931056673218796, 2.1894977369698654, 2.188183904505061], "y": [0.8419638256720848, 0.810115489461038, 0.7791992906724907, 0.7642460278914667, 0.7514474448548968, 0.7425552815590699, 0.7394809320976438, 0.7410117347447521, 0.7452039507032125, 0.7592537765303948, 0.7778652357950386, 0.7992031912646883, 0.8213166383168032, 0.8442755762106664, 0.8676630273422651, 0.8912371749959193, 0.9331069184222003, 0.974093146623221, 0.9944937431268707, 1.0137480899444415, 1.0307720555383253, 1.0392297723567874, 1.0355892029863187, 1.0267650215432993, 1.0034906429054233, 0.9779809088215309, 0.951220834223145, 0.9244814978670903, 0.8972712231369951, 0.8697195994089422, 0.8419638256720848]}