{"x": [2.366049119960686, 2.36854592164067, 2.377394656206689, 2.392646755287827, 2.401613031269251, 2.410872534275559, 2.428795799155789, 2.445696509278455, 2.4610805900586272, 2.474675944178058, 2.486133079029557, 2.4950222523452323, 2.5008326146954207, 2.5029426255674094, 2.502226316641637, 2.4999487426532525, 2.496001254748721, 2.4903336371296803, 2.4828803506619734, 2.4739362536665683, 2.4639346308438297, 2.4534265602974656, 2.444131049077964, 2.435081772139315, 2.4183102931146934, 2.4037191586537174, 2.391282036351002, 2.3811456338077144, 2.373269821868293, 2.367981656220741, 2.366049119960686], "y": [1.103245754907867, 1.0850608534144037, 1.068979045134976, 1.0585426696057125, 1.05613935488778, 1.0554823688265382, 1.0579517164112842, 1.0644098197559817, 1.073828752694939, 1.0856842402651203, 1.099615950804661, 1.1153112079012129, 1.1324217291095084, 1.1503682636156496, 1.1607572308212781, 1.1709187462006, 1.1805717403623575, 1.1893262287864566, 1.196829322502143, 1.202472993595754, 1.2058993738128003, 1.2070625564608541, 1.2061755464636716, 1.203872526174005, 1.1957839516935964, 1.1843956282379169, 1.1706874881446452, 1.1554786511167272, 1.138985411090698, 1.12145456219085, 1.103245754907867]}