{"x": [2.281618111423387, 2.2832338249485318, 2.288807152401817, 2.2982632796795732, 2.3094175004314814, 2.3159792283283362, 2.3224071724805726, 2.328625022018805, 2.33460153694919, 2.3402893970493266, 2.3456923311841127, 2.355558387676818, 2.363999727542651, 2.3707195570004753, 2.3752915121104805, 2.3770410570806204, 2.3752470884654544, 2.369241588536016, 2.3590383454246684, 2.3466510739643005, 2.3399914893861053, 2.333510598726968, 2.3273116883652274, 2.3214310094433395, 2.3159222142934492, 2.3107569493755813, 2.3014794023277783, 2.2937174173041837, 2.287542041020717, 2.2832750777129203, 2.281618111423387], "y": [1.004841216914728, 0.9937077966564987, 0.9839353047562643, 0.9777485761680073, 0.9759382410786981, 0.9764756561268342, 0.9778992508381409, 0.980041185220282, 0.9827854164540498, 0.9860341245419486, 0.9897373878993488, 0.9983395128124379, 1.0083499811893666, 1.0195887350310409, 1.031899722916398, 1.0449151863595016, 1.0572819618472067, 1.0682404941373003, 1.0756396039695806, 1.0779652226112675, 1.0773304566469513, 1.0756718274394774, 1.0731824184294108, 1.0700136233413746, 1.0663089194625945, 1.0621385845646338, 1.0526581354802778, 1.0420330764029964, 1.0304139103546166, 1.0179298673130426, 1.004841216914728]}