{"x": [2.1546286413861644, 2.156929550740325, 2.1657060994566706, 2.1738978322776825, 2.1849846629024827, 2.198547787628766, 2.2133546689204664, 2.225065218696589, 2.236378377858771, 2.2569111261170236, 2.273929276171886, 2.2873596771549956, 2.2970663254620383, 2.3036711909274525, 2.3074468159749157, 2.308655464728317, 2.305503584386263, 2.295956823734378, 2.288089119307695, 2.2775879892997444, 2.2631169237013067, 2.244301065983131, 2.2307068357513824, 2.2187188774694686, 2.199919690120905, 2.1859722188055675, 2.1749791448777964, 2.1665636261898213, 2.160226669452268, 2.15608397034289, 2.1546286413861644], "y": [0.7274355938815363, 0.6989954194628869, 0.6718456515550596, 0.6593973238336434, 0.6494400382412941, 0.643165481087983, 0.6411444204198329, 0.6423239589668991, 0.6455706060087251, 0.6568882268323046, 0.6727724415989702, 0.6917869108126053, 0.7122718380387887, 0.7339565565521201, 0.7562836340144209, 0.7788954207792369, 0.8159688827087829, 0.8519304634608542, 0.8695611902652147, 0.8857621028676501, 0.8991706258145855, 0.9051005267835839, 0.9024425203236524, 0.895502999434864, 0.8756749522442909, 0.8529338858616613, 0.8286266774260989, 0.8040978138938633, 0.7789516595103978, 0.7533396391423265, 0.7274355938815363]}