{"x": [2.25397032111548, 2.255801156059281, 2.262508682409874, 2.278886650661112, 2.294490901027435, 2.31701223069981, 2.333517793943717, 2.3477017590486717, 2.3593107474064707, 2.3689592657513745, 2.383450524864202, 2.39372407613607, 2.4006272033005107, 2.4051650773667252, 2.40852142988513, 2.4056859509746213, 2.3971147066518745, 2.390101344195707, 2.38057499624454, 2.3663154380091918, 2.3556561865624244, 2.3406550600280176, 2.321795997484286, 2.3089773009429075, 2.291757101189446, 2.279741551378223, 2.2705213463210554, 2.2635508760937855, 2.258422561441802, 2.2551542625844063, 2.25397032111548], "y": [1.2703138949097719, 1.2262657918243995, 1.1826929053895174, 1.1395527343678462, 1.1214826931646134, 1.1135574973708413, 1.117405683625416, 1.1266823904414125, 1.1387395625785341, 1.1524161887847209, 1.1815251635097976, 1.212376146386921, 1.2429711009380777, 1.2740051484922554, 1.3365972031592126, 1.396618916458973, 1.4560931106851274, 1.486042585257652, 1.5152899265868252, 1.5435268513373135, 1.5557876247687967, 1.5620256059520248, 1.553191467526117, 1.5367784464533074, 1.5001128739927714, 1.4625125836973296, 1.4241310375290048, 1.3860281252129678, 1.3476338577895217, 1.3090338871131921, 1.2703138949097719]}