{"x": [2.2540294662783213, 2.255889964274927, 2.2620348928572547, 2.271447663694744, 2.282037592492625, 2.2943363251058413, 2.306074692105129, 2.316987288824576, 2.326915989616023, 2.335686474250607, 2.3395018621666526, 2.3428589532949036, 2.345694011124712, 2.347891408920116, 2.3493328862120486, 2.349873197646653, 2.347844463631087, 2.341278381187613, 2.331077325146312, 2.3193135891973777, 2.3069079206649996, 2.295252995149043, 2.2846730427423263, 2.2752577285578797, 2.26714890739063, 2.2636426010817794, 2.260555263720841, 2.2579364654320337, 2.2558860444129567, 2.2545251375733697, 2.2540294662783213], "y": [0.8597476691605901, 0.8491439752571782, 0.8403043129383613, 0.8352469139520803, 0.8338218008332944, 0.8353867837528679, 0.8393766127742647, 0.8452006959879557, 0.852578067676789, 0.8614347925560528, 0.8663705865633222, 0.8716288359477388, 0.8772221442472549, 0.8830953114984528, 0.8892052870924192, 0.8954597032998407, 0.9072217845466647, 0.9171891752939115, 0.9233284748486554, 0.9251634298629217, 0.9233332203179212, 0.9187058031191666, 0.9120596771128285, 0.9038463804160889, 0.8943603908496216, 0.8891930956471172, 0.883765069149295, 0.878065905420809, 0.8721384822601027, 0.8660078970170838, 0.8597476691605901]}