{"x": [2.2045574996854986, 2.2071740737117196, 2.2159832702334357, 2.2294245727204736, 2.244433893414137, 2.263522665962849, 2.2817821666693834, 2.298858818750951, 2.3145306007626583, 2.3285543102032435, 2.334710034212932, 2.3401609060583213, 2.344799537523226, 2.3484231505200572, 2.350828552255642, 2.351773782123005, 2.3487908837876534, 2.3389513114819263, 2.3236019228405667, 2.305829245981604, 2.286502928007409, 2.2684336580859106, 2.2521222791442455, 2.237639914222415, 2.225163839266289, 2.219741085757525, 2.2149378862457376, 2.210827761961048, 2.2075717552739653, 2.2053748561935733, 2.2045574996854986], "y": [0.8360032236758823, 0.8209669134286106, 0.8085035614666106, 0.8015700234315697, 0.7997091487592219, 0.8020541535530591, 0.808093269286976, 0.8168411567717707, 0.8279106116065437, 0.8412886272532522, 0.8487859366162586, 0.8568103108531209, 0.8653958370745758, 0.874456609183822, 0.8839264266216873, 0.8936511343455161, 0.9114542730772701, 0.9265880844948046, 0.9360094384750507, 0.9389245027541859, 0.935905470810536, 0.9284139686367049, 0.9177643163958492, 0.9047359902523765, 0.8898488453365812, 0.8817837114180085, 0.8733349295418273, 0.8644786983002691, 0.8552741139048053, 0.8457465593407735, 0.8360032236758823]}