{"x": [2.21916441894565, 2.2213304610287676, 2.229143570927609, 2.2420996600764544, 2.257076225550534, 2.266928609151391, 2.276588671616831, 2.2859591743371834, 2.295005781191046, 2.3119408720749695, 2.327215950067521, 2.340545614521358, 2.3513516553401588, 2.3588750638722376, 2.3618951954562615, 2.3593949874100817, 2.350736735758248, 2.336108815133957, 2.3184532138202614, 2.3084068844112613, 2.298634040275178, 2.289294988237285, 2.280438364164206, 2.272138581572455, 2.264342929333936, 2.257054305448307, 2.2502737772784767, 2.2383680880556405, 2.2287287476759037, 2.221877286305219, 2.21916441894565], "y": [0.894206774192605, 0.8792349513066745, 0.8662810896221365, 0.8584679742007612, 0.8563214641911903, 0.8570357536021422, 0.8591004243131377, 0.8621850654172872, 0.8661195585746315, 0.8760690671313601, 0.8884166181471951, 0.9029494282277478, 0.9194452460344441, 0.9377533915230954, 0.957315310457325, 0.9749867197983174, 0.990593270560886, 1.0010282797370833, 1.0043667255655653, 1.0033337652234036, 1.0007867553776357, 0.9969785134180507, 0.9921534942660283, 0.9865379653344475, 0.9802412707708036, 0.9733678109671637, 0.9659926549988768, 0.9500774122519723, 0.932695711972448, 0.913965454124538, 0.894206774192605]}