{"x": [2.2720482007634533, 2.2742760141724943, 2.2820844811645626, 2.2953510611960155, 2.3109070904373943, 2.3205429833272277, 2.329984181715832, 2.3391292056406403, 2.347939762955266, 2.364361370435567, 2.379063915990567, 2.3917448583344374, 2.4018938516626664, 2.4088358831833805, 2.411550981598985, 2.4090258750418863, 2.400400685689895, 2.3856155489515944, 2.3674933666102342, 2.3576438830238335, 2.3480730473570928, 2.338948539193489, 2.330322050494243, 2.3222700092025153, 2.3147364969120923, 2.3077225377931185, 2.3012266806812054, 2.289925517823347, 2.2808814916616296, 2.2745565874107694, 2.2720482007634533], "y": [0.9394287275072402, 0.923912520002274, 0.9103204748597485, 0.9018590875539435, 0.8994911401070697, 0.900199968081626, 0.9022534144210449, 0.9053309623459821, 0.909265024320747, 0.9192270994921573, 0.9315861968767186, 0.9460676618777737, 0.9624236106955252, 0.9804406875072282, 0.9995570443533164, 1.017693971244791, 1.0338473111110136, 1.0449422536670896, 1.0485870480205952, 1.0475654215588606, 1.0450247224058051, 1.0412133570998254, 1.0363794303890579, 1.030756267349052, 1.0244553528036697, 1.0175847470920294, 1.0102223639351262, 0.9944054191097722, 0.9771979318924504, 0.9587596246477913, 0.9394287275072402]}