{"x": [2.2610066054541886, 2.2629382472624098, 2.269199914214567, 2.278514900653764, 2.2888906177051527, 2.300643707684605, 2.311913550031673, 2.322450956717386, 2.332091487912273, 2.3406746274120502, 2.3477333759278936, 2.350536150711334, 2.3527119516806967, 2.3541387275028622, 2.354668141877429, 2.3541712185548946, 2.352551408328031, 2.3458664581512783, 2.3357835698116696, 2.324299257293019, 2.3124646257911703, 2.301277896687971, 2.2910479579012444, 2.281888522352214, 2.273942994176354, 2.270495988989391, 2.2674549481480257, 2.264869977386331, 2.2628434661060766, 2.261497126180061, 2.2610066054541886], "y": [0.8451658147292839, 0.834768049299196, 0.8262453564738821, 0.8214800989703887, 0.8201306001350631, 0.8215226602854813, 0.8251370217781552, 0.8304753176242158, 0.8373013340672498, 0.8455854708071348, 0.8552016693589445, 0.8605125449353341, 0.8661095830820956, 0.8719502448265681, 0.8779392964443171, 0.8837847980352912, 0.8894233294458189, 0.898998036544893, 0.9047560404277158, 0.9064677097759163, 0.9048345560616993, 0.9006413728066499, 0.8945430021947596, 0.8869307415500313, 0.8780445699201893, 0.8731762471381068, 0.8680445337721205, 0.8626369080474086, 0.8569961862985198, 0.8511474405493932, 0.8451658147292839]}