{"x": [2.2805261849454506, 2.282136507963902, 2.2878990982199188, 2.2932845980008425, 2.3008386831503382, 2.310868195149615, 2.3225250246652482, 2.3307387459182647, 2.338503859459515, 2.3519142426134585, 2.3623105671908586, 2.3701936010055724, 2.3757452388974394, 2.3795189114106647, 2.3817011420476892, 2.3824217049308523, 2.380454234676506, 2.3742593436257553, 2.3690184053779673, 2.3618944339807686, 2.351838812195271, 2.33841137025043, 2.3292286887774734, 2.3211741742015257, 2.308695023279742, 2.299632908153419, 2.2926660821266927, 2.287498083891908, 2.2837343911839487, 2.281368977083278, 2.2805261849454506], "y": [0.8449210323605515, 0.8226424195829888, 0.8010618199375295, 0.7906473512345982, 0.7816807150866983, 0.7753470737920111, 0.7731506110363869, 0.7742343816572919, 0.7771227700093826, 0.7866759282281935, 0.7991619690152093, 0.8133690995182259, 0.8280606327063047, 0.8433060000833723, 0.8588485694386138, 0.874527038172743, 0.9010411563601145, 0.9268963826659307, 0.9396813685516338, 0.9515208081222659, 0.961474849084569, 0.9659360444165543, 0.9640758258864086, 0.9592897160924826, 0.9456674769193119, 0.930088112382819, 0.9134657820697437, 0.8967687490225091, 0.8797002477545233, 0.862380867134611, 0.8449210323605515]}