{"x": [2.219367187020772, 2.2216408169595914, 2.229652112524667, 2.2436126552278424, 2.2602219004739688, 2.2702075028289133, 2.27998214326893, 2.2894343073329413, 2.298521690860823, 2.3153908700941783, 2.3303983715834855, 2.3432165582455307, 2.353371919561714, 2.3602271020385714, 2.3628685200173773, 2.3602548980232663, 2.3513546112417893, 2.3358170442816992, 2.326345250536492, 2.316429399636687, 2.306193009230077, 2.2962690869204154, 2.286843253765699, 2.277968984082101, 2.2697267821569906, 2.2620476556017937, 2.248360833952982, 2.237026767219035, 2.2280325167902086, 2.2218069577574506, 2.219367187020772], "y": [0.9847035791580756, 0.9681501975270965, 0.9534872176154778, 0.9440976166316327, 0.9414153915185877, 0.9421707227373439, 0.9443476894135931, 0.9476130879290597, 0.951787497297458, 0.9623462746358403, 0.9754165418839513, 0.9906528072497043, 1.007779345958283, 1.026527646292984, 1.046314389412871, 1.0657196432175684, 1.0831603940718262, 1.0954711334918985, 1.0985793908611219, 1.099605081632226, 1.0985123059364912, 1.0957748594494312, 1.0916757915221122, 1.0864896536415587, 1.0804783484137528, 1.0737626430550127, 1.0586584578005362, 1.041998383453789, 1.0239672269409008, 1.0047531572047343, 0.9847035791580756]}