{"x": [2.2688160612397437, 2.2703615474960936, 2.275895476290228, 2.2811262517969406, 2.2886060623976343, 2.298945836060809, 2.3113891433666685, 2.320262284876932, 2.328521819466291, 2.342389055372936, 2.352825286637107, 2.360621077250305, 2.366059685055023, 2.3697416104279867, 2.371865990312898, 2.372563059411318, 2.370640197868063, 2.36458251525962, 2.3594378550539776, 2.352391931143864, 2.342216271417617, 2.327971446105884, 2.318049318550837, 2.3096079345858294, 2.296915040375965, 2.2878367969850264, 2.2808893410530486, 2.2757421697407336, 2.2719999035170906, 2.2696511844413907, 2.2688160612397437], "y": [0.9203462319900767, 0.8965886679760714, 0.8734329773634039, 0.8620560277499036, 0.8520136959346576, 0.8446007936101909, 0.8419501062333614, 0.8433063154442241, 0.8468208612259672, 0.8579990816944522, 0.8720746956472532, 0.8877674799719905, 0.9037831840751955, 0.920291504956584, 0.9370619842012342, 0.9539521013903686, 0.9824238793114188, 1.0103101486193684, 1.0242047785439943, 1.0372387044923306, 1.0485495030818712, 1.0538939551057662, 1.0515842995096758, 1.0458811283789373, 1.030379051612306, 1.0131072665615017, 0.9948737282877733, 0.9766426050955294, 0.9580721266719544, 0.939273048598733, 0.9203462319900767]}