{"x": [2.30231810000444, 2.3041565838286138, 2.3102816552920737, 2.31995226899307, 2.3310013393695574, 2.343100434502529, 2.3546135779674198, 2.3652532930748644, 2.37485271280035, 2.383218284422108, 2.3899566385251454, 2.3945860228150795, 2.395883790731476, 2.3963579336799845, 2.3958802388041187, 2.394330279542113, 2.3916290118586234, 2.3877961409815724, 2.382966880098564, 2.377398991196897, 2.3652065717796718, 2.3529848418648194, 2.3415532432212673, 2.3312571700250855, 2.3221806452041376, 2.314470331679889, 2.3082864222428907, 2.3058643816715656, 2.303988067976741, 2.302757872750208, 2.30231810000444], "y": [0.92930490782261, 0.9182511964985961, 0.9088678039152129, 0.9032851967738144, 0.9016714075482646, 0.9032375036136553, 0.9072733786711314, 0.9131822783804489, 0.9206635733403018, 0.929594112898751, 0.9398084121574312, 0.9511849018629237, 0.9572017882480277, 0.9633387509984814, 0.969519605562028, 0.9755220035675141, 0.9811151660801921, 0.9860028459828603, 0.9899234370345574, 0.9926967758255274, 0.9947593783412817, 0.9929209314985087, 0.9882231531557122, 0.9814756912209519, 0.9731597990260701, 0.9636202301494186, 0.9530272337334085, 0.9473636899638117, 0.941496709865167, 0.9354549427702292, 0.92930490782261]}