{"x": [2.2871390307142145, 2.2887050549834274, 2.294342876802664, 2.2996643012398024, 2.3072413690481555, 2.3176020586381605, 2.3299447813567586, 2.338749145937331, 2.346984177499489, 2.360926793424052, 2.3715096595595817, 2.379448787269764, 2.385002004330178, 2.3887653681882886, 2.390937992134448, 2.3916511378472776, 2.389697502088105, 2.3835477672003687, 2.378332376549923, 2.371205855136798, 2.3609859484642777, 2.346869337076314, 2.3370082352982817, 2.3285369021113076, 2.315700794663395, 2.3064894461606533, 2.2994314072771482, 2.2941995261829984, 2.2903914753400807, 2.2879963990499355, 2.2871390307142145], "y": [0.9109808037726903, 0.8874099357937428, 0.8644697262387436, 0.8532481075598839, 0.8434078673574533, 0.8362324391962054, 0.833685312585792, 0.8349701053573907, 0.8383393461181321, 0.8491839074374816, 0.8629850890148885, 0.8784589353297683, 0.8943070103761622, 0.9106727304907091, 0.9273144857172658, 0.94408230415093, 0.9722605145328845, 0.9998287751566485, 1.0135347317343189, 1.0263513708372196, 1.03738878675734, 1.0425842006494144, 1.0404285280025343, 1.0349399246398847, 1.0197825016055524, 1.0027704691689912, 0.9847581879147884, 0.9667316837410764, 0.9483516352839604, 0.9297331341482343, 0.9109808037726903]}