{"x": [2.0951383780992443, 2.0965670312196156, 2.101935572737207, 2.1118521741996967, 2.123927466476749, 2.1337453580156174, 2.14324431890296, 2.152310965004903, 2.1609454502436845, 2.169088453128935, 2.176791451931298, 2.190820627815684, 2.202811820880256, 2.2124485844311774, 2.219126986917801, 2.221765135783193, 2.219953960864443, 2.2138975828144964, 2.2027376775055245, 2.1886302743094412, 2.1786991925333727, 2.169189718532086, 2.160265493677219, 2.1519137322143416, 2.144183167294109, 2.13696700478305, 2.12400393959451, 2.113073452174089, 2.104172960415781, 2.097763704130602, 2.0951383780992443], "y": [0.8850791091133248, 0.8730622458259504, 0.8622167483740262, 0.8550294050621341, 0.8529838721553793, 0.8539726729049233, 0.8566444631758867, 0.8604756022774145, 0.8652007861907034, 0.8706143592568297, 0.8766375709235644, 0.8902419098826836, 0.9056032073344297, 0.9225410631248321, 0.9409116786668777, 0.960279712788363, 0.9743272917188361, 0.9871310065434606, 0.9962387111477087, 0.9991498869800141, 0.9978157311603153, 0.9946572091621264, 0.9901610620433398, 0.984674240682917, 0.9784905930426436, 0.9717137109617028, 0.9567691824486492, 0.9405312273279073, 0.9230976967557168, 0.9045380018212515, 0.8850791091133248]}