{"x": [2.2766749742340417, 2.2782256611382348, 2.283564919634107, 2.292349331618314, 2.302532055833364, 2.308759528784282, 2.3148686879690836, 2.320792274307313, 2.3265025845297305, 2.3371585994556936, 2.3467189290298056, 2.3550046886609706, 2.3616884994726637, 2.366316427971444, 2.368125878937089, 2.3664153268900776, 2.3606779024909557, 2.351185350423485, 2.339900365574306, 2.3336005299089666, 2.327455339323236, 2.3215537626893274, 2.315928730202769, 2.3106289795010384, 2.3056336494801832, 2.300951135194521, 2.296589132159024, 2.2889164761432954, 2.2827368095275156, 2.278399298808895, 2.2766749742340417], "y": [0.9325502555703709, 0.9223725156610637, 0.9135700536048778, 0.908192423191055, 0.9066442208993024, 0.9071338263139659, 0.9084374009651619, 0.910399852986182, 0.9129162889986833, 0.9193060037631112, 0.9272419477717, 0.9365444863508193, 0.9470572267031224, 0.9586716407919001, 0.9710425026866245, 0.9823134436555868, 0.9921644364936578, 0.9985720278936677, 1.0005252020428224, 0.9999481092600986, 0.9984455786763171, 0.9961899574247357, 0.993313250362549, 0.9899381156632318, 0.9861268731202053, 0.9819393173695244, 0.9774188646578137, 0.9675655488310649, 0.9567133968032334, 0.9449596127076451, 0.9325502555703709]}