{"x": [2.0902571477031504, 2.0916318419172506, 2.0969309208423947, 2.1071124867886137, 2.1197864194961666, 2.130166388267082, 2.1401632418165453, 2.1496585045249637, 2.158664678180327, 2.1671221667551896, 2.1750964818804435, 2.1895534250384348, 2.201815523822526, 2.2116100336498667, 2.2183518104078224, 2.2210072427340535, 2.2192028649803, 2.2131632448719585, 2.2017121592233706, 2.1868814838470154, 2.1763563013456597, 2.1663343705943485, 2.156993673344402, 2.148301559865322, 2.1403019783657795, 2.132863420286921, 2.1195636437544274, 2.1084246988244812, 2.0993916596824795, 2.0929105530456504, 2.0902571477031504], "y": [0.9395212265678652, 0.9269380048665428, 0.915442483342401, 0.9075731106396261, 0.9053453894773651, 0.9065041736308092, 0.9095289796593079, 0.9138074751927516, 0.9190376161106446, 0.9249851262701004, 0.9315663334826039, 0.9463301313121665, 0.9628461802492215, 0.9809350308573758, 1.000427395737288, 1.0208810634188203, 1.0356481649345646, 1.0492439751421785, 1.059217840243431, 1.062482256802399, 1.0609629889906196, 1.0574065096378498, 1.0523943372278126, 1.0463265814112113, 1.0395399421609604, 1.0321426703538468, 1.0159366396642813, 0.9984795602944537, 0.9798454539800661, 0.9601168784415904, 0.9395212265678652]}