{"x": [2.301927048906354, 2.3036468094027063, 2.3097419753278317, 2.31545200424855, 2.3235575625035034, 2.334663032346506, 2.347985079204091, 2.3569579921156207, 2.365371989827003, 2.3796244172398895, 2.3903937829830424, 2.3984199876443584, 2.4039880169127636, 2.4077365033102827, 2.4098859376120076, 2.4105853772678376, 2.4084275784048863, 2.401721601653941, 2.396084271691312, 2.388418656526972, 2.3774377741192594, 2.362164471272061, 2.35210236868303, 2.3434727649101093, 2.330443643980085, 2.3211507261489808, 2.314073870671914, 2.3088637729668684, 2.305099152398565, 2.3027539748972456, 2.301927048906354], "y": [0.9646953727946289, 0.9391795858989264, 0.9143428810164966, 0.9021877002272104, 0.8914800965890832, 0.8835704611377506, 0.8806692784597517, 0.8819046601661074, 0.885257864095359, 0.8962227212300803, 0.9102722163617769, 0.9260502894602265, 0.942183720084677, 0.9588342270852278, 0.9757547843836163, 0.9927969706070247, 1.0233013854342792, 1.0531376937800176, 1.0679713999060039, 1.081865883368584, 1.0938966617886023, 1.0995575475833657, 1.0972876622005918, 1.0916371554192916, 1.0760694161311057, 1.0586166152080891, 1.0401537687744857, 1.021696760991362, 1.002891605145714, 0.9838565325038112, 0.9646953727946289]}