{"x": [2.252699037214041, 2.254869810735358, 2.2628915727204824, 2.270644421025791, 2.28177340869808, 2.296784630243525, 2.314313962869608, 2.327675482816184, 2.3403101699034248, 2.3621182472962974, 2.3789626508404553, 2.3916117184171717, 2.4003748645842196, 2.4062222806184015, 2.4095289347315, 2.4105815604002694, 2.407481345208457, 2.39809726351477, 2.3903536600719213, 2.379901131462236, 2.364835475716399, 2.342978828326036, 2.327371505742906, 2.3145441782129295, 2.2957136183159257, 2.2822289675721588, 2.2717571095769076, 2.2638195780458252, 2.2579101264272103, 2.254094623222432, 2.252699037214041], "y": [0.8981499503614815, 0.8646642368280006, 0.8320811644869642, 0.8162138424572898, 0.8025016508516943, 0.7928144214099322, 0.7893645396397924, 0.7910236390362347, 0.7956763273234025, 0.8111698486899133, 0.8314890716192466, 0.8546538258948708, 0.8785741784546891, 0.903369011042433, 0.9286079699784104, 0.9540408421873665, 0.9985685346844123, 1.0422064281270755, 1.0639619946741283, 1.0845535637189352, 1.1028920649705969, 1.1121420150279009, 1.1080308360083742, 1.0982354299635384, 1.072792701156029, 1.0451082022585954, 1.0161494820691488, 0.9872391317929148, 0.9578471066590675, 0.9281041483184944, 0.8981499503614815]}