{"x": [2.316760542133708, 2.3189043554733826, 2.325916294006826, 2.3366886912072937, 2.348879562580641, 2.3611010976934477, 2.3727979344169685, 2.3836754351071767, 2.393529055574297, 2.402150311005252, 2.4090822687444415, 2.413810357678598, 2.4151206975249497, 2.4155924923696874, 2.4150277774590814, 2.4132274677241745, 2.410139162993314, 2.405822277376948, 2.4004642216806595, 2.394335908438908, 2.387751081713495, 2.3809652987407786, 2.3685892242619224, 2.3569407482996754, 2.346390693055213, 2.3370705355574803, 2.3291480478611493, 2.322816220176551, 2.318445964836251, 2.3172056986470366, 2.316760542133708], "y": [0.9234294195713737, 0.9112297895518893, 0.9010190292349058, 0.8950619072501802, 0.8933547168846818, 0.8948277890332716, 0.8986644376661064, 0.9043804761568449, 0.9117220891256028, 0.9206103830477617, 0.9308707814783559, 0.9423651698525631, 0.9484546227229912, 0.9546655676107342, 0.961455786421125, 0.9680273052167797, 0.9741127071448066, 0.9793979925024295, 0.9836135804055887, 0.9866008398561166, 0.988321991814008, 0.9888468313257303, 0.9871177734695206, 0.9825934096100087, 0.9759737589492072, 0.9677119126210727, 0.9581408968253453, 0.9474508026801498, 0.9357785279850149, 0.9296582325899992, 0.9234294195713737]}