{"x": [2.345023662634865, 2.346427572339613, 2.351370159993076, 2.3628682866936437, 2.3736681325251157, 2.381220878522111, 2.390013037946317, 2.4011015583000717, 2.4103873822256183, 2.4239014723503547, 2.432989155645046, 2.4394541688097386, 2.4438467382288405, 2.4467706658939856, 2.448979350990151, 2.447120235253444, 2.4413278714841407, 2.43648220726954, 2.4298157360465678, 2.419765806411103, 2.412257920942167, 2.402125861234498, 2.3898631132968506, 2.3811247617549736, 2.3693527132592824, 2.3613050522323946, 2.355267791989568, 2.35083415176098, 2.347663047864837, 2.345707216522439, 2.345023662634865], "y": [1.3400955063991147, 1.307356823571654, 1.274962948486632, 1.242832029324369, 1.2288519755122311, 1.2239895089656518, 1.2221495400335542, 1.2249462955787813, 1.2316209191066765, 1.2495705791162368, 1.2694318293113644, 1.2902946874990247, 1.3109326308050757, 1.3318292816614787, 1.3739454941214035, 1.4138457011930834, 1.4533669784706396, 1.4732887463018982, 1.4926772856134736, 1.5112508779897649, 1.519049708385924, 1.522861724367389, 1.5179282318696412, 1.5080107953289734, 1.485141270916165, 1.461465106770081, 1.4371983170063647, 1.413152986540276, 1.3889088288320808, 1.364536564273675, 1.3400955063991147]}