{"x": [2.22595159550453, 2.2277670152497806, 2.2345466119023367, 2.247704783221087, 2.2646102589188195, 2.2746125755992215, 2.2843073422986637, 2.293548206341866, 2.3023002324244493, 2.318139566779223, 2.3317935866680446, 2.342997602789354, 2.3516099254549294, 2.3572595975560504, 2.3593956159877183, 2.357262652305311, 2.349790781777007, 2.3354960137727914, 2.326147580672841, 2.316127641276388, 2.3058262321177363, 2.295973161674269, 2.286793298825926, 2.2783033782761573, 2.2705687686091176, 2.2634616540738173, 2.251019317957269, 2.240991533058528, 2.2331925059433635, 2.2279141154155306, 2.22595159550453], "y": [1.1256839080597436, 1.108871485488446, 1.0933798628879574, 1.0822181477014872, 1.0787647074181148, 1.0797018363132376, 1.0823354741365754, 1.0862211887364823, 1.0911093771193776, 1.1031517092391103, 1.1176247882674284, 1.133859249688629, 1.1516051115495543, 1.1705294582798103, 1.1901632841748493, 1.2096062591164973, 1.227682485477668, 1.2417169408705702, 1.2455460254976771, 1.2468328452197783, 1.2455184761139875, 1.2422376835822528, 1.2374416868580744, 1.2315093419969476, 1.2247916940125212, 1.2174133538112117, 1.2011602946470552, 1.1837222942349668, 1.1651800315789602, 1.1457359227142678, 1.1256839080597436]}