{"x": [2.2996941544901737, 2.3009772953477934, 2.3055573486246446, 2.3163573542786677, 2.326416629122042, 2.3409126819185797, 2.3514222662526554, 2.360394247155547, 2.373806105551471, 2.3830326991204074, 2.389680156998381, 2.394241848271008, 2.397304060957691, 2.3990656278814373, 2.399645169976997, 2.3979700364181156, 2.3926618242007764, 2.3881613528407253, 2.381926967841082, 2.37249185123497, 2.3655640575395833, 2.3566114339380535, 2.3449960555968588, 2.336416867358674, 2.3246335226492696, 2.31648697338146, 2.3103236195119976, 2.3057639354468837, 2.302472636375702, 2.300420982860954, 2.2996941544901737], "y": [1.1872594006289747, 1.1588207911518964, 1.1307240996841903, 1.1030082267380026, 1.0913693733500056, 1.086219968347307, 1.0887655784472607, 1.0948017239337597, 1.1113335105097926, 1.1299073273288964, 1.14955237769474, 1.1690683912977378, 1.188875124185336, 1.2088337802210114, 1.2288616408091197, 1.2636017663727424, 1.2979747976570506, 1.3153052357767667, 1.3320900733261793, 1.3479508790658972, 1.3543619176679516, 1.3573529496123136, 1.3530269716602776, 1.344081099515853, 1.3229833434320595, 1.3009451520280833, 1.278272233944808, 1.2557772617991239, 1.2330620281214177, 1.2102008976885292, 1.1872594006289747]}