{"x": [2.232162848399361, 2.2340514735366077, 2.2411115593841933, 2.254095199681345, 2.269971117018675, 2.2805281844260588, 2.290801623254433, 2.3006620660598527, 2.3100801753117004, 2.318981717931086, 2.3273983183076217, 2.3426741428051914, 2.355607766744593, 2.3658401963768663, 2.372780656044982, 2.37551248906365, 2.373291610562984, 2.365377638553501, 2.3508062533452843, 2.3320636060989357, 2.321236611091885, 2.31082265715767, 2.3010276525615088, 2.2918754242749055, 2.2834371448140653, 2.275605131508737, 2.261687394631653, 2.250187308590538, 2.2410309542835134, 2.234642978902692, 2.232162848399361], "y": [1.0022724318073113, 0.9864641948949773, 0.9721945611572025, 0.9626460615882869, 0.9598704520909545, 0.9608127477387328, 0.9634196708238103, 0.9672524530266386, 0.9720709351375876, 0.9776792977207669, 0.9839921441445957, 0.9984379908465162, 1.0149368719148544, 1.0332341145632318, 1.0530676140317246, 1.0739020751461756, 1.0926509213472546, 1.1097921168195533, 1.122318410832082, 1.1265547397585811, 1.125248613843152, 1.1220114315428005, 1.1172738441860393, 1.1113896648556942, 1.1046807349475234, 1.097273045135095, 1.0808323036903458, 1.0629530036978798, 1.0437675268214013, 1.023437560984439, 1.0022724318073113]}