{"x": [2.25483422104123, 2.257128039943074, 2.2653405517298073, 2.278626813462564, 2.2938002244628337, 2.313802868403107, 2.3327607722554755, 2.3502950008481296, 2.3662132798212525, 2.3802372261413987, 2.391701381612608, 2.3997572264792906, 2.4030070761308036, 2.4003122405791024, 2.3911081957824263, 2.3759502565630877, 2.3579253706503795, 2.3476518720477504, 2.337638783252029, 2.328042221469052, 2.3189147124417557, 2.310332402589394, 2.302250125443339, 2.2946742758563374, 2.2876092913386357, 2.2751423747390924, 2.2649951820535734, 2.2609383095844366, 2.257732667847533, 2.2555724687198055, 2.25483422104123], "y": [0.8808822471024748, 0.8656970656366758, 0.8527199322299304, 0.8451074996701201, 0.8430480145582837, 0.845796231577346, 0.8527429101296887, 0.8626254601193744, 0.8749430232376175, 0.8895512947239047, 0.9062439819113941, 0.9249179646807468, 0.944994138276049, 0.9630384468521996, 0.9787910583824454, 0.9890686390303752, 0.992308279934198, 0.9912862894519449, 0.9887708787791049, 0.9849975265559727, 0.9801995307232376, 0.9745935060472293, 0.9682879250903054, 0.9613858533848854, 0.9539616979072386, 0.937865326509144, 0.920214500401329, 0.9108251005382485, 0.9011120729425769, 0.891099025719964, 0.8808822471024748]}