{"x": [2.259730044308633, 2.261235397186845, 2.26666054601481, 2.2717962740507835, 2.279136404853345, 2.2892426887017145, 2.3013475353775403, 2.310084568397861, 2.318228913396398, 2.331948508884682, 2.342320500076872, 2.350093726127624, 2.3555329239412877, 2.3592229778149294, 2.361356605497652, 2.362060074828427, 2.360183225681043, 2.3542481118875975, 2.349203026833257, 2.3422946369401125, 2.33234728369631, 2.318511901548306, 2.3087297907177313, 2.3003712976557593, 2.2877639764166076, 2.278730400263796, 2.271807081871153, 2.2666710644147328, 2.262929636816764, 2.260574443849534, 2.259730044308633], "y": [0.9021388475061092, 0.8790373505610467, 0.8565315066847309, 0.8454901641056493, 0.8357737126850213, 0.8286476612084069, 0.826119762906274, 0.8274414498935161, 0.8308696049418213, 0.8417927282504765, 0.8555868355109848, 0.8709956820988769, 0.8867493346191992, 0.9030019018932286, 0.9195215280789829, 0.936163509550737, 0.9638308633554759, 0.9909192271587307, 1.0044029500511293, 1.017033778025923, 1.027955721856494, 1.0331346111596038, 1.0309453338418082, 1.0254119604395502, 1.0102535866843267, 0.993312946871958, 0.9754060086134182, 0.957494358880748, 0.9392403842180156, 0.92075476037839, 0.9021388475061092]}