{"x": [2.2546497392910596, 2.256835345813891, 2.2651540105119903, 2.2731854522761834, 2.2846415947582535, 2.2999149323831114, 2.3176111676471365, 2.330502013735523, 2.3427609737404125, 2.364123903043899, 2.3807652109180264, 2.3932886362330628, 2.4019579628256134, 2.4077302228050437, 2.410984796991606, 2.412017843316795, 2.4088078453473405, 2.3991580535286423, 2.391233668346494, 2.380579847833263, 2.3653252042576147, 2.343478754326365, 2.328408840346124, 2.315849338896869, 2.2972419615265505, 2.28389251770029, 2.2735332822991823, 2.265694990649705, 2.2598602696145234, 2.256080757247874, 2.2546497392910596], "y": [0.8796200696020419, 0.8457750053894982, 0.8128954514833934, 0.796974353389207, 0.7833089876507121, 0.7737453996631823, 0.7703424134924234, 0.7718346612991075, 0.7760912580605521, 0.790554563767483, 0.8098520305880702, 0.8320441276460746, 0.8550596911079482, 0.8789668950382638, 0.9033231551499398, 0.9278741729507046, 0.9721926082999068, 1.015566671017401, 1.037149418572875, 1.057523592937257, 1.0755527992438048, 1.0845243685639139, 1.0807565357434692, 1.0716155404540686, 1.0474538363017585, 1.0209496864105245, 0.9931402661750738, 0.9653564918160136, 0.9370840146684579, 0.908458516737044, 0.8796200696020419]}