{"x": [2.256757074273401, 2.2584512081332506, 2.2641521582703255, 2.272961289856109, 2.2828821909681176, 2.2952428533880367, 2.307010833877321, 2.3179331279974713, 2.3278746829060064, 2.3366731010161805, 2.340515033525481, 2.343908198774526, 2.346789255597088, 2.3490377275642462, 2.3505266458340297, 2.3510939065032255, 2.34926803037284, 2.3432424435005044, 2.3337687849666677, 2.3228047658020095, 2.3102995763655882, 2.2985707321522906, 2.28793183465197, 2.278446811713525, 2.2702465943517827, 2.2666830393164963, 2.2635308653645603, 2.2608400675382527, 2.2587163864138544, 2.2572899727582443, 2.256757074273401], "y": [0.838380006466294, 0.8284412700838059, 0.820125758196359, 0.8153710657004742, 0.8140355428995389, 0.815668967392078, 0.8197882739157346, 0.8257335956592504, 0.8332041274663953, 0.8421164408086187, 0.8470687631936925, 0.8523387130989949, 0.8579434906865548, 0.8638306287037707, 0.8699621340316102, 0.8762462768158411, 0.8872258980263026, 0.8965842209750291, 0.9023853211880161, 0.90417228885808, 0.9023531615296311, 0.8976496308878575, 0.8909261979520672, 0.8826542555972405, 0.8731325351770535, 0.8679520930426973, 0.8625115319894909, 0.8567960463431263, 0.8508464961418306, 0.84468346654377, 0.838380006466294]}