{"x": [2.2784585377948403, 2.281574065638499, 2.2919054912565753, 2.3076848854565104, 2.32540181262991, 2.343936497528357, 2.3617445172086367, 2.3784322766847414, 2.3936983145133834, 2.4072497598035327, 2.418257434152829, 2.4258253235884233, 2.4279295370546965, 2.42869719437927, 2.427817280980867, 2.42499819240394, 2.420207010537917, 2.4135681281491514, 2.4053729610358277, 2.3960084961929127, 2.385931414652921, 2.375536653738347, 2.356700675603944, 2.339022688106152, 2.323093829742542, 2.309078290311633, 2.297200511521892, 2.2876802750363847, 2.2810525929301138, 2.279148380163104, 2.2784585377948403], "y": [0.9558137107918706, 0.9380800879689712, 0.9233339177248828, 0.9149586259356046, 0.9126683671281852, 0.9147395931457475, 0.9202802570560871, 0.928535543129522, 0.9391928952162766, 0.952263157135743, 0.9675374663350228, 0.9848679174472915, 0.9941109578400974, 1.003559355177568, 1.013977242876652, 1.0240449820118733, 1.0333510194583808, 1.0414431759853673, 1.0479307355588081, 1.0525735785929904, 1.0552827476478588, 1.0561971408129354, 1.053462832201323, 1.0464088068334114, 1.0361132595956055, 1.0233347042721543, 1.0086485624428767, 0.992335086784156, 0.9745836491523042, 0.9652825945728842, 0.9558137107918706]}