{"x": [2.2899286305960933, 2.2920795022201075, 2.299978741720423, 2.3141800611138206, 2.3314787035617757, 2.3409014503054366, 2.3501184999943168, 2.3590147159571164, 2.3675417630773, 2.383267217112551, 2.3970969906500246, 2.408707534458008, 2.417739366554899, 2.423695581497198, 2.4259140061070066, 2.423288822303841, 2.4145321659275076, 2.4075536862279154, 2.3990551717853004, 2.3894620290352653, 2.379349393584621, 2.3696861221758874, 2.36032500569036, 2.3514544504746078, 2.343133069500682, 2.3283144552439867, 2.315719317758875, 2.3054516850598956, 2.2974302023318467, 2.291984418575394, 2.2899286305960933], "y": [1.0988643896297405, 1.0816196943782237, 1.0661404250680355, 1.055799450602926, 1.0527383732012348, 1.0534592987459628, 1.0555458952256218, 1.058695865192069, 1.062739927092741, 1.072998643715178, 1.0856977986184166, 1.100397414541985, 1.1168080648883636, 1.134603604521793, 1.1532378826010323, 1.1729817530272033, 1.1908712186009045, 1.1982819200778163, 1.2038848592677585, 1.2072812551121823, 1.2084207711484636, 1.2073976973140763, 1.2047909766666256, 1.2008610268687305, 1.1958724525296558, 1.183616446993018, 1.1690849807237806, 1.1531403449216684, 1.1359557149592063, 1.1177528588170271, 1.0988643896297405]}