{"x": [2.274498700977387, 2.276553564529865, 2.2840130086237127, 2.2981082943984537, 2.315840315020607, 2.3258249319234445, 2.3355454742995385, 2.3448652666537186, 2.353739079162745, 2.369926203714249, 2.3839841303024314, 2.395605494999527, 2.404557794244149, 2.4104200411743664, 2.412610398291137, 2.4101893306059248, 2.4019147138485737, 2.395100156033843, 2.3865972924967545, 2.37678985426148, 2.366343163265962, 2.356069990542108, 2.3461876055150634, 2.336915396190705, 2.328294108350496, 2.313126666233954, 2.300362950293992, 2.2900527591522017, 2.2820317724642276, 2.2766029281825793, 2.274498700977387], "y": [1.1149521775965718, 1.0973145366246309, 1.081200395720284, 1.0699083683145036, 1.0664787315028241, 1.0673288566509507, 1.0697632648703057, 1.0733969053592214, 1.078013974156888, 1.0895482138837949, 1.103599419788091, 1.1195706715449167, 1.1371772992270583, 1.156067488732067, 1.1757247401754147, 1.1960471443507452, 1.2147659156170656, 1.2227785754609102, 1.2289706855740394, 1.2327939725604677, 1.2340862633031024, 1.23287323323448, 1.2298157856161611, 1.2252794791748642, 1.219602742624668, 1.2059259977310166, 1.1899825913619664, 1.172744046007588, 1.1543285291843608, 1.1349583688628684, 1.1149521775965718]}