{"x": [2.201706296610687, 2.2035933235583376, 2.2107635803960055, 2.228079175162863, 2.2428654593342325, 2.2611125595357686, 2.274919616947091, 2.2876560397001553, 2.308693775765253, 2.3242047219942275, 2.335576436190813, 2.3433416135115483, 2.3484937328398874, 2.3514011998982833, 2.3523900274929344, 2.349492328302088, 2.340898298410766, 2.3337948115832843, 2.324149464021615, 2.3099601954866777, 2.299999702091136, 2.2878105351991587, 2.271715252680118, 2.2592124355127816, 2.241484522837676, 2.2289407036989237, 2.219238768280128, 2.211890744266344, 2.206438842654647, 2.2029311426408866, 2.201706296610687], "y": [0.9649089458912934, 0.9300916729297941, 0.8959685021501234, 0.863739378998105, 0.8522412594356955, 0.8480122776075164, 0.8502125428827083, 0.8559796510918539, 0.8740198573193727, 0.8963845894517442, 0.921112201801141, 0.9461575720104964, 0.9718679631816297, 0.9979106784367888, 1.0240965258079358, 1.0706886941146847, 1.1165729992565534, 1.1395868296504592, 1.1616563376858073, 1.1819994378532803, 1.189791427514775, 1.1931605137480106, 1.1880258617156845, 1.1766635409254167, 1.148811745109613, 1.1192621931564704, 1.0886616070779866, 1.058207122224589, 1.027356743403425, 0.9962193465899356, 0.9649089458912934]}