{"x": [2.1867416469119245, 2.1886737687981954, 2.1958858714133753, 2.208839864591125, 2.224443244448491, 2.2348994379143505, 2.245091372664261, 2.2548982348354527, 2.264290130465681, 2.2731944648806457, 2.281637227314398, 2.297027073706513, 2.310158893995963, 2.320617596712753, 2.3277662845787224, 2.3306058918387085, 2.3283460229275965, 2.3202908482039053, 2.305714671150484, 2.2872689492339444, 2.276563591687512, 2.2662371490922006, 2.256486057746544, 2.2473412234114694, 2.2388751360777968, 2.2309932989290138, 2.2169294125900763, 2.205232969779827, 2.1958732626038344, 2.189303646020965, 2.1867416469119245], "y": [0.9710527676883894, 0.9555060605376738, 0.9415985527062316, 0.9325271075289684, 0.9299519194037971, 0.9308345738036228, 0.9333316774535702, 0.9370113345522114, 0.9416488682156169, 0.9470623998252534, 0.9531708577607142, 0.9672004921174319, 0.9833284325962496, 1.0013053818837268, 1.0208946205370901, 1.0415532419778475, 1.06000634676479, 1.0767615920313953, 1.0887514401269816, 1.0927485312975196, 1.0914829409286098, 1.0883892404737225, 1.0838441637326406, 1.0781772854034652, 1.0716880833337048, 1.0645005231493578, 1.0484844199502368, 1.0309647628825995, 1.0120930634424141, 0.99201877032764, 0.9710527676883894]}