{"x": [2.257658784232036, 2.2603420792951274, 2.269584045453073, 2.283599267502389, 2.29927134842176, 2.3167419628116654, 2.3335076473976053, 2.349208791711425, 2.363587692801647, 2.3763875496035913, 2.386864337821312, 2.3909922748079544, 2.3941752545831787, 2.39624896720603, 2.3970297279898114, 2.3962930497800516, 2.3938519673622323, 2.389643783569091, 2.3837694147915403, 2.368248785722534, 2.3502707338148374, 2.332575042745686, 2.315945070228998, 2.3008902323998117, 2.2875460860047654, 2.2761096863213988, 2.2668314308776445, 2.2631465735136076, 2.260256141638677, 2.258324755393801, 2.257658784232036], "y": [0.8662546577162815, 0.8505314312560528, 0.8375312010946045, 0.8302433754937706, 0.8282622821752966, 0.830261250318081, 0.8355650283263903, 0.8434077377383724, 0.8534715952056543, 0.865753097048436, 0.8800677234950309, 0.8879831498529689, 0.8963235621895472, 0.9050157481441677, 0.9139177026099231, 0.9230683632289862, 0.9319181316541721, 0.9400923077134061, 0.9471646309914776, 0.9567339192371991, 0.9597754408681478, 0.9571946541580012, 0.9506187924994565, 0.9410845150104866, 0.9292741658925586, 0.9156646171021019, 0.9005013380399078, 0.89236345640678, 0.8839107234259936, 0.8751757672308145, 0.8662546577162815]}