{"x": [2.2060507016576163, 2.2082951993707773, 2.216539208190971, 2.2244369338869765, 2.2356011821289896, 2.250233774699821, 2.266936422292537, 2.279441809898959, 2.2913480412592615, 2.3122156760679804, 2.3286368448099113, 2.3410960532278877, 2.3497915064882506, 2.3556066284023176, 2.3588964549533107, 2.3599424675064142, 2.356845551884818, 2.3475004525386804, 2.3398018374974954, 2.329444635096292, 2.3146745197620544, 2.293869554803932, 2.279196210447082, 2.2668637948665573, 2.248445996806219, 2.2351672053043914, 2.224837047923886, 2.217008105532702, 2.2111782408184406, 2.20741712946812, 2.2060507016576163], "y": [0.8389835137159924, 0.8071034211760736, 0.7762260121378993, 0.7613975677602067, 0.7488430309299463, 0.7402834082612841, 0.7373848795021798, 0.7388967594137094, 0.7430091984526104, 0.7568692822085875, 0.7754106906144236, 0.7968164546540556, 0.8191299951176504, 0.8423612101643968, 0.8660607153320825, 0.8899645928766886, 0.9319069752209427, 0.9729121388139549, 0.9932839440542062, 1.0124413833590715, 1.0292219763093542, 1.0374010985019289, 1.0338537774226113, 1.0251473402980649, 1.0019040536431514, 0.9762696963000266, 0.949311683972742, 0.9223436022276981, 0.8948739380618355, 0.8670385732712869, 0.8389835137159924]}