{"x": [2.302315046977376, 2.304307779022728, 2.310855015890896, 2.320863097826772, 2.332140780103629, 2.34438466351496, 2.356094429058702, 2.3669915094632312, 2.3768950619402247, 2.385616680274436, 2.392700954712901, 2.3954764899604273, 2.3976107784179943, 2.398994571154002, 2.3995008813156002, 2.398980559988737, 2.397298898131459, 2.39439370342516, 2.3903210036640323, 2.3795390575201845, 2.3670786909608426, 2.354721298998252, 2.3430912503812626, 2.3325330879371142, 2.323159298163401, 2.315124511922278, 2.3086374028574186, 2.3060815392345053, 2.3040942593730422, 2.3027857289709255, 2.302315046977376], "y": [0.9003459080014738, 0.889052845892521, 0.8796380744033476, 0.8742131642583392, 0.8726622817421885, 0.8741552435333536, 0.8780311959080298, 0.8837565210422843, 0.8910671542276613, 0.8998936099835985, 0.9100811515545412, 0.9156708330579516, 0.9215353831685505, 0.9276270653196399, 0.9338533903823386, 0.9401829751067278, 0.9463072212206741, 0.9519672923777609, 0.9568549992470913, 0.9634118062403995, 0.9654071372412993, 0.96364808108218, 0.9591158207350136, 0.9525385595807914, 0.9443613214305296, 0.9348882527962511, 0.9242951307224284, 0.9186014867468423, 0.9126853444791239, 0.9065760305495603, 0.9003459080014738]}