{"x": [2.313711322845002, 2.3152316755949944, 2.32062885975991, 2.325724221599224, 2.3330608883290895, 2.34346257810038, 2.3563682655998197, 2.365209954972064, 2.373357946815596, 2.3867700231168136, 2.3966399759478616, 2.4039162629794806, 2.408941093913205, 2.4123228071687404, 2.4142654102460472, 2.4149018172864665, 2.413004665512106, 2.407053249866524, 2.402023640672085, 2.395135534751858, 2.385095967207855, 2.3705413530334773, 2.3606117775327657, 2.3523195134032675, 2.3401081220431426, 2.3314926826934674, 2.324946891871391, 2.320125912203441, 2.316643576570126, 2.3144739253689472, 2.313711322845002], "y": [0.9621269277837072, 0.9374184721167164, 0.9132588020647053, 0.9012814597483176, 0.8905300522808113, 0.8822949453726502, 0.8792199874780084, 0.8806606031276611, 0.8843836493700575, 0.8960210408835986, 0.9103891717305448, 0.9262294621305212, 0.9422629125147277, 0.958721480878734, 0.9754024784751741, 0.992184146259018, 1.021793302262337, 1.0508601554786279, 1.065384587631123, 1.0791254061960032, 1.0913202815124785, 1.0974579607717756, 1.0949664784192614, 1.0889629536592664, 1.0729916510699176, 1.0554351531018253, 1.037006668665899, 1.018638268438367, 0.9999697572386348, 0.9811028551333068, 0.9621269277837072]}