{"x": [2.326103511993057, 2.327654691338355, 2.3332359279307706, 2.338516694840242, 2.346080724092852, 2.3565811250721325, 2.3692785938271155, 2.3782700762514493, 2.3866318202118664, 2.40063880188525, 2.4111493176146555, 2.4189849740492706, 2.424441948767534, 2.4281323613046717, 2.430258910135333, 2.430955582559793, 2.429006066606825, 2.4228747862866955, 2.4176771030267967, 2.410563972344742, 2.4002877033937824, 2.3858241115600776, 2.3757451348388856, 2.3671864255669735, 2.354365073873459, 2.345222477796982, 2.3382352265125252, 2.333063975483648, 2.3293066013050066, 2.3269474768465614, 2.326103511993057], "y": [0.9444958144959876, 0.920238139085245, 0.8965803544934093, 0.8849381234530335, 0.8746321298466256, 0.8669765359847919, 0.8642123317015907, 0.8655857486028838, 0.8691654508408198, 0.8805440412442624, 0.8948452162531487, 0.9107699465733632, 0.9270037715824891, 0.9437279009412457, 0.9607122406520976, 0.9778150080561118, 1.0068594750740314, 1.0353162682602264, 1.0494972965705558, 1.062820991520104, 1.0744339994144383, 1.0800257940435642, 1.0777125640597007, 1.0719086601749477, 1.0561332317443226, 1.0385850672501549, 1.0200728156415624, 1.001577423793129, 0.9827438501515591, 0.9636832759941907, 0.9444958144959876]}