{"x": [2.179149650661785, 2.1808928516932524, 2.1874119945148136, 2.1993842108135553, 2.21400701614327, 2.2240041710452987, 2.2337230763400835, 2.2430403301368336, 2.2519312818655597, 2.260325899208353, 2.268257883297237, 2.2826426120994276, 2.2948092048908455, 2.3044211795792893, 2.3109028891763366, 2.313392478151023, 2.3111371772188285, 2.3038154200186645, 2.2905330699577764, 2.2736218229007354, 2.2634501170075123, 2.2536655331991904, 2.2444567137765774, 2.23584253112899, 2.2278881404729542, 2.2204939866339113, 2.2073229799260643, 2.196396654868971, 2.1876667325069774, 2.1815493080522197, 2.179149650661785], "y": [0.9723675189231652, 0.9578076080325665, 0.9446725202197511, 0.9359004671894652, 0.9333595142659943, 0.9342663423266039, 0.9367779798676666, 0.9404597136857681, 0.9450767863057158, 0.9504389335040617, 0.9564643672081491, 0.9702235274443602, 0.9859021823092833, 1.0032646746739833, 1.0220714131263335, 1.0418073680627606, 1.0586806991559485, 1.0740490938664233, 1.0851554581779266, 1.0888678528680855, 1.087631743554793, 1.0845897891319647, 1.0801503279887767, 1.0746451460922202, 1.0683720718947733, 1.0614474578549824, 1.0460760111037295, 1.0293349434840775, 1.0113506064139328, 0.9922651942554288, 0.9723675189231652]}