{"x": [2.308922443941973, 2.3103040216310196, 2.3152778058042385, 2.327017941345386, 2.337485046982269, 2.351367899924837, 2.3614943602404144, 2.37050918644706, 2.3846699871901462, 2.3947471003562035, 2.4021021781117526, 2.407175780378917, 2.4105938645172706, 2.412563567994011, 2.4132106532747066, 2.411419943719039, 2.4057475915956053, 2.4009194619481646, 2.394242639232465, 2.3842583115498095, 2.377224852621999, 2.368684481016333, 2.357421574814153, 2.3485647918377217, 2.335992134444028, 2.327202155403796, 2.32051963106887, 2.315568217495174, 2.3119777820986425, 2.30972735716437, 2.308922443941973], "y": [1.0944504565472768, 1.0677137291464944, 1.0414074025307758, 1.0159361832736684, 1.0059893855648663, 1.0020188088751996, 1.0040628156883207, 1.0091082166475125, 1.023809246359835, 1.041034430852498, 1.0595859273360062, 1.0781649048091164, 1.0971184412795183, 1.1162693998687607, 1.1355105076152672, 1.1680027001393392, 1.2000460089123408, 1.2161624402920206, 1.2316049217872833, 1.2457804205884766, 1.251130791017629, 1.2534019275294845, 1.249920646683303, 1.242140558781648, 1.2228131532449629, 1.20219488788986, 1.180800485203777, 1.1595329819926974, 1.1379939020941874, 1.1162728933493733, 1.0944504565472768]}