{"x": [2.190010000247897, 2.191745179081042, 2.1983020072267516, 2.2143228539560105, 2.228941195975072, 2.2484129306352205, 2.2632749271281414, 2.2765152648075935, 2.2877461601418294, 2.297289577502884, 2.3119543563983433, 2.3225121337761547, 2.3296616763180436, 2.334388900580371, 2.337969007372955, 2.3352322388122513, 2.3271002977198307, 2.3203867044130564, 2.311240244882999, 2.2976055292740862, 2.2876130043372664, 2.2745615536554604, 2.257410051247058, 2.2449956553501855, 2.2279229295517404, 2.2159301235758617, 2.206680281190124, 2.199669406471511, 2.194482466715359, 2.1911581459912397, 2.190010000247897], "y": [1.0817808615929647, 1.0443201446349208, 1.007396924769079, 0.9714565906288117, 0.9574207350447155, 0.9518035547299477, 0.9547300322312817, 0.9620877946938432, 0.9720435877675213, 0.9836269383539097, 1.0089359243528275, 1.0362147412110916, 1.0634782828378107, 1.0912644306702068, 1.1474668214967583, 1.1983084702157374, 1.2485701323518859, 1.273863635114041, 1.2983825236519202, 1.3216396285243315, 1.3311545327876089, 1.3356315399187926, 1.3288992765884249, 1.3152838375969504, 1.2837133867577988, 1.2509123258431794, 1.2172347753363704, 1.183774394993633, 1.1499831968354326, 1.1159533821201824, 1.0817808615929647]}