{"x": [2.2299465313892055, 2.232150390521501, 2.2405005706078307, 2.2485277172210827, 2.259981621478521, 2.2753089949165997, 2.2931306899773487, 2.306089988178728, 2.3183964898727965, 2.3397753146580036, 2.3563614739240895, 2.368810564663033, 2.377409114690921, 2.3831272330099798, 2.3863475526119045, 2.3874374553134237, 2.384137301267915, 2.37444704617872, 2.366501280816619, 2.3558230852495785, 2.340516515230706, 2.3184493719133834, 2.303236862393401, 2.2906286572455534, 2.272047938226834, 2.2587628418196974, 2.248475677459286, 2.240709791464985, 2.2349495121050036, 2.2312453266204146, 2.2299465313892055], "y": [0.895547325602722, 0.8614616962391709, 0.828341285361432, 0.8122763853034203, 0.7984443871149453, 0.7887100602511444, 0.7852354838505861, 0.7867608207450317, 0.7910990321930504, 0.80578534195162, 0.8252978513303233, 0.8476777271393505, 0.8708396977882578, 0.8948754018514256, 0.9193482401771762, 0.9440079722551629, 0.9889078060868276, 1.0328735319552984, 1.0547630378531045, 1.0754575249226526, 1.0938450930600738, 1.103088195004968, 1.0992150889204497, 1.0898633746611677, 1.0652941882989375, 1.038432771317518, 1.0102866568748734, 0.9821852279982216, 0.9536051917512015, 0.924679897699974, 0.895547325602722]}