{"x": [2.217453372009622, 2.2191923737297845, 2.2255440526131816, 2.2411317325348015, 2.255820780951303, 2.276355609146055, 2.2924075393764345, 2.306346679702523, 2.3178957527127846, 2.327583545942211, 2.3422971719024996, 2.352830728679842, 2.359962000821848, 2.3646765322586747, 2.3681841070804044, 2.365544136869535, 2.357487460424152, 2.3508335162091236, 2.3417496877729453, 2.3281356900041232, 2.3179626411166865, 2.3041329743059373, 2.285842378125446, 2.2731190942451676, 2.2558640365836062, 2.24374886740208, 2.234401680825006, 2.2272998623463067, 2.222043560373237, 2.2186731641917423, 2.217453372009622], "y": [1.1732647353955998, 1.1334422346990196, 1.0940910992125557, 1.0553195973496112, 1.0394988477714717, 1.032836634054655, 1.036430058942523, 1.0451637599630144, 1.0566088966866685, 1.0696671854092905, 1.0976655429595699, 1.127489073871101, 1.1571631122245325, 1.1873156707875372, 1.2482027932347344, 1.30281395627056, 1.3568920344122084, 1.3841337254474622, 1.4106642506028186, 1.436131225747887, 1.4468922511206375, 1.4521866733405608, 1.4440584149841134, 1.4286074428513058, 1.3936774578529494, 1.3577106748999972, 1.320927296814575, 1.284389944550804, 1.2475418072068463, 1.2104697230151367, 1.1732647353955998]}