{"x": [2.2986572589076166, 2.3004383762315768, 2.306455717792568, 2.316175141277723, 2.3273743170757, 2.333745188052043, 2.3400078000843263, 2.3460963032192197, 2.3519787219164927, 2.362988910966897, 2.372882900617865, 2.38146104986405, 2.3883516741807447, 2.3930783208333257, 2.3948926726246804, 2.3929261848613073, 2.3864894262555114, 2.3760225997103466, 2.3636232957185666, 2.3571648405019574, 2.3508517775163975, 2.3447744238079036, 2.3389722106026665, 2.3334979184240354, 2.3283367394157635, 2.3235008147583267, 2.3190000837212157, 2.311101237389001, 2.3047743174547906, 2.300375406380852, 2.2986572589076166], "y": [0.9367884280592318, 0.9255930352206979, 0.9159857046721442, 0.9101760999683204, 0.9085036284007, 0.9089753332182021, 0.9102363617528361, 0.9121524465328925, 0.9146300263152476, 0.92099206637071, 0.9289801065170478, 0.9384339028844624, 0.9491799815540303, 0.9610862285799513, 0.9737672393597675, 0.9861541342287632, 0.9969184445768421, 1.0039082393007288, 1.0060690143302198, 1.0055116304236913, 1.0040393681017687, 1.0018044661422016, 0.9989298641196598, 0.9955325302282706, 0.9916761091320757, 0.987421036508852, 0.982812866540969, 0.9727296705690104, 0.961592673732567, 0.9495211069650618, 0.9367884280592318]}