{"x": [2.1606271202919323, 2.1623623115973847, 2.1688372244583745, 2.1808193710254673, 2.195555136166066, 2.2053861809096205, 2.214941897663836, 2.2240976574660642, 2.2328272456588367, 2.2410607975234766, 2.2488324807751336, 2.262904185551511, 2.2747734495708922, 2.2841498587310958, 2.2905124823322454, 2.2930331830053268, 2.291055835876651, 2.28391483790892, 2.2706064056261472, 2.2533886739067115, 2.243314583159749, 2.2336327066340598, 2.224533437461952, 2.2160348555399456, 2.2082013446136504, 2.2009309739183465, 2.1880110595084625, 2.1773361281385624, 2.168841198947292, 2.1629215647824553, 2.1606271202919323], "y": [0.9889233429413972, 0.9742529158042076, 0.9609748201313825, 0.9520024968942639, 0.9493696948987219, 0.9502640727773288, 0.9527414968130412, 0.9563797770524326, 0.9609469764832708, 0.9662524114284821, 0.9722139511374416, 0.9858190749396035, 1.0012840351681427, 1.0183757692666044, 1.0368484423458835, 1.0562228764769892, 1.0734446792844206, 1.08924045535368, 1.1008498192190181, 1.1047793756342528, 1.1035480882374833, 1.1005043011271933, 1.0960636229042833, 1.0905599488713453, 1.0842949922612477, 1.0773844724029698, 1.062061410311818, 1.0454077345189536, 1.027543377402023, 1.00861888019443, 0.9889233429413972]}