{"x": [2.2112989323888717, 2.212379179358261, 2.21636157349842, 2.2244410422164584, 2.2352510338258216, 2.2421249186538383, 2.2487271202646424, 2.2549437959940617, 2.2607686859867093, 2.2661546719335357, 2.2711567564393262, 2.280009320184489, 2.287209773571552, 2.292758638887853, 2.2964342475306134, 2.29783549787527, 2.296635045094526, 2.292331607285395, 2.2837252349368575, 2.271813211308539, 2.2648178639913845, 2.2581767086084734, 2.252027427543872, 2.2463559709876306, 2.241198571620059, 2.2364594489409138, 2.2281548365096473, 2.221449910189995, 2.216226366223027, 2.2126809220025403, 2.2112989323888717], "y": [1.1290910942513546, 1.1183307397560884, 1.1082762532306063, 1.1006720711451976, 1.098172975036741, 1.0989762558976226, 1.101051463516297, 1.1040494487943309, 1.107751560276393, 1.1119709577536552, 1.1166390741069039, 1.1270569445684653, 1.138481677725284, 1.150793507418117, 1.1638059270917023, 1.1772547062975576, 1.1891618331751406, 1.2003288014468154, 1.2091296695159053, 1.212232670780744, 1.2112782325345726, 1.2088822167513589, 1.2054650269198826, 1.2013026448511048, 1.1966400563958557, 1.1915528945573004, 1.1804159204718871, 1.1685199642547284, 1.1559031342369437, 1.142695910744416, 1.1290910942513546]}