{"x": [2.277077991299678, 2.2784373525707773, 2.2832702856781557, 2.292617129527411, 2.3047427997760246, 2.311489646986722, 2.3180264223320264, 2.3242440413100622, 2.330113181543301, 2.34067227787557, 2.3497048280213644, 2.357052571715388, 2.3626715584143185, 2.3663377072178418, 2.367693499497812, 2.366178706375044, 2.360971326608075, 2.351063110156454, 2.344634417611565, 2.337767708895061, 2.330882151163914, 2.3242788775462104, 2.3180989691389966, 2.312362249491553, 2.3071191544985146, 2.30229615872171, 2.2938583868067917, 2.287087733440022, 2.281869863957222, 2.2783899469403566, 2.277077991299678], "y": [1.1944422680689604, 1.1823668089461048, 1.17121748907121, 1.1630547695820075, 1.1604162850882787, 1.1611013963798926, 1.162906913716118, 1.1655822312963449, 1.1689540709772435, 1.1772545332101783, 1.187194615025648, 1.1982685877316082, 1.210312224946447, 1.2231022004037668, 1.2363379832118215, 1.2496385590338508, 1.261970757190096, 1.2714406570196561, 1.2739798990841893, 1.27476993041375, 1.273956440169151, 1.2718423329872086, 1.268738879960346, 1.2648771787422128, 1.2604760473448995, 1.2556181965423978, 1.2448544174720613, 1.2332379470380408, 1.2208460960698486, 1.2078409072344225, 1.1944422680689604]}