{"x": [2.2664068291254407, 2.2677654873942386, 2.27255322797918, 2.2812565258638933, 2.2919592584703827, 2.2984983726718564, 2.304865927318516, 2.310971468581676, 2.316788299814155, 2.322267036217778, 2.3274272558486127, 2.336735263981188, 2.3445360448468446, 2.3506626421364527, 2.3547850817325515, 2.3563615810915426, 2.354873752744223, 2.349723668749528, 2.3403700855450764, 2.328507770712291, 2.321865623881278, 2.3154507424681037, 2.309379460305992, 2.3036757025427503, 2.298389422730414, 2.293470009843636, 2.284718723597245, 2.2775018617966545, 2.2718108450632752, 2.2679121442204027, 2.2664068291254407], "y": [1.0221414553873327, 1.0114739391338272, 1.0018448480343791, 0.9953003122458728, 0.9932928617455865, 0.9938943049114277, 0.9954992959529778, 0.9978882046357542, 1.0009129349086303, 1.0044468712077754, 1.0084315156973565, 1.0175461976547064, 1.027898725130377, 1.0393220264438976, 1.051640645748423, 1.0645347350751033, 1.076371985241371, 1.087133526001758, 1.0948499431542849, 1.0973635261034418, 1.0966406590847226, 1.0947725189116089, 1.0920166907155733, 1.0885638363143126, 1.0845899307473201, 1.080169969598273, 1.070269052926109, 1.0593859747191463, 1.0476328128446508, 1.0351408258769887, 1.0221414553873327]}