{"x": [2.336968919349375, 2.338581917019192, 2.3442956795926717, 2.3496812713827584, 2.357413811016901, 2.3682981876259657, 2.3816933924077985, 2.3907580798907038, 2.3991443746317973, 2.413038658872334, 2.423321084868878, 2.430917003579646, 2.436167830610134, 2.439702611322476, 2.441735602459397, 2.4424077396497377, 2.440413928907485, 2.434139312389828, 2.4288420629073095, 2.4216000564040434, 2.4110796151340663, 2.3959206925143435, 2.385687008727158, 2.377101711092645, 2.3644095058713415, 2.3554454554380824, 2.348635212063432, 2.3436244728666193, 2.340006977470016, 2.337755989453671, 2.336968919349375], "y": [0.9841466992698665, 0.958525834135743, 0.9334981812502308, 0.9211208774494701, 0.9100569685962582, 0.9016584710781458, 0.8985644601566308, 0.9000124335494795, 0.9037454278736962, 0.9155067234022845, 0.9301380143634184, 0.9463276708916829, 0.9627475306350375, 0.9796202394813135, 0.9967295442586891, 1.013946094276776, 1.0446611579512761, 1.074794521609535, 1.089839581397484, 1.1040511266304855, 1.1166217842431676, 1.1228594266134533, 1.1203950125168176, 1.114304504720038, 1.0979873763889565, 1.0799898565596278, 1.0610719944881588, 1.0422106316328628, 1.0230332427826265, 1.0036471562026457, 0.9841466992698665]}