{"x": [2.3420575848121854, 2.3439843698361633, 2.3502416833595126, 2.359486401325696, 2.369739848670419, 2.3818752098159135, 2.3935098804333768, 2.4043998757118676, 2.414388634759149, 2.4233240703255556, 2.4272467833133593, 2.4307219635042805, 2.433682085247722, 2.435994508412936, 2.4375221785249597, 2.438094477282481, 2.4359786114001243, 2.4292698309761844, 2.4192128132732442, 2.407814225584176, 2.3955998984410054, 2.3840516834522782, 2.3734753635768264, 2.3639790694707745, 2.3557020818574026, 2.352095426796256, 2.3489016512526155, 2.346173286825918, 2.344022457824939, 2.3425834406205084, 2.3420575848121854], "y": [0.8436575875606247, 0.8333797140531745, 0.8250015751289096, 0.8203840665823328, 0.8190983710503406, 0.820564099749785, 0.8243124047500604, 0.8298103684868885, 0.8368135317087757, 0.8453023822415229, 0.8500632900067132, 0.8551600578623217, 0.8606160527627698, 0.866376512830741, 0.8724017348208434, 0.8785912057298404, 0.8899933699891036, 0.8994526777571541, 0.9050654480196682, 0.9067143851899852, 0.9050132237659805, 0.9006862769989099, 0.894419272847343, 0.8866119505538169, 0.877498302447512, 0.8725037908510442, 0.8672356882899522, 0.8616766109176998, 0.85586961097934, 0.8498370615506373, 0.8436575875606247]}