{"x": [2.1809202336763014, 2.1829849204420406, 2.1905642003712815, 2.197878133389638, 2.2083757726252125, 2.222566096557091, 2.239156967702996, 2.2515174056846825, 2.263175170301315, 2.2832102503400042, 2.2985964523616342, 2.310102831408903, 2.318051199186336, 2.323346312248302, 2.3263375309096004, 2.3272875160866615, 2.324410282983432, 2.315710278349976, 2.3085301881973495, 2.2988325426286917, 2.2848273063024536, 2.2643955378165104, 2.249900981622527, 2.2380091960075994, 2.220578890668166, 2.2081124194688266, 2.19844235677543, 2.191124301688275, 2.1856876243865857, 2.1821893847766716, 2.1809202336763014], "y": [0.8494483818939621, 0.8178212437674512, 0.7870463625610481, 0.7720450700958738, 0.7590707892949041, 0.7499054706022631, 0.7467256349698311, 0.7483742701473202, 0.752800888404045, 0.7673740942348555, 0.7863595187049084, 0.8079183868611698, 0.8301208175549483, 0.8531009449849338, 0.8764743263300789, 0.9000191744448713, 0.9417322965416373, 0.9826293984532382, 1.0030309687557697, 1.0223631552806738, 1.0396302642058803, 1.0483962514135807, 1.044556978549196, 1.035423654385655, 1.0117443012804757, 0.9860012727966301, 0.9590827604456509, 0.932214762373305, 0.904903852637606, 0.8772719323017967, 0.8494483818939621]}