{"x": [2.212529215804829, 2.213755560208373, 2.218160435666379, 2.228577693850541, 2.2383309982361084, 2.25251098739816, 2.2630297610700962, 2.2719591341210568, 2.285242443149671, 2.2943684892456733, 2.3009489956238474, 2.3054724464451843, 2.308513646939278, 2.3102664696432584, 2.3108449871992756, 2.3092327066141274, 2.3040992051930216, 2.299736164712865, 2.293680828259576, 2.2844865354025665, 2.2777002231489956, 2.2688706231577034, 2.2573062293575488, 2.24884209257054, 2.237229082486336, 2.229186180361937, 2.223091491705213, 2.2185721072586797, 2.2153035973660034, 2.2132596291507176, 2.212529215804829], "y": [1.1865344138428164, 1.1586187156431604, 1.1310254701151357, 1.1037625133361193, 1.092239616032331, 1.0870596530908356, 1.0896365985537764, 1.095764530047941, 1.1124246319397069, 1.1310603512960327, 1.1507395710234736, 1.1702826526168193, 1.1901105305933442, 1.2100879586609166, 1.2301337895756976, 1.264306921144887, 1.2981307224257879, 1.3151952638800108, 1.331735142891414, 1.3474011049980577, 1.3537599747765878, 1.3566801499180907, 1.3522765130568257, 1.343249575036558, 1.3221152338849256, 1.3000848967660736, 1.2774380692105303, 1.2549656439047778, 1.2322775065202398, 1.2094457946373545, 1.1865344138428164]}