{"x": [2.2925894223252477, 2.2957690767670758, 2.3063142847933995, 2.3222373143839845, 2.340032152794541, 2.3586865100441945, 2.376630503822758, 2.3934729956716367, 2.408907516412668, 2.422644294469205, 2.433828203951302, 2.4415383993262356, 2.4436861799705003, 2.444469778233148, 2.4435775826725186, 2.440722012018506, 2.435874437056622, 2.4291699670427036, 2.4209216127745417, 2.41151988092103, 2.401422266754846, 2.391016023906931, 2.372062304995557, 2.354243071534665, 2.338141787912365, 2.3239297319893213, 2.3118332813720683, 2.302098513506677, 2.2952843510248573, 2.2933137005552084, 2.2925894223252477], "y": [0.9077115365798107, 0.8898882342891483, 0.875171614616298, 0.8669154635457421, 0.8646681033643993, 0.8667174174697817, 0.8722126717837441, 0.8804207319412397, 0.8910422832744147, 0.9041095648784242, 0.9194188133442793, 0.9368349435734021, 0.9461384778875404, 0.9556545004911812, 0.966092035772095, 0.9761709182448032, 0.985470748294948, 0.9935352323953185, 0.999973093142267, 1.0045653515501616, 1.0072379077563964, 1.0081403922797085, 1.0054247672218226, 0.9984181275926812, 0.9881766754588095, 0.9754426210166287, 0.9607664564445774, 0.9444279063654385, 0.9266031370834455, 0.9172462357133954, 0.9077115365798107]}