{"x": [2.275833665975948, 2.278046303341056, 2.2863296576389156, 2.2943423651614894, 2.3059019422984974, 2.3217501153508415, 2.340565252144481, 2.353818006852974, 2.366319991360539, 2.38772215355897, 2.404006353764245, 2.4160741698744173, 2.424328867550905, 2.4297919279168028, 2.432860801874963, 2.433833254963965, 2.4305881071827207, 2.4208671815369, 2.4129135087376086, 2.4022178801868748, 2.386768540943488, 2.363821145897968, 2.348226782275771, 2.335548277525974, 2.3171419193640626, 2.304076366578565, 2.2939939902177846, 2.2863997324408123, 2.2807809049725956, 2.27717143817958, 2.275833665975948], "y": [0.9417378242716014, 0.905771871678912, 0.8707029174375153, 0.8535128460821944, 0.8384769486544754, 0.827593473167776, 0.8236431244232634, 0.8253269384868404, 0.8300355604229055, 0.8457236859746946, 0.8661925253670444, 0.8893984809975796, 0.9132016778938872, 0.9377961323024153, 0.9627824341431432, 0.9879377040092513, 1.0352171494771432, 1.0816001264456592, 1.1047530400751153, 1.1267739812547286, 1.1466525858912144, 1.157009132901479, 1.1527475935951064, 1.1427176179545364, 1.1169337380162059, 1.089038757557255, 1.0599323271454815, 1.030924442775301, 1.0014700902158018, 0.971698032161867, 0.9417378242716014]}