{"x": [2.232657400073529, 2.2349211180318505, 2.242878245441855, 2.255427067290037, 2.2696373003056176, 2.2877849157043393, 2.305045664855215, 2.3210653402048136, 2.335648583661634, 2.3485430335592405, 2.3591130379308627, 2.363302785632851, 2.3665620822521722, 2.368718885075982, 2.3695651242919378, 2.3669622548950504, 2.3581922275383533, 2.3440614386498124, 2.327462025809794, 2.309087010387153, 2.292005267160566, 2.276684405182604, 2.2696895607657006, 2.2631515978945145, 2.251564527953015, 2.246547230108136, 2.2421151398845733, 2.238334993092056, 2.235350044987969, 2.233342097952597, 2.232657400073529], "y": [0.8490714805613492, 0.83483850148542, 0.8228224191058913, 0.8158965062858009, 0.8140228799058088, 0.816381897357162, 0.8224619834376597, 0.8312011045243421, 0.8421706644951582, 0.8552669156342543, 0.8703019959348065, 0.8785434448130635, 0.8871951759095849, 0.896195521051564, 0.905411913528283, 0.92203688726166, 0.9363983391693023, 0.9455706513486383, 0.9484464118905378, 0.9454145775510585, 0.9379951935075335, 0.9275587517711174, 0.9214681105954009, 0.9148894481292912, 0.9005199597353701, 0.892765713238737, 0.8846627389301904, 0.8761913587691255, 0.867408200087753, 0.8583369962009368, 0.8490714805613492]}