{"x": [2.211524480024598, 2.2138600682784397, 2.222059216706478, 2.2349437251344906, 2.2494980897800336, 2.268314657022531, 2.286223199811377, 2.3028655724078315, 2.318041529994027, 2.3314969060436406, 2.342553854869454, 2.3469461023691194, 2.350366753685773, 2.352631218137202, 2.3535162662904168, 2.3508006545426188, 2.3416987822589705, 2.327106012393374, 2.310001236737508, 2.2909451294353764, 2.27322846190536, 2.2573332654741174, 2.250073204309708, 2.243284816879663, 2.2312443195981153, 2.2260248857434393, 2.221409609694921, 2.217467701047104, 2.2143498678509856, 2.2122479368606123, 2.211524480024598], "y": [0.8600922438434047, 0.8455112879253543, 0.8332298705384806, 0.826200238591766, 0.824303727979518, 0.8267621556139237, 0.8330383936913964, 0.8420464503818083, 0.8533514918376761, 0.8668657248288043, 0.8824035985777561, 0.8909346395779449, 0.8998995513574942, 0.9092348898596514, 0.918800088967257, 0.9359285934400046, 0.9506905761513434, 0.9600834309087901, 0.9630162286528001, 0.9598880751482595, 0.9522043090476296, 0.941396242840045, 0.9350891991922297, 0.9282770714933366, 0.9133979033855857, 0.9053684389690809, 0.8969771330173691, 0.8882023460096544, 0.8791020906846827, 0.8696996069135379, 0.8600922438434047]}