{"x": [2.2646787317130372, 2.267327890920991, 2.2765533225959427, 2.290995516858325, 2.3073284441830477, 2.326176713046992, 2.3441709245121323, 2.360915500199542, 2.376152262519239, 2.3895883821108646, 2.4005030624291153, 2.4080600222465014, 2.4101968315898867, 2.411006834374169, 2.410296637528892, 2.4079076703260154, 2.397833918042562, 2.381767213383127, 2.362815836233932, 2.343639100561793, 2.325775971152916, 2.3097760638933855, 2.302495106051932, 2.2957104862029043, 2.28376443262216, 2.2786294995608776, 2.2741211186712533, 2.2703060257805, 2.267321037144341, 2.2653361160814174, 2.2646787317130372], "y": [0.8819621421496315, 0.8656044749119526, 0.8518392022165597, 0.8439162717107599, 0.8417749431704731, 0.8441082115000449, 0.8501835496810114, 0.8590514846813382, 0.8703147950355145, 0.8838961946379296, 0.8995759101452765, 0.9172093203879182, 0.9265846062049832, 0.9361661422932674, 0.94579228038985, 0.9551442721518812, 0.9715239469245802, 0.9821440854536333, 0.9855750685691229, 0.9825543200256838, 0.9749529569555833, 0.9641090968562689, 0.9577439452535614, 0.9508521794770247, 0.9357814984983034, 0.9276438098468185, 0.9191429854228915, 0.9102680071778926, 0.9010805148401391, 0.8916130663607338, 0.8819621421496315]}