{"x": [2.2800618903293226, 2.281799881967004, 2.2885299913858574, 2.2950882640402313, 2.3049049004232844, 2.3200514355327506, 2.340913678653517, 2.3554925748621516, 2.3683727181968965, 2.388226963122051, 2.401953789498737, 2.411705737088118, 2.4182390997826713, 2.4225272688919293, 2.425691950878981, 2.4229085984256873, 2.414534019046615, 2.4076938083169197, 2.39842811595921, 2.3846655925406677, 2.374473186897284, 2.360740920207244, 2.343865850529191, 2.331887604408128, 2.31560156098274, 2.304252974892231, 2.2955583348596056, 2.2890099955214813, 2.284197603265793, 2.2811280321713565, 2.2800618903293226], "y": [1.137738921902848, 1.0972629079796306, 1.05731251442393, 1.0370548262735835, 1.018159892573549, 1.0023481860839742, 0.9957002992088226, 0.9986534392188321, 1.0060943503362476, 1.0277240546785729, 1.052870500531025, 1.0798087450840756, 1.106598847353797, 1.1338386346769593, 1.1888506270778978, 1.2429707465390725, 1.2965113927958618, 1.3234499187889792, 1.3496533462487752, 1.3747396991795948, 1.3852852886527443, 1.3904349917207952, 1.3834796299558463, 1.3697076782501623, 1.338133952688237, 1.305478594954106, 1.2720186781923917, 1.238804975831499, 1.2052956987073564, 1.1715786335998801, 1.137738921902848]}