{"x": [2.2021934988181737, 2.2042315180531458, 2.211689945417476, 2.224814314170269, 2.240502362580984, 2.250242541540371, 2.259763429230726, 2.268953356701373, 2.2777745075958427, 2.286156826151387, 2.2941129700038196, 2.3086248374991483, 2.3210065393009347, 2.3308316544792858, 2.337491398966923, 2.3400741269300993, 2.3376710893772565, 2.3294002452104143, 2.314823748258456, 2.2965951000824045, 2.2866293787483576, 2.276978261294092, 2.2678219944877407, 2.259206195723588, 2.2512067942930534, 2.2437520258597403, 2.2304537684066377, 2.2194204146881624, 2.210642518502876, 2.2045419399415853, 2.2021934988181737], "y": [0.993903065413262, 0.9782576794154051, 0.9643543169920535, 0.9553840459322738, 0.9528150081535982, 0.9535876285221525, 0.9557832436939063, 0.9590586204951953, 0.9632263725275473, 0.9681320096693142, 0.9737023162257528, 0.9865901574733343, 1.0015281323548944, 1.0182588449757788, 1.0365363471902627, 1.0558171355587216, 1.0740570280532364, 1.0904905731503736, 1.1021033819656227, 1.1059825542541015, 1.1049020315600993, 1.1021929610766867, 1.09815465382018, 1.093064156891327, 1.0871807118385794, 1.0806208508231907, 1.0658959202360203, 1.049674402964366, 1.0321295730868236, 1.0134309776245805, 0.993903065413262]}