{"x": [2.2674567981323213, 2.269592124113021, 2.277412394007156, 2.291651465901124, 2.309131750915354, 2.31893105787321, 2.328500214614088, 2.3377152051724424, 2.346528633594306, 2.3627270722838327, 2.3769211459847184, 2.3887876722236827, 2.3979994986290043, 2.4040720915606926, 2.4063491172944946, 2.4037980493766318, 2.3951629775257666, 2.388184421356294, 2.3796063175695377, 2.369850671300561, 2.359532130660888, 2.3494532503821994, 2.3397172807456963, 2.3305276223969895, 2.3219357779474414, 2.306702267972793, 2.2937936009458233, 2.2832928902822984, 2.2750920502768865, 2.2695266424837293, 2.2674567981323213], "y": [1.0805166094256993, 1.0631037412381734, 1.0473998890246912, 1.036780966835636, 1.0336262382133812, 1.0344092381443966, 1.0366610696244944, 1.0400421976731296, 1.0443632574186694, 1.055255443558651, 1.0686553467918918, 1.084065888254024, 1.101196022153511, 1.1197081393730346, 1.1390573001473672, 1.1591765400121798, 1.1775266706490393, 1.1852207435168463, 1.1910786560229556, 1.1946465259947967, 1.1958423726943337, 1.1947212765452373, 1.191883746019455, 1.187638637853713, 1.1822859775002463, 1.169250038490162, 1.1539085311454067, 1.137172912034835, 1.119198149319883, 1.1002023696231547, 1.0805166094256993]}