{"x": [2.271168357119173, 2.2728522553081123, 2.2786792200252797, 2.288569420096224, 2.3002595861915163, 2.306834181467235, 2.313280322025313, 2.3195213546865263, 2.325523058270016, 2.3366626601136766, 2.3465589234967825, 2.3550008767977135, 2.3616872199428496, 2.3661986194650035, 2.36789974397265, 2.3659973451478558, 2.3597156591581316, 2.349090734611925, 2.342755882137868, 2.3361675692112898, 2.3294947556103036, 2.322995599257884, 2.3167746193569516, 2.310871795730504, 2.3053434497865304, 2.30016347812626, 2.2908761473346564, 2.283136202867248, 2.2770065758901046, 2.2727977077533796, 2.271168357119173], "y": [1.0155103179587035, 1.0038377321941028, 0.9935843789022496, 0.9870603123577183, 0.9851317070623642, 0.9856510196295992, 0.9870446696887949, 0.9891555075100338, 0.9918731680999233, 0.9987961298892851, 1.0074032258120957, 1.0174468143919042, 1.0287354397484767, 1.0410935118316993, 1.0541388499519664, 1.0670430889476037, 1.0784745773227724, 1.086235187602464, 1.0881335743286433, 1.0887066020868579, 1.0880927459650143, 1.086460499844286, 1.08399493322603, 1.0808427462214403, 1.077144838427499, 1.0729729054789086, 1.0634677518245217, 1.0528036335625595, 1.041139250519091, 1.0286185886622317, 1.0155103179587035]}