{"x": [2.233549416450235, 2.235925029233287, 2.2442625841692605, 2.2571669343617717, 2.271645546648577, 2.290622890713374, 2.3087161261279006, 2.3255781677718845, 2.3410083456055877, 2.3547632500105555, 2.3661302365346257, 2.3706720075467635, 2.3742244137306328, 2.3765892406650186, 2.3775258413003817, 2.3747703752075466, 2.365515449589606, 2.3508369268225335, 2.333745017158084, 2.3145268535334265, 2.2966158937281502, 2.2804926557358582, 2.266194283853605, 2.2597845659594977, 2.2538829232782707, 2.2485284457652277, 2.243781693646813, 2.2397139181214203, 2.236484814822799, 2.2342978242902576, 2.233549416450235], "y": [0.8335885029206956, 0.8190733627156854, 0.8069565145712329, 0.8001472244025299, 0.7983421003788335, 0.8007817545440753, 0.8070048030280729, 0.8159388162967237, 0.8271662226538556, 0.840632659948955, 0.8561675865974537, 0.8647265154781798, 0.8737411345947499, 0.8831495971560068, 0.8928053909320777, 0.9099304000023221, 0.9246002630163759, 0.9338126586070364, 0.9366751552733391, 0.9335658054796195, 0.925936690976772, 0.9151802581360954, 0.9020952968320309, 0.8948625703856969, 0.8872096344136235, 0.8791632197735584, 0.8707439821403837, 0.8619255973614799, 0.8527667983288222, 0.8432877441759468, 0.8335885029206956]}