{"x": [2.1676188702636594, 2.1694749189282865, 2.1764715100280987, 2.1934288538648365, 2.2080206826135615, 2.226124536478299, 2.2402494791301892, 2.2532221865225073, 2.2646129991764448, 2.2745297588019797, 2.290189274280272, 2.3016711604132047, 2.309523684366903, 2.3147417468468903, 2.3176909685511005, 2.3186856549883275, 2.315860540973034, 2.3074362988772132, 2.3004507233790434, 2.2909420209816678, 2.2769020642075217, 2.2548279290706033, 2.238423131418872, 2.2257847324201743, 2.2079110843130967, 2.1952460435633054, 2.1854322043268346, 2.1779798736849934, 2.1724391224323654, 2.168868555880003, 2.1676188702636594], "y": [0.9730729691662168, 0.9385303926384119, 0.9046529337194382, 0.872546330830837, 0.8610147715391867, 0.8567546305587508, 0.8590786662492549, 0.865130443651244, 0.8736513356761906, 0.8838500656141413, 0.906867949656343, 0.9322295288978948, 0.9578860845991108, 0.9842051424630991, 1.0108573187762395, 1.0376537179705136, 1.0842094880349258, 1.1300838070009966, 1.1531101545987472, 1.175214351653859, 1.1956391748276451, 1.206909771345017, 1.2015266454919045, 1.189763724906675, 1.1611625556388696, 1.1309069834142333, 1.099610155024207, 1.0684615778213415, 1.0369168291408608, 1.0050825131493841, 0.9730729691662168]}