{"x": [2.3192052033973707, 2.3208313064272517, 2.3265006250277915, 2.3368690131894536, 2.3497789294355287, 2.356569000509482, 2.3631928441164765, 2.3695532873459566, 2.375610982683907, 2.386657927965033, 2.396233063467011, 2.4041296559603182, 2.4102029918177768, 2.414169391052367, 2.415620131664195, 2.413797140383089, 2.4077147935796828, 2.4027869514636833, 2.396727673331668, 2.3898433523113156, 2.3825667170500067, 2.375634639499822, 2.3689313624142865, 2.3625888786734293, 2.3566461234662786, 2.346088269982318, 2.3371524158596033, 2.3299225289591243, 2.324333652594048, 2.3206036890729935, 2.3192052033973707], "y": [1.146174474537902, 1.1333101390505034, 1.1216484854284094, 1.1135521243442237, 1.1110245566605155, 1.1116317742851762, 1.1132437526668935, 1.1156722207132044, 1.1187797957034449, 1.12659826203093, 1.136162790031672, 1.1470457253874402, 1.1590419350607362, 1.1719093634916162, 1.1852958637433315, 1.199452700204648, 1.2123656539010934, 1.2177733034761014, 1.2218734803460882, 1.2243539235662546, 1.2251266161012284, 1.2244075811126514, 1.2225005449852782, 1.2196437028368454, 1.2160281382043168, 1.207166906320857, 1.1966721356335674, 1.1851714231365704, 1.1727899000675697, 1.1597068101566923, 1.146174474537902]}