{"x": [2.27902508028745, 2.281260763480555, 2.2895311983491746, 2.297540920748224, 2.309103559404888, 2.3249110084812186, 2.3435874526994245, 2.3574018219819433, 2.370420740738005, 2.3927201866078827, 2.409757229931236, 2.422447507341148, 2.4311770445624443, 2.4369765977165767, 2.4402448439619175, 2.4412818972224115, 2.4380497725779486, 2.4283140917436903, 2.420309171922849, 2.4095145504950475, 2.393899006803525, 2.37081656896741, 2.3546131131046346, 2.3414527072201077, 2.3223164862077623, 2.308685946094712, 2.2981326684009726, 2.2901536079077114, 2.284230930703055, 2.280418816419103, 2.27902508028745], "y": [0.9473456404945384, 0.91168233679777, 0.8769192900815831, 0.8598933737254497, 0.845049423174087, 0.8343935868795307, 0.8305709274909117, 0.8323577438682687, 0.8373112543268472, 0.853687824990848, 0.8749854449661338, 0.8991268268874949, 0.9239320242191461, 0.949580958270536, 0.9756529740536823, 1.001908563192982, 1.0493084176700642, 1.0958101311101018, 1.1190255921912087, 1.141082621065854, 1.1609295602759682, 1.171173937481719, 1.1667170473602053, 1.1562662307219382, 1.1294654631411962, 1.1004838434020832, 1.070245552504699, 1.040093761525842, 1.0094715832833128, 0.9785099360245773, 0.9473456404945384]}