{"x": [2.221355868936971, 2.2232587398764982, 2.230328692379456, 2.2434858035170966, 2.259777593552026, 2.2698672616070943, 2.279685300181916, 2.2891004394493657, 2.298077034699813, 2.314515240220754, 2.3289077985965676, 2.340955977235111, 2.3503740548981, 2.356662143558024, 2.35908089599469, 2.3568437566317426, 2.349007140998386, 2.3344962383767984, 2.3253047577145334, 2.315571342171445, 2.3052007037428535, 2.295228815529145, 2.285863135681226, 2.2771325284396298, 2.2691088513299595, 2.2616859929800053, 2.2485680193705395, 2.237836433851649, 2.2293815133720756, 2.223567882689897, 2.221355868936971], "y": [1.0424429447122034, 1.0262264940187062, 1.0115088188451933, 1.0014478804055817, 0.9984629795309041, 0.9993622863668932, 1.0018555318000657, 1.0055424750959339, 1.0101964127837482, 1.0217498661870634, 1.0357695362862516, 1.0517346595803365, 1.0693795903944687, 1.0884058668311736, 1.1082977971219, 1.1272485978690714, 1.1446475948776138, 1.1576038634517387, 1.1609942348047155, 1.1621071393565274, 1.1608724532632715, 1.1577682566492098, 1.1532009919092427, 1.1475130781078873, 1.1410215978656368, 1.1338508319363731, 1.1179394776087912, 1.100682207741003, 1.0822026349449934, 1.0626862898545846, 1.0424429447122034]}