{"x": [2.245664358496195, 2.2473309302125855, 2.2534001903444167, 2.2590566565529095, 2.266861302740894, 2.2768366847845285, 2.288058695318029, 2.296467023546248, 2.304486338290431, 2.318644583090341, 2.3299770211120716, 2.338773472053927, 2.345101520614982, 2.349454683651154, 2.3519941493455305, 2.3528348760363706, 2.3507900694816968, 2.3443194623725194, 2.338833024541222, 2.331411049409666, 2.3211807773469784, 2.3081374169479765, 2.298787418668901, 2.2904074905785734, 2.2770510344846464, 2.2671358979096277, 2.2594198798239358, 2.2536325114778957, 2.2493709270628255, 2.2466553656622352, 2.245664358496195], "y": [0.8029396192428269, 0.7814922327495748, 0.7608541143729165, 0.7511008778818136, 0.7429640031808251, 0.7375274131094699, 0.7357578826332052, 0.7368069194912005, 0.7395438982921104, 0.7486951535275418, 0.7609358533349522, 0.775109114572897, 0.7900115198828385, 0.8056056166567253, 0.8215840945097035, 0.8377412545058891, 0.8632388912277827, 0.8879864558733463, 0.9001101832529683, 0.911155546569702, 0.9200887738460657, 0.9238745056841, 0.9221908277195481, 0.9177148870912571, 0.9045279135611114, 0.889086815495757, 0.8724374759392927, 0.8556015215370749, 0.8383162129983323, 0.820718260863228, 0.8029396192428269]}