{"x": [2.2689865187093563, 2.2703771187559973, 2.2752696197792748, 2.2844114240706004, 2.295932248909285, 2.302447168261556, 2.308780497741531, 2.3148348399952114, 2.32058001773869, 2.331006306936513, 2.3400202768580476, 2.3474480705729976, 2.353186159356205, 2.356967516489859, 2.3583751338137473, 2.3568392102262377, 2.351591149103645, 2.341877947014086, 2.335733085319754, 2.3292292930237055, 2.322590730277685, 2.3161945586855213, 2.310167609801849, 2.3045358384943206, 2.2993510044254624, 2.2945554595662507, 2.28610447091866, 2.279248070291149, 2.2739219747488892, 2.270341184095575, 2.2689865187093563], "y": [1.1296781600731418, 1.1182042733663136, 1.1077330137291885, 1.1003487562163883, 1.0980313352894544, 1.0986559764799457, 1.1003062153964476, 1.1027636975684714, 1.1058761261132506, 1.113602819751461, 1.1229386457603943, 1.133456856924981, 1.1449841819698785, 1.1573132737697684, 1.1701321574907417, 1.182767757771239, 1.194364106772916, 1.202978062745222, 1.2052167279151726, 1.205903483152116, 1.2051675259864933, 1.2032436919899936, 1.2003995944871075, 1.1968364280032027, 1.1927447508497775, 1.1882030467915252, 1.1780677606301821, 1.1670180960909666, 1.1551547903851842, 1.1426321031057636, 1.1296781600731418]}