{"x": [2.3014988217584573, 2.30316528388592, 2.3090805169970343, 2.314646767102332, 2.3225897115330376, 2.333578978269795, 2.34684950892404, 2.3557876486101526, 2.364123504696709, 2.3781363601822147, 2.3886589596914147, 2.3964840890092605, 2.4019128786977966, 2.4055709128102767, 2.4076723661353068, 2.4083618631615753, 2.4062889353253287, 2.39980639699001, 2.394348199650383, 2.386912042016366, 2.3762159770150615, 2.3611621382294454, 2.351064734526474, 2.3424616695496208, 2.3295749056274704, 2.3204217384562544, 2.3134571989833255, 2.3083305874699924, 2.304625358414773, 2.3023157463845965, 2.3014988217584573], "y": [0.968006144599594, 0.9426581883463949, 0.9179538162742792, 0.9058136486736409, 0.8950769618766334, 0.8871066134995844, 0.8842459400093233, 0.8855984708016854, 0.8890960676762516, 0.9003011803254863, 0.9144762942649785, 0.930301157827979, 0.9464402596909218, 0.9630703875574398, 0.9799577756039365, 0.9969614391786198, 1.0272425667203313, 1.056894217799872, 1.0716552182513042, 1.0855254241678562, 1.0976329247460475, 1.1034963123828767, 1.1012247568495854, 1.095471079843909, 1.0797216924982256, 1.062160308133316, 1.0436217569491937, 1.0251114441265525, 1.0062650889338627, 0.987196608280822, 0.968006144599594]}