{"x": [2.2815263967842028, 2.2829564832713394, 2.2880013322215045, 2.297163414783861, 2.308416369684259, 2.315163469404237, 2.3217366448598122, 2.3280441788401123, 2.33405757059426, 2.339725874734547, 2.3450671280904873, 2.3547055529301733, 2.3627855524564767, 2.3691253777603687, 2.3733812445657225, 2.3750031829301466, 2.3734172049448907, 2.3679555718208274, 2.3580856558917063, 2.3455807155619204, 2.338718424048487, 2.332088476575114, 2.325811778750181, 2.319915542776008, 2.314452281476751, 2.3093712662466004, 2.3003419366735236, 2.2929107862946543, 2.28706267304123, 2.2830660295777725, 2.2815263967842028], "y": [1.070489736076495, 1.0592778230189874, 1.0491633956580433, 1.042305553896576, 1.040221145943613, 1.0408449415137493, 1.042489885274147, 1.0449368381761635, 1.0480371096204852, 1.0516634608332387, 1.0557562725235927, 1.0651315911206956, 1.0758013354905336, 1.0875884662855524, 1.1003073915107144, 1.1136210227618113, 1.126100236522245, 1.137432344263811, 1.1455547350122406, 1.1482033080745864, 1.1474631751400308, 1.1455441550576766, 1.1427072267923957, 1.1391463983909225, 1.135043230941594, 1.1304752454586746, 1.1202360136435525, 1.108980611471228, 1.0968271903319244, 1.0839167017131983, 1.070489736076495]}