{"x": [2.2088495803280086, 2.210102089926308, 2.214553029204806, 2.222753229007268, 2.232873160841122, 2.2395605570120716, 2.2460529521380286, 2.2522588181432357, 2.2581595730308903, 2.2637082630715475, 2.2689331676813786, 2.2783676870464666, 2.2863010520617544, 2.2925755682798052, 2.2968472634477974, 2.2985179395732147, 2.2971683223689494, 2.292376062880216, 2.2835132035138352, 2.2722201255304872, 2.2654273601978736, 2.2588882764378275, 2.252719363866711, 2.246934015859647, 2.241578014780996, 2.2365919193765573, 2.2277040370223733, 2.2203384834637996, 2.2144881967646945, 2.2104363158409708, 2.2088495803280086], "y": [1.0121286136266778, 1.0020518147974533, 0.9929249426893527, 0.9867029239550366, 0.9848204326247414, 0.9854858914828869, 0.9872216646730134, 0.9897677162129797, 0.9929577386383812, 0.9966530030064539, 1.000793451259409, 1.01019869332552, 1.0208129968449218, 1.0324848504208193, 1.0450613430815334, 1.0582380038321644, 1.0694977529920204, 1.079775771611072, 1.0871661429805637, 1.0895398015047155, 1.0887493768730385, 1.0867476737128738, 1.083834232700279, 1.080218521251461, 1.0760884874177288, 1.0715187194104752, 1.061337802998082, 1.0501937681310631, 1.0381848115619088, 1.025423443939106, 1.0121286136266778]}