{"x": [2.195047137683615, 2.1967497429706615, 2.2031970964314205, 2.214951417606023, 2.2292232371806655, 2.2390795168358166, 2.248667835032523, 2.2578694754346533, 2.2666604236668855, 2.2749731441632672, 2.2828392236337125, 2.2971401147898782, 2.3092949434225694, 2.318942712434448, 2.3254887415111907, 2.3279521023671235, 2.325782726563588, 2.318511831703797, 2.305447223102723, 2.288965298793599, 2.2789508437290205, 2.2693050167925244, 2.2602086671415362, 2.2516830442490656, 2.2437932346282317, 2.2364465592197496, 2.2233293454218286, 2.212406200937743, 2.203650025440875, 2.1974851226146277, 2.195047137683615], "y": [0.9760524908483107, 0.9618327350192029, 0.9490447737291862, 0.9405926395496947, 0.9381599857533877, 0.9390482431222232, 0.9414976111943112, 0.9450876567265316, 0.9495907492407651, 0.9548230453871236, 0.9607054801533413, 0.9741507515810616, 0.989512473809089, 1.0065607265639784, 1.0250807325872697, 1.0445684972889935, 1.0610238555677851, 1.0759442810107216, 1.0865900846811787, 1.0901062338187244, 1.0889127813522863, 1.0859680128144769, 1.0816642574215662, 1.076318264365976, 1.0702146223496272, 1.0634670374365522, 1.0484589325655254, 1.032065333557867, 1.0144189581648246, 0.9956535666819851, 0.9760524908483107]}