{"x": [2.340987719329318, 2.343245643908685, 2.351275892638834, 2.3670968756244006, 2.377244052368211, 2.3879708776549573, 2.398376058184773, 2.4084787271192765, 2.42721913965472, 2.4435911426294745, 2.4574941998989583, 2.4686282205140597, 2.476953414637848, 2.4822170327593733, 2.4840968344451757, 2.4814118857377734, 2.4724867393539025, 2.4650518674416286, 2.4555715023770257, 2.4442725084315247, 2.431973259961019, 2.42116034183435, 2.4108271757731705, 2.401242663540543, 2.3924432190880225, 2.377282871894816, 2.3648347435118127, 2.355059777040505, 2.3476466171106463, 2.3427844597275516, 2.340987719329318], "y": [1.295288960178859, 1.2745184465073913, 1.2552304303596722, 1.2408316351456345, 1.2371988859850935, 1.2361513738843684, 1.2370923906354505, 1.239754978621545, 1.2488299328778696, 1.2615009512342064, 1.276840514010031, 1.2940101284961187, 1.3127037963935544, 1.3324890537018288, 1.352876020815795, 1.3767046840829786, 1.3989612764701493, 1.408865040591416, 1.4168327593592613, 1.4220120890535057, 1.4238068612738524, 1.4224686556041901, 1.4190138514157529, 1.4138935295567252, 1.4075177670137475, 1.3923418686058804, 1.3748722344006448, 1.3562963357125095, 1.3366581320919801, 1.3162202551872977, 1.295288960178859]}