{"x": [2.2720807238752965, 2.2735934952431216, 2.2790129692279035, 2.2841605229424613, 2.2916161447909853, 2.3022889964226185, 2.3156303201673993, 2.3250344319679725, 2.3336565121734036, 2.347761169895274, 2.3581099671364263, 2.3657442029173237, 2.371027692737451, 2.374589579518489, 2.3766394058121656, 2.377311410877435, 2.375389905010852, 2.3693414956361303, 2.364211250848117, 2.3571647114463734, 2.3468331078589912, 2.3316995955058757, 2.3211697593250027, 2.3124744695072685, 2.299739161832487, 2.290751432873979, 2.283908868566412, 2.278852040106617, 2.2751884684888024, 2.2728954986196133, 2.2720807238752965], "y": [1.005625286267188, 0.9801003281557445, 0.9551115053437246, 0.9426816726243102, 0.9314829336984896, 0.922853556178437, 0.9196309797136527, 0.9212345611852731, 0.9253172717095356, 0.937900440843289, 0.953290603245411, 0.9701924714008499, 0.9872811479075577, 1.0048097271993706, 1.0225699172837375, 1.0404353741449364, 1.071179368954554, 1.101383708803074, 1.1165016756818127, 1.1308271291333183, 1.143594800459395, 1.1499769840696978, 1.1472331290205127, 1.1406911013904444, 1.1235550275920554, 1.1048343253644455, 1.0852276102539724, 1.0656897727125947, 1.0458434417452291, 1.0257914756872695, 1.005625286267188]}