{"x": [2.2561266585312088, 2.2574578032826937, 2.262194374858652, 2.270894227816226, 2.281614930934455, 2.288610547969382, 2.295410191264347, 2.301918063626755, 2.3081124909565105, 2.313943407901811, 2.319437521424046, 2.3293637593293584, 2.3377144374595025, 2.3443116489458005, 2.3487917144391313, 2.3505341143248732, 2.349073227695788, 2.3439252503378594, 2.3344646401253053, 2.322431986891184, 2.3153283258735224, 2.3084851552013133, 2.302025278972311, 2.295965574274091, 2.290355132352528, 2.2851329915509315, 2.27582866722414, 2.2681254248502416, 2.2620125675866243, 2.2577831577858287, 2.2561266585312088], "y": [1.0167493329588821, 1.0060681068877257, 0.9964024239610837, 0.9898248217564041, 0.9878201230515604, 0.9884896689622363, 0.9902650000544856, 0.9928836345745757, 0.9961758556320969, 1.000000099337335, 1.004294182352932, 1.0140734126336843, 1.0251427623675777, 1.0373387096194142, 1.0504947351439842, 1.0642829923603923, 1.0762827556109207, 1.0872201610132097, 1.095074060057297, 1.0976043035111933, 1.0967878951121042, 1.0947143624552695, 1.09168739338544, 1.0879227524179493, 1.0836157486252092, 1.078845362301837, 1.0682070631616516, 1.0565554884908221, 1.0439963439556403, 1.0306507389852184, 1.0167493329588821]}