{"x": [2.28720915628346, 2.289645085668609, 2.2986922957539715, 2.3073931708810584, 2.319719979919299, 2.3359028995029996, 2.3543767467079526, 2.3679052156984293, 2.3807956360448035, 2.4034321781910473, 2.421279690880686, 2.434820436753044, 2.4442591974884538, 2.450557684241147, 2.454110069445251, 2.455234648617021, 2.4517657625366063, 2.441369919667957, 2.432848847655757, 2.421418700613362, 2.405145914498978, 2.3821595654676764, 2.366211625858318, 2.3528316887166, 2.332903033020769, 2.3185712760221255, 2.3074398719085067, 2.299014116820615, 2.2927436413329847, 2.2886955122354524, 2.28720915628346], "y": [0.9091614125614267, 0.8739335364534815, 0.8398001950302121, 0.8233915482835348, 0.8094991512632521, 0.8000438924075776, 0.7968807016563922, 0.7985313879554954, 0.8029564644269392, 0.8178715429281768, 0.8378795372293346, 0.8610204478938311, 0.8851690234327404, 0.910320026780616, 0.9359792086428101, 0.9618587058589834, 1.0082733220093654, 1.053641551135887, 1.0761748831258735, 1.0973812844565394, 1.1160045183392486, 1.1251290000442962, 1.1212412561208376, 1.1117318600999642, 1.0863851365331718, 1.058465772853877, 1.0291232785941145, 0.9997865609300504, 0.9699148771934216, 0.9396548303640885, 0.9091614125614267]}