{"x": [2.221346058589525, 2.2230724263900723, 2.2289004276157165, 2.2381241918550545, 2.2486193758864523, 2.2615505919814636, 2.273820319890302, 2.285154616699666, 2.295415589432673, 2.3044228562820286, 2.3117692411305835, 2.3146705960741647, 2.3169221689247643, 2.3184044511731585, 2.3189671099414735, 2.3171127833672047, 2.3109391799127783, 2.3009997415034857, 2.2893402053163237, 2.276229575599352, 2.26997942499527, 2.2639990434830426, 2.252985630692947, 2.243235110652969, 2.2348816097656017, 2.231272302193642, 2.22809314500595, 2.2253936001621644, 2.2232750550640494, 2.221863324743233, 2.221346058589525], "y": [0.871041555586081, 0.8605403206452025, 0.8516357890584102, 0.8464160434223245, 0.8449413626448636, 0.8467164207007853, 0.8511684941324412, 0.8575665542267483, 0.8655736695441144, 0.8750672611806041, 0.8858973012503754, 0.8918041691445452, 0.89798796801953, 0.9044069814585343, 0.9109708453590474, 0.9226413076885013, 0.9327172611627257, 0.9391326403837977, 0.9411338256182382, 0.939138754959629, 0.936897195566604, 0.9340120598584644, 0.9267330680856858, 0.9178332736238344, 0.9076699706446526, 0.9021650302696816, 0.8964009666634281, 0.8903671167350762, 0.8841055950359414, 0.8776396122451295, 0.871041555586081]}