{"x": [2.177946239310111, 2.179662230959711, 2.1862209384241056, 2.202198145793067, 2.216396492886466, 2.234661152118292, 2.248824904871866, 2.2616325874832564, 2.282160423481177, 2.296914609714253, 2.307624757325259, 2.314910975831705, 2.3197418110251893, 2.3224709965216412, 2.3233389916092952, 2.320715351219644, 2.312714728644344, 2.3060861916624193, 2.2970501115302357, 2.2836188623008016, 2.2739464125137636, 2.261685178199521, 2.2453068709850816, 2.2330803381713156, 2.2160451012568156, 2.204028542030366, 2.194737128755927, 2.1876866019195473, 2.1824567355704994, 2.179094692968072, 2.177946239310111], "y": [1.0030674499412293, 0.9680825368935436, 0.9336750940258715, 0.9005623911951639, 0.8881086435487671, 0.8833033221474439, 0.8858608674928763, 0.8924271599310932, 0.9121581176065655, 0.9358157577120026, 0.9615579931415287, 0.9874153627531007, 1.0138417808737339, 1.040553685043638, 1.0673906159856072, 1.114670641043281, 1.1613426272529557, 1.184808463331915, 1.2074564703358457, 1.2286885506271656, 1.2371318092989951, 1.24094061947718, 1.2350432911373783, 1.2226521925536415, 1.1932837718326752, 1.1625230341921298, 1.1308324943545567, 1.0993229196253542, 1.0674605322970825, 1.0353415179612542, 1.0030674499412293]}