{"x": [2.3199722413031467, 2.3231089011412482, 2.3335287847374957, 2.3495420288181577, 2.3675785527087316, 2.3861273263066374, 2.4039344031587393, 2.4205901355401913, 2.4357804030780366, 2.449192430204281, 2.4600224322796844, 2.4674132580645796, 2.470205948685311, 2.469340659314251, 2.4665554896756894, 2.4618064289530155, 2.4551951949798743, 2.4469727057942983, 2.43752686728798, 2.4273230588940007, 2.416778695676862, 2.3978796298825227, 2.3801750641048796, 2.3642636398715076, 2.350297653249294, 2.3384989361581026, 2.3290673052993682, 2.3253798291694503, 2.3225240053125416, 2.3206502654626298, 2.3199722413031467], "y": [0.9268804173519206, 0.9088302989272292, 0.8937614092559228, 0.8851273799858411, 0.8827495125866307, 0.8848367243650042, 0.8904332830377495, 0.8987882647593964, 0.9095806191299818, 0.9227920893362564, 0.9381913254112434, 0.9555880020811258, 0.9742821066073121, 0.984833695123742, 0.9950477822586827, 1.004524214355009, 1.0128096188940956, 1.0195055488095923, 1.0243243599443759, 1.0271484680364849, 1.0281022482008964, 1.0253236694016603, 1.0181512542806954, 1.007709454711059, 0.9947805793904853, 0.9799648150988779, 0.9635404144739843, 0.9547755419012443, 0.9457055506375553, 0.9363740241716656, 0.9268804173519206]}