{"x": [2.215461828052557, 2.2178843541868085, 2.226146600463589, 2.239249239272652, 2.254136186270809, 2.2722996039762053, 2.2895797831409075, 2.3056021369134396, 2.3201505168759704, 2.3329547074062713, 2.3433796209782627, 2.350647966782847, 2.35352821539817, 2.3508124357963736, 2.3417693195589835, 2.327146425761312, 2.3098711334190747, 2.300548579050936, 2.2914371426926077, 2.2826731527311828, 2.274312174435064, 2.266426743981573, 2.2589887611593285, 2.25201069758102, 2.2455019590010803, 2.2340188503549783, 2.2247124954417465, 2.2210156340985643, 2.218113002258696, 2.2161755751606016, 2.215461828052557], "y": [0.8667405719362529, 0.8518519491144423, 0.839231528801984, 0.8318850008405474, 0.8298776578397089, 0.8322284271453282, 0.8382973040681838, 0.8470668609989356, 0.8581106642224493, 0.8713109370990271, 0.8864607118884055, 0.9034375741188534, 0.9216789246675532, 0.9389750229574181, 0.9539667714750277, 0.9636664592164502, 0.96674497181011, 0.9658837048688773, 0.9637311417039279, 0.9604645021858048, 0.9562725461129, 0.9513338766430125, 0.9457439856686173, 0.9395927863644046, 0.9329469646483888, 0.9184464703634874, 0.9024615438102122, 0.8939379839486522, 0.885112306359566, 0.8760147320861654, 0.8667405719362529]}