{"x": [2.30207111365713, 2.304337238672648, 2.3126234624014836, 2.3206744057338424, 2.3325156158311877, 2.3496257434645558, 2.3710199161819006, 2.3856788954391024, 2.399217540290969, 2.4215184437707693, 2.4378002237169745, 2.449607245989558, 2.4575762795139804, 2.4628174387221096, 2.46668241431864, 2.463333157397411, 2.4533230263560872, 2.4451678876533114, 2.4341874882015135, 2.418123378205446, 2.4067603997354174, 2.392593829433904, 2.3752354878445523, 2.3618793661074133, 2.3431473740684017, 2.3300299963126343, 2.319970024094481, 2.3124186223707235, 2.306868720182851, 2.303339465329614, 2.30207111365713], "y": [1.0888350181776996, 1.047949231409276, 1.0078478426730408, 0.9878242433810513, 0.9697812957122934, 0.9559319702221075, 0.9507503046690556, 0.9530695019461611, 0.9591497523068144, 0.9783415846841674, 1.0022020183468063, 1.0285650773089325, 1.0551827851370539, 1.082469010883603, 1.1378333063319503, 1.192290522896246, 1.2459244975241863, 1.2728109923694992, 1.2986725607714256, 1.3227306716896692, 1.3321635550436728, 1.3363354675514858, 1.3306589440425762, 1.318203063743595, 1.2878505547939685, 1.255764719900866, 1.2225929946074037, 1.1896289764280035, 1.1562695887203365, 1.1226327289916347, 1.0888350181776996]}