{"x": [2.2540979131826266, 2.2562392408157703, 2.2644082787572097, 2.2724037029532056, 2.284067338303927, 2.3003131331400968, 2.3197720879657004, 2.3339463376125886, 2.3472242745323926, 2.369743510331639, 2.3867728493611224, 2.3993893064697036, 2.408042574581673, 2.4137839606371188, 2.4170182401273035, 2.4180450923066816, 2.414796322585719, 2.4050082250691047, 2.396965270852837, 2.3861123783754965, 2.3703459752661407, 2.3466305508746506, 2.330004816594866, 2.3166758981199584, 2.2974672709190593, 2.283833358258091, 2.273287685050833, 2.265311547992299, 2.2593838105770843, 2.2555491515342467, 2.2540979131826266], "y": [0.9844893322336609, 0.9474189418163622, 0.9111964909214444, 0.8933218001565609, 0.8775931324310495, 0.8661373898496753, 0.8620742672764881, 0.8640887163992765, 0.8694425701023881, 0.886786112210176, 0.9090064673051135, 0.933997817375759, 0.9595617630706372, 0.9859327860820912, 1.0127073457277216, 1.0396569873327552, 1.0887454066389428, 1.136957651574075, 1.1610598396191423, 1.1840341580194789, 1.2048861042091614, 1.215884366473521, 1.211106515104893, 1.2000800543702805, 1.1721858588492102, 1.1422105326748355, 1.1110144987872916, 1.0799374228664245, 1.0484054495805022, 1.016545945995724, 0.9844893322336609]}