{"x": [2.1982160246088966, 2.20027287013065, 2.207810414525154, 2.2259196155300858, 2.24111562433927, 2.259563368336644, 2.2735765292090395, 2.286589306184936, 2.2981659911698573, 2.3083379662770516, 2.324565245195735, 2.3365304962394022, 2.3447283263716563, 2.350173892896174, 2.353248573388025, 2.3542264828217774, 2.351266478032525, 2.3422865816553116, 2.3348676721659376, 2.324808355507533, 2.310072834912483, 2.287462675130025, 2.2710701122158143, 2.2581685175753456, 2.2397432104009507, 2.2266744250792443, 2.2165565460603274, 2.2088916428773944, 2.203200761442059, 2.1995407445963173, 2.1982160246088966], "y": [0.9690931759490717, 0.9339346818745896, 0.8995321275568267, 0.8673323643821614, 0.8561178263926295, 0.8520724231426686, 0.8542040272242462, 0.8598236401087626, 0.8678753044097567, 0.8776415654995813, 0.9000249322230666, 0.9249482637508698, 0.9503039933194064, 0.9763896837656472, 1.0028423273735068, 1.0294551007560533, 1.0766234823300964, 1.1230236904085247, 1.1462684161195031, 1.1684982978051102, 1.1888407466185213, 1.1997829340390098, 1.1947643196689337, 1.183474879256543, 1.1554640175569184, 1.1255971758389591, 1.0946060495582148, 1.0637457575187024, 1.0324612208582897, 1.0008690494327186, 0.9690931759490717]}