{"x": [2.326169167529374, 2.3277391731122714, 2.3333468263827357, 2.3385988708088203, 2.3460041594118706, 2.3559549692505213, 2.3676468268478326, 2.3758630694333966, 2.383600114345772, 2.396850428835252, 2.4070179656177593, 2.4146802172565476, 2.4200504227175164, 2.423691109809637, 2.425791617988721, 2.4264797210921207, 2.4245524358152326, 2.4185041733187678, 2.4133862619329816, 2.4064163533487393, 2.396509716375217, 2.383088744893602, 2.3739050510437627, 2.365913822096653, 2.3536438953348253, 2.344781701040595, 2.3379838363612597, 2.3329474553626253, 2.329285040587786, 2.3269869879219436, 2.326169167529374], "y": [0.8531755192962068, 0.8308228250403379, 0.8091280772237593, 0.7985988665348345, 0.7894550189261489, 0.7828936712459754, 0.7805762662858312, 0.7816903473682504, 0.7846712792539076, 0.7944542071965288, 0.8071127156621195, 0.8214272726102387, 0.8361597234894805, 0.8514119237602467, 0.8669412330694598, 0.8825968421713343, 0.9092031393241019, 0.9351844402440661, 0.9480634216289695, 0.9600418001833793, 0.9702197428648847, 0.9748683445732291, 0.9729437324725638, 0.9680259459399388, 0.9541967995672452, 0.9385011343530438, 0.9218073801309873, 0.9050663013331055, 0.8879719873399282, 0.8706400275136941, 0.8531755192962068]}