{"x": [2.2781179726063816, 2.280614840036151, 2.2893167752982446, 2.3037591934714485, 2.320570264017344, 2.3387753638707482, 2.356037539011107, 2.37191889089071, 2.38616430900118, 2.3984500948335743, 2.408216187449821, 2.414799756005403, 2.4172939863596237, 2.416617563284434, 2.414379023049895, 2.4104649010456782, 2.4048551677041803, 2.397599947393271, 2.389041066997421, 2.379635179383377, 2.369846050673709, 2.360463886781698, 2.3513082892533164, 2.342533494587168, 2.3342052270658544, 2.3190983891840107, 2.306006162743892, 2.295097083642795, 2.286440922058209, 2.280467346483112, 2.2781179726063816], "y": [0.9804330387433436, 0.9636419531838512, 0.9490662465484122, 0.9400951359167603, 0.9375550225815007, 0.9399467079628236, 0.9462047531096103, 0.9553188372717085, 0.9668232681787747, 0.9804963477357798, 0.9960693074128139, 1.0132889163197587, 1.0315546525702979, 1.0412812031418874, 1.050770790689125, 1.059718683596342, 1.0677134337725642, 1.0743758131211323, 1.0792513732647049, 1.0821297356496835, 1.0830934010132034, 1.0822181208138633, 1.0799896350898335, 1.076581811466096, 1.0721943015371052, 1.0611751632732507, 1.0478248237379837, 1.032842523758186, 1.0164550838684354, 0.998862750020453, 0.9804330387433436]}