{"x": [2.3112889541602244, 2.312591320010979, 2.317226792954171, 2.3216288005647234, 2.3281142343705437, 2.3380274347137413, 2.351757608771722, 2.361599862597697, 2.370194426937478, 2.383336493195831, 2.3924894130484744, 2.399105780082494, 2.403643986115751, 2.4066903855800863, 2.409016295792185, 2.407339449901933, 2.4020371517152466, 2.3975411687476713, 2.3913238652525193, 2.3819712416074594, 2.3752342678665412, 2.366785589246657, 2.3558664819727237, 2.347531842592322, 2.335920820778777, 2.327870121744178, 2.321776114256818, 2.317275215742305, 2.3140268198587437, 2.3120032587356265, 2.3112889541602244], "y": [1.1080619540949648, 1.0813272640252947, 1.0549653179567007, 1.0416321665615478, 1.0291786632199278, 1.0186756601674964, 1.0141960469586009, 1.0163259508137228, 1.0215737993839797, 1.0364611627969016, 1.053531440377606, 1.0717356708140275, 1.0898681162307717, 1.1083099258246047, 1.1455898468521244, 1.1780996783820583, 1.2102180001343512, 1.2263929057613132, 1.2419873461852278, 1.2565428893026864, 1.2622557791951912, 1.2648333275822465, 1.261142211886754, 1.2531807405945974, 1.2339018994421984, 1.2135646863942293, 1.1925580431057796, 1.1717052393556027, 1.1506209932020168, 1.129383586542341, 1.1080619540949648]}