{"x": [2.242042575786253, 2.243340479408314, 2.2480105891035067, 2.2590571890634905, 2.269070780980951, 2.2827001079465616, 2.2927886872798973, 2.3016502851714282, 2.315342375926383, 2.324978280360136, 2.3319873219385068, 2.3368193333814586, 2.340074718870437, 2.3419518464364297, 2.3425692480938736, 2.340884087403675, 2.335532322873543, 2.3309730325096805, 2.3246553668327805, 2.3151540269908515, 2.3083653962260615, 2.2999634773775353, 2.2887680102797128, 2.280141917660135, 2.268033807570027, 2.259593979400242, 2.2531807124018233, 2.2484252755786094, 2.2449772685684937, 2.2428158044294033, 2.242042575786253], "y": [1.0978526487651747, 1.0714663297490128, 1.0454641671376126, 1.0201076241291387, 1.009953270506996, 1.0057551319864824, 1.007911365102156, 1.0131934912860843, 1.0282588507800332, 1.0456435367809997, 1.0642433028483809, 1.0828154908376337, 1.1017278404169721, 1.1208196957974113, 1.1399936720402255, 1.172125896936881, 1.2038540903896298, 1.2198309037026935, 1.2351975166234848, 1.2494468379738384, 1.254950892288016, 1.257356693862718, 1.2537200383293379, 1.2457104020626062, 1.2261675258062907, 1.2054795849566333, 1.1840765103517683, 1.1628160754232424, 1.1413048801894141, 1.1196256440569667, 1.0978526487651747]}