{"x": [2.2023659967027838, 2.2035556589807177, 2.2079527535236987, 2.2184118610075783, 2.2278109789007763, 2.2403869593975294, 2.2499129744244657, 2.258349169464768, 2.2715258693650355, 2.2808869465488146, 2.287733019807428, 2.2924713101138336, 2.2956752975921697, 2.2975303816816286, 2.298145324258061, 2.296569566001167, 2.291524542125787, 2.287203582154307, 2.2812018526123, 2.2721788400535403, 2.265801163595473, 2.258062495674329, 2.2475989181067884, 2.2393964139461926, 2.227741501057497, 2.219563506940127, 2.2133243367894684, 2.2086803708258014, 2.205296233490443, 2.2031565275920744, 2.2023659967027838], "y": [1.016122621041372, 0.9918288617191673, 0.9679067464715382, 0.9446795237873717, 0.935528340102144, 0.9317957412010675, 0.9337263626444819, 0.9385536677615381, 0.952506629512887, 0.9687534866877733, 0.9862097581980221, 1.0036807852317335, 1.021497144143675, 1.0394975551947414, 1.0575828525551394, 1.0870584082871055, 1.116141721954727, 1.1307820684753107, 1.1448173698195108, 1.1577057342956958, 1.1625618476050346, 1.1646522093639609, 1.161298764268399, 1.1539877468962207, 1.13592351781319, 1.1166787164324836, 1.0967208928087087, 1.0768711799927286, 1.0567683161856987, 1.0364941010976219, 1.016122621041372]}