{"x": [2.254166881314216, 2.2555991244698146, 2.260785644770852, 2.265710626338471, 2.2727670497079746, 2.2825102015407803, 2.294199670006963, 2.302906600157102, 2.3110072539446818, 2.324618593289624, 2.334901389141836, 2.3426198476685998, 2.3480339425213024, 2.3517164887926043, 2.3538520219698422, 2.3545584187745314, 2.3527692520599044, 2.347078649452634, 2.3422202569210664, 2.3355476980416636, 2.3259150104372925, 2.312519299849786, 2.302821092600798, 2.2945488436582693, 2.282077146705505, 2.2731225093416287, 2.2662431636455733, 2.261123408487848, 2.257383057944861, 2.2550199163702227, 2.254166881314216], "y": [0.8834288260684577, 0.861113708997357, 0.8393624842612502, 0.8286787761477623, 0.8192658089362015, 0.8123509676677654, 0.8098810760946598, 0.8112059704246863, 0.8146621801751063, 0.8256205229005528, 0.839397162616975, 0.8547580574602122, 0.8704561289630737, 0.8866481246690616, 0.9031067151328647, 0.9196882321189729, 0.946492023979444, 0.9727458126126742, 0.9858216435876455, 0.9980714718181846, 1.0086559866536455, 1.0136934029200724, 1.011460656408605, 1.0059280007838958, 0.9908384169199785, 0.9740043677755968, 0.9562210794489643, 0.9384271847650587, 0.9202931185163501, 0.9019268459193271, 0.8834288260684577]}