{"x": [2.2947346043359773, 2.296326300412592, 2.301899833457381, 2.31213593567079, 2.3248888269896533, 2.331794186879623, 2.3385253528567294, 2.34498358532301, 2.351131613809326, 2.3623400366678364, 2.372062780460713, 2.380095663979029, 2.386292047964601, 2.390357471176188, 2.3918588228948705, 2.390079647801807, 2.384085509049136, 2.3792053498397214, 2.3731933962128235, 2.3663594231613634, 2.3591376492652745, 2.3520889282880426, 2.3452800380091627, 2.3388447601511895, 2.3328189407101934, 2.322116430504861, 2.3130493884395014, 2.305697247067233, 2.299996559287987, 2.2961752924805805, 2.2947346043359773], "y": [1.1095426139007234, 1.096837931759253, 1.085310652196635, 1.0773079230769307, 1.0748209118393246, 1.075447590206716, 1.077111358692653, 1.0796081481974602, 1.0827931866825167, 1.0907777301933286, 1.1005168231279554, 1.1115808419223778, 1.123768727506248, 1.1368442103082914, 1.1504545688418737, 1.1645013963897746, 1.1773290668246572, 1.1827050528679355, 1.1867761207173797, 1.189230777313709, 1.189988740682056, 1.189238199973596, 1.1872667051244752, 1.184327794062484, 1.1806211109894207, 1.17157111020807, 1.1608830333453846, 1.1491866392643224, 1.1366024517219775, 1.1233039920271473, 1.1095426139007234]}