{"x": [2.286393131559792, 2.2884279935600667, 2.2959677873259134, 2.31061669003852, 2.3295740954031365, 2.3397639560087584, 2.349661768740885, 2.3591147322843598, 2.368073269308333, 2.384275334023415, 2.398176093275095, 2.4094780007547927, 2.4180561826862714, 2.423579174638529, 2.4256012320489075, 2.4231214408139214, 2.4147224517373886, 2.4077285089928977, 2.398875282682859, 2.388471127715876, 2.3772625542951347, 2.3667296087972827, 2.356642690487655, 2.347246007416307, 2.338573263217651, 2.3234938804935275, 2.3109685138060625, 2.3010009028996845, 2.2933455488641274, 2.288246733954034, 2.286393131559792], "y": [1.2174227534549635, 1.1985574004816018, 1.1811449418344664, 1.1684635690690361, 1.1644605267583905, 1.165374068027636, 1.167962720173517, 1.1718250188051467, 1.1767260885724775, 1.188917326018908, 1.203678832166106, 1.220286331241904, 1.238451047947174, 1.2577837833852423, 1.2777880175233491, 1.299531144565677, 1.319739309268099, 1.3285947552527897, 1.3355915075425477, 1.3400256174013507, 1.341534144062959, 1.340238307373608, 1.336940397035063, 1.332065886840839, 1.3259961248651402, 1.3115016893452116, 1.294750819704309, 1.276817725934543, 1.2577823726694621, 1.2378820760022573, 1.2174227534549635]}