{"x": [2.266005489398373, 2.2673728811179488, 2.272265259678952, 2.2814535260522026, 2.2930471326594017, 2.2997590275409494, 2.306282859612648, 2.3125180390396296, 2.3184349691431354, 2.329177486634736, 2.3384765655607915, 2.3461554197580834, 2.352102796432771, 2.356037796100121, 2.3575141302524414, 2.3559785159018656, 2.3506910051853382, 2.3408729579901957, 2.3346610290906704, 2.3280894774370737, 2.3212638058069475, 2.3146910989731824, 2.308500641444686, 2.3027164323371956, 2.2973900113089463, 2.2924607924611355, 2.2837628775933214, 2.2766869943983927, 2.2711703933957113, 2.2674387952632915, 2.266005489398373], "y": [1.0976573325216832, 1.0861037679908099, 1.0755482364788655, 1.0680969912017497, 1.0657446347315183, 1.066378673619752, 1.0680790127956252, 1.070612735715138, 1.0738200948265788, 1.0817722709938322, 1.0913725792690587, 1.1021874090789332, 1.1140429586777156, 1.1267314621724591, 1.1399338400184704, 1.1527012707093962, 1.1644233707048701, 1.1731220918026106, 1.175373966540116, 1.1760622320050953, 1.1752923856842343, 1.173296895409279, 1.1703565607512698, 1.1666809305584955, 1.162467069890938, 1.157794791619458, 1.1473790395360235, 1.13602893406227, 1.1238445124251624, 1.1109775688508339, 1.0976573325216832]}