{"x": [2.2644726061180127, 2.267225690863373, 2.2766041609160053, 2.2916665321288785, 2.3089148647527162, 2.3280204124901758, 2.34621822364094, 2.3630773793141593, 2.3783227858199596, 2.3916293799680823, 2.40231484769177, 2.409596484228188, 2.4123759550696926, 2.4116363489146906, 2.409194433152995, 2.404946735899029, 2.3989097811360596, 2.3912128524066643, 2.382230455356231, 2.3724380957602604, 2.3622844221922357, 2.3524408536252333, 2.3428188212726964, 2.3335718926976523, 2.3247692489615193, 2.3087198068403443, 2.2947225043712347, 2.282963851610978, 2.2735686498930407, 2.2670349040563993, 2.2644726061180127], "y": [0.9360375476441233, 0.9187999948783144, 0.9040773252684559, 0.8953318992627389, 0.8929127001652497, 0.8953113130192654, 0.9016053552254258, 0.9108104238161051, 0.9224955424824193, 0.9365226795359154, 0.9526362390826585, 0.9706205721135676, 0.9898229940195761, 0.9999424613677486, 1.0097906939039971, 1.019023491610649, 1.0271992278247866, 1.0339160423821523, 1.0387817235155394, 1.0416322896074472, 1.0425909066191446, 1.0416969456441387, 1.0394360825866236, 1.0359699358839438, 1.0314940757106164, 1.020197421679996, 1.0064397144481665, 0.9909009626251889, 0.9738290878707382, 0.955411261547445, 0.9360375476441233]}