{"x": [2.2333577308893866, 2.2355144084623833, 2.2432609211333303, 2.256065232369943, 2.2708577737463567, 2.2804326192734794, 2.2898242141925165, 2.298937653379546, 2.3077377563837747, 2.3242142846894818, 2.339073120052783, 2.3520342924051456, 2.362532219624811, 2.369828280567012, 2.3727400537461842, 2.370246783777229, 2.361683783810805, 2.347290718789087, 2.329957102701573, 2.320199514238147, 2.3107018351358706, 2.3016181572138823, 2.2929975321820577, 2.2849134085819314, 2.2773178215614664, 2.2702153088003167, 2.2636083185886564, 2.2520093792513323, 2.242630447141568, 2.235979928901452, 2.2333577308893866], "y": [0.8968554482322505, 0.88206483090464, 0.8692818281069977, 0.8615741506781347, 0.8594435645572445, 0.8601360500516229, 0.8621248054173999, 0.8651030012657658, 0.8689086039042276, 0.8785512928375245, 0.8905376370057603, 0.9046603403201172, 0.9206989269705557, 0.9385020305671343, 0.9575205631050531, 0.9748664309386653, 0.9901559880811809, 1.0003476093768136, 1.0035995655086936, 1.002615797060799, 1.0001719425948292, 0.9965096843339765, 0.9918610109511425, 0.9864411280666073, 0.9803554692954681, 0.9737046020114825, 0.9665612552122216, 0.9511253630825102, 0.9342482249343693, 0.9160513109971146, 0.8968554482322505]}