{"x": [2.190377328899079, 2.1921956138151355, 2.199013761996619, 2.2154746209063574, 2.2298569477590773, 2.2480967326313457, 2.2615946538433582, 2.2739114881226907, 2.293864427967516, 2.308280363911574, 2.3187356002152057, 2.3258238064757433, 2.3305088031590966, 2.3331454278637946, 2.334033303290057, 2.3312750886865725, 2.3230920802326978, 2.3163462589626236, 2.3071859998986164, 2.29364572078162, 2.283975452283819, 2.2718346209677085, 2.2560975323079115, 2.2441619317785264, 2.2274581955377264, 2.2157001347794756, 2.2066350336063802, 2.1997862940454644, 2.1947259674961646, 2.1914899661375875, 2.190377328899079], "y": [0.9794459180625832, 0.9445389144337726, 0.9102560044383666, 0.8774851082888486, 0.8653526932768529, 0.860731322534841, 0.8630341943257751, 0.8690168934546487, 0.8873726140369055, 0.9096957519139285, 0.9341258507196019, 0.9587057347875434, 0.9838545752153312, 1.0092849700609092, 1.0348362606166301, 1.0815508853064515, 1.1276258490107625, 1.1507675511413475, 1.173064056158699, 1.1938771299683284, 1.2020806852696124, 1.2057430106722142, 1.2003546075147808, 1.1887687416396604, 1.1609319183340396, 1.131638435510803, 1.1014029585105711, 1.0713417557273437, 1.0409283665449125, 1.0102622348171084, 0.9794459180625832]}