{"x": [2.323709141638367, 2.3267456704290757, 2.336738431518129, 2.351815986775807, 2.3686711380564502, 2.3865685790539666, 2.403770846375821, 2.4199014728922275, 2.434673514523549, 2.4478116530762977, 2.4585188521055548, 2.4659233569626218, 2.4679968673113626, 2.4687613460056657, 2.4679340454648235, 2.4652562781690412, 2.4606889393998577, 2.4543547433569723, 2.446557069529151, 2.437671634089841, 2.428137141581643, 2.4183169009198906, 2.4001381811745084, 2.383041143395653, 2.3675770458666863, 2.3539101547336045, 2.342257822866854, 2.332870373441109, 2.326295763107073, 2.3243978454198198, 2.323709141638367], "y": [0.9147655627542779, 0.8978896367909652, 0.8839554303179324, 0.8761244916690262, 0.8739890413703991, 0.8759756630832799, 0.8812998587105187, 0.8892344153802605, 0.8994784911023368, 0.9120456832190268, 0.9267392495416349, 0.9434358666868291, 0.9523544132823104, 0.9614788579705128, 0.9713322179911772, 0.9808507626378836, 0.9896345020493691, 0.9972432221764121, 1.0033014822251909, 1.007609064957717, 1.0101075825156745, 1.0109513897931879, 1.0083476124921615, 1.0016441203423283, 0.9918542898253924, 0.9796807455308078, 0.9656359218795927, 0.9499863307473708, 0.9328946022558549, 0.9239163468283564, 0.9147655627542779]}