{"x": [2.270810995478907, 2.272259263856399, 2.277393453860221, 2.2867820194742694, 2.298459175413743, 2.304672688161658, 2.3107323854205504, 2.3165486820800227, 2.3220863561227767, 2.3321811659094056, 2.3409334719869928, 2.3481596940340905, 2.3537326974849364, 2.357389567923169, 2.3587350685449078, 2.3571179801221622, 2.3516701358666205, 2.3472468325095512, 2.341812108277566, 2.335652820840201, 2.329153045877786, 2.3228279746766614, 2.3167075077607486, 2.3109092083971943, 2.3054671596832335, 2.295769713208598, 2.2875300884192264, 2.280832287721167, 2.275632815462788, 2.272142502163065, 2.270810995478907], "y": [1.088000082400241, 1.076358501807794, 1.0658103278905544, 1.058501962734876, 1.0562213060962642, 1.056779788759538, 1.0582629315996728, 1.0604960294583043, 1.0633508848090052, 1.0705233673456398, 1.0792838940815603, 1.0892394590443157, 1.1002063725270808, 1.1119712968652937, 1.124217756523611, 1.1368706805901136, 1.1484046502175673, 1.1532166631746448, 1.156847758575487, 1.1590327619417928, 1.1597139277694803, 1.1590671641044603, 1.157345329713786, 1.1547657488133418, 1.151500994775714, 1.1434905946202207, 1.1339871446093073, 1.1235440671094823, 1.1122797921619938, 1.100354300981969, 1.088000082400241]}