{"x": [2.2284059094431963, 2.231052031425223, 2.240226649014224, 2.2551498960531697, 2.2722510285310262, 2.282741896857415, 2.2930526945028338, 2.312806033034852, 2.331086162677302, 2.3476480569727927, 2.362168999691759, 2.373927949498816, 2.382055599026301, 2.385251078003205, 2.3821748106051928, 2.37190964853764, 2.3550134173039243, 2.334745615440562, 2.324012378582035, 2.3135461964191837, 2.303518922364741, 2.2939955364084934, 2.285061979569509, 2.276673009297954, 2.2688364055179875, 2.26155600195517, 2.254893219378096, 2.248810737370705, 2.238544541205656, 2.2313050581608143, 2.2284059094431963], "y": [0.9185246974830841, 0.9014395925660669, 0.8867859526201408, 0.8781107202214526, 0.8757624810233647, 0.8764762546991244, 0.878539078738409, 0.8856259975973563, 0.895812811014639, 0.9086049165758162, 0.923858282335152, 0.941329688800308, 0.9608459934897589, 0.9817441692398396, 1.0020388667026914, 1.0198142601987472, 1.0316521620917998, 1.0355037538095495, 1.0344673091636396, 1.0318720014941523, 1.0279387642048499, 1.0229066969889626, 1.0170048798431048, 1.0103516805223656, 1.0030601308253564, 0.9952131709203579, 0.9869415196475291, 0.9782342641052577, 0.959651200249569, 0.9396229451401349, 0.9185246974830841]}