{"x": [2.247447629770048, 2.2495199473743392, 2.25704030060944, 2.269573585282917, 2.284090094440963, 2.2938040417068826, 2.303322225378035, 2.3125480109939733, 2.321449485403919, 2.3380998645294917, 2.3531128882656414, 2.3662142980828107, 2.376846391300698, 2.3842614291843685, 2.387232596469203, 2.3848061772950735, 2.376426124359536, 2.3622627675087338, 2.3451820420304674, 2.335290932755447, 2.3256724656731858, 2.3164843362619054, 2.3077725599822365, 2.2996095256550984, 2.2919419234163745, 2.2847720268882887, 2.2781006331268063, 2.2663809300870934, 2.256884470410642, 2.2501249213516, 2.247447629770048], "y": [0.906878987501218, 0.8923690108915867, 0.87978814412159, 0.8721712133656768, 0.8700803234328593, 0.8707993754334946, 0.8728686716585152, 0.875950839007589, 0.8798723985351286, 0.8897573038462437, 0.9019865963986686, 0.9163434368801024, 0.9326137903370165, 0.9506599105239162, 0.9699424779251163, 0.9870354003518736, 1.0021294461943013, 1.0122034075103974, 1.0154180911678468, 1.014393492568145, 1.011869817476467, 1.0081031071970767, 1.0033371044211328, 0.9977962405391645, 0.9915878447807378, 0.9848144671779845, 0.9775495813803835, 0.9618786964442761, 0.944768894352104, 0.9263323033966527, 0.906878987501218]}