{"x": [2.1704546399209863, 2.1720042375797823, 2.1778715726001665, 2.189454640909512, 2.204430856841462, 2.2144335326813964, 2.2240839871099527, 2.2332387566246825, 2.2418850040684406, 2.2499514407495624, 2.257498383419286, 2.2709896717054288, 2.2821295218996256, 2.2907931331259697, 2.2965809812406497, 2.2988387126107934, 2.2970568573316297, 2.2905735629243593, 2.2778418532227045, 2.260493069391323, 2.25022938875985, 2.2404603303134327, 2.231396250040392, 2.22302307024149, 2.215392443443375, 2.2083654594892472, 2.1959997033796377, 2.1859298380693555, 2.178001023447655, 2.172541743957613, 2.1704546399209863], "y": [1.0661755822011647, 1.0512928620452475, 1.0375280158091984, 1.0275501958781497, 1.0244781740040403, 1.0255003940178853, 1.0283230146154605, 1.0324163459751339, 1.0374964612916624, 1.0433262752009018, 1.0498145559660044, 1.0644261339622254, 1.0806894115037362, 1.0983962547927058, 1.1172718719836177, 1.1368854070856007, 1.1542701014369028, 1.1704987643378548, 1.1831167963120568, 1.1876257720717174, 1.186209303425431, 1.1827574893224904, 1.1778062792675619, 1.1717596362105094, 1.1649749060466053, 1.1575667669255074, 1.1413380526405408, 1.1239736639782731, 1.1055330002245949, 1.0861775813392234, 1.0661755822011647]}