{"x": [2.2722828837072386, 2.2735862316626654, 2.2782474971166136, 2.2892442786875384, 2.299274216337951, 2.31311554485229, 2.32322430788646, 2.332048477262539, 2.3455680792626175, 2.355017562013639, 2.3618675130411124, 2.366579631972396, 2.369749178312963, 2.3715748486113513, 2.372175271726348, 2.3704911415779466, 2.3651477384613213, 2.3606041055085076, 2.354311202745722, 2.344833634826936, 2.3380143367129445, 2.3294917428320656, 2.3182831563063413, 2.3097225238901276, 2.297774810829346, 2.289471134979915, 2.283173634357739, 2.27851134776332, 2.2751387106480943, 2.2730310648982006, 2.2722828837072386], "y": [1.1124700962175134, 1.0855888246229555, 1.0590827105584397, 1.0331573647011978, 1.0226423103139515, 1.0182169693105858, 1.0204386486970112, 1.0258476212611245, 1.0411415135257116, 1.0586747368107585, 1.0773772717711958, 1.0960214366265784, 1.1149888540567992, 1.1341260346186688, 1.1533407228539485, 1.1860870088543418, 1.2184382620651457, 1.234733113655364, 1.2504355390595892, 1.2650701022199107, 1.270789279510255, 1.273353886534243, 1.2695671696064468, 1.261400945899593, 1.2416285671856655, 1.220764979514607, 1.1992108196136955, 1.177808568922816, 1.1561655892339477, 1.1343622683088344, 1.1124700962175134]}