{"x": [2.189305094655704, 2.1917520804573787, 2.199984492581543, 2.2124347020385353, 2.2262822179422432, 2.2448139119073534, 2.26252359797651, 2.2790790702104524, 2.294279913137608, 2.307905372684629, 2.313896451293861, 2.319208518872929, 2.323735724617844, 2.327268532070194, 2.3295914142380445, 2.330433105768325, 2.3275265242464984, 2.318359965565683, 2.3042676499561527, 2.2880876792424307, 2.269425880993766, 2.2519652821807057, 2.2361567918509264, 2.222055934635607, 2.2098238333513853, 2.204477445167414, 2.1997205335438212, 2.1956264263360685, 2.192361903532426, 2.1901405714086817, 2.189305094655704], "y": [0.7840958225346077, 0.7702165490031919, 0.7587776083227191, 0.7524877329886155, 0.7508094748028381, 0.7531331607628937, 0.7590652950322252, 0.7676101190721177, 0.778381936609817, 0.7913725645180278, 0.7986450885243516, 0.8064274124934478, 0.8147611004169725, 0.8235625331280778, 0.832771903424653, 0.8422323388370966, 0.8584092936713934, 0.8720517379467081, 0.8803979003937427, 0.8829396192086414, 0.8800089183010684, 0.8727992573677888, 0.8626009591800631, 0.8501478680687895, 0.8359030300067516, 0.828178178121939, 0.8200770056721433, 0.8115687640953596, 0.8027090361411853, 0.7935162273925677, 0.7840958225346077]}