{"x": [2.22136355886766, 2.2243278769241264, 2.233918864613841, 2.247108289789257, 2.261350821760023, 2.279392809181513, 2.296849402565038, 2.313435745132689, 2.328933718780366, 2.3432013618194256, 2.349594848630674, 2.3553480855614164, 2.360346616714087, 2.364327134764251, 2.3670221882042606, 2.368097845631909, 2.3647194430750678, 2.3541456136701417, 2.3390639944262865, 2.3222887887507744, 2.3041116141501146, 2.2868124080552854, 2.2708262638504806, 2.2563182152607375, 2.2434583996504656, 2.2377722183978843, 2.2326728209587055, 2.228239510651305, 2.224673082698854, 2.2222223961698644, 2.22136355886766], "y": [0.7323434029586903, 0.7180156031222442, 0.7069663504403249, 0.7014011312024772, 0.6999579109542471, 0.7018362105203585, 0.7067665925359367, 0.7140409536855992, 0.7234130347097427, 0.7350441744608919, 0.7416787132879725, 0.7488755211826154, 0.7567119663138765, 0.7651114104640455, 0.7740264203227462, 0.7832775648424032, 0.8001018785584479, 0.8136172500874694, 0.821318367403795, 0.8236324377313131, 0.8212264850795293, 0.8151490059052212, 0.8062668529843567, 0.7951328522135606, 0.7820294059823434, 0.7748136195767595, 0.7671718673925083, 0.7590537138005298, 0.7505191224403864, 0.7415761885429697, 0.7323434029586903]}