{"x": [2.218945387288745, 2.2211281556823526, 2.2294639162157073, 2.237417672092645, 2.2485836992049126, 2.263044579802194, 2.2794388118003153, 2.2919819585604873, 2.303982301986766, 2.325202220133792, 2.342093944328204, 2.3550136107692032, 2.364084113730284, 2.3701680894714117, 2.3736150986754403, 2.3747108852410093, 2.3715576061143753, 2.362044285920491, 2.3542076840737756, 2.343682043129253, 2.328768875051959, 2.3081199921847144, 2.2934994287130626, 2.281079301389141, 2.2623548946722134, 2.2487884637787587, 2.2382100615742524, 2.2301779065431195, 2.22418146612764, 2.2202980321956445, 2.218945387288745], "y": [0.8237415668042046, 0.7923362244132729, 0.7619787689058962, 0.7474998728713853, 0.7353252886297696, 0.7270797345962251, 0.7241926277120382, 0.7255346249765899, 0.7294234866296523, 0.7428197498915423, 0.761018283017625, 0.7822220367714895, 0.8044704210360487, 0.8277136967417625, 0.8514686971640045, 0.8754474621304512, 0.9168442197579809, 0.9572562408681843, 0.9772871562969881, 0.996045108853886, 1.0123018881247907, 1.020067780906649, 1.016684277946408, 1.008261130923582, 0.9854577860894669, 0.9601252321809592, 0.9334066292699907, 0.9066406384872423, 0.8793463812273363, 0.8516631310617698, 0.8237415668042046]}