{"x": [2.1694408334987054, 2.1705972729447285, 2.174742194050363, 2.182771469780918, 2.1930809204489985, 2.199810994057333, 2.2063085016800925, 2.212470711408891, 2.2182848656243244, 2.223703409565464, 2.2287682635648083, 2.2378154772989287, 2.245286422406832, 2.2511136173932065, 2.2550257388582633, 2.2565426631586094, 2.2553119643904247, 2.250877840549857, 2.2422700510124454, 2.230802192398502, 2.2239507251130277, 2.2174041401942737, 2.211289225940449, 2.2056052590400896, 2.2003929016037582, 2.1955738215456826, 2.187060618852224, 2.180102536847585, 2.174632966389214, 2.1708894657708133, 2.1694408334987054], "y": [1.0385282299040803, 1.028270947602224, 1.0188174391825757, 1.0120035941727525, 1.0098558093842835, 1.0105869714022542, 1.0124872038518011, 1.0152519263819837, 1.0186888043503954, 1.022635447829104, 1.0270267878473016, 1.0369046178125496, 1.0478740973563367, 1.059798370955078, 1.072504023976899, 1.0857114935958414, 1.0971521302564944, 1.1077701023993096, 1.1158166111927217, 1.118523743124017, 1.117646343992664, 1.1154430148975976, 1.1122754048186374, 1.1083871596849575, 1.1039953510347433, 1.099175276278266, 1.088544476026039, 1.0770673635763055, 1.0648108218793981, 1.0518962018115146, 1.0385282299040803]}