{"x": [2.2689952051318545, 2.2707660363384856, 2.277715428946235, 2.2845182043801344, 2.2946964436213775, 2.3102081313728475, 2.3310150546443884, 2.345828299137779, 2.3590647411744676, 2.3798253086667174, 2.394398503161348, 2.4048255909410354, 2.411839904089001, 2.4164552104896786, 2.419867278133128, 2.416999298047803, 2.4083497837857015, 2.4012648217147574, 2.3916606948129835, 2.377411207731696, 2.3669665625996466, 2.3532320061170853, 2.3360480369472953, 2.3235907403158413, 2.3065141252519803, 2.294579981269452, 2.285415556777326, 2.278501225686171, 2.273402910319541, 2.2701367488216717, 2.2689952051318545], "y": [1.11912049095062, 1.0790058233328066, 1.0394580251180716, 1.0194475538879653, 1.0009245908851676, 0.9857571044183321, 0.9796140557783664, 0.9824725300613161, 0.9897112930672887, 1.011106104417339, 1.036333947954728, 1.0635386888606806, 1.0906921426616554, 1.11835456462878, 1.174286541899983, 1.2279483943210725, 1.280986169708642, 1.3076603554090453, 1.3335344663460602, 1.3581282205737981, 1.368261131565506, 1.3730703368353652, 1.366378054710241, 1.3527805844636653, 1.3211788771116002, 1.2883382353924997, 1.2546196223598411, 1.2211373401741588, 1.1873308559555635, 1.1532943190975897, 1.11912049095062]}