{"x": [2.343359673492242, 2.345151454978998, 2.3514938231120515, 2.357335395091361, 2.365384511945399, 2.3757774132872957, 2.3876196113708232, 2.403118770060216, 2.4164365256430997, 2.4269655255847455, 2.435014749069328, 2.4407015196695414, 2.4445605927683642, 2.446781116832052, 2.4475051846395055, 2.4453378559274723, 2.4425886979527314, 2.4386211390512225, 2.433000596076815, 2.4254371597892255, 2.414964077014707, 2.4013600252901925, 2.3924620979334055, 2.3845073812413804, 2.3719322796620252, 2.362717385483177, 2.3556310393408197, 2.350389188142848, 2.3465834868659186, 2.344202429417546, 2.343359673492242], "y": [0.8278140950841216, 0.8051447860645531, 0.7833071483995996, 0.7729301934738393, 0.7641542676200757, 0.7581185938732554, 0.7560682035613955, 0.7595639296295827, 0.7682288824313797, 0.7798946313005365, 0.7933912804307706, 0.8074941133729743, 0.8222025059320917, 0.8372337034681486, 0.8524107701246403, 0.879142665306451, 0.892282717584163, 0.9051075887255876, 0.917857215213151, 0.9295592624880133, 0.9392076050220892, 0.94341542549515, 0.9417863532618861, 0.9374794437042725, 0.9247863624579206, 0.9099608882464377, 0.8940080622060952, 0.8779290300087488, 0.8614508954609378, 0.8447062121089597, 0.8278140950841216]}