{"x": [2.344351957738805, 2.3448481561399803, 2.34647977250599, 2.34939411163543, 2.353590526624667, 2.364832458711238, 2.3777246984503475, 2.3901720714824366, 2.402053845878635, 2.4130511492420634, 2.422948502866684, 2.4315174447389567, 2.4383297735812484, 2.4429068229034563, 2.4445986363338443, 2.4440143319507968, 2.4421769996410343, 2.4390288823674977, 2.4346098670540246, 2.4290617889355985, 2.422658140053484, 2.415727162301352, 2.4085600702528556, 2.3959601408916646, 2.384150650972533, 2.3735297958295267, 2.3642229063314835, 2.3564002565647044, 2.350208885618159, 2.3459816301682355, 2.344351957738805], "y": [0.992006464638056, 0.9854640781696946, 0.9791090123487219, 0.9732091625101178, 0.9681404642632722, 0.9615445689305461, 0.959627011424585, 0.9611656494891482, 0.9651816101079247, 0.9711616892889187, 0.9788261801074549, 0.9880518188854365, 0.9986410280823813, 1.0104127454365035, 1.0229291537583836, 1.030079119146356, 1.0370136434014692, 1.0434719531158252, 1.0491369959571262, 1.0537285868680413, 1.0570236071860293, 1.058941083603821, 1.059530964932328, 1.057710353486425, 1.052955482952555, 1.0460199441970484, 1.037401007506883, 1.0274916370046736, 1.016489073715784, 1.004558476593016, 0.992006464638056]}