{"x": [2.238342323208243, 2.2400998281541655, 2.2468042274472584, 2.2631784883536725, 2.2782034288611253, 2.298400104321482, 2.3137121094654747, 2.3273020894140277, 2.338782055352635, 2.3485090640095145, 2.3634093399015006, 2.374111241503862, 2.381348278809066, 2.386128356702644, 2.389677199043744, 2.386931684357676, 2.3785872461689923, 2.3717079468948983, 2.3623409876458314, 2.3483731211384034, 2.3380963756169355, 2.324560989649613, 2.3069015517322793, 2.294219666456915, 2.276832752253788, 2.2646334602000775, 2.2552325262067936, 2.248111462894504, 2.242848426317085, 2.239480252423497, 2.238342323208243], "y": [1.1151454445144364, 1.0762264354308393, 1.0378489795250234, 1.0004039046997375, 0.9856456611833911, 0.9796749921011778, 0.9827472627832445, 0.9904419878382074, 1.0008092791306635, 1.012836566825037, 1.0390284596967696, 1.0671976410117283, 1.0953186483689155, 1.1239598183707016, 1.1818714886476878, 1.2347380783573068, 1.2870141198077822, 1.3133242015725957, 1.3388546781721429, 1.36313763379601, 1.3731449755393217, 1.3778938400347618, 1.3708023894245285, 1.356613865710764, 1.323885767464657, 1.2899440189679736, 1.2551232283727305, 1.220531936088159, 1.185609629597908, 1.1504488478395625, 1.1151454445144364]}