{"x": [2.3236132528654694, 2.3260725261483266, 2.3351932163961617, 2.3438999914308454, 2.356172416067602, 2.3722477447311925, 2.3906355339419414, 2.4155501553118492, 2.436984436042086, 2.4538671041957323, 2.4666220004705974, 2.4754592105022404, 2.4813311986043325, 2.4846309618012645, 2.4856752704524614, 2.4821981663904924, 2.4779129922229575, 2.4718403287931117, 2.463397988142755, 2.4521129528694097, 2.436094560027312, 2.4134662410990653, 2.39839718353851, 2.38568510228552, 2.3667099766513156, 2.3530980201590976, 2.3425662673362346, 2.334636202456561, 2.328764421123853, 2.3249954019936068, 2.3236132528654694], "y": [0.8884595381342251, 0.8533149987200077, 0.8192856042922442, 0.8029563451025294, 0.7891057050189592, 0.7795985817329404, 0.7763289039569082, 0.7818081784272328, 0.7956404745599939, 0.8143968633594354, 0.8361716016081353, 0.8588872805913846, 0.8825435294179061, 0.9066697102844335, 0.930998098225299, 0.9767410986705648, 0.999293416851755, 1.0214314504559294, 1.043612637174042, 1.064491481461019, 1.0828470370961214, 1.091873360511482, 1.0882888728109357, 1.079438559931942, 1.0556402291838305, 1.029328488183231, 1.001639586859654, 0.973960986671117, 0.9457738793102403, 0.9172239695642791, 0.8884595381342251]}