{"x": [2.183378068692509, 2.184538410739271, 2.188674173445229, 2.196413508031105, 2.2060871753707887, 2.2124902608951373, 2.218697126791097, 2.224615505199217, 2.230229081732016, 2.2354921088794635, 2.2404362746177404, 2.2493330527938618, 2.2567718651465816, 2.262632690849055, 2.266609712594674, 2.268163906602384, 2.2669235576651046, 2.2624870676512376, 2.2541482006947264, 2.243391154852674, 2.2368932652816875, 2.230650003935099, 2.2247747904905983, 2.2192769518978834, 2.2141984710435603, 2.209478647883124, 2.201082622844421, 2.1941477926422395, 2.188653962499139, 2.1848605698884507, 2.183378068692509], "y": [1.0124236034360574, 1.0027885594478345, 0.9940092694332329, 0.9879052385002604, 0.9860140342109374, 0.9866557339714517, 0.988354586102844, 0.990847843648026, 0.9939673459606913, 0.9975726824101804, 1.001604199596208, 1.0107341315861835, 1.0209814069917296, 1.0322060809086553, 1.0442562258573616, 1.0568501599621738, 1.0675757436133215, 1.077419227066898, 1.084604877337816, 1.086940736213329, 1.0861662304028148, 1.0842055887003463, 1.081362044142302, 1.077843855761831, 1.0738382159878126, 1.0694156163992066, 1.0595896943626326, 1.0488720336654225, 1.0373491021325023, 1.0251309219672546, 1.0124236034360574]}