{"x": [2.2802455755710134, 2.2822522351435257, 2.289866287725703, 2.2973012923495006, 2.30817527260604, 2.323515698850544, 2.34216831633506, 2.355485156368388, 2.3678951565899093, 2.3887024366533844, 2.4042118831098844, 2.4156031748507285, 2.4233667291234577, 2.4285031543177333, 2.431391608951544, 2.4323072148814946, 2.4292990944255513, 2.4202431231319745, 2.4128059748639368, 2.4027604575462, 2.388103340763318, 2.3656516963787504, 2.350036624517677, 2.337654357318679, 2.3199423820820275, 2.307414943232468, 2.29774688003641, 2.290449639057393, 2.2850424812258328, 2.281557772335006, 2.2802455755710134], "y": [0.956850497463186, 0.9212642995082955, 0.8864443286467275, 0.8691886379776697, 0.8538656256236157, 0.8424766640462732, 0.8383393963307884, 0.8402979050454245, 0.8455099947760777, 0.8622534976330738, 0.8834560370573786, 0.907127308250562, 0.9312036245191926, 0.9559737459608884, 0.9810881123227494, 1.0063514500616626, 1.0532323270863166, 1.0993284744655512, 1.122403553153428, 1.14446841237871, 1.1646629521149918, 1.1755521289422917, 1.1709064802329232, 1.1603191302259586, 1.1338204287945188, 1.105480916090647, 1.0760429600056978, 1.0467385537874772, 1.0170272664728397, 0.9870254713269787, 0.956850497463186]}