{"x": [2.260559129953203, 2.2622788654853005, 2.267994238645736, 2.276734149962335, 2.2865373148935193, 2.298786290676813, 2.310458736341611, 2.3213074886353784, 2.331197070071481, 2.3399694397973696, 2.343805840883124, 2.347197595533933, 2.3500814588846763, 2.3523343408733663, 2.3538269306975597, 2.354393371154276, 2.3525270165383807, 2.3464087680646664, 2.3368932289756983, 2.3259607510521585, 2.3136187636634906, 2.3020368225362424, 2.291513625413615, 2.2821163815048933, 2.2739727165073917, 2.270429791200209, 2.2672938414421973, 2.2646151125414433, 2.262500623680729, 2.261082085023008, 2.260559129953203], "y": [0.8220468595388979, 0.8122278479546463, 0.8040605357634171, 0.7994372413725133, 0.7981492746885631, 0.799759042399012, 0.8038066061136006, 0.8096514756556344, 0.8170036253625987, 0.825791543161671, 0.83068053901556, 0.8358878659823288, 0.8414321699568198, 0.8472614492546713, 0.8533383523925359, 0.8595701836915417, 0.8705041418405355, 0.8797562635415351, 0.885387951214468, 0.8870439453722063, 0.8851786551847853, 0.8805243453637416, 0.8739008278326964, 0.865758317833578, 0.8563742111076768, 0.8512652876975426, 0.8458969325250416, 0.8402530889851021, 0.8343745266366223, 0.8282812161601562, 0.8220468595388979]}