{"x": [2.201147406201738, 2.2024354650456046, 2.2069978608992638, 2.215150117214097, 2.2249989251877516, 2.2316135481246855, 2.2380529749523754, 2.2442327035539917, 2.2501329203413873, 2.2557079934435063, 2.2609801341543476, 2.270561048014135, 2.278708626608931, 2.2852126768109016, 2.2896873163431897, 2.291455251149628, 2.290085483478855, 2.285243745651869, 2.2765146665436076, 2.265588698657957, 2.258847718289579, 2.252329539537741, 2.2461486189999396, 2.2403242166517563, 2.2349050637159324, 2.2298394619116513, 2.220758488279276, 2.213164840460241, 2.207085641604902, 2.202832914153696, 2.201147406201738], "y": [0.9615378672407942, 0.9517215721971364, 0.9429350320336867, 0.937148973755799, 0.9354346998815527, 0.9360592915301331, 0.9376954863400865, 0.9401051827505642, 0.9431355497649774, 0.9466613734013384, 0.9506258916234916, 0.9596798055988288, 0.969993302172318, 0.9814147109952257, 0.9938118226626156, 1.0068726489442041, 1.017793716868719, 1.0276782281312191, 1.0346315512467985, 1.0369050397973885, 1.036222850553994, 1.0343736495779667, 1.0316347522181495, 1.0282023077934412, 1.024251883887882, 1.0198572569485473, 1.0100030257024215, 0.999125922386291, 0.9873353242239178, 0.9747320658193512, 0.9615378672407942]}