{"x": [2.215698902654665, 2.218261695502315, 2.226910155082456, 2.239430614342133, 2.2531489035997163, 2.2715213731665727, 2.2891803267249395, 2.305824343537465, 2.321254437882292, 2.3352921788324106, 2.341538834983151, 2.3471326471669522, 2.351964156049145, 2.3557958953944538, 2.358383127524712, 2.359416856505331, 2.3564469874549987, 2.34678497306919, 2.332382445875208, 2.316110868445389, 2.2975927911479364, 2.2801238128412673, 2.264148349623785, 2.249772849216235, 2.237160862382607, 2.2316113713893477, 2.226649152018636, 2.222350135082737, 2.218899637141549, 2.216532047410095, 2.215698902654665], "y": [0.7682419447184093, 0.7544544556363932, 0.7434151209980493, 0.7376081655632739, 0.7360945039960849, 0.7382267792404547, 0.7437272878465988, 0.7517042596398196, 0.7618318241622111, 0.7741807612698994, 0.7811482425325776, 0.7886499605667159, 0.7967470076574888, 0.8053623093503209, 0.814446436864467, 0.8238350761260287, 0.8401540251315167, 0.8536363727322972, 0.8615771782729671, 0.8639698650793767, 0.861256913342188, 0.8545402109634993, 0.8449123868744294, 0.8330272949633106, 0.8192634765143557, 0.8117497804883198, 0.8038359408909517, 0.7954795918442711, 0.7867386433852674, 0.7776230569583832, 0.7682419447184093]}