{"x": [2.19557846999027, 2.1966969505118077, 2.2007475240456102, 2.2085054520193257, 2.2182686830681386, 2.2255738829880607, 2.232619902637465, 2.2393072891379813, 2.2456348275583395, 2.2515581240049087, 2.257124462308142, 2.267165153631162, 2.2756121980141457, 2.2823331554135406, 2.2869669159988373, 2.288832757668676, 2.2876669655193105, 2.2833456681798605, 2.274979648820744, 2.2639984625172453, 2.256538174026156, 2.2494082750431144, 2.2427404374563817, 2.236523427942252, 2.2307980116474884, 2.2254771103096043, 2.2159916322741955, 2.208109175674038, 2.201795313803257, 2.1973576710536142, 2.19557846999027], "y": [0.9837916071779521, 0.9740808538503063, 0.9651846421332493, 0.9589609576170568, 0.9570638506380148, 0.9578848809613472, 0.9599809830013395, 0.9629892497647059, 0.9666950647446738, 0.9709253692559132, 0.9756154433433564, 0.9861401466068002, 0.9978635903223586, 1.0106550102199106, 1.0243775423541, 1.0387406290766261, 1.0497106867715507, 1.0598609393038552, 1.067413845740537, 1.0699535746485576, 1.0690461908929756, 1.066670524640788, 1.0632572974040868, 1.059078904058119, 1.0543696423036772, 1.0492077098193557, 1.0378284604864467, 1.025509276377875, 1.0123172118150043, 0.9983440986539902, 0.9837916071779521]}