{"x": [2.218413485780949, 2.220695309678772, 2.2294262945861094, 2.237692752152077, 2.2491325790776737, 2.263587545217041, 2.2796966174510027, 2.292156312263553, 2.304139265114358, 2.325607372460037, 2.343028394397712, 2.3565389036127407, 2.366137623363234, 2.3726103475057654, 2.3762880269026376, 2.377460102383788, 2.374201275170438, 2.3643670062485516, 2.3562750884572825, 2.3454424411149435, 2.330275860292644, 2.3098458983293852, 2.295332616624183, 2.2827935820380327, 2.2635798662625914, 2.2495357877925395, 2.2385439181955338, 2.230175580135801, 2.2239083370537482, 2.2198348956407763, 2.218413485780949], "y": [0.7998543525300958, 0.7689637021559592, 0.7392448713682976, 0.725283440231451, 0.7137775182783321, 0.7062153165901195, 0.7036402957699167, 0.7049071107397361, 0.7085482171601865, 0.7212230380331783, 0.7387465520715868, 0.7594354788286204, 0.7814014829531089, 0.8044827437553318, 0.8281459501868222, 0.8520645392637723, 0.8926946784397062, 0.9322511610820525, 0.9517718776728907, 0.96991550634295, 0.9853526720962684, 0.9924904528798569, 0.9893687490597486, 0.9814218633651907, 0.9593951837090987, 0.9346037937655706, 0.9083163831253521, 0.881913024121242, 0.8549336224834674, 0.8275262742906082, 0.7998543525300958]}