{"x": [2.271793056724068, 2.273046746782992, 2.27754708831342, 2.2882022849973325, 2.298032232526084, 2.311835830444496, 2.322145979425203, 2.3310503650916483, 2.3445505105424767, 2.3539412482768745, 2.3607463986115906, 2.3654350750236275, 2.3685930529389836, 2.3704150716646737, 2.371016236026474, 2.369385310638083, 2.3641885352811043, 2.3597596758833133, 2.3536099194530826, 2.344301950965791, 2.3375407818969762, 2.3289981352405826, 2.317638534145524, 2.3090879256035297, 2.297212268222722, 2.2889538553284106, 2.2826834903722735, 2.2780299298636044, 2.2746582087758944, 2.272546370707166, 2.271793056724068], "y": [1.1331371441128655, 1.1062344803214617, 1.079681288725221, 1.0536024670602697, 1.0428736412262403, 1.0382697019671099, 1.040644687548442, 1.0463588492909126, 1.0622452812043173, 1.0802750365060638, 1.0994309222950067, 1.1185046125655476, 1.137890600353624, 1.1574413931703342, 1.1770676983093251, 1.2099529316347628, 1.2424658831215174, 1.2588571961178914, 1.2746834538296605, 1.289509917338625, 1.2953637481505547, 1.2980102421437085, 1.2939476544863568, 1.2854369407046522, 1.265102902280315, 1.2437439204532517, 1.2217191613958043, 1.1998492247312347, 1.1777453505905593, 1.155484875849457, 1.1331371441128655]}