{"x": [2.2513740376970985, 2.2537508088537095, 2.2621541381089227, 2.2773499919902247, 2.295934028847446, 2.306011347237084, 2.3158634027677327, 2.325365556037616, 2.334465595857909, 2.3512193674223885, 2.3659118168836355, 2.378191963398537, 2.387701097259572, 2.3939402713911435, 2.3962645497448567, 2.393504653666489, 2.3842470389783195, 2.3768111849792573, 2.367690796738775, 2.357319496503433, 2.3463437952801014, 2.3359526237223487, 2.32590440885171, 2.3164108701208623, 2.3075318680756522, 2.291791164043059, 2.2784704449606368, 2.2676600984526454, 2.2592401078629947, 2.253548415792644, 2.2513740376970985], "y": [1.0817560931134564, 1.0632581562963688, 1.0466086288241447, 1.0354102338735809, 1.0321009138920525, 1.03287774709805, 1.0351344742807398, 1.0385369641230107, 1.0429024113120384, 1.0539670814550746, 1.0676509301767487, 1.0834570089649596, 1.101069802562214, 1.120122041781715, 1.140034672026251, 1.1614433788436105, 1.1809432845931371, 1.1891172689904541, 1.1953562163348244, 1.1991745286754842, 1.2004696581510947, 1.1993321629580322, 1.196450545431301, 1.1921171546573315, 1.186633645204874, 1.1732323854546907, 1.1574234648887325, 1.1401660264601763, 1.1216245450951823, 1.1020373032126314, 1.0817560931134564]}