{"x": [2.1874337053107102, 2.188676640845231, 2.1932307453344224, 2.204021189788055, 2.2135304332844243, 2.2259073138425545, 2.2353001955269702, 2.2437217266866702, 2.2509246123775153, 2.2570961670344376, 2.2667189619226713, 2.2737929924249025, 2.27870201331769, 2.282025891629808, 2.2839517850110793, 2.284590124823218, 2.2829778127792, 2.2778182060389875, 2.273397355070404, 2.2672665154252316, 2.2581171159649873, 2.244159182371574, 2.233757005600162, 2.2254491165769763, 2.213517739468495, 2.20511679031956, 2.198698217333144, 2.1939222889091523, 2.1904395127182243, 2.188238709603362, 2.1874337053107102], "y": [0.9845922004812034, 0.9607992333893443, 0.9374131199012337, 0.9149011278113318, 0.9062834683198625, 0.9028919207919738, 0.9046892225982481, 0.9092207050318978, 0.9153853198951297, 0.9225822603425692, 0.9383796636548896, 0.9554710130845464, 0.9726384449086056, 0.9901818492112425, 1.007926235060809, 1.0257634101953013, 1.0545823627024131, 1.082981482970844, 1.0972550328857806, 1.1108818797589868, 1.1232587064125188, 1.1297451105239324, 1.1267274890813856, 1.1197783667819392, 1.1022556734058644, 1.083435615288564, 1.0638506094177556, 1.0443586751061045, 1.0245946859964963, 1.004645883760797, 0.9845922004812034]}