{"x": [2.200909301076861, 2.202155906722013, 2.2066716386724523, 2.2173314323099893, 2.226737341168933, 2.2390385769636905, 2.24835674141472, 2.256698423111514, 2.2638162301148412, 2.2699041440230343, 2.2793750206228323, 2.286324936781534, 2.291141271323759, 2.2943997270176326, 2.296286543920328, 2.296911664727328, 2.2953126018492522, 2.2901985549081045, 2.2858181312933983, 2.279743318106234, 2.2706604415469087, 2.256730152138025, 2.2464321337214703, 2.238240023644469, 2.2264974754386615, 2.2182373088432805, 2.211932312158647, 2.207244949085377, 2.203833118482019, 2.2016844528906154, 2.200909301076861], "y": [0.9840120015786872, 0.9603187386856485, 0.937026403098487, 0.9145791273932413, 0.9059332139450372, 0.9024832083307857, 0.9042587287573925, 0.9087750334405508, 0.9149173021165113, 0.9220816545136743, 0.9377816017879594, 0.9547487616378266, 0.9717752786815389, 0.9891672833835138, 1.0067541856040865, 1.0244309622253185, 1.0531971995448732, 1.0815503287460162, 1.0958074092739192, 1.1094290501796416, 1.1218276688917888, 1.1283216221982024, 1.125256213099484, 1.1183038574744821, 1.100858140997297, 1.0821517533470486, 1.0626990849462463, 1.043341074776823, 1.023718043863273, 1.003915593153819, 0.9840120015786872]}