{"x": [2.228579517924805, 2.230101363630258, 2.235608506298493, 2.2408200587225955, 2.248232204244827, 2.2582901431119082, 2.27015699391176, 2.278934454095544, 2.2871535805354752, 2.3011322882214826, 2.311825841894474, 2.319901540648334, 2.325588112608198, 2.329460575237664, 2.3317061255080214, 2.332446478634982, 2.3305523790524885, 2.3245509768223993, 2.319435312554554, 2.3124308469647503, 2.3024085693377985, 2.288754915126352, 2.278982375999904, 2.270543772195275, 2.2576602260208025, 2.248348723326644, 2.241180788420273, 2.2358416970514425, 2.2319378036638065, 2.2294694946369376, 2.228579517924805], "y": [0.8776821538185572, 0.8550501836662721, 0.833045787129288, 0.8223146371788531, 0.8129670194777942, 0.8062520584788131, 0.8039216749125653, 0.8052100440926669, 0.8085491551999175, 0.819267982658946, 0.8329362649517958, 0.8482971607795491, 0.8640797330628903, 0.8804024387735558, 0.8970174756146821, 0.9137672165827118, 0.9408823512142369, 0.9673927512600078, 0.9805591102813593, 0.992825344119897, 1.0032754586597505, 1.0080950716527217, 1.0059229008582273, 1.0005367322044523, 0.9856106322435909, 0.9687936216303636, 0.950957236414554, 0.9330750392782043, 0.9148256971671594, 0.8963252769368258, 0.8776821538185572]}