{"x": [2.2236110657469603, 2.2260624267859455, 2.234637090532424, 2.247870018554495, 2.2627118702898126, 2.2817264116584726, 2.299881242943378, 2.3168210132803453, 2.33233220101502, 2.3461674682008313, 2.352229480354476, 2.3575907859570635, 2.362146741494455, 2.3657017747303586, 2.3680586736914844, 2.3689804489322257, 2.366088743857308, 2.3565112681303275, 2.3414375380027748, 2.3239169782957467, 2.304678717027144, 2.286725868352932, 2.2705529553620107, 2.2562157163231182, 2.2438844762020915, 2.2385293422092722, 2.2337882621908824, 2.2297325567410082, 2.226520188428931, 2.224350342067988, 2.2236110657469603], "y": [0.8530749064802752, 0.8381902789163976, 0.8257791367331164, 0.8188007552138956, 0.8169225566802011, 0.819312593818613, 0.8254499517192169, 0.8343078988099402, 0.8454802799702368, 0.8589269003994536, 0.8664433870788903, 0.8744746986522726, 0.883051625127412, 0.8920894421929565, 0.9015229943153783, 0.9112027261693587, 0.928750326103502, 0.9437353913482096, 0.9531290720388499, 0.9560425861418655, 0.9529845819768854, 0.9454243365712859, 0.9347169286573911, 0.9216534193437302, 0.9067636075977102, 0.8987079482200067, 0.8902762658048624, 0.8814442662824372, 0.8722718264713609, 0.8627817615661033, 0.8530749064802752]}