{"x": [2.2037394441807847, 2.2060845026588436, 2.214771898901353, 2.2230723258918745, 2.234737434836554, 2.2498682707844218, 2.267021529587877, 2.2796949250883984, 2.2918114662228315, 2.3132238186244805, 2.3302431934529295, 2.3432292741467626, 2.352322700472261, 2.358407772017929, 2.3618475471904983, 2.362940112038502, 2.3596533270573645, 2.3497756016039495, 2.341667721495516, 2.3307974893885652, 2.3154002679358676, 2.293993142010644, 2.279121794687841, 2.2665040810330255, 2.24752502240718, 2.233812525901235, 2.2231453997515405, 2.215067156813752, 2.2090510132328274, 2.205165071975672, 2.2037394441807847], "y": [0.846173415328841, 0.81339106756544, 0.7816938946525175, 0.7665597916059592, 0.7538372369663603, 0.7452473140019548, 0.7423327496370112, 0.743771977056731, 0.7477564167934947, 0.7613750910467756, 0.779841713685743, 0.8013367591486982, 0.8238707158262903, 0.8473960534470126, 0.8714276738557438, 0.8956796250094153, 0.9386727313913269, 0.9806446349905866, 1.0014511997924065, 1.0209573247957504, 1.0379181123860397, 1.0460714984168833, 1.0426130639981839, 1.0340159108677005, 1.0107612124550365, 0.9849483913175592, 0.9577354033300659, 0.9304909803417336, 0.9027182849496261, 0.8745614054931689, 0.846173415328841]}