{"x": [2.273369617272953, 2.274680196733303, 2.279369413645401, 2.288151047332717, 2.299179379945398, 2.3058058112561914, 2.3122438654215713, 2.3183961179667136, 2.3242367005496343, 2.3297145571850817, 2.3348553032938058, 2.344075939040966, 2.351728432618761, 2.3576897087622206, 2.3616636915308824, 2.3631671674460164, 2.361698301372089, 2.3566154570005224, 2.347194405594418, 2.335006370717407, 2.3282747316357995, 2.321792849887044, 2.3156851212987077, 2.3099725958002355, 2.3047048243332466, 2.2998221208860237, 2.291183260515888, 2.2841216191942593, 2.2785894541510996, 2.2748243720448267, 2.273369617272953], "y": [1.0976732290428208, 1.0866852072121704, 1.0766619598828844, 1.0696379870664119, 1.0674404511443363, 1.068075232487283, 1.0697675675113398, 1.0722788179789018, 1.0754480742610795, 1.0791367607561269, 1.0832823669630516, 1.0927222156269285, 1.1033592221517343, 1.1150284017505052, 1.127539540611315, 1.1405802727538252, 1.15274625907739, 1.1638967516164096, 1.1720988675471034, 1.1748343238479348, 1.174070411843506, 1.1720996923630373, 1.1692044667109531, 1.1655914717601437, 1.1614528061404896, 1.1568661759628742, 1.1466420369165191, 1.1354865990993883, 1.1234988669960069, 1.1108195278630202, 1.0976732290428208]}