{"x": [2.2886565528736686, 2.290201659543082, 2.295662888386107, 2.305528677973023, 2.3176805522891253, 2.324203135352024, 2.3305737102950004, 2.3367023196884746, 2.3425522316020926, 2.353263676857395, 2.3626038158625624, 2.370369635059321, 2.3763894460657586, 2.3803571440192672, 2.3818246050719973, 2.380067361610103, 2.374187907144672, 2.369464947865546, 2.3637076863913684, 2.357225917391767, 2.3504075280529926, 2.3437756389683937, 2.337349794318361, 2.3312494987230323, 2.325512581929479, 2.3152583147707495, 2.3065175779810363, 2.2993856133098025, 2.293832741747424, 2.2900914133796784, 2.2886565528736686], "y": [1.1095568156841547, 1.0974373766498235, 1.0865083722738134, 1.0790463354760964, 1.0767338156492758, 1.0772923029463826, 1.0787995430630741, 1.081077236111019, 1.0839972137344536, 1.0913644602101449, 1.1004073128272724, 1.110751611590144, 1.122200381835854, 1.1345348127529562, 1.1474083270811328, 1.1606956224940979, 1.1727402121161938, 1.1777089091136175, 1.1814302307232654, 1.1836540529496726, 1.1843383639051113, 1.1836725353253619, 1.1819022808064639, 1.1792458755712536, 1.1758757300509703, 1.1675756444635823, 1.157694301635124, 1.1467981093341373, 1.1350185701180417, 1.122522136943723, 1.1095568156841547]}