{"x": [2.307527672676055, 2.309457182444468, 2.3168562157032007, 2.32406635968028, 2.3348505801828656, 2.351382139130756, 2.373831757220042, 2.389457069337517, 2.403371043035677, 2.4250578572466175, 2.4401769292760362, 2.4509460735955035, 2.4581637219252634, 2.462898584523012, 2.466387754804469, 2.4632919812735716, 2.4540117171449953, 2.44645125727461, 2.436232826046634, 2.4211039678353456, 2.4099637249870183, 2.395100165430446, 2.376889539101365, 2.3638616231048375, 2.3461224056482104, 2.333771825262282, 2.3243159485992897, 2.3172017039193364, 2.311978492196217, 2.3086556684022193, 2.307527672676055], "y": [1.2048230172004664, 1.1614287268665773, 1.1186263700580508, 1.0969455943879256, 1.0768025360804068, 1.0601364433667908, 1.0532759962070455, 1.0563382581796184, 1.0640796510183839, 1.0868605740277901, 1.1136034637365115, 1.1423748734974195, 1.1710435690652528, 1.2002252350415747, 1.2591943162537544, 1.3175831670331144, 1.375312868286393, 1.404343769457355, 1.4325490427141236, 1.459475354855737, 1.470712646410337, 1.4761400149726365, 1.4687967198352592, 1.454105760044985, 1.4202431688731318, 1.3851636175209792, 1.3491956017921143, 1.3134943613857868, 1.2774678558209656, 1.2412126731086162, 1.2048230172004664]}