{"x": [2.191754780208123, 2.193530799700313, 2.200250826304467, 2.216515895865364, 2.230647537982955, 2.2483995180893523, 2.261997428922856, 2.274427427007265, 2.294665094787314, 2.309394442600553, 2.320135733463735, 2.3274538229835984, 2.3323077200561446, 2.335048975614018, 2.335991034218913, 2.3332746042331447, 2.325213418682639, 2.3185370867505872, 2.309449766550835, 2.29600337883227, 2.286444252485705, 2.2745569515817277, 2.258754757668328, 2.2466978827208193, 2.229739543422466, 2.2177549899874345, 2.2084857353769487, 2.2014596501640247, 2.196248976549881, 2.192902366907253, 2.191754780208123], "y": [0.9589983416460156, 0.9250783525168298, 0.8917832905676433, 0.8600629795617878, 0.8484715313557353, 0.844120418537692, 0.8464239290345917, 0.852399252228096, 0.8707412241160066, 0.8931128015708358, 0.9176498314524922, 0.9423926685611019, 0.9677343754020599, 0.9933752343867372, 1.0191449968437456, 1.0647420405626988, 1.1097029866748085, 1.1322849637027075, 1.1540091370159242, 1.1742000824158063, 1.1820707472231817, 1.1855372062576912, 1.1802015688627374, 1.1686772413167477, 1.1408779452132731, 1.1115656514947447, 1.0812849480180353, 1.0511613748436437, 1.0206713040877557, 0.9899149458290138, 0.9589983416460156]}