{"x": [2.254785199658937, 2.257440628550064, 2.267360217805024, 2.2767343223627505, 2.289686380558039, 2.3060667397663916, 2.324336720666794, 2.349060232379427, 2.370854075805712, 2.388526901450128, 2.4021437276213486, 2.411725437252517, 2.4181273846222218, 2.4217310283996762, 2.422871052447478, 2.419135167816852, 2.414544730343539, 2.4080589553951643, 2.3990703860447002, 2.387129850088576, 2.370471952495829, 2.3478602107112425, 2.3329539019944545, 2.3200478681781336, 2.300319812792032, 2.2860080137694383, 2.2748935334032505, 2.266509979879893, 2.2602839202950653, 2.2562715214920464, 2.254785199658937], "y": [0.8602864695906584, 0.825320546593216, 0.7916862066610606, 0.7758813368495977, 0.7628463096335789, 0.7542789990740556, 0.751464256471804, 0.7564312392450102, 0.7691178990885067, 0.7868196953891342, 0.8078021738783314, 0.8300744256809459, 0.8534598362971958, 0.8774091723378652, 0.9016012638231861, 0.9467598044151491, 0.9689678139112885, 0.9906980353849886, 1.0123684867035947, 1.032563199883055, 1.0498873519599718, 1.0580311183405702, 1.0548647690669537, 1.046761800572957, 1.0241492432030064, 0.9986473972525385, 0.9715985513560103, 0.9444694166106474, 0.9167654439035205, 0.8886489245570743, 0.8602864695906584]}