{"x": [2.2541777306566635, 2.2560652598480306, 2.263184820995465, 2.2806060390489606, 2.296409713685234, 2.3173776198084406, 2.332729036439479, 2.3465263983446625, 2.358307246267196, 2.368343606807618, 2.383774537658023, 2.394860987187693, 2.402336182737163, 2.407262616411996, 2.410908034107176, 2.407954164411852, 2.399033280274099, 2.3917107656153886, 2.381776884978661, 2.3670409477526113, 2.3562946655288437, 2.342325904434173, 2.3245790192211206, 2.3116011502878813, 2.293733978883916, 2.2812177179233792, 2.2715873507851976, 2.2643086205774754, 2.2589284406309402, 2.255471516848877, 2.2541777306566635], "y": [1.1269388026726965, 1.0865087000151463, 1.0466656602664492, 1.007962213525287, 0.9928844210043396, 0.9867653628968931, 0.9895585679288453, 0.9968455969110614, 1.0068730588485773, 1.0186463267799912, 1.0445543725705009, 1.0725977514756757, 1.1006403770219715, 1.12924103518363, 1.187111346453439, 1.241464054603348, 1.2951609824075243, 1.3221618748081567, 1.3483149898588123, 1.373079107951316, 1.383175536387438, 1.387897205825108, 1.381134907224856, 1.367269283002489, 1.3348611682262892, 1.301109983371238, 1.2664248958502884, 1.2319736621094883, 1.1971753707226556, 1.1621302426021367, 1.1269388026726965]}