{"x": [2.248239224469235, 2.249485719530579, 2.254006007257106, 2.262796665588493, 2.2742073305955617, 2.280836158277324, 2.2872522382122393, 2.293348154531178, 2.299099406849473, 2.304453500014978, 2.3094450291071604, 2.3183105689583643, 2.3255457083495368, 2.331107260796007, 2.334764028380296, 2.33613320688491, 2.334736654169219, 2.3298727815757783, 2.3205516767517604, 2.3145057948376198, 2.30805675651083, 2.3013112820173074, 2.294847710678357, 2.288800995460669, 2.2831846687265003, 2.273309820458325, 2.2649993248343887, 2.2582915341211582, 2.2530886119313616, 2.2495860756229527, 2.248239224469235], "y": [1.1389683091380094, 1.1275999809696728, 1.1170947615930793, 1.1094053903234293, 1.1069156456541585, 1.107592962419312, 1.1093913040730663, 1.1120483884434478, 1.1153865600822552, 1.119249654264019, 1.123571048437661, 1.1333393621450136, 1.1442054673546866, 1.1560159973522157, 1.1685652293050905, 1.181564480129468, 1.1940557932167015, 1.2056457028593934, 1.2145216224290072, 1.216881500380267, 1.2176106208944257, 1.2168003650482793, 1.214707475604165, 1.2116505659734669, 1.2078605349143416, 1.1988024611382295, 1.188290706225871, 1.1769419685401183, 1.1648292519166912, 1.152100895211469, 1.1389683091380094]}