{"x": [2.1757378227132516, 2.1769412303983287, 2.1812741664079094, 2.19150510638358, 2.20072165478168, 2.2131754752113615, 2.222557499111302, 2.2308278047333543, 2.243651617146755, 2.252703199256035, 2.259300993599522, 2.2638573147530976, 2.2669333849262694, 2.2687121444407685, 2.2693016116416618, 2.2677575783327883, 2.262820634803617, 2.258598233429553, 2.252735118835591, 2.2439059197420534, 2.2376194736449917, 2.229903000620921, 2.219559707878224, 2.211535429487975, 2.2002040027324954, 2.1922782026741108, 2.1862440830259007, 2.1817640787641417, 2.1785112784370555, 2.176469391584202, 2.1757378227132516], "y": [1.0136435519824913, 0.9895071371040187, 0.9657323525880839, 0.9426018084379716, 0.9333913599846769, 0.9295599787989226, 0.931483765656518, 0.9363134005547652, 0.9501973221243797, 0.9662777479960795, 0.9835108656680887, 1.0007292431896535, 1.0182726288155632, 1.0359884292474295, 1.05378354371099, 1.0831586040231918, 1.11215696252491, 1.1267625979222886, 1.1407903256778067, 1.1537459798521543, 1.1586915734548695, 1.1607973618305778, 1.1574545817700437, 1.1501218578825643, 1.1321515261785282, 1.1130767907248744, 1.0933219624729396, 1.0736859286184883, 1.0538097229003276, 1.033771875869966, 1.0136435519824913]}