{"x": [2.209649708565111, 2.2109164626253257, 2.215425186034873, 2.2236952266604906, 2.23387308170752, 2.240660960350458, 2.24725636287603, 2.253566477104794, 2.259571891814972, 2.2652246353257057, 2.2705522308998596, 2.2801849950340203, 2.288302860035982, 2.294734150847472, 2.299120866154649, 2.3008396018188693, 2.2994819856602198, 2.2946651345370186, 2.285785352858798, 2.2744647977691406, 2.267551075084879, 2.2608861115519305, 2.2545924049976427, 2.248685474385013, 2.2432135334847736, 2.2381164650082743, 2.2290211219683815, 2.2214724803696315, 2.215464966867531, 2.21129220310909, 2.209649708565111], "y": [0.9975551226121471, 0.9874126434221483, 0.9782395325438895, 0.9720096288146052, 0.9701079087860023, 0.9707580193306533, 0.9724896675966718, 0.9750407911434998, 0.9782440343578098, 0.9819604281586721, 0.9861295788490994, 0.995614277762552, 1.006341656478871, 1.0181575307508595, 1.0309090986802465, 1.0442841390002053, 1.0555966707548532, 1.0659220976995882, 1.0733655074847184, 1.0758353059267542, 1.0750962714033367, 1.0731153639127804, 1.0701997070224003, 1.0665637796260563, 1.0624005681474453, 1.0577859869121402, 1.0474889805937606, 1.0362014305811464, 1.024023558977466, 1.011067297695125, 0.9975551226121471]}