{"x": [2.2549132902328566, 2.2571173973479857, 2.2650158467508814, 2.2780921438092334, 2.293234126527739, 2.302654551443109, 2.3118990323378945, 2.3208736481167787, 2.3295407452430563, 2.345764045667716, 2.3603735036419033, 2.3730816199419147, 2.3833274811216305, 2.3903930422382254, 2.393165645965229, 2.3905777127717016, 2.381843982416706, 2.367231292722679, 2.3496138015811767, 2.3400142975826657, 2.330663976353187, 2.3217163532571794, 2.3132248175322987, 2.305264222894002, 2.2977908085998857, 2.2908103867734875, 2.284326422792609, 2.2729782751743546, 2.263847196286054, 2.257419432839215, 2.2549132902328566], "y": [0.9203214131020652, 0.9051838387213657, 0.8920835050104988, 0.8841354956279364, 0.8819262520342941, 0.8825889102189077, 0.8845184424009909, 0.8874205425512719, 0.8911417441132048, 0.9006073526360029, 0.9124123074887779, 0.9263457715220859, 0.9421780161054701, 0.9597349144611609, 0.9784560122478131, 0.9960859768749067, 1.0116177187299906, 1.022014647685281, 1.0253688745223277, 1.0244165655618034, 1.0220440432164293, 1.018470644829174, 1.013918397457236, 1.00859653323053, 1.0026097657695991, 0.9960584895477116, 0.9890154986983212, 0.9737900433935995, 0.9571401682608128, 0.9392065725487789, 0.9203214131020652]}