{"x": [2.289842415046444, 2.2918555760689885, 2.2985979420513596, 2.309201338877343, 2.3212912266096724, 2.33401873629252, 2.346153694209609, 2.357392020619781, 2.367542688491564, 2.3763945056153335, 2.383509788552749, 2.388372143343949, 2.390213347172483, 2.3896740920893156, 2.3879454490049286, 2.384956017665819, 2.380739144865119, 2.3754492933723386, 2.369360536021736, 2.3627966463177237, 2.3560254417222155, 2.3431573870263995, 2.3311061168313665, 2.320248069950326, 2.310685754138704, 2.302578986796467, 2.2960932422141367, 2.2935592445367172, 2.2915985416449636, 2.2903123333035036, 2.289842415046444], "y": [0.9364856095856887, 0.9243888881180048, 0.9141456470035344, 0.9080845648431103, 0.9063515455632587, 0.9079726367515852, 0.9121391983697938, 0.9182712837515353, 0.9260729754518845, 0.9354332707470048, 0.9461730353219401, 0.9581541252085521, 0.970952522664811, 0.9777153826914898, 0.9842757839651906, 0.9903792867981426, 0.9957091489301145, 0.9999879712641873, 1.0030240679865785, 1.004768163023335, 1.0052947595191806, 1.0033886055758308, 0.9984909386622312, 0.9914171801245139, 0.9826709033029389, 0.9726233504266713, 0.9614605500273395, 0.9554942566367056, 0.9493157903850737, 0.9429565646981136, 0.9364856095856887]}