{"x": [2.3292592966990235, 2.3310003539841992, 2.336887820454762, 2.346114784988754, 2.356583058294722, 2.3689089847728733, 2.380636239707428, 2.391496700174435, 2.401342947251917, 2.4099985841483607, 2.413753702225741, 2.417051562353027, 2.4198305012747476, 2.421979512418335, 2.4233846342372445, 2.4239043061130325, 2.42194919394547, 2.4156076030789686, 2.4056149544715484, 2.394013045829758, 2.3815963507077798, 2.369972645088508, 2.359465997192919, 2.350148942268187, 2.34215876276427, 2.3387103852292896, 2.3356771947181647, 2.3331065200204373, 2.3310937034049606, 2.3297540254549824, 2.3292592966990235], "y": [0.9004780817074333, 0.8899971927632319, 0.8811530957438103, 0.8759978701960471, 0.8745389394398304, 0.8761704152042024, 0.8803009924537478, 0.8862884215333856, 0.8938283371183432, 0.9028203808234267, 0.9078123851498372, 0.9131175842555094, 0.918746263691678, 0.9246442535891374, 0.9307690858296003, 0.937031503768488, 0.948626248220953, 0.9585280050240477, 0.9647086978351335, 0.9665660361683207, 0.9646744899161074, 0.9599161569461542, 0.9531256338107466, 0.9447773799823151, 0.9351910662293814, 0.9299850311405983, 0.9245266555312601, 0.9188075952942859, 0.9128691958745654, 0.9067361828224229, 0.9004780817074333]}