{"x": [2.286443761170581, 2.2892467244867554, 2.2987674288660025, 2.3135453758582307, 2.330219296932633, 2.3484967990218304, 2.3659977776344485, 2.3823318036909114, 2.3972250358098934, 2.4103889384262174, 2.4210785007187665, 2.428455323877665, 2.4305253382927807, 2.431295644317237, 2.430527101790485, 2.428003518491009, 2.4236524415203324, 2.4175502229000982, 2.409936002228941, 2.4011869675363684, 2.3917529600014875, 2.38201791971678, 2.363463760644742, 2.3461033000279032, 2.3304917430881664, 2.3167485717593923, 2.3050768691821495, 2.295678596455466, 2.289081515581184, 2.2871613511704663, 2.286443761170581], "y": [0.9134981159793245, 0.8968054593902636, 0.8828105469048232, 0.8747838547904169, 0.8725939096748568, 0.8747452791176255, 0.880438364458682, 0.8888352804659811, 0.8995823843873628, 0.9126368190068509, 0.9277840911480737, 0.9448789657022896, 0.9539789919177936, 0.9632796405742226, 0.9730252844129661, 0.9824698468050346, 0.9912402934665422, 0.9988963716635022, 1.0050519831220524, 1.0094476970351582, 1.0119990383125477, 1.01285859118296, 1.0100608765710213, 1.002940593353936, 0.992662611129453, 0.9799944277349248, 0.9655027222408303, 0.9494431257660102, 0.9319792273238569, 0.9228244915976187, 0.9134981159793245]}