{"x": [2.2015391897527343, 2.203459649960789, 2.2103400162865685, 2.2230629382609957, 2.2387580822093156, 2.248554142828248, 2.2580876355965893, 2.2672322088341703, 2.275953638064921, 2.284178270753258, 2.2919337554221153, 2.3059398788494176, 2.317684119747741, 2.326885795627007, 2.333051624915625, 2.3354402610289724, 2.3332932779014577, 2.3257221684082916, 2.311720042882275, 2.2935435412333387, 2.283487127429215, 2.2738091270601277, 2.264707422513065, 2.256211240999961, 2.2483899803274667, 2.2411448887375283, 2.22831834250808, 2.217797382166902, 2.20949316119048, 2.2037743536719803, 2.2015391897527343], "y": [1.0326507548516317, 1.017039689119889, 1.0028956409046648, 0.9932763556294512, 0.9904363117539439, 0.9912912353852762, 0.9937008440051964, 0.9972664070063658, 1.0017689764267974, 1.0070244414323346, 1.0129503972905576, 1.0265230473568276, 1.0419865897077127, 1.0590856393107875, 1.0775381691597858, 1.0968463986529986, 1.1150449884798712, 1.1317326039260363, 1.1440821460649535, 1.1483465918781215, 1.1471463781381679, 1.144161703871636, 1.1397705125583366, 1.1342989052525805, 1.128048056886503, 1.121137639268429, 1.105785323331571, 1.0891002830540482, 1.0712083549986946, 1.0522888719156145, 1.0326507548516317]}