{"x": [2.3497143987222278, 2.3526408838682165, 2.3626005981118476, 2.3786359213273736, 2.397033293428554, 2.4165478693435083, 2.4351580076557195, 2.452412083284786, 2.4680054993945553, 2.481590239713968, 2.492448086482854, 2.499783839500839, 2.5025424171847526, 2.5017309485178933, 2.499097897453881, 2.4945543017799703, 2.488128887288503, 2.47994925400069, 2.470397635420144, 2.459961642039176, 2.4491234496857106, 2.439051938672241, 2.429204325081522, 2.4197406992222117, 2.4107369674657266, 2.394349922434289, 2.3801104526431414, 2.3682144329614814, 2.358766165135776, 2.3522476707009945, 2.3497143987222278], "y": [0.9913575092349308, 0.9729738470422137, 0.9572471994938376, 0.9478587693594106, 0.9452489971881081, 0.9476591836620346, 0.9540066574886802, 0.9633438141731301, 0.9752488969024142, 0.9895893623596211, 1.0060909163051923, 1.0245018044095826, 1.0441274081530365, 1.0549233902342665, 1.065424759315955, 1.0752690552754565, 1.0840022375819862, 1.091211911895758, 1.0964704655871753, 1.0995775929207459, 1.1006253450975088, 1.0997284397597125, 1.0974340379101464, 1.0938977629747921, 1.0893153761206869, 1.0777133394604543, 1.063557775197779, 1.0475809767404982, 1.0300451959393835, 1.0111675642665146, 0.9913575092349308]}