{"x": [2.2199219305314792, 2.2221470212895826, 2.2299053991327202, 2.2426769571715983, 2.257384987570086, 2.267117761400949, 2.2766632908560593, 2.2859273508013365, 2.2948764597728015, 2.311647965991566, 2.3268013051767347, 2.3400590336583202, 2.3508343593616816, 2.358360067578997, 2.361387231777228, 2.358896194732379, 2.3502941679550244, 2.3358598241501403, 2.318519464827145, 2.3085982940643324, 2.298941911093984, 2.2897059944261855, 2.2809387176895344, 2.272713516801129, 2.264980667537391, 2.2577440705993292, 2.2510059359761883, 2.239154694639929, 2.229542223843943, 2.222697123411762, 2.2199219305314792], "y": [0.8779120866210897, 0.8632218721836568, 0.8505506053826354, 0.8429676534522379, 0.8408969780753865, 0.841599385085231, 0.8436250033789436, 0.8466498015264796, 0.8505079952903892, 0.8602681293038811, 0.8723891832327519, 0.8866782770183703, 0.902921365446749, 0.9209844849776213, 0.9403170701196993, 0.957673383489942, 0.9729525200717831, 0.983088341256862, 0.9863127932603666, 0.9853006374695109, 0.982808980073355, 0.9790818938556962, 0.9743566227532766, 0.9688517506636389, 0.9626743249342429, 0.9559260225810233, 0.9486799573249778, 0.9330213996557332, 0.9158970674150992, 0.8974199610407454, 0.8779120866210897]}