{"x": [2.2448938402851533, 2.247188876448493, 2.2556677422096576, 2.263763604200631, 2.2751690827151347, 2.2900669932597038, 2.3070720887012226, 2.319552178988496, 2.3314762828116287, 2.3524755660415906, 2.369061954932568, 2.3816529868474463, 2.3904266416760516, 2.3962835060035563, 2.399588963015425, 2.4006376819259994, 2.3974191798673368, 2.387755161048618, 2.3798265807800485, 2.3691913213218743, 2.354080646266498, 2.3328853660164857, 2.318254149492635, 2.305895924094714, 2.287387236653414, 2.274048890006399, 2.263687244794246, 2.2558504537189936, 2.2500234873943628, 2.2462676769059273, 2.2448938402851533], "y": [0.8443909887215567, 0.8118453176074721, 0.7803398143634144, 0.7652425662359374, 0.7524603542890687, 0.7437060597544516, 0.7406381385661498, 0.7420097826287192, 0.7459404071373738, 0.7594573907508733, 0.7777594186477598, 0.7990088524496208, 0.8212088194807933, 0.8443499667186862, 0.8679682875338037, 0.8917937216920668, 0.9344926760844682, 0.9762079754598465, 0.9969107125649889, 1.016362112642544, 1.0333698378175624, 1.0416375649164455, 1.0381747359259956, 1.0296109781877663, 1.0065784522127155, 0.9810919165331705, 0.9542570269168866, 0.9274087958825934, 0.9000539193981425, 0.87233221009691, 0.8443909887215567]}