{"x": [2.2752388836916193, 2.2769335365909944, 2.282999235551244, 2.288650849369949, 2.2965341474861356, 2.306890161322422, 2.3188203703390715, 2.3271361345082497, 2.335024353371052, 2.3487441853652853, 2.3594664624725854, 2.3676289041172156, 2.3733904364905922, 2.377306891314968, 2.3795679821561646, 2.380308962780827, 2.378236880197447, 2.371753057833429, 2.366289328019267, 2.358889968786854, 2.3485267033466286, 2.3348319189740376, 2.3254975846377772, 2.317248220343579, 2.304379329036837, 2.2950067980185835, 2.28779726445585, 2.282451607276349, 2.27855848279665, 2.2761110260740205, 2.2752388836916193], "y": [0.8510342874319965, 0.8282369531333761, 0.8061961365492284, 0.7956178401427721, 0.7865793278520266, 0.7802793997657945, 0.7781331869878698, 0.7792096656971143, 0.782053385673021, 0.7915245647908392, 0.8040215817958575, 0.818322533050493, 0.8331713032840202, 0.8486096521059044, 0.8643644482754334, 0.8802634130797665, 0.9072910223423736, 0.9336110762221885, 0.9465909351721149, 0.9585733625051661, 0.9685821904299625, 0.9730573203723198, 0.9712934417032993, 0.966582915808909, 0.9529632238699275, 0.937265674854907, 0.9204644841657059, 0.9035709067068226, 0.8862847101377217, 0.868733673953163, 0.8510342874319965]}