{"x": [2.24918044376606, 2.2521479329592657, 2.2620209189429112, 2.2767331053153597, 2.2930765202279706, 2.3110551627192404, 2.3283557248021496, 2.344618530788073, 2.359569842886067, 2.372955607748949, 2.383956059685598, 2.38830300876318, 2.3916580478259264, 2.3938441500309806, 2.39466575495101, 2.3938635521728657, 2.3912212878368106, 2.3866991581689163, 2.3804362325628485, 2.3640861602494168, 2.345261745679083, 2.3270442790496184, 2.309875308146273, 2.2942812005503073, 2.2804234888413464, 2.26851240105932, 2.2588303408031654, 2.254980171765898, 2.251958034707921, 2.249939266483048, 2.24918044376606], "y": [0.8630210271250803, 0.8466357798568006, 0.8332265864462634, 0.8258345080645355, 0.8238385021393193, 0.8258112000398408, 0.8310850671647338, 0.8389293475517313, 0.8490520872932248, 0.8614988879054752, 0.8760965453762807, 0.8842076957398027, 0.8927768520220865, 0.9017260168373056, 0.9109016126815155, 0.920493273333961, 0.92974864596543, 0.9382591165837036, 0.9455839735605056, 0.9554230512980789, 0.9585493480633709, 0.9559642862756361, 0.9493472572623892, 0.9396937668604817, 0.9276800291054936, 0.9137753574635543, 0.8982360005007491, 0.8898796852905295, 0.8811895475982437, 0.8722015971639685, 0.8630210271250803]}