{"x": [2.3186455373166623, 2.3204812614670005, 2.3266309132889194, 2.3365202897687305, 2.3479328763327385, 2.35989254019842, 2.3712475295687963, 2.381696704621211, 2.391068084733865, 2.3991577382286766, 2.405609132579861, 2.409984262873761, 2.4116378228714845, 2.4111611338526258, 2.4096183459861202, 2.406928527262225, 2.403096413078976, 2.3982181940373195, 2.392547724578915, 2.3863949980589503, 2.380030284277712, 2.373913077315044, 2.367925806545818, 2.362153612625965, 2.356638259160943, 2.3465257190217033, 2.3376675694263347, 2.33021023780266, 2.324282085212522, 2.320209005249219, 2.3186455373166623], "y": [0.9609787137195718, 0.9495696858335494, 0.9397861495133153, 0.9338317125445884, 0.932097366935144, 0.9336810102569835, 0.9377560197477146, 0.9437249250745593, 0.9512741187309036, 0.9602451168253485, 0.9704578936956297, 0.9817582792016377, 0.9937627040944399, 1.0001019429026201, 1.0062690318988001, 1.0120422765359758, 1.017129552751657, 1.021266821507729, 1.024226515731743, 1.0259355654505868, 1.026452588712992, 1.02595048742081, 1.0245995930993705, 1.022530905157008, 1.01985162006446, 1.013037443032813, 1.0046571290510802, 0.9950890579031454, 0.9845052595629725, 0.9730426161621861, 0.9609787137195718]}