{"x": [2.255519329188009, 2.2571506642588273, 2.262655421858761, 2.2712692826096097, 2.28101312631925, 2.2935869495255092, 2.305523916906798, 2.316572790720262, 2.326612372343266, 2.335481497562292, 2.342775229846581, 2.345682367496284, 2.347953867623453, 2.3494605681420433, 2.3500335328388213, 2.3482680370645905, 2.342399890002153, 2.3330777758930514, 2.3222524926543815, 2.309541257789969, 2.297658251423124, 2.2869123956694986, 2.2773490602136235, 2.273051058035028, 2.2690942967290417, 2.26550780269409, 2.26233475524964, 2.2596251612081626, 2.257485793862443, 2.25604892613714, 2.255519329188009], "y": [0.8650035943572288, 0.8552479002541423, 0.8470300863530948, 0.8422841904039157, 0.8409501607349993, 0.8426765328799951, 0.846988168363581, 0.8531586187268658, 0.8608630895760975, 0.8700002010626846, 0.8804380963406708, 0.8861476664423058, 0.8921385701497674, 0.8983742399309155, 0.9047637184329914, 0.9155999250523519, 0.9248792137793986, 0.9306596148609027, 0.9324282558444646, 0.9305033699581087, 0.9255967583839921, 0.9186422063378842, 0.9101344554601165, 0.9054060153341051, 0.9003885449834265, 0.89509917873724, 0.889551917731634, 0.8837313369128783, 0.8776778942314493, 0.8714111275087648, 0.8650035943572288]}