{"x": [2.2833431575645537, 2.284582461454379, 2.288992525519798, 2.29795761463292, 2.3038961923968606, 2.3102403130611635, 2.3170028188836467, 2.32350439071607, 2.3296197008005746, 2.335328816538219, 2.3454210969815947, 2.353888758388277, 2.360626004399459, 2.3657001676178573, 2.3689647137526513, 2.370156372906489, 2.3687955225285524, 2.364069576203289, 2.354649737108858, 2.3482402329024894, 2.3412606630322257, 2.3343408907126264, 2.32777131076668, 2.3217070271454445, 2.3161453221731185, 2.306552022918082, 2.29863733841096, 2.2923898422566453, 2.2876323157357024, 2.284501018240963, 2.2833431575645537], "y": [1.272908743039487, 1.2606593765734697, 1.2491644129854882, 1.2402246979154548, 1.2378783667802562, 1.2371544132934, 1.2379216176859946, 1.239933992225431, 1.2428820801575586, 1.2465555304946916, 1.2554362987542538, 1.2658776051729725, 1.2772730420148712, 1.2895000339698026, 1.3023386695631018, 1.3155321442314678, 1.3289831522781435, 1.3416499183434651, 1.3519116038253296, 1.3548261503644392, 1.355754552285057, 1.3548440867137792, 1.3524876453617822, 1.3490825100921513, 1.3449066365495153, 1.3350945999496366, 1.3238845499057361, 1.3119792386481928, 1.2994041209254956, 1.2863161651761637, 1.272908743039487]}