{"x": [2.2478951457588163, 2.2505522694576503, 2.259619313299483, 2.2741418045150814, 2.2907302256227764, 2.3096663602829888, 2.327699044189736, 2.344418033349819, 2.359567623648595, 2.3728410317359963, 2.383555507579747, 2.3909127979258415, 2.39375041900469, 2.393039373412637, 2.390669962050946, 2.386536456178627, 2.380658458478978, 2.3731826304954153, 2.3644807704224857, 2.355019452075502, 2.3452228006666154, 2.335477551101192, 2.325951060923285, 2.3167933923240334, 2.3080706798658555, 2.292145780271804, 2.278225001901544, 2.266489699431763, 2.257077072507486, 2.2504948625040386, 2.2478951457588163], "y": [0.9299367659174823, 0.9133579277879476, 0.8992261587533749, 0.8908908916516165, 0.8886097266162528, 0.8910131721273775, 0.8972722501197004, 0.9063822403348821, 0.9179150818769695, 0.9317492254348579, 0.9476478699565973, 0.9654308118129336, 0.9844652713249723, 0.9942381730387876, 1.0037461214789591, 1.0126487282283343, 1.0205094801499663, 1.0269330656961644, 1.0315621138251303, 1.0342607406109345, 1.0351688994983483, 1.0342802534546176, 1.0320429412784387, 1.0286190089729326, 1.0242030726080866, 1.0130675026889082, 0.9995096535205619, 0.9841838036199498, 0.9673314609454817, 0.9491230459036778, 0.9299367659174823]}