{"x": [2.1782305319099775, 2.1799950811178466, 2.186721991919514, 2.1991877150910377, 2.214454405046771, 2.22513584185903, 2.235512534781636, 2.245454824223119, 2.2549408216714304, 2.2638978767052107, 2.2723644812817816, 2.287731919147477, 2.3007535209370413, 2.3110580721032052, 2.318022116763031, 2.3206318205463825, 2.3183400685703455, 2.310648277436887, 2.296653242079054, 2.278783163681684, 2.2679061772050666, 2.2574591473203873, 2.247645228456723, 2.23847883164157, 2.2300266480240793, 2.2221758368171707, 2.2081986853978703, 2.1966044954450012, 2.1873259791606783, 2.1808003676264263, 2.1782305319099775], "y": [0.9866074468840665, 0.9714084175902669, 0.9576653176325726, 0.9484604956604512, 0.945805089943237, 0.946797335524769, 0.9495179765628857, 0.9534874612259587, 0.9584494951072646, 0.9641984301334304, 0.9706479026511815, 0.9853525588616765, 1.0020991058880433, 1.0206416293337937, 1.040737773973428, 1.0618456491285522, 1.0796893731423025, 1.0959524282967872, 1.1077433671786083, 1.1116864056584677, 1.1103337177879458, 1.1070173695136847, 1.102196061111285, 1.096234921320877, 1.0894611130153178, 1.0819986301672493, 1.0654729270276793, 1.0475251102921492, 1.0282778117337297, 1.0078743455947552, 0.9866074468840665]}