{"x": [2.1943695270754637, 2.1969075117069865, 2.205494183857696, 2.218737579266106, 2.2335901539041916, 2.2524402100051986, 2.270440433691967, 2.2872319825878322, 2.302596190925312, 2.3162811618544934, 2.3275592007333055, 2.3320485138855354, 2.335547424355378, 2.3378653325467003, 2.338775763362934, 2.3359172011989666, 2.3264105249000906, 2.311382087618244, 2.2938711407648227, 2.2747672119825526, 2.2569472851918024, 2.2409034623728075, 2.226688430446266, 2.2203253409741723, 2.214473180498799, 2.2091716106414725, 2.204480591950332, 2.200471826594153, 2.1973002931348677, 2.1951636353352257, 2.1943695270754637], "y": [0.8294444628135462, 0.8145705069989789, 0.8021630500097414, 0.7951798133374405, 0.7932945698558198, 0.7956577535561115, 0.8017323893014654, 0.8105170894094448, 0.8216106989424993, 0.834968428483331, 0.8504123012769845, 0.8589261464355142, 0.8678925904065783, 0.877245663994406, 0.8868385676034064, 0.9043764482739407, 0.9193888345535285, 0.9288446066352556, 0.9317826830625549, 0.9287420000447, 0.9212149782362146, 0.9105584243714393, 0.897562299631827, 0.8903714483304814, 0.8827589935464838, 0.8747521990309834, 0.866373073479655, 0.8575998866685748, 0.848490529829607, 0.8390707905770581, 0.8294444628135462]}