{"x": [2.207800414110479, 2.2098545029960386, 2.217730851273318, 2.225339373362482, 2.2362812472599822, 2.2511504836554517, 2.2686263425650215, 2.2813684836230474, 2.2933816545394086, 2.313986472468614, 2.3297491032586515, 2.3414945752678777, 2.3495784337010286, 2.354950580906083, 2.357978451759253, 2.3589383001700663, 2.3559213692117336, 2.3468313828344165, 2.3393510247309655, 2.329260464607658, 2.3146800203809867, 2.2932612722529835, 2.2782991300600774, 2.266065471442873, 2.2481947646866978, 2.235446257405525, 2.225574827372136, 2.2181161387229573, 2.2125832481153704, 2.2090249562517115, 2.207800414110479], "y": [0.8841874995388566, 0.8508500676156463, 0.8183913740775592, 0.8025366540723508, 0.7887694048759403, 0.7789646979710492, 0.775526555471388, 0.7772197491019928, 0.7817927992818666, 0.7968769883732926, 0.8165151470190445, 0.8387898342603782, 0.861690415500575, 0.8853742796851479, 0.9094512836232073, 0.9336989394184603, 0.9775628905227259, 1.0205805639435996, 1.0420475980681412, 1.0624184082596384, 1.0806869029990775, 1.090044492566969, 1.0860284121590082, 1.0765240869498391, 1.0519669944959325, 1.0253188604601422, 0.9974764044875908, 0.9696995384745624, 0.9414759057637365, 0.9129291214683563, 0.8841874995388566]}