{"x": [2.3178184352981024, 2.319909213911579, 2.3276802374809202, 2.343119557647692, 2.3634901289455703, 2.3743676701193244, 2.3849116588378347, 2.3949498476992157, 2.4044308743179643, 2.421480341331679, 2.436001240114229, 2.447697212640832, 2.456505025786502, 2.462127786023052, 2.464164919904626, 2.4615873315086607, 2.45288623224771, 2.4455736056200323, 2.4362152113699547, 2.4250548636281115, 2.4129201864352696, 2.401629086417136, 2.390867995185622, 2.3809102908640165, 2.371774660585984, 2.356022315183236, 2.343031442828407, 2.3327655722927143, 2.3249138121647968, 2.3197054021802814, 2.3178184352981024], "y": [1.2378054845904094, 1.2175321845446172, 1.1986910263360027, 1.1846513617923216, 1.1801209520195457, 1.1811595846241165, 1.1840273296577466, 1.1882894018678378, 1.1936783376992763, 1.2070104941167101, 1.2230596130563163, 1.240986443984145, 1.260495146351267, 1.2811630393885116, 1.3024850308720775, 1.3259733329363936, 1.3479422921164423, 1.3577246147958062, 1.3655724681493748, 1.3706385216101313, 1.372361271972666, 1.370920276489462, 1.3672102464209646, 1.361766303612869, 1.355033351208655, 1.339114103798748, 1.3208714050059194, 1.3014899638281412, 1.281011237723304, 1.2596810897733428, 1.2378054845904094]}