{"x": [2.1218968900409303, 2.1237269353303674, 2.1306421284125205, 2.1472467285686965, 2.161223241835033, 2.178254849776074, 2.1915136716308834, 2.2037933498692097, 2.214680248761449, 2.224224712846339, 2.239417013354584, 2.2506164473458417, 2.258296958225888, 2.2634071073930904, 2.266297357641708, 2.267288050325962, 2.2645223775180434, 2.256319501984208, 2.249514879293715, 2.2402625256701856, 2.226668982195343, 2.2057720192565187, 2.190353957057124, 2.1782453055345417, 2.160951305915646, 2.1486655544704982, 2.1391407977534875, 2.131913929282942, 2.1265417672978866, 2.1230832270884985, 2.1218968900409303], "y": [0.9114125859777643, 0.8789078946328457, 0.8470946249199356, 0.8172637207308249, 0.8068051201704922, 0.8029776432329598, 0.8050032837370996, 0.8103985667503207, 0.8181054536732787, 0.827423386859633, 0.8486898781892603, 0.8723043298339926, 0.8962944870453089, 0.9209603392683948, 0.945966458382894, 0.9711195509894408, 1.0147086555907259, 1.0576082105884022, 1.0791126766604948, 1.0996830170424847, 1.1185111244582735, 1.1286402405597071, 1.123887287318161, 1.1132248408444212, 1.0868378725855365, 1.0587251352028504, 1.0295610356761793, 1.0005138963360538, 0.9710672699190677, 0.9413283879325466, 0.9114125859777643]}