{"x": [2.3132800255315717, 2.3158382518124903, 2.324762628683065, 2.340351272103052, 2.359087497251989, 2.3776896304330375, 2.395198672535487, 2.411105634909328, 2.42514013700404, 2.4369428832566227, 2.4460875784249363, 2.45205900512608, 2.454232859632543, 2.45351299379772, 2.4512084968855006, 2.447204081515812, 2.441437895908609, 2.4338147307931006, 2.424624209177088, 2.4143040283408883, 2.403439677000132, 2.3937757478870907, 2.3843803720101393, 2.3754381707819725, 2.367022649186484, 2.3519868076022528, 2.3392070688397437, 2.328819654442944, 2.3207542109487957, 2.315336712857718, 2.3132800255315717], "y": [1.1146134443188416, 1.09594354814411, 1.079346408560688, 1.0684764370954682, 1.0652958788899731, 1.0679077564697341, 1.0747117779300004, 1.084590937312349, 1.0969869847879827, 1.1115091038026894, 1.1278361154722751, 1.145605306311098, 1.1642245553963424, 1.1749552781103885, 1.185460320269631, 1.195458814464258, 1.204555865203716, 1.2123969629297098, 1.2183240003306806, 1.2219362636116589, 1.2231693282683522, 1.2222162221282729, 1.219761257903086, 1.2160051491640753, 1.211183291436999, 1.1991801058021374, 1.1847984760372927, 1.1689140522049937, 1.1517337751531629, 1.133511959667761, 1.1146134443188416]}