{"x": [2.1907556490396622, 2.192525433018277, 2.199110984566076, 2.215179510548377, 2.2298573906327026, 2.2494819294740123, 2.26412992643845, 2.2771708948090144, 2.2882181748804644, 2.297590862092823, 2.3119607110888607, 2.3222813878081525, 2.3292563323378586, 2.333861313397967, 2.337315888490219, 2.3345968868999343, 2.3264510831132315, 2.319739954720969, 2.3106085985358327, 2.2970088151460852, 2.2870300163563795, 2.273947066634539, 2.2570115385286194, 2.244768838626915, 2.2279580524108074, 2.216169749091611, 2.207092086217819, 2.200223583594227, 2.1951512940493503, 2.1919061070465293, 2.1907556490396622], "y": [1.0770444051276324, 1.039274043069959, 1.0020401486173236, 0.9657695106503558, 0.9515483005091913, 0.9458421234251082, 0.9487486017926531, 0.9560249041179507, 0.9658684491211377, 0.9773179255120523, 1.002314570735551, 1.0292368378142027, 1.0561240946919805, 1.0835169511155103, 1.1389109154762636, 1.1899394068074323, 1.2403868624206908, 1.265771414277689, 1.2903891528313869, 1.3137688514469834, 1.3233677311693994, 1.3279010901654023, 1.3212321138402021, 1.3077634963696054, 1.2765498913175493, 1.2441301158850453, 1.2108494612792662, 1.1777899021636407, 1.1444075317267954, 1.1107943120858486, 1.0770444051276324]}