{"x": [2.311480308079775, 2.312886009592472, 2.317870462400685, 2.327361738744708, 2.3395041920783664, 2.346285945458188, 2.352868011739222, 2.3591451467014544, 2.3650861036825446, 2.3758217159308557, 2.3850517088520786, 2.3926056273285883, 2.398406899164464, 2.402206920091651, 2.4036160692726263, 2.4020510211125585, 2.396686510947807, 2.386612869909736, 2.380151390213533, 2.3732770934556036, 2.36635473957951, 2.3597012253603014, 2.3534545881708255, 2.347638779324043, 2.3423066626140643, 2.337390212429308, 2.3287635480352753, 2.3218101192311025, 2.316433813840895, 2.312836360628485, 2.311480308079775], "y": [1.1754433687020616, 1.1633523490283149, 1.152247215814507, 1.144258854820266, 1.141717385746513, 1.1423878270155357, 1.1441536338770046, 1.146776084214598, 1.1500904015283218, 1.1582844178890201, 1.1681435509715816, 1.179189193669125, 1.1912479312497268, 1.2040966233849977, 1.2174211626723352, 1.2307550615293026, 1.2430621434402778, 1.2523793083726893, 1.2548469499325459, 1.255611161170554, 1.254822863915186, 1.2527561892229624, 1.2497093067785738, 1.2459040030765618, 1.241550812153954, 1.2367331096518979, 1.226022410746825, 1.2144123999159622, 1.20199314615502, 1.1889273512923273, 1.1754433687020616]}