{"x": [2.261244013224137, 2.2627341104832683, 2.268065442453462, 2.273096419504665, 2.280284736861615, 2.290226628011691, 2.3022168433822805, 2.3107033987848022, 2.3186062969344814, 2.331868687132147, 2.3418366600562863, 2.3492741325054713, 2.3544563678763883, 2.357962843120522, 2.359985801530417, 2.360650729612421, 2.3588028003650807, 2.3529788364103896, 2.3480388707872484, 2.341278973782643, 2.3315281791811384, 2.3178642688537217, 2.3083575796396087, 2.300257327440238, 2.2880866933510204, 2.279397804368452, 2.272756248323145, 2.267843226042928, 2.264275785697126, 2.262039013846244, 2.261244013224137], "y": [0.8941341078244455, 0.8712152600950477, 0.8488753659478367, 0.837898507735742, 0.8281964337371611, 0.8210061257649602, 0.8184029615861311, 0.8196759071333715, 0.8230204868980217, 0.833699659805628, 0.8471586388462333, 0.8621649243492969, 0.8774723862447088, 0.8932482724157403, 0.9092729089417978, 0.9254110379277175, 0.9528115196818248, 0.9796496024508081, 0.9930173465533252, 1.0055634070997805, 1.0164684615991262, 1.0216929963687238, 1.0195428657489722, 1.0141219695313433, 0.9993165482547773, 0.9828054256043133, 0.965369723833891, 0.9479431514416841, 0.9301921913931153, 0.9122237618473013, 0.8941341078244455]}