{"x": [2.1222763524038752, 2.124036520217537, 2.1307068354020404, 2.146852255849621, 2.1606912499639153, 2.177782085308846, 2.191456486213734, 2.204008717844639, 2.2150329950195733, 2.2246382228819725, 2.2398347252325688, 2.251007289242119, 2.258671946049473, 2.2637773073282625, 2.2666697477603095, 2.2676648443546683, 2.264984833348299, 2.257017864715602, 2.2503859408295592, 2.241336874153917, 2.2279555614899436, 2.207020130713762, 2.191182328367334, 2.1789477530126726, 2.1615924577021506, 2.149261137775306, 2.1396862511334374, 2.132400841903787, 2.1269746777533847, 2.1234736605271567, 2.1222763524038752], "y": [0.9283985551044428, 0.8958091144163907, 0.863861082701875, 0.8336459156815798, 0.8228667989526399, 0.8189157911363913, 0.8211828513869623, 0.8270625013230922, 0.8353191327526831, 0.8451906193431249, 0.8674586531376615, 0.8919937876638628, 0.9168323388514544, 0.9423202943458868, 0.9681368878412082, 0.9940959420251245, 1.0380851549107644, 1.0814298284024173, 1.1031903474698548, 1.1240617872097087, 1.143297656531614, 1.1538231463252604, 1.1486604440594816, 1.1373553724656926, 1.1098228518697317, 1.0806677177305701, 1.0504948020012927, 1.0204517923599716, 0.9900179894663985, 0.9592960982691249, 0.9283985551044428]}