{"x": [2.2494944695287336, 2.2514123363687815, 2.257658758909137, 2.266840506388372, 2.276987270989695, 2.2896658552205564, 2.301818646430224, 2.3132053399623596, 2.323676740001551, 2.333087380798026, 2.3372385116823886, 2.3409320202382338, 2.3440964905342887, 2.3465856471909152, 2.3482461993951054, 2.3488814241280145, 2.3468112441470987, 2.3401617035734907, 2.3301770677505536, 2.318861097501958, 2.306051476498708, 2.29394112225551, 2.282843403952679, 2.2728561144172685, 2.2641149981121993, 2.260288194062629, 2.256885347859578, 2.2539614948377396, 2.251640447890731, 2.2500736406194877, 2.2494944695287336], "y": [0.8012671419396679, 0.7910917812135627, 0.78283354989143, 0.7783404053949047, 0.777101049770229, 0.778653518790767, 0.7825862435425158, 0.7883147875535803, 0.7955827162337963, 0.8043796242667266, 0.8093129560835636, 0.814597617376591, 0.8202644760607133, 0.8262587448851152, 0.8325436676364755, 0.8390131480755917, 0.8503500422563629, 0.8597625034105633, 0.8653478719530582, 0.8670325415364117, 0.8652957750085655, 0.8607744844490696, 0.8542302730618986, 0.8460914708192556, 0.8366015179123503, 0.8314017436477887, 0.8259151491343788, 0.820118753378171, 0.8140557622578015, 0.8077443166228244, 0.8012671419396679]}