{"x": [2.245871683111163, 2.2484026660628564, 2.2570331791332507, 2.270061419102605, 2.2845792327885106, 2.3022693757857735, 2.319211659214024, 2.3350659361775175, 2.349608166784743, 2.362604567066019, 2.3682984833591885, 2.3733314491744433, 2.377603847301954, 2.3809301929119746, 2.383125854083474, 2.3839727144567666, 2.381063461072204, 2.3716187193616793, 2.357014920727945, 2.3401581029406615, 2.3222474000622846, 2.305444392685833, 2.290225951413219, 2.2766907441740107, 2.265015925969223, 2.259946074621411, 2.255461073928868, 2.251630090371284, 2.2486038750850748, 2.2465690634054587, 2.245871683111163], "y": [0.8283586146902682, 0.8137993962934399, 0.8018039405217714, 0.7951567646761688, 0.793381076301825, 0.7954939769832456, 0.8010043799440097, 0.8090445448965181, 0.8192683347742973, 0.8316645335370494, 0.8386209789838461, 0.8460696077912414, 0.8540389666856885, 0.8624472656712835, 0.8712301653867391, 0.8802436598755559, 0.8971300722163832, 0.9114273282825487, 0.9202898330651045, 0.9230579767827968, 0.920355894360533, 0.9135917632174284, 0.9038952828810769, 0.8919612621557332, 0.8782471665381075, 0.8707966589282949, 0.8629801235627592, 0.8547752137111261, 0.8462406368772447, 0.837401798772315, 0.8283586146902682]}