{"x": [2.2934798331460877, 2.295057112784675, 2.3006656855124943, 2.305964443265907, 2.3135846796924597, 2.3243260845079416, 2.337547394595517, 2.3466390643612893, 2.35504002349831, 2.3689427082326975, 2.3792322146825535, 2.3868395145233183, 2.3921031388253464, 2.3956471364173932, 2.397682321373487, 2.3983459451564952, 2.396370224625593, 2.3901878821743474, 2.3849649877266623, 2.377818352339298, 2.367430819535111, 2.352480480907996, 2.342249825277736, 2.3336740620997767, 2.320995026273875, 2.3120295650138933, 2.3052102939449153, 2.3001837525371758, 2.296548823701021, 2.294281031772141, 2.2934798331460877], "y": [0.9777042312623399, 0.9524267877002625, 0.92772899678591, 0.9155078311134719, 0.9045823690671341, 0.8962938735542894, 0.8932485665345161, 0.8947178772366141, 0.8984916311564197, 0.9103321188886273, 0.9250258182999312, 0.9412710555867202, 0.9577475961738872, 0.9746775167756214, 0.9918450054646019, 1.0091199656430336, 1.0393908049047376, 1.0690893877503833, 1.083919329604161, 1.0979240218334874, 1.110300308270076, 1.1164289850157654, 1.1139563352825936, 1.1078541555701082, 1.091530824447517, 1.0735364991717442, 1.0546242602820104, 1.0357659266333485, 1.016590678033029, 0.9972053277804604, 0.9777042312623399]}