{"x": [2.226487349776462, 2.2285301314141392, 2.2361747879007914, 2.243582204248457, 2.254320094203206, 2.2691632240430337, 2.2868947044821315, 2.300203447906721, 2.312695724242108, 2.3339133811861688, 2.3499767467697947, 2.361893781441767, 2.370074991191726, 2.375511904778558, 2.378579455933237, 2.3795986999884127, 2.3765666654644173, 2.3675261330515482, 2.3600728202523573, 2.3499983508940767, 2.335358152184644, 2.313471339131505, 2.297928461356242, 2.285416526739703, 2.26732324785972, 2.2544548289986737, 2.244493150531929, 2.2369587520580865, 2.231366958610854, 2.227769491590623, 2.226487349776462], "y": [0.9195529777225533, 0.8856418551605503, 0.8525405497869625, 0.8362598273541015, 0.8219549519892747, 0.8115233521955408, 0.8076852043171374, 0.809430887873683, 0.8143413964605286, 0.8304599741989203, 0.8512050096319143, 0.8745796217916141, 0.89850013421929, 0.9231894654865549, 0.9482641237484682, 0.973505151829636, 1.018656336494292, 1.0629969666619885, 1.085161454964642, 1.1062640965184882, 1.1253517343442665, 1.1353337557025234, 1.130932360675601, 1.1207144929982795, 1.0947639901182573, 1.0668222214666339, 1.037717177204696, 1.0087083923692002, 0.9792633825366627, 0.9495027857629578, 0.9195529777225533]}