{"x": [2.1949916352739764, 2.1972013512725286, 2.2053210123752383, 2.21311795561736, 2.2241725738069262, 2.238721694161846, 2.2553719524145954, 2.268029447483836, 2.2800638090493957, 2.301104604280383, 2.317626150785418, 2.3301570554656132, 2.338906150502974, 2.3447631624498486, 2.348081199524606, 2.3491395771885855, 2.346081818441474, 2.336822444579857, 2.329180286700517, 2.318884301177606, 2.304169932445626, 2.2833679283418307, 2.26853795560781, 2.2561203629735695, 2.2376216749041857, 2.224288294501044, 2.2139088837227705, 2.206033678949995, 2.200163134164267, 2.196370644773433, 2.1949916352739764], "y": [0.8435279321727769, 0.8117548844325579, 0.7809574736473373, 0.7661336780761114, 0.7535506476088013, 0.7449409751541352, 0.7420131324337473, 0.7435605522724142, 0.7477772845729441, 0.7619264248296882, 0.7807696609847586, 0.8024723215499897, 0.8250680648243962, 0.8485799700885346, 0.8725610269215899, 0.8967473927829605, 0.9387260204224903, 0.9797847474210792, 1.0001963796836777, 1.0194065330091544, 1.036265090625596, 1.0445113162684716, 1.0408726538877124, 1.0319860713959432, 1.0083828911583963, 0.9824150124405593, 0.9551317283644983, 0.9278442838966386, 0.9000565135701365, 0.871902621083047, 0.8435279321727769]}