{"x": [2.226783530141558, 2.228825225266538, 2.2369455912802447, 2.2448176955850636, 2.2560694690944354, 2.2710854577644723, 2.288455774960214, 2.3011774837028818, 2.313249517752713, 2.3342395080341185, 2.3505704238693084, 2.3628627547706205, 2.3713828048569305, 2.37706121879334, 2.3802647655301854, 2.381358396811528, 2.3781689478022, 2.3688050800908673, 2.361096814153698, 2.3507169500748994, 2.3358307575744814, 2.3145063163346107, 2.2996410911010474, 2.287260769786078, 2.268911100235796, 2.2557274870272757, 2.2454823098951837, 2.237716021774888, 2.231923078635679, 2.2281575872865242, 2.226783530141558], "y": [0.8640913572093848, 0.8309424557138004, 0.7987387626778962, 0.7831355219458181, 0.7697628355880619, 0.7604608232917605, 0.7572546684267337, 0.7588386373280582, 0.7631533591862257, 0.7776082733099148, 0.7967644475511068, 0.8187316145188251, 0.8414959649644141, 0.8651298922692359, 0.8892018294922757, 0.9134613604849721, 0.9566895673650404, 0.9990117652821354, 1.0200803562900977, 1.0399690795403362, 1.057562497352624, 1.0663029368887433, 1.0625707836222584, 1.0535357665560214, 1.0296902203800904, 1.0035441421843518, 0.9761131121675692, 0.9487009193339346, 0.9208049454864112, 0.8925565106709132, 0.8640913572093848]}