{"x": [2.3139571747519834, 2.3167248947859576, 2.3260474908163706, 2.3407397217653556, 2.357449108244, 2.3755093174478206, 2.392760351712133, 2.4087958564661514, 2.4233409048520476, 2.4360902640231163, 2.4463589229756253, 2.4533753913214187, 2.45605541078719, 2.455314949433119, 2.4528811272078843, 2.4486690729042557, 2.442723509410582, 2.4352211011749394, 2.426529645583353, 2.4171021986499914, 2.407347811174859, 2.3889655665391527, 2.380200383691583, 2.3718324482728113, 2.356508671309931, 2.3430905798940205, 2.3317734308801894, 2.3227193993481245, 2.316422714442584, 2.3146131648194364, 2.3139571747519834], "y": [0.9177637209718571, 0.9010552585553259, 0.8869158740650153, 0.8786347821486978, 0.8763468710726066, 0.8785238553349536, 0.8842955304623127, 0.8927996223205587, 0.9036577325843906, 0.9167739602758239, 0.9319112067705962, 0.9488773653724913, 0.9670404835358264, 0.9767821036573014, 0.986243813597051, 0.9950756897940307, 1.0028470290195561, 1.0091715563977883, 1.0137261557865078, 1.0163862588184414, 1.0172833813333857, 1.0144292270564992, 1.0112756822027225, 1.0071828919169408, 0.9967749149770843, 0.9840038951609954, 0.9694744144113744, 0.9534367030512324, 0.9360707271307888, 0.9269949032427032, 0.9177637209718571]}