{"x": [2.2310217913333643, 2.2324675629511486, 2.237680946022098, 2.2426252265722684, 2.2497120635041954, 2.2595280014847257, 2.2713506467645352, 2.280060775837634, 2.2881556464450887, 2.3017230492119873, 2.3119371202957373, 2.3195849325898776, 2.324937300341977, 2.32857235442815, 2.3306774032609954, 2.331372283009405, 2.3295709136864926, 2.323853121316502, 2.3189756869678058, 2.3122769221997665, 2.30258506222443, 2.2890236877862367, 2.279314333138653, 2.2710650500309524, 2.258662214380385, 2.2497738756857615, 2.242954309982516, 2.2378855805647815, 2.2341886214496567, 2.231858053318265, 2.2310217913333643], "y": [0.8903970020680237, 0.867820320637477, 0.8458062924521875, 0.8349809915812976, 0.8254201447880286, 0.8183591928045925, 0.8158225138856514, 0.8171569369575318, 0.8206383308239834, 0.8316621998910438, 0.8454925521421853, 0.8608911513839395, 0.8766066713749269, 0.892805800701265, 0.9092648144163031, 0.9258433398391426, 0.9529548255789468, 0.9795176650519929, 0.9927584337201083, 1.0051775267357381, 1.0159460494232784, 1.021043338310589, 1.018787702600378, 1.013192276938399, 0.9980159301276402, 0.9811249099259117, 0.9632978896526113, 0.9454688181459473, 0.9273056603257597, 0.9089154382916909, 0.8903970020680237]}