{"x": [2.2464399372272035, 2.248211278705065, 2.254150207433358, 2.2634451377354385, 2.2739793227095837, 2.286744373718631, 2.298879664663011, 2.310113302076907, 2.3203004876411217, 2.329262915069918, 2.3331562141271713, 2.336579881252542, 2.3394703600493627, 2.3417114240368715, 2.3431825584064048, 2.34373258237307, 2.3417846107130837, 2.3354033126983405, 2.325295176024358, 2.31354603912603, 2.3006704239877505, 2.28863425605791, 2.2777641963415527, 2.2681222903755005, 2.2598442199111206, 2.2562664519156903, 2.2531153725995887, 2.2504404355562437, 2.2483432213760977, 2.2469475995432417, 2.2464399372272035], "y": [0.8685602086361781, 0.8580169815836094, 0.8491273014502486, 0.8439601825659616, 0.8425021723412414, 0.8442139235546664, 0.848528008993725, 0.8547569474101797, 0.8625809830455219, 0.8718942894478967, 0.8770604349713748, 0.8825490905930751, 0.8883722548306608, 0.8944748560479009, 0.9008145955025086, 0.9072995015405039, 0.9190424096689559, 0.9290907687662617, 0.9353672793408999, 0.9372452554211, 0.9352540517039112, 0.9302663649658417, 0.9231823931245599, 0.9145005439766508, 0.9045519495574638, 0.899154061214488, 0.8934964714859912, 0.8875684790505056, 0.8814123377928976, 0.8750520226033205, 0.8685602086361781]}