{"x": [2.2877445686602966, 2.289328497461334, 2.294813893944628, 2.3042929782503134, 2.3156093809151064, 2.3220691933164748, 2.328391029774339, 2.3344956428024, 2.340350418231894, 2.351169238575357, 2.3607315438513496, 2.3688372888532068, 2.3752345142225306, 2.3795437600681684, 2.3811802823764605, 2.379437977762408, 2.3735744591860763, 2.363428768013229, 2.3573119713804407, 2.3509338772009207, 2.3443660191807036, 2.337982955566498, 2.3318914049241632, 2.3261277000476137, 2.320745794224694, 2.3157139283943033, 2.3067153736458796, 2.2992447393631545, 2.2933421624249046, 2.2892993913586883, 2.2877445686602966], "y": [1.005275530789792, 0.9939867471512818, 0.9839939551538006, 0.9775214663204105, 0.9756017836120137, 0.9761429889045369, 0.9775770262923178, 0.9797355888986002, 0.982500963632304, 0.9894972694041456, 0.9981319370807823, 1.0081230705911763, 1.0192855684492605, 1.031441668036782, 1.0442347189502406, 1.0567103640943318, 1.0678591979810865, 1.0755583869949152, 1.077453794634655, 1.0780262331072044, 1.077389253148663, 1.0757162315294615, 1.0732059229501405, 1.0700140043284376, 1.0662895955536211, 1.0621043288627585, 1.0526156188103186, 1.0420337609512982, 1.030503553762233, 1.0181655552692939, 1.005275530789792]}