{"x": [2.183995463505971, 2.1852751051107933, 2.189974001544116, 2.201117989367219, 2.210860270676022, 2.223372030092197, 2.232930391745603, 2.241542917165136, 2.2489542511398226, 2.2553332963258375, 2.265332268170904, 2.272711214887501, 2.2778458227723246, 2.2813280750059306, 2.28334805268054, 2.284017833005487, 2.282355936472817, 2.27703295173032, 2.2724648872413016, 2.2661289768470962, 2.2566915415487037, 2.2424829939599573, 2.231910751480661, 2.2233988523752948, 2.211087093926296, 2.202384065386101, 2.1957226542552135, 2.190757972187249, 2.187131713172059, 2.1848363297549223, 2.183995463505971], "y": [0.9840625751275638, 0.9600870605666917, 0.9365417180674989, 0.9139725085023648, 0.9054718877399299, 0.9022117535773011, 0.9040206982515494, 0.908543856907809, 0.9147235822445284, 0.9219640697306312, 0.9379366355995945, 0.9552759967109627, 0.9727329445222923, 0.9905930437493383, 1.0086696579138366, 1.026846447613186, 1.0559210214534427, 1.0845524478501312, 1.0989363290440477, 1.1126337554757955, 1.1249878990455953, 1.131297195660346, 1.128251902403034, 1.1212809845521232, 1.1035906044295412, 1.0845170388232657, 1.0646381753634586, 1.0448368701151138, 1.0247473205151643, 1.0044610097303128, 0.9840625751275638]}