{"x": [2.2681294689425817, 2.2697336808723296, 2.275485921655485, 2.2808823493135786, 2.288489278122196, 2.2986799543538416, 2.3106051765850766, 2.319046858777122, 2.3270005508140708, 2.3406517421664774, 2.3511654818828145, 2.359110360727919, 2.364693218887423, 2.368484007889585, 2.370673505940572, 2.371392175628757, 2.3694171117665523, 2.3632095715251125, 2.357952988232554, 2.3507950352836864, 2.340636218457173, 2.326922271086308, 2.317472403287176, 2.3092430387858753, 2.296583624332137, 2.2874246790862696, 2.2803895067700792, 2.275171405848186, 2.271371199928449, 2.2689818530756285, 2.2681294689425817], "y": [0.864966130053819, 0.8421909879444242, 0.8200959133803662, 0.8093862199758164, 0.800115103625068, 0.7935100312377973, 0.7912152680615697, 0.7923763421238343, 0.79543393499911, 0.8054464482449758, 0.8184147500123253, 0.833097885702243, 0.8482340273325335, 0.8639152583882393, 0.8798885269031095, 0.8959951318415409, 0.9231165816258976, 0.949591859902359, 0.9627096497787746, 0.9748945498085323, 0.9852177430420381, 0.9898758032992783, 0.9879383188019585, 0.9829052871605759, 0.9687319821239574, 0.9526266244923481, 0.9354867536369321, 0.9182916052089232, 0.9007285718245694, 0.8829170108872586, 0.864966130053819]}