{"x": [2.0912900184621526, 2.092638244515403, 2.097629975504448, 2.1023407358012434, 2.1089249944838375, 2.117481470947613, 2.1272123755909162, 2.135184965829725, 2.1427370509517303, 2.155907653577927, 2.166335693741084, 2.174416766735915, 2.1802471334082965, 2.184283372626225, 2.18666004432121, 2.187459349763182, 2.185800414611444, 2.1804362095560204, 2.175815420504107, 2.1694920559085222, 2.1606531375197804, 2.149260099680715, 2.1404946468167707, 2.1327256471043867, 2.120453003231353, 2.1113400137340714, 2.1042116338758317, 2.0988227894821505, 2.094823400206536, 2.0922484711503238, 2.0912900184621526], "y": [0.7364927175675838, 0.7178956852118287, 0.6999304424451785, 0.6913525592601317, 0.6841124708552258, 0.6791892957697518, 0.6775278394145318, 0.6785535715390719, 0.6813068117787228, 0.6903528829508284, 0.7021993712384852, 0.715755903451637, 0.7299136094020182, 0.744683260253935, 0.7597999964574644, 0.7750815340961731, 0.7973535282185351, 0.8190334519302914, 0.8297097525890021, 0.839474492596231, 0.847418744874343, 0.85080050644766, 0.8491106764136807, 0.8447139352429097, 0.8320720729040371, 0.8174648092538069, 0.8017930215599431, 0.785960955238326, 0.7697221482213836, 0.7531933752049098, 0.7364927175675838]}