{"x": [2.232148489066996, 2.233408728943855, 2.237971958197515, 2.2488226902094928, 2.2587914725631695, 2.27260071382166, 2.2830804599288004, 2.292183831362064, 2.3060985234535307, 2.3158439862417977, 2.3229317886691323, 2.3278273709504167, 2.331130369780638, 2.3330395770197674, 2.3336695903886344, 2.3320182180276317, 2.3267460616849793, 2.3222435999258235, 2.3159878848521864, 2.3065317602219384, 2.299710354729153, 2.291177750308356, 2.2796073856561563, 2.270822076645817, 2.2585618094579987, 2.2500134797426563, 2.2435078986195838, 2.2386704807316256, 2.235155593504221, 2.2329450293331545, 2.232148489066996], "y": [1.1296888189496836, 1.1028847864245734, 1.0764419934001421, 1.0505320673398586, 1.0400012968047347, 1.0355765249978262, 1.037944182845301, 1.043650277017401, 1.059621041190556, 1.0778475433969832, 1.0972625500771123, 1.1166244476637022, 1.1363206402590738, 1.1561940762965328, 1.1761490660327358, 1.2089255308812907, 1.2413173206765746, 1.2576422834731327, 1.2733789477041295, 1.2880532414881667, 1.2937881893349628, 1.2963603210385655, 1.292374156309076, 1.2838546966414472, 1.2633503083233115, 1.2417526905695537, 1.2194545191689485, 1.1973061863351284, 1.1749098735377272, 1.1523463610424263, 1.1296888189496836]}