{"x": [2.330009274985556, 2.333110018135316, 2.343378259950317, 2.359155263620102, 2.3769369274022805, 2.3948228752488996, 2.411991528261346, 2.4280424953555055, 2.442666916754658, 2.4555580097186787, 2.4659461402595286, 2.473014349939818, 2.4756694090544564, 2.474812160832543, 2.4720741146726604, 2.4674165120510665, 2.460942761521071, 2.4529011169374852, 2.443669136044754, 2.4336986785088457, 2.4233952635755793, 2.4051616335319808, 2.3880637212388343, 2.3726863587650775, 2.359192295158294, 2.347803963848999, 2.338721402736233, 2.335180232096682, 2.332444184136658, 2.3306546216388284, 2.330009274985556], "y": [0.9524126462552254, 0.9346229017017719, 0.9197685141551047, 0.9112387687916081, 0.9088972235966366, 0.910929852710876, 0.9163405888184915, 0.9244231069195233, 0.9348675763771508, 0.9476489436155696, 0.9625361989084911, 0.9793337471860283, 0.9973633860431576, 1.00767446704531, 1.0176522608482141, 1.0269049531751742, 1.0349917406432263, 1.04152558257551, 1.0462298005552626, 1.0489903730369712, 1.0499233385320803, 1.0472783426397303, 1.0404137477461313, 1.0303850874169072, 1.017937294358524, 1.0036483298626935, 0.9877934984222071, 0.9793315849374687, 0.9705761345845709, 0.961571084433191, 0.9524126462552254]}