{"x": [2.2327412535637587, 2.234321991261101, 2.2397202443267914, 2.248531320356994, 2.258704846892067, 2.2650069422744394, 2.271191130048597, 2.2771901742957894, 2.282976522778096, 2.293785935847618, 2.303499909227706, 2.3119387604809942, 2.318763954755705, 2.323507741296266, 2.325379685917371, 2.32366825686749, 2.3178851031150427, 2.3083298368093756, 2.2969935040139124, 2.2906129632499126, 2.284388435287835, 2.278409168228663, 2.2727074589295255, 2.2673321189169795, 2.262262034321345, 2.257505766368556, 2.2530709255623114, 2.2452556020093173, 2.238946006992728, 2.2345047183383717, 2.2327412535637587], "y": [0.8948119401104283, 0.8846419222104813, 0.8758791110410101, 0.8705690449819489, 0.8690422115916382, 0.869534026045445, 0.8708432659926878, 0.8728150919079486, 0.8753438861979556, 0.8817681803752927, 0.8897527710194935, 0.8991258838366205, 0.9097318339340975, 0.9214685388967637, 0.9339885060476231, 0.9453129256889405, 0.9551986023112556, 0.9615996901910575, 0.9635399476398678, 0.9629528911336594, 0.961432632132086, 0.959152827259856, 0.95624771867523, 0.9528404117883046, 0.9489935607819256, 0.9447669293349822, 0.9402041795883616, 0.9302511771708367, 0.9192816489180873, 0.9073863007386802, 0.8948119401104283]}