{"x": [2.236432370738583, 2.2379510349204157, 2.2434095128231033, 2.2485493582831304, 2.255832325239542, 2.2656814601872313, 2.277296191467629, 2.285686926778531, 2.2935618005377005, 2.3069850560565266, 2.3172558961571488, 2.325000423113337, 2.330440166833874, 2.3341366097730427, 2.336275325295462, 2.3369791501833963, 2.3351031817618946, 2.329180632515392, 2.3241473697741326, 2.3172702342397886, 2.3074561949738603, 2.2941160710720743, 2.284771763088288, 2.2766731583953494, 2.264280699102956, 2.255329689189131, 2.2484521707460794, 2.243342857062711, 2.2396178571120835, 2.237271885969048, 2.236432370738583], "y": [0.8555477911825593, 0.8333658418195969, 0.811812414309707, 0.8013193306907643, 0.792182525587288, 0.7856071494596837, 0.7832965115128352, 0.7844826598845741, 0.787612795711426, 0.7977625030461081, 0.8107799805869209, 0.8254417396943065, 0.8405098377844804, 0.856097483578432, 0.8719642997534431, 0.887959129860217, 0.9144549994988737, 0.9403485078716282, 0.9531983895768177, 0.965163263186772, 0.9753477222478566, 0.9800466229028044, 0.9779915467879334, 0.9728972331382573, 0.958691743729595, 0.9426373013138781, 0.9255913211477966, 0.9084998282796989, 0.8910542388616508, 0.8733685914074583, 0.8555477911825593]}