{"x": [2.2716177774991433, 2.2729029010877366, 2.277510120049625, 2.288382135917357, 2.2982153325041645, 2.3115854267608094, 2.3214371906722193, 2.3300992116376777, 2.343486298110992, 2.3529028417675013, 2.3597484406561238, 2.3644642661592994, 2.3676405945140324, 2.3694718138288153, 2.3700746590661246, 2.368417945317916, 2.363154346513546, 2.3586719255513455, 2.3524611593263773, 2.3431258516733884, 2.336463638838481, 2.328242383722684, 2.317328751138905, 2.30889061440089, 2.297034132227515, 2.2887718203876903, 2.2824964986776863, 2.277846250820496, 2.274477837248826, 2.272368745046723, 2.2716177774991433], "y": [1.0772290648714662, 1.0513286365713836, 1.0258088939746626, 1.0009374672567617, 0.9909815769266759, 0.9868521596617429, 0.9889353627918035, 0.9940701831626829, 1.008755073679234, 1.0257163940574026, 1.0438684038431516, 1.0619912442505866, 1.0804462515058728, 1.0990763809334492, 1.1177865830779194, 1.1493127481891658, 1.1804405221971432, 1.196111390342735, 1.2111810482359215, 1.2251426404994439, 1.2305244523202032, 1.2329244403728117, 1.2293488161547537, 1.2215584173772172, 1.2025032006350032, 1.1823117047156988, 1.1614171446142332, 1.1406598376250665, 1.1196564000829405, 1.0984885085981886, 1.0772290648714662]}