{"x": [2.2283596306746714, 2.230369803935584, 2.2377722267572904, 2.2508909716413408, 2.2666323208407526, 2.276408482716455, 2.2859592389811336, 2.2951714101951115, 2.3040075893886613, 2.312397036374485, 2.3203540883893186, 2.3348506887840825, 2.3471928588953155, 2.3569698756929665, 2.363586461916374, 2.366156027197663, 2.363783789387229, 2.3555756262689598, 2.3410049386419978, 2.3226829136314415, 2.3126701219108896, 2.3029819460075482, 2.29380249026946, 2.2851757889509683, 2.2771771550395745, 2.2697307233607398, 2.2564641477887655, 2.245477043290099, 2.2367458729897147, 2.230684218011903, 2.2283596306746714], "y": [0.9926418274971908, 0.9769479419691722, 0.9629642737853904, 0.953883924581054, 0.9512831296280285, 0.9520678032923098, 0.9542976258305494, 0.957618454709283, 0.9618391110773098, 0.9668015300819512, 0.9724312499985017, 0.9854408623485621, 1.0004894313357546, 1.0173179349577453, 1.0356730454230454, 1.0550143646053132, 1.0733508464726107, 1.0899182885721888, 1.1017123653058283, 1.105675770840722, 1.1045716045128717, 1.1018121790319728, 1.0977061511828106, 1.0925387633797579, 1.0865769322200427, 1.0799382402948285, 1.0650613721535362, 1.048709871294606, 1.0310504627317485, 1.0122541256973545, 0.9926418274971908]}