{"x": [2.1851589497090305, 2.1864158730956023, 2.1909662638413088, 2.2017143946059363, 2.2112027709886704, 2.2236089065037845, 2.233019856957504, 2.241442748396071, 2.2486301318230058, 2.254777977742833, 2.264345182713677, 2.271367731171579, 2.276235788269416, 2.2795299597488925, 2.28143736531101, 2.28206965697818, 2.2804576241884726, 2.2753013626190732, 2.270884731616396, 2.2647594767009784, 2.2556024856693737, 2.2415575727985297, 2.231149342464162, 2.222871825048038, 2.211010461144677, 2.2026668520612556, 2.1962974203552146, 2.1915615548724197, 2.1881137815716416, 2.1859419196621706, 2.1851589497090305], "y": [0.9921496859978954, 0.968265975818164, 0.9447860820277204, 0.9221561100537148, 0.9134446416701133, 0.9099795631198431, 0.9117838334735414, 0.9163528902433474, 0.9225612433128955, 0.9298004503763799, 0.9456620742423931, 0.9628028541481455, 0.9800053892093259, 0.9975773448973746, 1.0153464794787985, 1.033206505990503, 1.0622259648882795, 1.0908291222500597, 1.1052113856159804, 1.118953197038121, 1.1314626093042712, 1.1380258632569833, 1.1349250008666691, 1.1278944026216637, 1.1102560435723623, 1.091346455390715, 1.0716838340629642, 1.0521171353599388, 1.0322828978078538, 1.0122674209057778, 0.9921496859978954]}