{"x": [2.310785852842742, 2.3129696108976234, 2.321134066213649, 2.3290202078195312, 2.340379298931417, 2.355916416930061, 2.374335202739273, 2.387274592629486, 2.3994908301114366, 2.420430464410064, 2.436381814904219, 2.448209169036664, 2.4563011234175303, 2.4616576835084816, 2.4646668362935644, 2.465620736544484, 2.4624330014395843, 2.452883282696547, 2.4450700994447203, 2.4345650583929213, 2.419403668942175, 2.396948042651212, 2.3817272505449276, 2.369319634570523, 2.351276544316441, 2.3384637524721565, 2.328577786976939, 2.321134341498214, 2.315628981376704, 2.3120943872143953, 2.310785852842742], "y": [0.9217234275681389, 0.8865026400379966, 0.8521716869070639, 0.8353605293234493, 0.8206711693019564, 0.8100524960051402, 0.8061915909813568, 0.8078140802310546, 0.8123773930497135, 0.8276286700833198, 0.8475710031827364, 0.87020407469902, 0.8934319719016108, 0.9174386834246032, 0.9418313183257782, 0.9663903433922844, 1.0126028213541154, 1.057930049886209, 1.0805501809515723, 1.1020527453205227, 1.121436433376589, 1.1315032074682578, 1.1273842898925788, 1.1176534594979164, 1.092561800605007, 1.0653788812592995, 1.0370002550552784, 1.0087138972426026, 0.9799873602283022, 0.9509479133454857, 0.9217234275681389]}