{"x": [2.216140301773342, 2.217976393667872, 2.224680726728891, 2.2410322394267705, 2.2557735539975416, 2.275085448478221, 2.2898270673772343, 2.3030586379659326, 2.3143714958918404, 2.324032857779432, 2.3389574819830004, 2.34973580671608, 2.357044768991991, 2.3618804469647734, 2.365476571055812, 2.362766498477724, 2.354515362280891, 2.3476995866953683, 2.338417636614703, 2.3246045353897413, 2.3145537339287445, 2.3016035739642327, 2.2845375247705575, 2.272013546523638, 2.254700856545091, 2.2425251517058684, 2.233129059422228, 2.226008155993971, 2.2207375522363644, 2.217359550797375, 2.216140301773342], "y": [1.0630608284400462, 1.0260091535858331, 0.989522858060603, 0.9541837622054077, 0.9406207573039864, 0.9352998373837552, 0.9380936868414329, 0.9451680392720249, 0.9548299790425826, 0.9661433304937951, 0.9910311374082881, 1.017975061706339, 1.0449627699668027, 1.0725013528142577, 1.1282478917227636, 1.1784834611816588, 1.2281108294747618, 1.2530737181938154, 1.2772283453433306, 1.30003068682544, 1.3092442071342778, 1.3135104611566373, 1.30706141013333, 1.293795277951987, 1.262738411747639, 1.2303608163550857, 1.19707012814452, 1.1639871920145666, 1.130559528850004, 1.0968836935829345, 1.0630608284400462]}