{"x": [2.289699428552289, 2.29151639580248, 2.298265020908369, 2.3112662743822137, 2.3279284926325374, 2.3374758260260275, 2.3467422160088955, 2.3555873574356676, 2.3639724559211075, 2.379162714827306, 2.3922587371119564, 2.402997233317903, 2.41123509403213, 2.416616228290857, 2.418622226687545, 2.4164566187091894, 2.409000585686683, 2.4027699278309314, 2.394911461269114, 2.385760140076216, 2.375968030347097, 2.366151999205522, 2.356742016614515, 2.3479525024059793, 2.33981015924334, 2.3255566500197022, 2.313613541169745, 2.3040079437448253, 2.296562569850084, 2.291548945537752, 2.289699428552289], "y": [1.1553283314190645, 1.1387478665408572, 1.1234943671146311, 1.1125278619830712, 1.1091121176029612, 1.109979914719111, 1.1124372839316348, 1.116084223076177, 1.1206914798926644, 1.1320954419045601, 1.1458536581961456, 1.1613267176288056, 1.1782639110156907, 1.196337027615324, 1.2150872308133398, 1.234099912270126, 1.2517231777354259, 1.259363562867273, 1.2653168044695584, 1.2690162592823753, 1.270260137307172, 1.269052015210585, 1.2660079629755574, 1.2615272922108163, 1.2559564557973248, 1.2426418849336855, 1.2272210395136292, 1.2106327635393719, 1.192969105672009, 1.1744371785479768, 1.1553283314190645]}