{"x": [2.2928649878637573, 2.294330919114971, 2.2994999661834283, 2.3087174211190855, 2.319922516946037, 2.3264615218725284, 2.332846414935254, 2.338990930021264, 2.344863799313179, 2.35565665230432, 2.3651390877487315, 2.3731184990885588, 2.3793889872969958, 2.383599195021816, 2.385197391337099, 2.3835565717036142, 2.3779722081250934, 2.3680712067298018, 2.3620176100536576, 2.355681749496169, 2.349043170568527, 2.3426104849067273, 2.336497218330085, 2.330735368213721, 2.325378241321344, 2.3203845825156963, 2.311488061401246, 2.304142630201422, 2.298355072640707, 2.294396974875172, 2.2928649878637573], "y": [1.0597936723395742, 1.0486181489451791, 1.0386020504045284, 1.031914637207124, 1.029882692751061, 1.0304494274786238, 1.0319702543121774, 1.034252454572729, 1.0371632809075597, 1.0444694953519291, 1.0534109640924698, 1.0636592948333097, 1.0750338394805325, 1.087351398133183, 1.100270139123908, 1.1126380273021295, 1.1237947217266222, 1.1316683494835662, 1.133630084070406, 1.1342227950477684, 1.133542223630476, 1.131766142886524, 1.129119734280027, 1.1257765935432065, 1.1219004919022035, 1.117566170247643, 1.1077987894667527, 1.0969930072162168, 1.0852787224732732, 1.0727975183308187, 1.0597936723395742]}