{"x": [2.2219832491539093, 2.2239088236574553, 2.2314145944577035, 2.2495337285107784, 2.264890609267482, 2.283793527914909, 2.297626943734795, 2.310488493250881, 2.3319206655987363, 2.347795264030376, 2.359427238876774, 2.367342531880838, 2.372579396019821, 2.3755252616747278, 2.3765108172565954, 2.373443714430861, 2.364354485172786, 2.3568800672956844, 2.3467703892189915, 2.3319744937673135, 2.321650555980353, 2.309082543097534, 2.292986834145504, 2.2803423232562374, 2.2623410181824095, 2.249617062482259, 2.2397917429100658, 2.2323651922925962, 2.22685482262023, 2.2232953885184665, 2.2219832491539093], "y": [0.9801324916281845, 0.9439154944920912, 0.9084325109165993, 0.8750235863756889, 0.8631049568293535, 0.8585698511583517, 0.8605251742070951, 0.865981109096377, 0.8835370171322646, 0.9056492751343511, 0.930259272909431, 0.9552285084726831, 0.9808934620464421, 1.006902847325531, 1.0330599673361112, 1.081069427795077, 1.12831031395102, 1.1519782471846434, 1.174646118618424, 1.1954785364584255, 1.2034171734100256, 1.206830485621885, 1.2018874981999683, 1.1907689859032218, 1.1632022482402766, 1.1338330782141672, 1.1033714582312086, 1.0730561549403423, 1.0423347113908457, 1.0113216036857602, 0.9801324916281845]}