{"x": [2.2170051979921115, 2.2187523284678656, 2.225312441791278, 2.2376023669937797, 2.2528185010400956, 2.2631364597353847, 2.273153567900858, 2.282738183589024, 2.2918670860459778, 2.300467783264563, 2.308580510470791, 2.323258055834095, 2.335623194950814, 2.345384796587969, 2.352004337645846, 2.354624448475252, 2.352600665477471, 2.3452786222596473, 2.3315288118300628, 2.313617103936623, 2.3030400399190305, 2.2928945619900025, 2.2833833051060064, 2.274518472677041, 2.2663646113858293, 2.2588067331707835, 2.2453943648148984, 2.2343306020960454, 2.225527838050358, 2.2193894946261588, 2.2170051979921115], "y": [0.999240973451069, 0.9840990781691915, 0.9703406490869657, 0.9609530550328221, 0.9581892807488026, 0.9591498088977096, 0.9618031897530984, 0.9656850611288493, 0.9705427275644071, 0.9761703039072773, 0.9824810301268126, 0.9968487469316367, 1.013135818953651, 1.0311045839057447, 1.050499446052419, 1.0708246525888125, 1.0887407470763015, 1.105217088369898, 1.117424991876869, 1.121579617639211, 1.1202481676660099, 1.1169745886070916, 1.1122195611046148, 1.1063468240877679, 1.0996835541930665, 1.092351221922057, 1.076138757168683, 1.0585790700406745, 1.0397838365308567, 1.0199069798572138, 0.999240973451069]}