{"x": [2.2587569924799, 2.260621332344684, 2.267877054657413, 2.2749672444174878, 2.2855114902355207, 2.301242652682201, 2.321705039089053, 2.3361983688600017, 2.3493348581124835, 2.3703491436841433, 2.385322502450561, 2.3960915699871044, 2.4033456244842077, 2.4081201709068862, 2.411647059991357, 2.4086917113789563, 2.3997978762582632, 2.392513225253074, 2.3826512486433287, 2.368074767191186, 2.35754140121195, 2.3440072465766284, 2.3270929328890135, 2.314508463976091, 2.297085789163829, 2.2848875747800785, 2.2755157331175386, 2.2684512632861993, 2.2632424001052236, 2.2599091174333488, 2.2587569924799], "y": [1.0817650190512367, 1.0424748140531894, 1.0038153977921984, 0.9843478379964715, 0.9665131651549822, 0.9522859630518139, 0.9467026401930743, 0.949273128157909, 0.9559136602409776, 0.9760792148205851, 1.0003416657053297, 1.026740438026706, 1.053194496047953, 1.080206386002122, 1.1348951040926307, 1.1873209265066167, 1.2390712949888754, 1.2650739998682836, 1.290212580151622, 1.3139012812027726, 1.3234623912642984, 1.3278434051615984, 1.3217163912645666, 1.3088608302500817, 1.2784147019646774, 1.2465614769415772, 1.2137652429752137, 1.181186211391167, 1.1482595082869376, 1.1150858290244625, 1.0817650190512367]}