{"x": [2.17979010370539, 2.1819133178884584, 2.189946798376112, 2.1976787007977214, 2.2086177619121825, 2.222891343161958, 2.239090569210626, 2.2519881248899605, 2.2642538198615347, 2.285766100268279, 2.3027816763557762, 2.315783665776171, 2.3249340369437834, 2.331091025635143, 2.3345925780629604, 2.3357700444261438, 2.33270431380704, 2.3235600264371925, 2.315972189293338, 2.3057257919384733, 2.291104432582561, 2.270693301233128, 2.2556681696855483, 2.2430254075244163, 2.224067178541252, 2.2103180305877728, 2.1995640505257033, 2.1913619742974606, 2.1852132078099937, 2.1812126357948367, 2.17979010370539], "y": [0.8265454947135723, 0.7956493075993653, 0.7657403522863196, 0.7514056628142681, 0.7393390734348486, 0.7312178059684213, 0.7285205513680252, 0.7301263010676232, 0.7344249172942215, 0.7487522517292258, 0.7678213440173568, 0.7898238070929904, 0.8128153085398285, 0.8367825762510112, 0.8612562768280946, 0.8859511439527636, 0.9269097817736973, 0.9669521434032636, 0.9868429079366574, 1.0055038062936708, 1.0217362856817211, 1.0295249475394723, 1.0258938517131757, 1.017000033643366, 0.9932730160430991, 0.9670867707015933, 0.9395348120170133, 0.9119425363193723, 0.8838213627430234, 0.8553054782003002, 0.8265454947135723]}