{"x": [2.2187155587500107, 2.220468544853388, 2.226872553407511, 2.242498192384738, 2.2569080227247027, 2.2764768348272324, 2.291232094716854, 2.3042683360343434, 2.315223629955765, 2.324474294225106, 2.338591108289013, 2.3487059407709863, 2.355537935713388, 2.360048359740161, 2.3633996015179206, 2.3607848263104914, 2.3528281318088786, 2.3462695769675515, 2.3373373959736066, 2.324005985310235, 2.3141584846135848, 2.3010776800162525, 2.2840858038344978, 2.271969703518517, 2.255402452939657, 2.2437877471053485, 2.2348426251741347, 2.2280700821943906, 2.2230689621966033, 2.2198711190175824, 2.2187155587500107], "y": [1.094982094581779, 1.0571865057540735, 1.019896183020818, 0.9834266000849707, 0.9689054220259097, 0.9629414120036678, 0.9659557510692115, 0.9734963310684233, 0.9836094510440799, 0.9953021355571721, 1.0206657572692563, 1.047873989654515, 1.074997826530539, 1.1026028035613005, 1.1583940458692366, 1.2096502955318618, 1.2603526740901774, 1.285875528075872, 1.310667600596603, 1.334310097751944, 1.3441246758035794, 1.3488354892565382, 1.3418917453468588, 1.3281026355571597, 1.296437959235273, 1.2636510262843366, 1.23003749987632, 1.196650609595152, 1.1629528265845894, 1.1290328628615154, 1.094982094581779]}