{"x": [2.2856804427428243, 2.288415986759328, 2.2979375393862567, 2.3130414290490413, 2.330245240270483, 2.349016804690532, 2.3669290450035394, 2.3835627294992108, 2.3986375355058085, 2.41183621808001, 2.422457092804935, 2.429707942412147, 2.432479885775275, 2.431728931180157, 2.4292496728727655, 2.4249493455915108, 2.4188625776213395, 2.411147935537696, 2.402182112502843, 2.3924346164490657, 2.382338730578001, 2.372668756741423, 2.3632075239127412, 2.354101581620677, 2.3454200843767166, 2.3295551422636125, 2.315688835407568, 2.3040121682628802, 2.294672070173443, 2.2881683078687742, 2.2856804427428243], "y": [0.9256636301257793, 0.9084456562804638, 0.893841483589865, 0.8852765547551898, 0.8829282855317792, 0.8852561623652497, 0.8913341791714892, 0.9002507168151903, 0.9116056420600577, 0.9252918323502396, 0.941062502799877, 0.9587143385984064, 0.9775949756924309, 0.9876673066467374, 0.9974585814310664, 1.006615220330442, 1.0146953259198985, 1.0212998364883632, 1.0260694569801192, 1.0288590103291306, 1.029790877102775, 1.0289355414243386, 1.0267618196196011, 1.023420588899741, 1.0190946654893176, 1.0081338913098814, 0.9947338729129256, 0.9795415806767789, 0.962810983954725, 0.9447233369657885, 0.9256636301257793]}