{"x": [2.3176127126441677, 2.3190577043531366, 2.3241860886714396, 2.3290532899396803, 2.3362014756034433, 2.3470189779441184, 2.3617252660402017, 2.3719019010949682, 2.380889376262104, 2.3948103741383013, 2.4045713359572014, 2.411630291872266, 2.4164631083217296, 2.4197005185854907, 2.422161886122686, 2.4202970692979258, 2.4144432667575293, 2.409499104006075, 2.402686252779334, 2.39249345356976, 2.3852187777415756, 2.3761918151511483, 2.364821631324039, 2.356022270819082, 2.3436888451917413, 2.33514077449722, 2.3286809794962946, 2.3239227347268603, 2.3204952400910877, 2.3183649446789762, 2.3176127126441677], "y": [1.1487361906558613, 1.1202515650747062, 1.0921951652732105, 1.0780335466705637, 1.064875107122169, 1.0539323544323802, 1.0494060663554476, 1.0515339276460127, 1.0567604929455112, 1.0718454698827402, 1.0893520183589767, 1.1081117293527525, 1.126829823512064, 1.1458887410724907, 1.1844396534290476, 1.218971181622369, 1.2530539775313625, 1.2702030035009964, 1.2866990301493237, 1.3020129114819996, 1.3079505921507826, 1.3105372708166847, 1.3068729252222218, 1.2987933359008683, 1.2789787670646564, 1.2579727998369548, 1.2362336365523243, 1.214652445679212, 1.1928203369100323, 1.1708233174569567, 1.1487361906558613]}