{"x": [2.2870119098824553, 2.288387317789286, 2.293290174241976, 2.2979510834361094, 2.3047940324602827, 2.315087438140511, 2.3289139601853046, 2.338727216112879, 2.347431628314751, 2.361003949113846, 2.3705822327697335, 2.377537107679091, 2.382313854409442, 2.385522610822998, 2.387970840291398, 2.386201852351571, 2.3806204763095304, 2.375887069498975, 2.369352029627767, 2.3595754119133994, 2.352644821602337, 2.344153986624429, 2.3332432901380686, 2.324713986871479, 2.3126739702849055, 2.3042932384978836, 2.2979434084832757, 2.2932547898304776, 2.2898689483392363, 2.2877578273483836, 2.2870119098824553], "y": [1.0889772040373107, 1.0622444861390892, 1.0359292443248789, 1.02266398953862, 1.0103812737268427, 1.0002640718583145, 0.9961241126446083, 0.9981143715147944, 1.0030635462430024, 1.0174458923570853, 1.0342227163101316, 1.0522458973484317, 1.0702569629706622, 1.0886123348397547, 1.125764618871046, 1.1581980450801401, 1.1901965559121985, 1.2062927906473244, 1.221745530422659, 1.236005282358635, 1.2414527529791735, 1.2438220861341682, 1.2403458017732707, 1.2327051973101502, 1.2138230150179639, 1.1937316720186801, 1.1729091268431633, 1.152222381969415, 1.1312829303113818, 1.1101761654134685, 1.0889772040373107]}