{"x": [2.2938942007907794, 2.2952432433876737, 2.300044666635009, 2.304607782701201, 2.3113442675438707, 2.3217286423323507, 2.336310366825924, 2.346696238954624, 2.355698265274784, 2.369362028380218, 2.3788367177678365, 2.385674040021643, 2.3903621271965503, 2.393506787986689, 2.395905599874935, 2.3941535122764614, 2.388621268057199, 2.3839381098592747, 2.377464166624901, 2.367713883887376, 2.3606420032400393, 2.351668646221409, 2.3401236198174833, 2.3314192711343633, 2.319370420171495, 2.31103503040098, 2.304732195093418, 2.3000776075073506, 2.2967210390643507, 2.294631218731428, 2.2938942007907794], "y": [1.1736859613802528, 1.1452629343323373, 1.117215925270858, 1.1030056723073773, 1.0896875234313463, 1.0783555574023702, 1.0734953100194682, 1.0758613507131063, 1.0815559104475208, 1.0974984780990207, 1.1156489657553348, 1.1349482135528903, 1.1541535728727892, 1.1736711315439172, 1.2131054062291269, 1.247738737708207, 1.2819722261981492, 1.29921786162248, 1.3158741508518923, 1.3314987667816167, 1.3377066868166183, 1.340540170691171, 1.3365073563367844, 1.3279175053318506, 1.3073215333309027, 1.2856805550080774, 1.2633627385270423, 1.241216956164562, 1.218837628419293, 1.1963041427667493, 1.1736859613802528]}