{"x": [2.251862252581445, 2.2540859251101972, 2.2626044444114766, 2.270801803405421, 2.282386033900297, 2.297540884907151, 2.314822676975223, 2.32721198075478, 2.3390400855634215, 2.359866458630112, 2.3763165893896954, 2.388799256802012, 2.3974956736750674, 2.4032975776639582, 2.406570113448869, 2.407607449800985, 2.404371629037646, 2.3946689804518484, 2.3867150032410276, 2.3760503476755637, 2.3609031791155526, 2.339655344553722, 2.3251201271361968, 2.3128215979550686, 2.2943773081598304, 2.2810778497660373, 2.2707419581791055, 2.26291896730297, 2.257089199782123, 2.2533054988458914, 2.251862252581445], "y": [0.8486873469516881, 0.8156861052506266, 0.7837257938904296, 0.7683957205914194, 0.7554337205269919, 0.7466063492431105, 0.7436177616604338, 0.745069721036986, 0.7490319137139166, 0.7625248046596341, 0.7807472974411382, 0.8018861020301604, 0.8239694459003661, 0.846983347199872, 0.8704682502561011, 0.8941573636906849, 0.9369683242256239, 0.978790656637352, 0.9995449410047229, 1.0190454844520727, 1.0360991120383207, 1.0443932337922426, 1.0409784614792252, 1.0325120929953098, 1.0096862384197076, 0.9843990070967616, 0.9577627722530077, 0.9311113876661155, 0.9039542652614972, 0.8764314820169666, 0.8486873469516881]}