{"x": [2.278857301026982, 2.2812249448822626, 2.2899817592634175, 2.2983696759681114, 2.3102298576606803, 2.3257990156957593, 2.3436185370031257, 2.3566505715229824, 2.3690885227653493, 2.3909549692834204, 2.408194733821811, 2.4212682485443593, 2.4303714166494297, 2.4364454563143645, 2.439873046089477, 2.440963264848625, 2.4376066097174727, 2.427526771231091, 2.4192669042918324, 2.4081919011529958, 2.3924385546805875, 2.370217013098383, 2.354896850989493, 2.3420151036352013, 2.322806044350579, 2.3089964253029964, 2.29827913396116, 2.2901777414757944, 2.2841566622969247, 2.2802766077041325, 2.278857301026982], "y": [0.8860572147717088, 0.8519863180684232, 0.8189749572742144, 0.8031116151489541, 0.7896454033487782, 0.7803987071655039, 0.777179276687394, 0.7786502559277427, 0.7828089904161171, 0.7970312394670784, 0.8162188203952803, 0.8384551860159191, 0.8616622878460443, 0.8858396178692658, 0.9105081567981906, 0.935389808825569, 0.9802618569007214, 1.024115758531212, 1.045890643839948, 1.0663775991417404, 1.0843575793201807, 1.0931695428929167, 1.089482229153265, 1.080406754798859, 1.0561323135343688, 1.0293545122520789, 1.001196105229533, 0.9730419613956482, 0.9443708089817183, 0.915325824502705, 0.8860572147717088]}