{"x": [2.259768821988526, 2.2617534853733035, 2.269109658972493, 2.2833495335886953, 2.301660821066647, 2.311870268942455, 2.321784885677186, 2.33125524776944, 2.340236628547359, 2.356510864465118, 2.370526695583899, 2.3819898773069577, 2.390745325870536, 2.3964269986742726, 2.3985293336685225, 2.3961247908891083, 2.387911593570536, 2.381067110186747, 2.372422608421686, 2.3623119262300913, 2.3514570779964714, 2.340921411925479, 2.330829006564362, 2.3214176566094444, 2.312718019458464, 2.297545827586128, 2.284889523999853, 2.274762029579845, 2.266942596641189, 2.26169942632369, 2.259768821988526], "y": [1.191385511593965, 1.1731693608698246, 1.1563868179774597, 1.1442709403048206, 1.1404940008343858, 1.141416760973115, 1.1440215041861483, 1.1478934281321969, 1.1527938722472153, 1.1649548701166565, 1.179661912713223, 1.196226438464417, 1.2143683834822028, 1.2337172729451102, 1.2537732226077039, 1.2748407171145246, 1.2943897462612408, 1.3029089620951202, 1.3095945122182613, 1.3137915790988046, 1.3152105697979548, 1.3139084823109612, 1.3106162117555331, 1.3057623818622877, 1.2997250408873409, 1.285310306615806, 1.2686430347975997, 1.2507660189289367, 1.2317657476647261, 1.2118698775609045, 1.191385511593965]}