{"x": [2.1419610903540054, 2.1436483913290294, 2.1499770101331497, 2.161823353832371, 2.176517926725305, 2.186301430809415, 2.19579952006201, 2.2048850715950707, 2.213533780365625, 2.2216753171952677, 2.2293479965640013, 2.243208195503282, 2.2548528038291082, 2.2640254795307317, 2.270232555366823, 2.2726853011749157, 2.2707563751112456, 2.2637760024774187, 2.2506481263431524, 2.233530344080258, 2.223509569317896, 2.213891157483096, 2.2048679010378356, 2.1964541158785145, 2.188712238069373, 2.181535963232406, 2.168804879207194, 2.158313545727929, 2.149983090148204, 2.144193210079432, 2.1419610903540054], "y": [0.9984784509656652, 0.9838547189884951, 0.9705637782560802, 0.961462323538743, 0.9587712522825167, 0.9596686059262494, 0.9621802779341856, 0.9658638310707386, 0.9704807182224732, 0.9758338578675484, 0.9818397480857186, 0.9955149767407233, 1.010999731110667, 1.0280653849637207, 1.0464611569384972, 1.065720343187761, 1.0828462497599398, 1.09860352838193, 1.1102917975714313, 1.114284077476828, 1.113028567270156, 1.1099498684389533, 1.1054692883315118, 1.099928261868038, 1.093633820099404, 1.0867014504717283, 1.0713580702173926, 1.0547229224460692, 1.0369072066484617, 1.0180641699061315, 0.9984784509656652]}