{"x": [2.2624888071782046, 2.263900137703416, 2.268966502658992, 2.273788177049058, 2.280801282099074, 2.290952520696495, 2.303811366773115, 2.31308824479784, 2.3215353630303115, 2.3352148721752206, 2.345176392295515, 2.352512258347054, 2.3575928582685846, 2.3610250449472763, 2.3630090142248736, 2.363669252273355, 2.3618936105851507, 2.3562342073196056, 2.3514107293565734, 2.344759151884558, 2.3349347349881535, 2.3203276930957415, 2.309977005734953, 2.3015255944030657, 2.2892299083708596, 2.2805594254880384, 2.273951915860611, 2.2690586601591893, 2.2655080447162583, 2.263282010573834, 2.2624888071782046], "y": [0.991370810639238, 0.9667243674789842, 0.9425630148587368, 0.9305040714505044, 0.919573242680269, 0.911034630957779, 0.9077780049757244, 0.9094095312763492, 0.9135770890170284, 0.9262514903282361, 0.9415764892534504, 0.9583178316261138, 0.9751996405393418, 0.992492068429838, 1.0100018061371776, 1.0276112108515236, 1.057415952899806, 1.0867322744058792, 1.101432216654655, 1.1154004219406246, 1.1279365561719479, 1.1342854266205735, 1.1314624247656067, 1.1248533616842635, 1.1077858818114381, 1.0892552538678806, 1.069892860887484, 1.0506061800942403, 1.0310277956523008, 1.0112538465808663, 0.991370810639238]}