{"x": [2.31202175652978, 2.314058504827452, 2.3207782706241322, 2.3308310212159067, 2.3420461083865622, 2.3543595029351922, 2.3661716568776683, 2.377218252949919, 2.3873187572357426, 2.396298437426943, 2.4036608147591885, 2.406572257674923, 2.4088245864351707, 2.4102952356054756, 2.4108383842315404, 2.410300524531897, 2.4085549888435422, 2.4055513307224468, 2.401376383488915, 2.3905321174792307, 2.378148185742964, 2.365744682952963, 2.354021811381185, 2.3433124829707928, 2.3337414546550512, 2.325463303777244, 2.318721867481505, 2.316042289859178, 2.31394296078017, 2.312545384180636, 2.31202175652978], "y": [0.8561937589054932, 0.8449495850923889, 0.8357070456142405, 0.8305260430996722, 0.829069196755346, 0.830527673635762, 0.8342985965148724, 0.8398807706854677, 0.8470339354694191, 0.8557305082583714, 0.865833004713575, 0.8714106142227109, 0.8772854114825102, 0.883410235319244, 0.8896856847520056, 0.895987915482293, 0.9020674311204799, 0.9076456567606528, 0.9124109877038642, 0.918680037370253, 0.9205608148052336, 0.91885287255439, 0.9144553470791497, 0.9080433102715851, 0.9000308607084077, 0.8906832448774676, 0.8801733095613449, 0.8744976605102542, 0.8685827686428359, 0.862456026834749, 0.8561937589054932]}