{"x": [2.1610373800633544, 2.1621949461785017, 2.16631719188367, 2.173836226212133, 2.183035328639646, 2.1894976391259027, 2.1957714679714377, 2.2017705446774696, 2.2074804198751736, 2.2128578491236475, 2.2179315320823716, 2.227128864669325, 2.2349227275702988, 2.241143633851939, 2.2454348858346607, 2.2471431575305685, 2.245907935965326, 2.2414670477482703, 2.2332902928404152, 2.2229864891999314, 2.216441980037621, 2.210140230375536, 2.204187080697046, 2.1985917455539483, 2.1933959438385338, 2.188544019406797, 2.179850573395095, 2.1725796822924712, 2.16675082051069, 2.1626635237763114, 2.1610373800633544], "y": [0.958282609100704, 0.9491153767355088, 0.9408458423535356, 0.9352860334905504, 0.9336055971324418, 0.9342394852544998, 0.9359135051435704, 0.9383650547492557, 0.9414304000839006, 0.9449747860229836, 0.9489417947502067, 0.9579448980754729, 0.9681158628643549, 0.9793182353224953, 0.9914285075978704, 1.0041625307632291, 1.0144310063037558, 1.0237715562921264, 1.030373956565463, 1.0324434107763227, 1.031675613322547, 1.029749979841845, 1.0269621579932953, 1.0235119164959252, 1.0195755013256775, 1.015222278477353, 1.0055218199495968, 0.9948738631439943, 0.9833730278748031, 0.9711080380278551, 0.958282609100704]}