{"x": [2.2365991077049325, 2.2386187600771374, 2.2460576350760597, 2.2533008865909063, 2.2640134676195784, 2.2797320191122097, 2.2997836993915057, 2.3142584980449645, 2.3275097285832307, 2.3490107586388382, 2.36451980126398, 2.3757364400562397, 2.3833105113765267, 2.388302355722039, 2.39199157180549, 2.3889743013369085, 2.379894119639116, 2.3724495873093323, 2.3623753616456353, 2.347528701652459, 2.3369173553411384, 2.323532714144223, 2.3066435301249086, 2.293857441533603, 2.276016072082728, 2.2634976172439494, 2.253870494455658, 2.2466143105440977, 2.241262643557443, 2.237842884815194, 2.2365991077049325], "y": [1.0589420815465187, 1.0204257682101683, 0.9825807087244327, 0.9636064955716573, 0.9463517552091246, 0.9328145534084707, 0.927498651641599, 0.9298178390980933, 0.9360870747563104, 0.9555857776076683, 0.9794277653924437, 1.0055650529120357, 1.031849635486517, 1.0587443808377874, 1.1132634861114823, 1.1648406932977917, 1.2157019017238127, 1.241236829981333, 1.2658531578960082, 1.2888761917055722, 1.2980020516431015, 1.3020926958671846, 1.2962795934534053, 1.2838075192455343, 1.2538633207303478, 1.2223735667811721, 1.1898830324342378, 1.1575946213746993, 1.1249364929198706, 1.0920161707763916, 1.0589420815465187]}