{"x": [2.3060969424284403, 2.309092439373395, 2.319168648726684, 2.3353356096658118, 2.353933833883193, 2.3723007658411794, 2.389831537829947, 2.406068928073969, 2.4206903229583996, 2.433338868186198, 2.4433555632235207, 2.4500363202840245, 2.452507154557983, 2.4516858622089064, 2.4490587585613293, 2.4445508127573774, 2.438194096062133, 2.4301012493867304, 2.4206383089532135, 2.4102765014745806, 2.3995005617998864, 2.3900137063121454, 2.380727935039977, 2.3717936377622912, 2.3632877880211716, 2.3478032369127746, 2.3343752012201393, 2.323207110727405, 2.3144005916944774, 2.30839423047876, 2.3060969424284403], "y": [0.9652281072896275, 0.9466467250647713, 0.9307498457357288, 0.921166520582651, 0.9184615616260489, 0.9206520677744834, 0.9265524525257921, 0.9353316350147143, 0.9465984756874138, 0.9601975613455238, 0.975836827557388, 0.9932217565045358, 1.0116815302677618, 1.0224108351250631, 1.0328459120422901, 1.0426328242172194, 1.0513332482383542, 1.0585485532883803, 1.0638407695186773, 1.0669888861564751, 1.0680644403005277, 1.0672334824665723, 1.0651203402924505, 1.061843259241439, 1.057575771896122, 1.0467065494613403, 1.033379915347558, 1.0182977193680247, 1.0017253295783284, 0.9838986524982185, 0.9652281072896275]}