{"x": [2.250526989229107, 2.2529635632635405, 2.2619924512618845, 2.270588657810197, 2.282634952827576, 2.298232199945332, 2.315915159872195, 2.340407396397743, 2.3616286246153275, 2.3785021027389277, 2.3913457595186913, 2.4003045305361574, 2.4062790282777966, 2.4096449415810466, 2.4107124732813223, 2.4072985359370938, 2.4030822859004113, 2.3971000108754428, 2.388771963317594, 2.377640552781504, 2.361909171255922, 2.3400139904477997, 2.32525880901388, 2.312705512113094, 2.2938113896264696, 2.2801896133432638, 2.2696229938570736, 2.2616491530398304, 2.255731236947042, 2.2519233035052557, 2.250526989229107], "y": [0.8557685931053003, 0.8219574501037694, 0.7892831564525119, 0.7737029148043224, 0.7606061414157549, 0.751747099519669, 0.7487355103720733, 0.753986288938848, 0.7672941737639402, 0.7854653972486242, 0.8066773775296254, 0.8289222681550866, 0.8521472571500738, 0.8758670972650321, 0.8998007673453412, 0.943826079183357, 0.9655174978538746, 0.9867897049287679, 1.008077172034592, 1.0280422498301922, 1.0454308425414942, 1.0538237311123375, 1.0504337211218298, 1.0419707261552515, 1.0189650996493247, 0.9933774922072264, 0.9663844376124849, 0.9393671586599642, 0.9118263930842624, 0.8839094370485577, 0.8557685931053003]}