{"x": [2.237719533022157, 2.2390531978366672, 2.2438693040479882, 2.248475141652063, 2.255224447046874, 2.265173926941668, 2.278047532736839, 2.2876319435519923, 2.2962566573326573, 2.310012780557783, 2.319930927303416, 2.327218847957929, 2.332268607596543, 2.3356825777399606, 2.337656362307657, 2.338308289252311, 2.3365972236839148, 2.331148472492224, 2.3264934283692855, 2.320052642184572, 2.310468416085274, 2.2959079243975307, 2.2852526804168942, 2.2767131287864486, 2.264433147271773, 2.255795864850439, 2.2492086052139166, 2.2443181561864867, 2.240761902987047, 2.23852453359378, 2.237719533022157], "y": [1.014040599120981, 0.9893222350974741, 0.9650409397696431, 0.9528586744302313, 0.9417200836072179, 0.9328501457209037, 0.9293949724814642, 0.9312062684511996, 0.9357621477258529, 0.949285542749069, 0.9653531953009155, 0.9827723027960855, 1.0002815297647838, 1.0181817506938402, 1.0362900144416052, 1.0544938610883205, 1.0844804013435265, 1.114017351969945, 1.1288547769910908, 1.1430087478250102, 1.155843047867549, 1.1625190293920555, 1.159454276291762, 1.1523829967891823, 1.1344837959836447, 1.1152285469550138, 1.0951792259375452, 1.075226094985737, 1.0549925340126567, 1.0345697727937424, 1.014040599120981]}