{"x": [2.1641023660442222, 2.1654203098772067, 2.1702280904701974, 2.1748338900252273, 2.1815345915985613, 2.191112948689184, 2.202997693013058, 2.2121446804748013, 2.220511755817337, 2.234214484815951, 2.2443456602673053, 2.251889281666523, 2.257166344664508, 2.2607558117403608, 2.2628416548204218, 2.2635341005678242, 2.261858328739152, 2.2564890945276304, 2.2518800132185417, 2.2455058727805217, 2.236136240090329, 2.2225804507230995, 2.2124318464754467, 2.2040232304133376, 2.1916326963932056, 2.1828098421739246, 2.176037831588305, 2.1709879126547333, 2.1672936799861806, 2.164953149259905, 2.1641023660442222], "y": [0.9257901532438081, 0.9030874221759715, 0.8808604966203514, 0.8698056398660697, 0.8598797219828755, 0.8523101563228532, 0.8495180063997634, 0.8510961914570656, 0.8551149098986497, 0.8673747199574805, 0.8823046826228356, 0.8986948710720356, 0.9153034488745897, 0.9323565417500644, 0.9496501422025156, 0.9670553103100222, 0.9945217104408954, 1.0215102760076835, 1.0350201050920123, 1.047792318920396, 1.0590835360505775, 1.0646979973480977, 1.0620599846445624, 1.0557951258975888, 1.0393602175502545, 1.0213785912062803, 1.002528617328918, 0.9837161508669724, 0.9645912137269954, 0.9452519479449468, 0.9257901532438081]}