{"x": [2.3650543235460395, 2.366809115963681, 2.3729974868413626, 2.3787594652443875, 2.3868856260858204, 2.397912344135352, 2.411046470182406, 2.4196522253182606, 2.4277543517954583, 2.441564588321021, 2.4520472334277676, 2.459862807941105, 2.465276940608085, 2.4689155476245173, 2.4709958053279455, 2.471669123684197, 2.469493958863885, 2.4627762481831006, 2.457153857800383, 2.4495353599115846, 2.4386936274731768, 2.4237433146712286, 2.414046292977239, 2.4056521517705343, 2.3928988978259773, 2.383795039210906, 2.3768715504664604, 2.3717890965996404, 2.3681253672665057, 2.365850127891926, 2.3650543235460395], "y": [0.9282778570287104, 0.9031064745673458, 0.8786446296384456, 0.8667244279089745, 0.8562718151079861, 0.8486045448227277, 0.8457991433271905, 0.846938332898573, 0.8500547925702714, 0.8603766734833563, 0.8737405582743207, 0.8888202154377534, 0.9042708013450264, 0.9202330686148613, 0.9364611551811646, 0.9528081704471768, 0.9826978101057988, 1.01190387564238, 1.0263948894289092, 1.0399432931760455, 1.0516280739852295, 1.0571566734415672, 1.0551135430993321, 1.0498461903741976, 1.0350783925829425, 1.0183968550321496, 1.0006988540052753, 0.9829986702567716, 0.9649513732455105, 0.9466765591518027, 0.9282778570287104]}