{"x": [2.292296506198247, 2.293679166842467, 2.298612794186563, 2.303314852833421, 2.310256762511845, 2.320892133891717, 2.3355793374682485, 2.346062343189127, 2.3552160402526865, 2.3692514026288816, 2.3790593381182488, 2.3861609275064852, 2.391039096578459, 2.3943148844828497, 2.3968135736401783, 2.39501408633747, 2.3893354970355536, 2.3845228279619146, 2.3778714434913013, 2.367875860162355, 2.360685555511967, 2.351680925837168, 2.339999922324501, 2.3310844144381866, 2.3186664382790063, 2.3100559522983803, 2.303537041113909, 2.298719551398543, 2.295239737989336, 2.29306873462846, 2.292296506198247], "y": [1.1645744315504991, 1.1361106148165414, 1.1080435534322248, 1.0938364713781674, 1.0805790045754256, 1.0694412965142879, 1.0648103445231258, 1.0671635734034322, 1.0727886000856506, 1.0886713347693953, 1.1068865376227734, 1.126317354427895, 1.1456889628951645, 1.165394925487979, 1.2052358608035982, 1.2398830052650684, 1.274108966134367, 1.2913421343801679, 1.3079524611687807, 1.3234460742146497, 1.329519925776983, 1.3322601444154087, 1.3283144262009536, 1.319798074022944, 1.2991749474805128, 1.2774211462093745, 1.2549517862822266, 1.2326476436110305, 1.2100960608264049, 1.1873804655590015, 1.1645744315504991]}