{"x": [2.347502043567098, 2.348940592481246, 2.3540308303924173, 2.3588658577328205, 2.3660035633542185, 2.3770079576933925, 2.3924472214689936, 2.4032617522235427, 2.4126437843798967, 2.4269024748823673, 2.436792847235037, 2.4439242754238113, 2.448808900720856, 2.452081174658832, 2.4545722838923734, 2.452706464528488, 2.4468350191115715, 2.4418763226544042, 2.4350341294691935, 2.424743712648289, 2.4172766353696318, 2.40775944965112, 2.3956534083385796, 2.386554564692127, 2.3739826955868475, 2.365299966457159, 2.3587426153959195, 2.353906739744198, 2.3504246844808767, 2.348261419748339, 2.347502043567098], "y": [1.2232867927535285, 1.1932504968739688, 1.1636137296556888, 1.1485951565230335, 1.1345243290141185, 1.1225639646332675, 1.1174869433646326, 1.1199823224097267, 1.1259117797741847, 1.1425120438412568, 1.1614276558005987, 1.181546367813528, 1.201570129311672, 1.221919645573783, 1.2630332800156996, 1.299649277359028, 1.3358395892126371, 1.3540702908031816, 1.3716808428517142, 1.3882195531837653, 1.3948135861800746, 1.3977566611436458, 1.3935959456154836, 1.3845915669992428, 1.3630296803203177, 1.3403896352310134, 1.3170452017650898, 1.2938882488186279, 1.270489414355631, 1.2469315657816673, 1.2232867927535285]}