{"x": [2.2159787870059557, 2.2184730819945555, 2.2269674525349554, 2.2404995576838376, 2.2559233857913212, 2.2740570832147227, 2.2913126263431307, 2.3072992392913414, 2.3217846356614626, 2.334484483313896, 2.3447683979846903, 2.3518793329713668, 2.3546652762682516, 2.351867562713684, 2.342614987699103, 2.327605244426357, 2.309787054570463, 2.300465766894903, 2.291355142790555, 2.282593987946377, 2.27424063999615, 2.2663701020138496, 2.258955202603235, 2.2520088877155517, 2.2455405975667424, 2.23416954083408, 2.225000866016292, 2.2213784230358034, 2.218546761972597, 2.216666862903714, 2.2159787870059557], "y": [0.8820009887837053, 0.8665781063948454, 0.8534658038589389, 0.8457653508161934, 0.8436392338545208, 0.8459696230623802, 0.852011802093761, 0.8607835825713543, 0.8718600990952186, 0.88511028181496, 0.9003120768255949, 0.9173097980690622, 0.9355231570069928, 0.9533606099734852, 0.9688651830106503, 0.9790022919035338, 0.982252750344928, 0.9814053622488678, 0.9792603683222681, 0.9759931857421261, 0.9717915319917461, 0.9668343823671234, 0.9612185149130078, 0.9550357744056309, 0.9483545474785452, 0.9337878802950894, 0.9177434380755338, 0.9091998820748471, 0.9003626801473771, 0.8912651757004931, 0.8820009887837053]}