{"x": [2.190679479868161, 2.1917468654388297, 2.195589637344784, 2.202899666779727, 2.212106100267901, 2.2186463322310943, 2.224965571390566, 2.2309702367489526, 2.2366529522969496, 2.2419706707451854, 2.246963359774029, 2.2559509720962256, 2.2634814420374805, 2.26944470211569, 2.27352733303274, 2.275145297605538, 2.274012937096724, 2.2698749411301984, 2.2619509862244724, 2.2516513761787547, 2.245020570186295, 2.2386731190279296, 2.2327215370673024, 2.227163261480191, 2.2220362558974225, 2.2172709325214948, 2.2087823403343156, 2.201745054955117, 2.196137295622709, 2.192229137707116, 2.190679479868161], "y": [0.9962584226240254, 0.9870929787908259, 0.9787038324281252, 0.9728170348783759, 0.9709915217561835, 0.9716884952190985, 0.9735126724543958, 0.9761586544109446, 0.9794395034750037, 0.9832020763704349, 0.9873863493717348, 0.9968033386355976, 1.0073082066026278, 1.0187755409825305, 1.031069580953289, 1.0439223427050932, 1.0541842899584486, 1.0636429786166919, 1.0705950817393217, 1.0728398160402581, 1.071998620903606, 1.0699045671412293, 1.0669054017771678, 1.0632281890810116, 1.0590709799674332, 1.054503675841081, 1.0444081765379003, 1.0334440258621458, 1.0216843906289115, 1.0092245387564407, 0.9962584226240254]}