{"x": [2.264654400305413, 2.2659637323708854, 2.270689360615475, 2.2818933475791066, 2.2921102771987227, 2.306112725810772, 2.31643657004012, 2.325470370476833, 2.3393789345160756, 2.34914932408389, 2.3562518548138693, 2.361148518827681, 2.3644471035673313, 2.3663491466529094, 2.3669756763946728, 2.365262803819262, 2.3598199640988695, 2.3551866100301573, 2.348766816860404, 2.3391048357593904, 2.33217723342442, 2.323555284185087, 2.3120810944536805, 2.30329326518902, 2.2910005818744668, 2.2824439946609067, 2.2759445016271416, 2.271125476776834, 2.2676316866466983, 2.2654406156461833, 2.264654400305413], "y": [1.127406166734494, 1.1003030347475415, 1.0735829570595228, 1.0474712786888467, 1.0369568693952091, 1.0326129211320236, 1.0348908992311234, 1.0403828381930451, 1.0559276722069202, 1.0737950838113184, 1.0928806534118711, 1.1119297642730637, 1.131319588454358, 1.1508891851160776, 1.170541013068827, 1.203572009458597, 1.23619648111315, 1.2526274186199136, 1.2684460763674856, 1.2831540442969096, 1.2888725819522486, 1.2913935615914718, 1.2876055420744386, 1.2793121604560087, 1.2591776228620872, 1.237908167384594, 1.2159226832790218, 1.194089108576342, 1.1720046929098151, 1.149752322151632, 1.127406166734494]}