{"x": [2.259056545510473, 2.261852827565428, 2.2713820162518066, 2.2859845139736623, 2.302338578588501, 2.3213292963592798, 2.339527918047616, 2.3565569820071293, 2.3721552692158734, 2.386052083536525, 2.3974502212317943, 2.401952827092664, 2.4054331795380484, 2.407709468566101, 2.4085766117348095, 2.407824136339171, 2.4052946431895887, 2.3947565146013154, 2.3783798910955434, 2.359336447898189, 2.3400832188679885, 2.3220526209006307, 2.30578950112016, 2.2914023556262313, 2.279088775614318, 2.273769305348502, 2.2690811375790747, 2.2650954075935763, 2.261958749873526, 2.259854323672668, 2.259056545510473], "y": [0.8592403897581801, 0.8428545389787366, 0.8292343384634562, 0.8215906571493481, 0.8195404439111389, 0.8217801551633549, 0.8276515976256029, 0.8362626316139451, 0.8472550090564791, 0.8606225319138892, 0.8761754921686356, 0.884772195874912, 0.8938311097727116, 0.9032751800553361, 0.9129509238493475, 0.9226390994501041, 0.9320214568350238, 0.9482511947178919, 0.958502110741368, 0.9617613051141076, 0.9588440420157014, 0.9514891260396896, 0.9409166498914607, 0.9279060249473875, 0.9130063913619353, 0.9049289415969595, 0.8964694474288483, 0.8876138255457084, 0.8784230986537976, 0.868930587379271, 0.8592403897581801]}