{"x": [2.15044000770184, 2.152318968599101, 2.159233837426765, 2.17601231294275, 2.190428372474416, 2.208268550617678, 2.2223405065918596, 2.235271267610858, 2.246637811405592, 2.2565464049175015, 2.2722272285928495, 2.2837549366187133, 2.291660818648897, 2.2969280230339657, 2.29991740720072, 2.3008813560546644, 2.298174437430979, 2.2898493461341687, 2.2829271692606854, 2.273493491451168, 2.259557387006, 2.237714271510186, 2.2213739095575096, 2.2087603851827358, 2.1908919220256085, 2.1782144990971726, 2.1683809501610862, 2.1609059956217767, 2.1553413748858867, 2.151749434938199, 2.15044000770184], "y": [0.9614325326996684, 0.9274117943554667, 0.8940482555648306, 0.8624583904027688, 0.8511566400442017, 0.8469996727115664, 0.8493095766984813, 0.8553221485972293, 0.863785675573397, 0.8739172786711138, 0.8968002414646453, 0.9220317726313809, 0.9475818214477013, 0.9738032730314227, 1.000365453698226, 1.0270779350895032, 1.0730549638625355, 1.1183529487860535, 1.1410890404407057, 1.162903075358225, 1.1830290781294561, 1.1940811955777435, 1.1887478581453608, 1.1770709184881083, 1.1486386290176591, 1.1185401598204765, 1.087396360831885, 1.0563947750202514, 1.0249940064903806, 0.9933012744211659, 0.9614325326996684]}