{"x": [2.291531582770609, 2.2935082157962854, 2.30088081182972, 2.308084013976451, 2.3187986112305428, 2.3348089305818025, 2.3556834347531255, 2.3703447593689404, 2.3836280135997305, 2.404858162283587, 2.4199669391028875, 2.4308228135882346, 2.4381295925750046, 2.4429354418732907, 2.446484388291806, 2.4434714948620426, 2.4344132575919057, 2.427003731165974, 2.416980393932993, 2.402173663356947, 2.39146495041795, 2.377669197356293, 2.3605337177567876, 2.3478104873570294, 2.330220664283396, 2.317918361459182, 2.3084734628446384, 2.3013597089517392, 2.296118846489777, 2.2927683363114824, 2.291531582770609], "y": [1.1009115001397296, 1.060828867078219, 1.0213805543260912, 1.0015070576344465, 0.9832851093960698, 0.968717906122105, 0.9629917544863388, 0.9656034024991282, 0.9723361806681462, 0.9927689625258059, 1.017337528733062, 1.0440590476197975, 1.0708274057652798, 1.0981557395873127, 1.1534781837227508, 1.2069692735614905, 1.259773843027713, 1.2863050680422254, 1.3119631991772325, 1.3361642976265118, 1.3459589810985437, 1.35046337390878, 1.3442263880411511, 1.3311633079291427, 1.300266168354795, 1.2679598250661077, 1.2347056469582947, 1.2016772228262018, 1.168300349758868, 1.1346778682988945, 1.1009115001397296]}