{"x": [2.2828075912315766, 2.28433926513501, 2.289880287127767, 2.295147406403914, 2.3027059118280913, 2.313174309329228, 2.3257560935583834, 2.3350082664770544, 2.34360676238495, 2.3580350659397893, 2.3689185367496837, 2.377075186690344, 2.3827891974503372, 2.386669473639818, 2.3889154199796225, 2.389655505735623, 2.3877277661648857, 2.3816203465230266, 2.376414236184874, 2.3692684121071963, 2.3589326459879385, 2.3444792723844885, 2.3341514122671474, 2.325383548846908, 2.3122041330185366, 2.302757852501356, 2.2955084613508285, 2.2901174476966957, 2.28618311865353, 2.283700499554996, 2.2828075912315766], "y": [0.9365973229025564, 0.9126097684971274, 0.8892207568340481, 0.8777176359942159, 0.867572029542277, 0.8601124755247204, 0.8574797966621084, 0.8589315271941803, 0.8626431432002674, 0.8743534199501275, 0.889042556328394, 0.9054037826319037, 0.9221138125353711, 0.9393422330965672, 0.9568492006417342, 0.974484122265109, 1.0033451094939314, 1.0316182803276572, 1.045710588444323, 1.0589255016547439, 1.0703777337486085, 1.0757704763423928, 1.0733407052086434, 1.0673663388481183, 1.0511929291003483, 1.03320250073702, 1.014220033662059, 0.9952349619154165, 0.9758954419517692, 0.9563146568439059, 0.9365973229025564]}