{"x": [2.299514909720626, 2.3010639383905453, 2.306342824913639, 2.3152396407197107, 2.3257399793571687, 2.331591266733485, 2.337328013422394, 2.3428813672005977, 2.34822026670921, 2.3581223567352443, 2.3669105501766095, 2.3743983895030363, 2.3803280835071887, 2.384333546561125, 2.385851122749041, 2.384166267296381, 2.378569705098496, 2.369105551249337, 2.3634734744004895, 2.3576205683070213, 2.351682077644362, 2.345893951154061, 2.34034726009497, 2.3350779253091565, 2.330135730344688, 2.325499993466124, 2.3171776031336764, 2.310230309054808, 2.3047298105708505, 2.300961352200661, 2.299514909720626], "y": [0.998027458272466, 0.9875455006027047, 0.9783583202144029, 0.9725198012034916, 0.9707922236432514, 0.9712557484963429, 0.9724975845068364, 0.9743798688855357, 0.9768045100352992, 0.9829851536615737, 0.9906675620440956, 0.9996214321395381, 1.0096752004122589, 1.020671845110584, 1.0322764515843739, 1.0437460522133177, 1.0538983410217115, 1.060759021220875, 1.0624297567321563, 1.062934867651682, 1.0623971861612806, 1.060964578584903, 1.0587978947144157, 1.0560240144692263, 1.0527650064961844, 1.049083109209746, 1.0406777083647385, 1.0312181363590989, 1.020850257406481, 1.0097041426226567, 0.998027458272466]}