{"x": [2.18912577841575, 2.190294397582786, 2.1944816994240326, 2.202181095498662, 2.21163275906225, 2.218431359279447, 2.225026119397342, 2.23132646600674, 2.237320687985779, 2.242963921284326, 2.2482887822079527, 2.2579450776593273, 2.266135749838478, 2.272683501236889, 2.277211340316432, 2.279026238644677, 2.277788977777409, 2.273303233806826, 2.2649750803990583, 2.254388805720898, 2.2474705408920452, 2.240811884569599, 2.2345307932230356, 2.2286347292292, 2.2231680207303404, 2.218066528074209, 2.208930938270727, 2.201294262781867, 2.195164034742105, 2.1908521727028956, 2.18912577841575], "y": [0.9647659312246353, 0.9553482738817962, 0.9468321454260374, 0.9410801827296517, 0.9393389674484858, 0.9400155460368791, 0.9418010046577813, 0.9444073960235162, 0.9476565414828547, 0.95140508469655, 0.9555935825693934, 0.965083138419466, 0.9757876292674239, 0.9875689783703471, 1.0003030139080487, 1.0136956660674912, 1.02426995767891, 1.0339252442395137, 1.0408410266338868, 1.0431030995213477, 1.0423383841517537, 1.0403112004358108, 1.0373544846258793, 1.0336896918261202, 1.0295118202125344, 1.0248950804851344, 1.014620205146044, 1.003367504467322, 0.9912282133320218, 0.978292052827382, 0.9647659312246353]}