{"x": [2.098911271313002, 2.10027556717257, 2.1055163169448607, 2.116021241244569, 2.1296338577179355, 2.140184459389475, 2.150307772912252, 2.1598647345300184, 2.16887118192169, 2.177263573665503, 2.1851224009298726, 2.199216626764651, 2.210943046042489, 2.2201474026147237, 2.2263504882096816, 2.2287496702084635, 2.2269623045894944, 2.2209922382242566, 2.2092588598669796, 2.1933918078109356, 2.182666813279526, 2.1725210934130903, 2.163149354426424, 2.1544994148859877, 2.146609601868962, 2.139323096461723, 2.126419735266713, 2.1157790765011946, 2.107272624871735, 2.101285546508043, 2.098911271313002], "y": [1.014552675570922, 1.0010365724344683, 0.9885033809410013, 0.9794148155071829, 0.9766485673374715, 0.9778514686706808, 0.9810578202684473, 0.985608497375736, 0.9911697996404315, 0.9974754665992682, 1.004434813479988, 1.0199723650739112, 1.0371613029142186, 1.055822715327237, 1.0757259234977072, 1.0964348561624335, 1.1122632698554609, 1.1270311967068556, 1.1384133538612633, 1.142345570566053, 1.1407261700538303, 1.136890503995692, 1.1315111153503772, 1.125034553007718, 1.117839093366082, 1.1100332860504791, 1.0930373476795585, 1.0749082758976882, 1.055685187089901, 1.0354861338609116, 1.014552675570922]}