{"x": [2.285836375548697, 2.2887685466663252, 2.2984875531460096, 2.3132575989340243, 2.329800884919003, 2.347794526563499, 2.3650619872389353, 2.3812250009257614, 2.396005966510183, 2.4091276911274693, 2.4198199631705277, 2.427226159981296, 2.429309338522987, 2.43008602114407, 2.4293027911587446, 2.4267330207697957, 2.422318881611344, 2.4161605879026133, 2.4085355965056285, 2.3998191811620155, 2.390451941774756, 2.380799364366892, 2.3625108254471345, 2.3453446773813194, 2.329846040059394, 2.316156669431069, 2.3044848513611353, 2.295067572897405, 2.288452625410944, 2.286535442037395, 2.285836375548697], "y": [0.8838652670023132, 0.8673034119415091, 0.8535763006807235, 0.8458335163261207, 0.8437300308944773, 0.8457860462861063, 0.8512480185254554, 0.8593434803846992, 0.8697503324806573, 0.8824605762270532, 0.8972729113428247, 0.9140631440161953, 0.9230235367517997, 0.9321900538067637, 0.9418682929202092, 0.9512319482798978, 0.9598956292029592, 0.9674202162510173, 0.973427454573937, 0.9776996331317795, 0.9801743743678392, 0.9810093997021111, 0.9783337339937613, 0.9714814932372745, 0.9615330990783676, 0.949213219331475, 0.9350461697053732, 0.9192901708953132, 0.902098719189469, 0.8930693846139504, 0.8838652670023132]}