{"x": [2.1948889275862844, 2.1965326684055633, 2.2026942267891703, 2.2178221709362025, 2.231971675083603, 2.251464575407786, 2.2669543080064587, 2.280476480029546, 2.291741836477561, 2.3012256296339726, 2.3156886544104296, 2.326076601744115, 2.333125102068779, 2.3377934929963375, 2.3413246457491943, 2.338740362677849, 2.3309932688215462, 2.3245747753888293, 2.3157975069448034, 2.302628163116525, 2.29282962071027, 2.2796859485718963, 2.2620171992011553, 2.2496211291389456, 2.2326987240379528, 2.2207904171237174, 2.211586344375681, 2.20458387570688, 2.199391197358118, 2.196054944515954, 2.1948889275862844], "y": [1.1136342363346077, 1.0759478047524644, 1.0387321600910866, 1.0021732072985108, 0.987445192431152, 0.9813501348840982, 0.9847402692255351, 0.9930213132786355, 1.0039293878112658, 1.0164174626539564, 1.0432925936761812, 1.0719900204482584, 1.1005813137592306, 1.1296562090499849, 1.1883946616062304, 1.2400192075048233, 1.291124537902057, 1.3168711212562032, 1.341911951334684, 1.3658636932397745, 1.375875431781062, 1.3807221032806811, 1.3731356825521635, 1.3584361611038671, 1.3250566944837703, 1.290606769250125, 1.2553379421216793, 1.2202953898986642, 1.184939327825427, 1.1493552974366508, 1.1136342363346077]}