{"x": [2.288848183385853, 2.290520738693282, 2.296488836457158, 2.3021089732802062, 2.3100982287109413, 2.3210082481191074, 2.3339887183720776, 2.34298680605219, 2.3514113069891462, 2.365699123787474, 2.376552028613708, 2.3846842764499225, 2.3903615893382395, 2.394200293122686, 2.3964091760832065, 2.3971301588800324, 2.3950433792781625, 2.388519748864154, 2.383011294156486, 2.3755042012267937, 2.3647608651570713, 2.3499369408094455, 2.339832391411174, 2.3311404725603535, 2.317969636468201, 2.308535890544513, 2.3013254410901802, 2.295995977055592, 2.292128492918558, 2.2897069066586218, 2.288848183385853], "y": [0.9385946362182769, 0.9138308369244201, 0.8897388256799506, 0.8779606141441736, 0.8676415055318101, 0.8601333177348761, 0.857504858206492, 0.8588375792616453, 0.8622682513930306, 0.8733179029670214, 0.8874143775368624, 0.9032372307434069, 0.919449296373404, 0.936192274211246, 0.953216543100439, 0.9703683674626317, 0.9999550931617794, 1.0288890046312786, 1.043265649909611, 1.0567071735758617, 1.0682810457133964, 1.0737239358554866, 1.0714715836192348, 1.0658479232606244, 1.050295821484106, 1.0328258162408213, 1.0143270037378624, 0.9958174683259869, 0.9769482167640084, 0.9578382608555249, 0.9385946362182769]}