{"x": [2.257805607753457, 2.259900210295319, 2.2673857771890904, 2.2810211199797137, 2.2976676885815897, 2.3078646909588825, 2.3178102451890674, 2.327379765922616, 2.336534796393208, 2.3533938344752596, 2.3682540582717375, 2.3807978998859003, 2.3906573128594726, 2.397267548220081, 2.3998087243056405, 2.397377319388867, 2.3889696985656346, 2.3737851614968934, 2.364323420745249, 2.3543540577115754, 2.343891493097245, 2.333795839797438, 2.3242712647292447, 2.315359977115022, 2.3071391604317473, 2.2995165153799952, 2.2860116367269905, 2.27492708725916, 2.2661798442247774, 2.2601582763637653, 2.257805607753457], "y": [1.0571156836294449, 1.0405515570545758, 1.02562761865764, 1.0156443961771033, 1.0127325139856767, 1.01357205563457, 1.0159740628612848, 1.019545373617513, 1.0240747670283243, 1.0353965788697554, 1.0492379782622814, 1.0651432424294824, 1.0828383651045648, 1.1020318826855164, 1.1221721099125146, 1.1416282445905757, 1.1593416524663318, 1.1722513788676698, 1.1755807403398981, 1.1766857229492191, 1.1754800540500847, 1.1724806073922032, 1.1680336405123977, 1.1624585174001851, 1.1560554968139198, 1.1489508657902034, 1.1331050403357343, 1.1158170724874479, 1.0972367923893, 1.0775591315891428, 1.0571156836294449]}