{"x": [2.2975678767282384, 2.298963684810627, 2.3039735051154295, 2.313409377919389, 2.325365273612157, 2.3319763905902158, 2.3384037255174586, 2.3445471904260913, 2.35037443980845, 2.3609387088617453, 2.3700525026633756, 2.3775394179463674, 2.383302833128105, 2.3870848086029843, 2.3884866180676076, 2.386908417262655, 2.381525709715341, 2.377076653096342, 2.3715399503241623, 2.3651969753556648, 2.358470941175372, 2.3517376566052923, 2.345250857452144, 2.3391412942108767, 2.333436155355353, 2.3233397406458076, 2.314806969978648, 2.307900661992675, 2.302544779874873, 2.2989454703586505, 2.2975678767282384], "y": [1.12753861405503, 1.1156265792730673, 1.1047294900579083, 1.0969911955503164, 1.094547130157902, 1.0951773798612938, 1.0968487410189267, 1.0993426210881827, 1.102505651837201, 1.1103667374175834, 1.1198714315038691, 1.1305722711491342, 1.1422916958368599, 1.1548109316266493, 1.167813605716152, 1.1808754202941487, 1.1928807598274904, 1.1979735432305199, 1.2018562574875529, 1.2042085524948172, 1.2049345603857655, 1.2041921087645708, 1.2022402398503766, 1.199349547799157, 1.1957254266404176, 1.18694232975402, 1.1766334886142689, 1.165407835155559, 1.1533651231556663, 1.1406659367308531, 1.12753861405503]}