{"x": [2.217009592073893, 2.2193549242913178, 2.2274886775777634, 2.239841571680418, 2.2536024050182335, 2.2721162007068365, 2.2897958343912688, 2.3063097251560745, 2.321461833405552, 2.335030709523139, 2.340994767706231, 2.34628221446244, 2.350788224296124, 2.3543057236609273, 2.3566204862239157, 2.3574621888403304, 2.3546031759167976, 2.3455452488580724, 2.3315696851976626, 2.3155053375339136, 2.2968714836963144, 2.279447340368826, 2.2636805134041675, 2.2496212003860685, 2.2374269917012444, 2.23209707429898, 2.227354318461679, 2.223270738524152, 2.2200126922150356, 2.217792049609588, 2.217009592073893], "y": [0.7941474611640901, 0.7803388259256085, 0.7689361487033616, 0.7626449357180758, 0.7609677895149987, 0.7633064422079101, 0.7692780818488887, 0.7778656764238207, 0.7886762723542701, 0.8016914303177742, 0.8089705441225149, 0.8167550411900154, 0.825085600428135, 0.8338793220555053, 0.8430773827761913, 0.8525248154142129, 0.868588213432482, 0.8821587944144843, 0.8904760813373866, 0.8930118998486866, 0.890063473646953, 0.8828307041074737, 0.8726152257284926, 0.8601539036275274, 0.8459106915291903, 0.8381902583953196, 0.8300958545039095, 0.8215955383670528, 0.8127458980477892, 0.8035627918849707, 0.7941474611640901]}