{"x": [2.137360056928258, 2.139225199452324, 2.146396741360587, 2.1636019690442505, 2.1778688850749286, 2.194995798863325, 2.208332766932047, 2.220748299301047, 2.231836939847509, 2.241618211607844, 2.257311783616729, 2.2689499476340145, 2.2769648211743165, 2.282307347086936, 2.285332075287452, 2.2862944536125283, 2.283518993993851, 2.2750651176365566, 2.2680489211390973, 2.2585160596391387, 2.244566307804556, 2.223494640097132, 2.207965482532141, 2.195604631544035, 2.1778029853175505, 2.16511544228596, 2.155262941761964, 2.147778372819156, 2.1422027952093754, 2.138600506139445, 2.137360056928258], "y": [0.9002976144336413, 0.8676732375714962, 0.8357922446613565, 0.8061584006040777, 0.7960227435919223, 0.7924247913716573, 0.7944254613879717, 0.7996915751139184, 0.8072501694271795, 0.8164380429521895, 0.8375787149208836, 0.8611958559839497, 0.885294650230694, 0.9101230110079773, 0.9353220706749503, 0.9606837625890576, 1.0042720699164525, 1.0471226905222026, 1.0685767619847883, 1.0890371810233932, 1.1076139955431707, 1.1173955309020276, 1.112806360769967, 1.102345740328083, 1.07612646945648, 1.0480362170752524, 1.0188306651981829, 0.9897202469912757, 0.9601847064552029, 0.9303366549150309, 0.9002976144336413]}