{"x": [2.2727828584568686, 2.2749474300582553, 2.2830903798184488, 2.2909853027655083, 2.302374344234321, 2.3179441063087185, 2.3363379621827005, 2.3493398001694503, 2.3615963643463838, 2.382595730988382, 2.398613753586388, 2.4105099000390187, 2.4186681336615687, 2.424075068104009, 2.427115579866032, 2.428079477237561, 2.4249163406794354, 2.4154248991931544, 2.407645674970591, 2.397176237363527, 2.3820552932271615, 2.3596855890672694, 2.344369691186116, 2.3318868126845325, 2.3137205490795743, 2.3008017731747405, 2.2908201966919033, 2.283291902673998, 2.277713107227882, 2.27412158929682, 2.2727828584568686], "y": [0.9218921994496534, 0.8868171172228875, 0.8526317529183364, 0.8358905990458401, 0.8212999933098101, 0.8108375546228761, 0.8071570410149167, 0.8088939017938566, 0.8135673492340038, 0.8289980177859801, 0.8490896536126146, 0.8718653550884831, 0.8952519059751999, 0.9194232236503339, 0.9439850160662481, 0.9687155085869121, 1.0147090751280672, 1.0598236640608447, 1.0823398126156039, 1.1037380403795256, 1.123010709077487, 1.1329944481623881, 1.128843723763573, 1.1190466331109579, 1.0938018241451233, 1.0664552394442408, 1.0379053078051084, 1.0094425513135268, 0.9805344078364806, 0.9513080033575971, 0.9218921994496534]}