{"x": [2.208728845638895, 2.210826922050493, 2.2185698846030975, 2.226063650012075, 2.236834703704344, 2.251386775645129, 2.2683726198746306, 2.2813041475282914, 2.293501937860323, 2.314490611458781, 2.330657889100327, 2.3427848001140634, 2.351187129735631, 2.356794960005825, 2.3599684473370175, 2.3609783095958523, 2.358019836975154, 2.3490515237730865, 2.341637826247521, 2.3316172138192552, 2.317145165701573, 2.2960885374172433, 2.2809578412814537, 2.2685479807105664, 2.2503460463853786, 2.2373077763296316, 2.227177371590513, 2.2194943987421114, 2.213772942265066, 2.210078313943256, 2.208728845638895], "y": [0.8723997895164755, 0.8400260672424329, 0.8085219984668811, 0.793166099197302, 0.7799016894953775, 0.7705627179935772, 0.7673284820262547, 0.7690479027618433, 0.7736733461069885, 0.7888791181428453, 0.8086869332944728, 0.8311962299668436, 0.8544081168468113, 0.8784485634994543, 0.902910261937629, 0.9275562735934654, 0.9704822465656733, 1.0125650349020914, 1.0335562678216583, 1.0534354553565293, 1.071161156906208, 1.0801198999790038, 1.0761011460514849, 1.0665573674866469, 1.0418366446383673, 1.0149667952936858, 0.9868712406689036, 0.9588226475601422, 0.9303092019081096, 0.9014566312136153, 0.8723997895164755]}