{"x": [2.225190497136388, 2.227168104010325, 2.234645347168144, 2.241972091815343, 2.252815070011298, 2.2686309470686035, 2.288569520683326, 2.302903486590517, 2.3160641972473552, 2.337573050585545, 2.35321342829672, 2.3645714870323635, 2.3722656942937013, 2.377344295447055, 2.3811035492330768, 2.378087333893062, 2.3689940208346165, 2.3615265776683976, 2.35141726574602, 2.3365364388906174, 2.3259664951167047, 2.312771996360403, 2.296026436081756, 2.2832101728322436, 2.265221133777514, 2.252566490170641, 2.242816925262219, 2.2354556055538195, 2.230008633151082, 2.22650443626509, 2.225190497136388], "y": [1.0402991623024285, 1.0021684903351145, 0.9647258687871296, 0.9459773383077466, 0.9290180221038526, 0.9159021554545764, 0.9109401793095646, 0.9132839211438574, 0.9194281378898148, 0.9385428418712234, 0.9620406958046912, 0.9878818462470479, 1.0139361937224256, 1.0406239747855506, 1.0947603282695322, 1.1454632464470715, 1.1954351898184943, 1.220512888882148, 1.2446470039523962, 1.26711456692267, 1.2759224356038452, 1.2798221105465117, 1.2742412191033667, 1.2621043523468605, 1.232706821161082, 1.2016831240543817, 1.1696276132788268, 1.137758950099668, 1.1055078848099797, 1.0729844403367823, 1.0402991623024285]}