{"x": [2.259187971029169, 2.2608584482541594, 2.266529359479216, 2.2752763856661153, 2.285120462771514, 2.297150593983581, 2.308612074617645, 2.319255713871178, 2.3289447306715174, 2.3375190885667165, 2.34126136932478, 2.3445647457665846, 2.34736768838113, 2.349552414183344, 2.350996884956418, 2.351544310064256, 2.349694506677219, 2.3436276129363804, 2.3341625684270686, 2.3232654009746034, 2.311157904734086, 2.2997951553103326, 2.2894746894077316, 2.2802665210558257, 2.2722990863566026, 2.2688370358560417, 2.2657753190547245, 2.263162314192231, 2.2611002953212203, 2.2597129507436424, 2.259187971029169], "y": [0.8349733709823933, 0.8251072741140183, 0.8168628137039674, 0.8121585042185678, 0.8108412567886233, 0.8124200600785811, 0.8164014089056606, 0.822162459477807, 0.8294150254855661, 0.8380808848966772, 0.8428997884528965, 0.8480295253701314, 0.8534861432650038, 0.8592183452258747, 0.8651879994640004, 0.8713054820580373, 0.8822032795398659, 0.8914432234175644, 0.8970951180757863, 0.8987632674407502, 0.8969394173710652, 0.8923780776748983, 0.8858769950783192, 0.8778778871919822, 0.8686586566095877, 0.8636397991576733, 0.8583671703996812, 0.8528271010872048, 0.8470592383483689, 0.8410845298587574, 0.8349733709823933]}