{"x": [2.2294007693446174, 2.2311767669237943, 2.237965123025574, 2.2545741037050493, 2.2697237037867763, 2.2898497746576565, 2.3052713042536404, 2.3190188649198467, 2.330693205610871, 2.34062270556218, 2.355898285224936, 2.3669039186679304, 2.3743606350700586, 2.379290805644875, 2.382953899965354, 2.3801808612419726, 2.3717455334176187, 2.364781498573068, 2.355295402856565, 2.341153953920237, 2.3307940351850864, 2.3172777229816766, 2.2994669053435106, 2.286572401415719, 2.2688314406588392, 2.2563623754633504, 2.2467401271779286, 2.2394424086829248, 2.2340397818326676, 2.2305746865240064, 2.2294007693446174], "y": [1.1107610739075622, 1.0720870607820798, 1.033972081048822, 0.9968874588794363, 0.9824512642167917, 0.9767193037952281, 0.9797672827108438, 0.9873908203593909, 0.9977040881323711, 1.009706535942891, 1.0359512478566442, 1.0642532666890088, 1.0925532238147009, 1.1214008166245175, 1.1797605559369095, 1.2323830602454642, 1.2843990476720326, 1.3105742646579395, 1.3359445968125008, 1.3600007979438227, 1.3698313449304156, 1.3744440312057316, 1.3674431315651079, 1.353302071167307, 1.320514000803864, 1.2864460023282067, 1.2514671738040772, 1.2167112705112613, 1.1816108270375845, 1.1462609599361528, 1.1107610739075622]}