{"x": [2.3152187790150953, 2.317346914295043, 2.325132978641657, 2.3327067560420494, 2.3439671232440302, 2.360869550441665, 2.383113911123857, 2.398451137641621, 2.4123226039671795, 2.4343993253386556, 2.4500270597866662, 2.461215947904708, 2.468722583713863, 2.4736489769936325, 2.477280228601149, 2.4740621365236484, 2.4644266575420906, 2.4565801831448386, 2.4459926108992796, 2.4303795914465907, 2.4190453886521492, 2.4042885458795817, 2.3862910666315087, 2.3730549846857554, 2.3548627846075445, 2.3421846905441064, 2.3324789943926607, 2.3251893010202056, 2.3198398119922663, 2.316442538407073, 2.3152187790150953], "y": [1.1685844140923516, 1.1257700590340245, 1.083615875839226, 1.0623595383201045, 1.0428045359085973, 1.0270271440796837, 1.020717900390069, 1.0234491941162267, 1.0305395329413212, 1.052039081240613, 1.0778213835499493, 1.1058171328528255, 1.1338206262884216, 1.1623911683732648, 1.2202013380595482, 1.2776270234559783, 1.334329959929013, 1.3628177085450421, 1.39040434109818, 1.4165209292463297, 1.4272007731666077, 1.4321765957652093, 1.4254553981689193, 1.4115309631305233, 1.3788075564000308, 1.344682846710784, 1.3095968189693517, 1.274764200013758, 1.2395813357200431, 1.2041536095277339, 1.1685844140923516]}