{"x": [2.3052940324553886, 2.3078030059359316, 2.3165652230303255, 2.3302479355693975, 2.3456917227256526, 2.3643605896580695, 2.382180418495929, 2.3987766734586353, 2.413916496932374, 2.427332127772817, 2.4383063489767136, 2.4426359901530788, 2.445983400602117, 2.4481742422875317, 2.4490055635514003, 2.446009968082913, 2.436266480449969, 2.4208556273136876, 2.402817145801373, 2.3839056798120826, 2.36627426707498, 2.350441754278758, 2.3432187056545395, 2.3364749993308176, 2.3245529940006207, 2.319408190136011, 2.314876823309788, 2.3110265226830773, 2.308000015097847, 2.3059752571009913, 2.3052940324553886], "y": [0.889048277514033, 0.8735715699208837, 0.8605697632217889, 0.8531261724362337, 0.8510980934234803, 0.8534258763293958, 0.8594590235998313, 0.8682215696487489, 0.8793122701329652, 0.8926681783106581, 0.9080930252488274, 0.9165762355122807, 0.9254928207541605, 0.934771654659633, 0.9442693096803281, 0.9623260962616921, 0.9778207915669378, 0.9877024526346834, 0.9908257208869652, 0.9878384081562364, 0.9803751067346674, 0.9697572188900196, 0.9635279672489833, 0.9567827146625655, 0.9420116975293438, 0.9340281277141126, 0.9256810858137637, 0.9169550375623539, 0.9079102056214873, 0.8985756150113271, 0.889048277514033]}