{"x": [2.268960229898898, 2.270823259206715, 2.2780641766876735, 2.285130623654032, 2.295625992673668, 2.3112627130520615, 2.3315987114562056, 2.3457942757302495, 2.3586773333518347, 2.3793044059188606, 2.3939958733272833, 2.404552277596345, 2.411654873896344, 2.4163265914216154, 2.4197778198648017, 2.4168338103052425, 2.4079804468425894, 2.40073839338585, 2.390943572691526, 2.3764828363727823, 2.366042172826833, 2.3526305163152723, 2.3360369690774103, 2.3236638437207633, 2.3065342102637914, 2.2945547935158896, 2.2853614850826767, 2.2784412254597655, 2.273345435096639, 2.270088447674655, 2.268960229898898], "y": [1.0707572277655393, 1.0316891688005032, 0.9932528159098962, 0.9739060831979413, 0.956183838179382, 0.9420404700522869, 0.936473688659305, 0.9389617315792309, 0.9454217028600346, 0.9651154226513167, 0.9888554582335871, 1.0147009768580673, 1.0405975507162082, 1.067040970826984, 1.1205778595762856, 1.1725398995316196, 1.2238267277042085, 1.2495916626058738, 1.2744983022090668, 1.2979650869323347, 1.3074375504563136, 1.311780647290226, 1.3058189944404694, 1.293257430702429, 1.2634454644541968, 1.232237439934271, 1.2000982068988049, 1.1681756466385276, 1.1359115370522614, 1.1034060207381193, 1.0707572277655393]}