{"x": [2.1875881084069477, 2.189860785980721, 2.198529824454295, 2.2067227814408197, 2.2180410985988046, 2.232309058149094, 2.2481890001850973, 2.2606854258411633, 2.272704072628855, 2.2942377250141357, 2.311721104931294, 2.3252939268849437, 2.3349496380120858, 2.3414682596864593, 2.3451751716189477, 2.3463551047257907, 2.343138500226121, 2.3334193018054794, 2.3254043496742582, 2.314661606142741, 2.2996176012820086, 2.279406593871054, 2.2648902833150673, 2.2523386051609657, 2.233071065903946, 2.2189573195068006, 2.2078935960227626, 2.199456778662703, 2.1931304143493566, 2.189014859055393, 2.1875881084069477], "y": [0.7900242262212094, 0.759555122714794, 0.7302570152028287, 0.716515269213828, 0.7052079342616597, 0.6977876574991368, 0.6952454895475007, 0.6965029134285111, 0.7001489932941799, 0.7128507624963935, 0.730408597161962, 0.7511383978287719, 0.77315520628607, 0.7962956510415746, 0.8200247174601699, 0.8440125799542878, 0.8841531266450724, 0.9232318576275717, 0.9425157539656853, 0.9604238967242436, 0.9756219976007177, 0.9826090951337111, 0.979487568132261, 0.9715551927947912, 0.9495636785061613, 0.9247959794998052, 0.8985237360839656, 0.8721220798872457, 0.8451368162852049, 0.8177157188364411, 0.7900242262212094]}