{"x": [2.2497637980066756, 2.2518855027104228, 2.2599736897435796, 2.267812416575524, 2.2790609908617814, 2.2942360247225553, 2.3119594048699073, 2.324633967356717, 2.336630151120086, 2.3573565229435447, 2.3733341741294756, 2.385279093942107, 2.3935117221979025, 2.398981806592775, 2.402062783521462, 2.4030405232412844, 2.3999287047360847, 2.3905740521212264, 2.3828925399164285, 2.372553943272279, 2.3576803840519815, 2.3360533920141355, 2.3211758429356637, 2.308895630074075, 2.290843327534715, 2.2779397867543114, 2.267943558267606, 2.2603884354845767, 2.254772762152882, 2.251140214631479, 2.2497637980066756], "y": [0.8856452196454917, 0.8518353152247735, 0.8189386208877332, 0.8029199498096444, 0.7890811262331846, 0.7793128682372417, 0.7759095884803899, 0.7775309375521061, 0.7819314923080302, 0.7966055018925233, 0.8159171416838735, 0.8379521969259178, 0.8606872812952884, 0.8842401665961066, 0.9082027723324415, 0.932342841047141, 0.9764754872240081, 1.019717415342874, 1.0412687432080967, 1.061679004890308, 1.0798922618150206, 1.0891236597091767, 1.0852705490719246, 1.0760301865119752, 1.051882775740087, 1.0255445647682617, 0.9979714231643476, 0.9704502322557162, 0.9424688090909151, 0.9141564526374196, 0.8856452196454917]}