{"x": [2.2448614513309577, 2.247457355115922, 2.256338397746374, 2.2704472858917355, 2.2864717955964555, 2.3059103210045664, 2.3244189530795074, 2.341603915689761, 2.357228905627862, 2.371003849442822, 2.38221857412105, 2.390020117206597, 2.3930862041846597, 2.390088768962214, 2.3802272417023422, 2.364343573188913, 2.345559651373947, 2.335572372304866, 2.325812154364428, 2.316428537811434, 2.3074833693690455, 2.2990558670058716, 2.2911150387731842, 2.283673459095503, 2.276740034205299, 2.264533528188235, 2.254658878041901, 2.2507411914467514, 2.2476673193485466, 2.2456165149438587, 2.2448614513309577], "y": [0.9043847542617693, 0.888361617165955, 0.8747746115853224, 0.8668835395936669, 0.864751678763509, 0.8672531608401096, 0.8736986415309317, 0.8830137219259243, 0.8947590764167527, 0.9088348526216763, 0.9250245562405793, 0.9431994911902568, 0.9627389754614346, 0.9815452138976849, 0.9978366073966053, 1.0084218874413229, 1.011813547848683, 1.0108872873077808, 1.0085760435844848, 1.0050607373131355, 1.0005448100182943, 0.9952223298908333, 0.9891978101782355, 0.9825700800846382, 0.9754124594195872, 0.9598197594907303, 0.9426551923623843, 0.9335140679571993, 0.9240557523580688, 0.9143126654394145, 0.9043847542617693]}