{"x": [2.1053654668639856, 2.107056635040885, 2.113413524807088, 2.128795741005546, 2.1418736465468555, 2.1578814839995877, 2.1710762998705055, 2.1832093621224247, 2.193895773814802, 2.2032350302430226, 2.2180779376388813, 2.229043587587217, 2.236600025040905, 2.241648985459976, 2.244516775205102, 2.2454846687117316, 2.242967236461438, 2.2354163751234473, 2.2291045685358286, 2.2204749174279237, 2.2077139679134055, 2.1879824257694325, 2.1727584004703404, 2.1609079199890457, 2.1440008650914124, 2.1319424494006785, 2.122553153685707, 2.115389914101112, 2.1100385356430365, 2.10657353267657, 2.1053654668639856], "y": [0.8791701204222907, 0.8486667376855298, 0.8187851988916823, 0.7906487985355628, 0.7807421440892158, 0.7771473484408316, 0.7793111583661669, 0.7849302365513717, 0.7928281721992761, 0.8022809533627931, 0.8236548777596001, 0.8472538409845601, 0.8711955210740635, 0.895788442640772, 0.9207145213102153, 0.9457863540716499, 0.9869675779458127, 1.0275288298737693, 1.047886905015432, 1.0673758569531047, 1.08523765527366, 1.0948580459298083, 1.0900079452021172, 1.0792906444347317, 1.0530318488178434, 1.0251466930815032, 0.9962532954725803, 0.9674658710664088, 0.9382872735352422, 0.9088178997058491, 0.8791701204222907]}