{"x": [2.26452911381612, 2.266109948894937, 2.271814515833492, 2.277187388764926, 2.2847811951188732, 2.2949672324795243, 2.306879292770588, 2.315537301359086, 2.323684528994573, 2.3376540962684436, 2.3484222348889183, 2.356576993127454, 2.3623246370244684, 2.3662362223671773, 2.368501314661873, 2.3692469328803525, 2.367290545624859, 2.3611163401082624, 2.355874378811344, 2.348724599554776, 2.3385706843847007, 2.324876616024078, 2.315192866008351, 2.306762558842226, 2.2938031837029307, 2.2844174933865222, 2.2771937109968934, 2.271821423948167, 2.267897133327436, 2.2654197163881205, 2.26452911381612], "y": [0.8745251180859738, 0.8517917194082366, 0.8297289822473379, 0.8190261496257646, 0.8097658853357186, 0.8031858120965342, 0.800915230548194, 0.8021272850094052, 0.8052979112237358, 0.8156165857814744, 0.8289326882187341, 0.8439916161865675, 0.8595188493075759, 0.8756070399723999, 0.8919979007637392, 0.9085277227245718, 0.9356740667068809, 0.9621812474120811, 0.9753153974858888, 0.9875164102709835, 0.9978482962963154, 1.0025729501308442, 1.0005775161938566, 0.9954115998135068, 0.9808699836050501, 0.9643624327396462, 0.946800901306519, 0.9291806316107231, 0.9111824284945632, 0.8929266703698739, 0.8745251180859738]}