{"x": [2.2765938366637766, 2.2794960627045064, 2.2890165948170598, 2.3031183404847995, 2.3187436040525555, 2.336656333882344, 2.353881489876492, 2.370070551835298, 2.384967760180568, 2.398334580293039, 2.409366572235445, 2.413749939124963, 2.4171481705656763, 2.419373639781183, 2.4202126284636476, 2.41944394749526, 2.4169039446689387, 2.4125432336509394, 2.4064960861564457, 2.3907490486915886, 2.3726798633871815, 2.3545314424560773, 2.3374292814844675, 2.3218808054903497, 2.3080341224005605, 2.2960905740318562, 2.286343487287272, 2.2824522880187663, 2.2793911326321727, 2.2773459209131524, 2.2765938366637766], "y": [0.8434140785625254, 0.8277556616099135, 0.8149897536615077, 0.8080030397691718, 0.806125663853392, 0.8081339456694191, 0.8134436619315973, 0.8212947868852795, 0.831384339584087, 0.8437554225063274, 0.8582471693427448, 0.8663042417244918, 0.8748237689254684, 0.8837330868885779, 0.892877744224293, 0.9020859872183759, 0.9109702989593897, 0.9191313110620147, 0.9261348763184777, 0.9354706885285905, 0.9384085654792305, 0.9358218386676409, 0.9292208972202795, 0.9196253515353181, 0.9077048242758895, 0.8939071052227955, 0.878479218177019, 0.8701719349682809, 0.8615242928759804, 0.8525690536776008, 0.8434140785625254]}