{"x": [2.249814522124454, 2.2519548241758995, 2.259855553497637, 2.2674946822053283, 2.2785164051197127, 2.2935987283297647, 2.3114597075643752, 2.3247641957497627, 2.337300169868983, 2.3587423695195793, 2.3750943515274563, 2.387266143602893, 2.395636867789976, 2.4012007888212366, 2.4043391953050577, 2.405336153278831, 2.402261063459593, 2.3929781656556415, 2.3853346889098948, 2.375017110285307, 2.360079487009889, 2.338000182561179, 2.322443854869178, 2.309803809914136, 2.2914176360744025, 2.278317506682185, 2.26817388697671, 2.260505024176269, 2.254813410498651, 2.2511515108535334, 2.249814522124454], "y": [0.9159121892516923, 0.8817562712020015, 0.8484578311954, 0.8321458438895184, 0.8178994815019311, 0.8076228444931808, 0.803871689683938, 0.8055546300475162, 0.8103181420948117, 0.8261142908325718, 0.846643083143082, 0.8698953111435628, 0.8937673275991195, 0.9184449485506716, 0.9435271135138444, 0.9687851947809564, 1.014123233553162, 1.0586071828547676, 1.0808188661231084, 1.1019216901450566, 1.1209057273822272, 1.1307052464521472, 1.1264386649887808, 1.1164170726911975, 1.0907045086142886, 1.0628937991156688, 1.0338738760940591, 1.0049352440706152, 0.9755437246511459, 0.9458254051394573, 0.9159121892516923]}