{"x": [2.2755386130482993, 2.2771523880013995, 2.2827761070866495, 2.292928837827912, 2.3054483249778004, 2.3121254803258644, 2.3186462896753475, 2.3249181022407925, 2.330902524977245, 2.3418516045207025, 2.3513843616984085, 2.359292992511266, 2.365408460266047, 2.3694291930245166, 2.370918011527753, 2.369124402705337, 2.3631020899830597, 2.358246999267514, 2.352309857773714, 2.345603673520835, 2.3385371850877483, 2.3317278211625503, 2.3251343916474148, 2.318882035551833, 2.313009233452458, 2.302532738022607, 2.2936232160958765, 2.286373280241752, 2.280742805018321, 2.2769649074391993, 2.2755386130482993], "y": [1.0941298608325605, 1.0816481200637253, 1.0703888169827234, 1.0626826464365526, 1.0602898557029077, 1.0608633345772442, 1.0624100494796056, 1.064747644174908, 1.0677454210723798, 1.0753108270901917, 1.0845976054150037, 1.0952118388237342, 1.1069510656436454, 1.1195842573620236, 1.13275799048414, 1.146521161949793, 1.1590261078063697, 1.1642127627877377, 1.168114511964008, 1.1704561704627177, 1.1711779827535338, 1.1704870397024492, 1.16865086797993, 1.165896759080531, 1.1624057322864083, 1.1538227288086105, 1.1436224678203468, 1.1323973227376891, 1.1202786099028224, 1.1074382464554864, 1.0941298608325605]}