{"x": [2.243179325206712, 2.2457901962754785, 2.2548113610830613, 2.2685994201033086, 2.2840234814817104, 2.302942498841518, 2.321046274246096, 2.337971923092957, 2.353484090658579, 2.367329378224068, 2.373388122218412, 2.3787375830438964, 2.383271524977095, 2.386794784773891, 2.389114312642775, 2.3900041731931574, 2.386914027985325, 2.3768904690813106, 2.361287237839135, 2.3431926320732877, 2.3240392230315976, 2.306119041272907, 2.2899480313287914, 2.2756129666540965, 2.2632969782815495, 2.257958998324503, 2.253242144157949, 2.2492178585907796, 2.2460410934239126, 2.2439057577130095, 2.243179325206712], "y": [0.8611326030217231, 0.8456650073855116, 0.832832168727697, 0.8256555769357461, 0.8237288252938809, 0.8260197501839126, 0.831972133808403, 0.8406347993973978, 0.851629890184202, 0.8649410499128314, 0.8724046748576877, 0.8803919988766001, 0.8889315035542352, 0.8979351922426145, 0.9073328427459532, 0.9169715248508004, 0.9350919284805193, 0.9505005718993011, 0.9601495476124122, 0.9631742458928338, 0.9602204701494998, 0.9528417876928755, 0.94230290136653, 0.9293771283380174, 0.9145890642761217, 0.9065746251832921, 0.8981795938691179, 0.8893826596030401, 0.8802454231563673, 0.8707944908360142, 0.8611326030217231]}