{"x": [2.2941449493692208, 2.2965891143153083, 2.3056386151983106, 2.3142919613015875, 2.326543668328129, 2.342741975146417, 2.361412609205765, 2.3741826421170638, 2.386365854441672, 2.4077244441067647, 2.4244376407780672, 2.4370037497931523, 2.4456734807109446, 2.451421313945575, 2.4556663358822246, 2.45217602363234, 2.4478807771535815, 2.4418005243771166, 2.4333607282973224, 2.4220842487500764, 2.406041337891643, 2.3831366294731193, 2.368003184836428, 2.3553221907010116, 2.336520944759535, 2.323091089108417, 2.312724586951512, 2.304934376415965, 2.2991786211188456, 2.2954926584341613, 2.2941449493692208], "y": [0.9092962672218403, 0.8736083113904559, 0.8390003546828564, 0.8223139546055374, 0.8080587092109734, 0.7981516668357038, 0.7946959388043491, 0.7961629119083086, 0.8002610929800653, 0.8143126422299161, 0.8332750523941184, 0.8552066926982563, 0.8780072535332423, 0.9017136286606986, 0.9502186906384068, 0.9967323361811995, 1.0196738762204551, 1.0422081596095565, 1.06480147468737, 1.0861211616713387, 1.1049886449102582, 1.1144083712780968, 1.1107232063523662, 1.1016792042051324, 1.0775506350468318, 1.0509929295195395, 1.02309654303822, 0.9952390755589356, 0.9668912863063815, 0.9381959557491711, 0.9092962672218403]}