{"x": [2.1785372959903286, 2.1806916380495425, 2.1886120811620686, 2.1962459826412495, 2.2071056087273746, 2.2214424589527604, 2.2378631598965373, 2.2508442241650255, 2.2631550700367598, 2.2846051687874653, 2.301418646709157, 2.314187139791452, 2.323128124425327, 2.3291302142310597, 2.332540106389142, 2.3336292602925, 2.33065257860379, 2.3215885707610244, 2.3140693712660676, 2.3039046340201024, 2.289326788463549, 2.2686873852489855, 2.253547692405527, 2.2409233649115987, 2.2221380615186423, 2.208569099278033, 2.197976585055833, 2.189910667268171, 2.1838771726384048, 2.179963700365185, 2.1785372959903286], "y": [0.8415989153424807, 0.8102886588348169, 0.779920255301127, 0.7652760134631459, 0.7528341971941009, 0.7443266255249008, 0.7414483220998331, 0.7430911382536857, 0.7475239644831208, 0.7622374757056557, 0.7816720702446615, 0.8039736865342075, 0.827167422688908, 0.8512893115245891, 0.8758910637767825, 0.9007041111950835, 0.9423264781835363, 0.9830588465092749, 1.003325980261605, 1.022404061619548, 1.0391439467642127, 1.0473141591649981, 1.0435252406627, 1.0343495903785296, 1.0101414668339728, 0.9835765216115477, 0.9556908318512062, 0.9277954658642337, 0.8993911102852552, 0.8706099127221151, 0.8415989153424807]}