{"x": [2.332323787617182, 2.3340390019274695, 2.340126912850245, 2.3458270268333234, 2.353882437836203, 2.364786057817271, 2.3776826095610812, 2.3863743866462346, 2.394545503117084, 2.4084888147016277, 2.4191269414242007, 2.4271015067582633, 2.432662003149877, 2.4364160826910495, 2.4385738303771802, 2.439279501643469, 2.437163916030412, 2.4305646495440447, 2.425008925194544, 2.4174590208625686, 2.4067025058801854, 2.3919616428121593, 2.382183008992164, 2.373719304127816, 2.3608186527766586, 2.351562989800874, 2.3444955840646076, 2.3392837454241175, 2.335510457216909, 2.333155264615663, 2.332323787617182], "y": [0.9216838364811059, 0.8970569838687283, 0.8731329129292262, 0.8614834675304855, 0.8513192542754909, 0.8439659680213469, 0.8413894004312845, 0.8426222741691467, 0.8458316077715191, 0.8563041646317625, 0.8698029335818118, 0.8850276769643817, 0.9006583386039062, 0.916818276419659, 0.9332568319860417, 0.9498213727961573, 0.9791392125772681, 1.0077829049677223, 1.02199633028383, 1.0352585501900984, 1.0466279390375501, 1.0518884117673069, 1.0497750753237842, 1.0444408865121382, 1.0295472050392267, 1.0127231481323782, 0.9948690739730952, 0.9769928297022936, 0.9587586401850925, 0.9402867218651056, 0.9216838364811059]}