{"x": [2.208029912711457, 2.2093022941861036, 2.2139216150855017, 2.224874738952133, 2.234685441345554, 2.2477450816768947, 2.257600307466554, 2.266342449082557, 2.2800327498925967, 2.2897773571847475, 2.2969065405630853, 2.301840860713868, 2.3051759221518417, 2.307105344842054, 2.3077440839045944, 2.3060911228922287, 2.30081001666323, 2.2962927717520136, 2.2900249049986727, 2.280619893739132, 2.2739840586526707, 2.2659349375840363, 2.2550420524957775, 2.2464975165579215, 2.2343618855419884, 2.2258538416062748, 2.2193681131207295, 2.214546489568795, 2.2110385335938805, 2.2088292333441526, 2.208029912711457], "y": [1.0498690776654986, 1.0246904904588197, 0.9999065827207383, 0.975874073242918, 0.9664569095649348, 0.9626649908413565, 0.9646706283553571, 0.9696428529247496, 0.9840348054471385, 1.0008260024959803, 1.0188835885464274, 1.0369663453272762, 1.0554111541728752, 1.0740486752605007, 1.0927749102429842, 1.1234306917362793, 1.1536733625189846, 1.1688922828035304, 1.1834777167215746, 1.1968643614471415, 1.201909124917211, 1.2040760572618254, 1.2006426604905993, 1.193064133949023, 1.174307741677624, 1.1543195750642508, 1.133586776358148, 1.1129693505974902, 1.0920882456566385, 1.0710289006203073, 1.0498690776654986]}