{"x": [2.232876294726891, 2.2353314580479706, 2.2438534001464925, 2.256942335779154, 2.2715987986843613, 2.290302150958119, 2.3081621445514564, 2.324827301665124, 2.34008414367024, 2.353686834067702, 2.3649139266611723, 2.3693912463327638, 2.372886289969585, 2.3752063714394653, 2.376120765031098, 2.373301713331411, 2.363908773892407, 2.349094420990176, 2.331868280164527, 2.3129196475542435, 2.295228138594776, 2.27927876666554, 2.265127720116688, 2.2587827391946, 2.252942831023554, 2.2476476477194733, 2.242957487930163, 2.2389435572520715, 2.235763283322992, 2.233615320969048, 2.232876294726891], "y": [0.8267180165533112, 0.812023335560925, 0.7998029436166945, 0.792960478654861, 0.7911362917515693, 0.7934776531958428, 0.7995040939808288, 0.8082101602325542, 0.8191988736801594, 0.8324279866003994, 0.8477248819260306, 0.8561613882622304, 0.8650499033563884, 0.8743264640057661, 0.8838449323630201, 0.9011039405034228, 0.9158549778625781, 0.9251057034609185, 0.9279868574419721, 0.9249814512732936, 0.9175589412682275, 0.9070432409717425, 0.8942092899341695, 0.8871002806775884, 0.8795708538690205, 0.8716477188855372, 0.8633520914022751, 0.8546590819826476, 0.8456276972607863, 0.8362804098200326, 0.8267180165533112]}