{"x": [2.322301857854703, 2.3242018603983943, 2.3311425685494256, 2.347939918430187, 2.3636961977026094, 2.3742592877932718, 2.3860871611466816, 2.4014430766075625, 2.414821751415803, 2.4350607498853907, 2.4488513218496353, 2.4585860419640557, 2.4650855643302387, 2.469340536248211, 2.47247480508786, 2.46956705765169, 2.460851023348852, 2.4537656497406686, 2.4441865255020483, 2.4299705928337847, 2.4193404091003825, 2.4045899596705325, 2.386844440332562, 2.37456131114247, 2.358051538170904, 2.3465901094698327, 2.337835908895313, 2.3312589826070886, 2.326446953109443, 2.3234002068044264, 2.322301857854703], "y": [1.2283977078677548, 1.1846369462640922, 1.1413883528053352, 1.0987467773362705, 1.0810640988930904, 1.075370195561046, 1.0733451475730156, 1.0766629343336893, 1.084898400866096, 1.1083406123773067, 1.1351817710850611, 1.1637450849714042, 1.1920648193936172, 1.2208075813122368, 1.278790026886706, 1.3376174720993952, 1.3958682579433326, 1.4251811176472273, 1.4537763382620232, 1.4813537666384489, 1.4932062329309475, 1.4991983948978969, 1.4913060302193384, 1.4762621738622344, 1.442273685160234, 1.4073140002522784, 1.3715801523061872, 1.336122172611952, 1.3003818780480947, 1.264445890656985, 1.2283977078677548]}