{"x": [2.2488205734313587, 2.250879551423966, 2.257325012881173, 2.266326635330596, 2.2761218565802914, 2.287853614853582, 2.2991731335239405, 2.309867555363614, 2.319784700628416, 2.32880865426584, 2.3328201446450354, 2.33640921294342, 2.3395051549363375, 2.3419532494853526, 2.3435927454502887, 2.344216045472686, 2.3419872086568327, 2.3351085831836436, 2.325299368142296, 2.3144151305211937, 2.302626021901237, 2.2913837209076413, 2.2809614144568853, 2.271484275642081, 2.2630783077706407, 2.2593733979212716, 2.2560649798196803, 2.2532081729523146, 2.250932412289846, 2.2493917955309883, 2.2488205734313587], "y": [0.7581464793196216, 0.7483188179950531, 0.7406195749096499, 0.7366031975384251, 0.7355013197867849, 0.7368004076368688, 0.740145595000315, 0.7450967549776658, 0.7514634553320894, 0.7592958836032441, 0.7637318206759904, 0.7685159801136838, 0.7736880159867647, 0.7791963410475276, 0.7850085086566468, 0.7910152329234681, 0.8019109177964311, 0.8106498063986627, 0.8155750585873893, 0.8169935719843442, 0.8154916270028782, 0.8116381105373766, 0.8059880958306149, 0.7988655276263059, 0.7904169749272859, 0.7857432881133493, 0.7807810229963099, 0.7755017264558209, 0.7699471579895034, 0.7641335596534423, 0.7581464793196216]}