{"x": [2.2525153123857033, 2.254942372819518, 2.26319577434727, 2.276230497998919, 2.291018811649267, 2.308961168809393, 2.3260479285156808, 2.3419115866323663, 2.3563361996053924, 2.369057832829926, 2.379431824826898, 2.3835162595830366, 2.386673865843288, 2.388744076378109, 2.3895388344324444, 2.3867853225188993, 2.3776860614465285, 2.3630946566169917, 2.3459222669149784, 2.3277317276204954, 2.31907316172237, 2.310806306067387, 2.295638982717024, 2.2887275012029633, 2.282279235656321, 2.2708974406596996, 2.261674649527255, 2.2580121204549326, 2.2551378036899563, 2.2532204052376295, 2.2525153123857033], "y": [0.8913972405245608, 0.8766057626254776, 0.8640933766016144, 0.8568323530781218, 0.8548493597189533, 0.8571360977688709, 0.8630690560621724, 0.871658102173559, 0.8824912874172905, 0.8954677229532092, 0.9103877806328617, 0.9185637958122076, 0.9271404708203487, 0.9360514833588117, 0.9451652243993615, 0.9623588041187399, 0.9772048291544692, 0.9867516172250677, 0.9897780489997057, 0.9868410762712073, 0.9836543677257661, 0.9795574210156615, 0.9692406295878907, 0.9632018687688098, 0.9566707830712211, 0.9423978685210318, 0.926643457366392, 0.9182367342488192, 0.9095289552027185, 0.9005507691333342, 0.8913972405245608]}