{"x": [2.240559330213228, 2.2428801264389833, 2.2510743808362585, 2.2642227087657263, 2.2792177212307, 2.298103587104929, 2.3160344203727963, 2.3326296931448467, 2.3476829000219444, 2.3609177717614678, 2.371697029017749, 2.379223862281969, 2.3822218674700073, 2.379535367768247, 2.3704915381684666, 2.355701287431192, 2.338140508695838, 2.3284429901380257, 2.3189790357287836, 2.3098939453154688, 2.301241622492152, 2.2930963385151952, 2.285421709483601, 2.278227109150712, 2.2715192737676353, 2.25969185192501, 2.2500950249921785, 2.246273917129602, 2.243266515552004, 2.241250769428667, 2.240559330213228], "y": [0.8593983443893543, 0.8443891773161619, 0.8316018638287551, 0.8241062680027477, 0.8220539314555505, 0.8245735223623676, 0.8310163079770705, 0.8402635395329331, 0.8518529887235468, 0.8656469693399621, 0.8814344119514363, 0.8990931964287042, 0.9180536250392201, 0.9356321343512022, 0.950943255030275, 0.9609245409420071, 0.9640862865881838, 0.96316195547741, 0.9608533149421068, 0.9573683009466116, 0.9529161666126089, 0.947692937875977, 0.9417999048090522, 0.935333020071051, 0.9283625239166771, 0.9132068316913416, 0.8965489858794198, 0.8876797348705915, 0.8785025885545462, 0.869044297565557, 0.8593983443893543]}