{"x": [2.25302480163306, 2.25445251453887, 2.2595844220556045, 2.264465020840121, 2.271523546276418, 2.281543216260142, 2.2939287780743167, 2.30298109849798, 2.311302558569906, 2.3249939799238613, 2.3351160589273556, 2.3426260159984906, 2.3478510565419715, 2.3513884761769597, 2.353432251184687, 2.3541054447046976, 2.352308228170222, 2.3466121682365446, 2.341755368584756, 2.335067516610606, 2.325277727077557, 2.311159354494797, 2.3010862546471818, 2.2926943919385376, 2.2802957683200407, 2.2714878020214475, 2.264754467281446, 2.2597592774938384, 2.256125523592933, 2.253841479189153, 2.25302480163306], "y": [0.9429108984061219, 0.9192334175126284, 0.8960747260374425, 0.8845856888343411, 0.8742902801967579, 0.8664554631987517, 0.8635613307687774, 0.8650668589734118, 0.8689352465572718, 0.8809048831816314, 0.8956108694469758, 0.9118072597910982, 0.9282238262450268, 0.9450847682454986, 0.962182688363437, 0.9793891609573835, 1.0079225418711, 1.0359392996219712, 1.0499516270140852, 1.063188184639588, 1.0748754248619448, 1.0806289558413384, 1.0780271744164738, 1.0718779267062202, 1.0556357136336558, 1.0378032682811507, 1.0190886060922058, 1.0004129426502717, 0.9814253635892576, 0.9622271983712879, 0.9429108984061219]}