{"x": [2.184916055362532, 2.1869301573990954, 2.1943216482683265, 2.2065626189843552, 2.2206730416331406, 2.230354119393471, 2.239843738382453, 2.249046567321715, 2.257931697947633, 2.2745748300563173, 2.289613124162376, 2.302783014837311, 2.313489530484656, 2.320942422994917, 2.3238013363730095, 2.321224240806949, 2.312854627761088, 2.2990483010692695, 2.2825985365182477, 2.2728064265480143, 2.2632806850109257, 2.2541712280624604, 2.2455213803725234, 2.237402038319586, 2.229762227365597, 2.2226051142209333, 2.215932660382094, 2.2041660786790396, 2.1945816588923517, 2.1877047401635643, 2.184916055362532], "y": [0.8768671334635068, 0.8627463444801088, 0.850547198966696, 0.8432449814215814, 0.8412301072767542, 0.8419628713705544, 0.8440140518264544, 0.8470671366223662, 0.8509488683257064, 0.860729707767388, 0.8728337722479973, 0.8870783808390977, 0.903256310774555, 0.921257360486469, 0.9405293612076414, 0.956956136377656, 0.9713238063872776, 0.9807385498198595, 0.9836808782920954, 0.9826874540694884, 0.9802110539556586, 0.9765213512914546, 0.9718548486838195, 0.9664277243382144, 0.9603440837651234, 0.9537028604088125, 0.9465748539552176, 0.9311700384869026, 0.9143207155942746, 0.8961214474790969, 0.8768671334635068]}