{"x": [2.142235680123198, 2.1434946466488625, 2.148090683436871, 2.1589280078945614, 2.1682047461242, 2.1798480794144948, 2.188886724821021, 2.197113250490289, 2.2042710928669296, 2.2104791804841946, 2.220294873655942, 2.2275855554634796, 2.2326803845593592, 2.2361453752330998, 2.238160488928815, 2.2388313057986524, 2.237227074951686, 2.2320725231308183, 2.227639420498991, 2.2214949204634458, 2.2124130150870274, 2.1991218367757375, 2.1891386582636314, 2.1809372183313633, 2.1689155921671124, 2.1603669001918537, 2.153806948853877, 2.1489118086749133, 2.145330802895145, 2.1430614343086645, 2.142235680123198], "y": [0.9184196277151212, 0.8961387397243877, 0.8743007129771831, 0.8535757937749876, 0.8459803827414769, 0.8431201500865457, 0.8447104304084396, 0.8487786459509097, 0.8544162848817926, 0.8610854173846149, 0.8759508651051604, 0.8922043363391888, 0.9086352426660746, 0.925485340762822, 0.9425621618875522, 0.9597443767523428, 0.9867460383708356, 1.0132996423125973, 1.026610453149092, 1.0392229550175731, 1.0504367609308092, 1.0560559270098142, 1.0533350899069183, 1.0470261129072405, 1.0306646216835915, 1.0128499539035831, 0.9942110279408751, 0.9756171385232888, 0.9567260951786133, 0.9376311827187354, 0.9184196277151212]}