{"x": [2.166275070183676, 2.1680300477320493, 2.174641610394973, 2.186799369563075, 2.2016510574650137, 2.2118807751857665, 2.2218250288498718, 2.231358129849445, 2.240455850236733, 2.2490471508542065, 2.2571670831038144, 2.271900055892538, 2.2843749038672754, 2.2942422607173234, 2.3009115662635784, 2.30342303460058, 2.3012153079120354, 2.2937590495544584, 2.2802027387658224, 2.262922866404809, 2.252504759264222, 2.2424880201422823, 2.2330654928514435, 2.224254843917145, 2.2161217312892547, 2.208562708686986, 2.195098321809445, 2.183926227980968, 2.174994260890546, 2.1687275045093615, 2.166275070183676], "y": [0.9706437311482704, 0.9558536920699227, 0.9425078147556138, 0.9335955550567259, 0.9310135311619105, 0.9319463709355224, 0.9345210813568046, 0.9382917918455609, 0.9430172289695553, 0.9485025387759394, 0.9546641757527168, 0.9687303119000161, 0.9847613975145229, 1.0025167574592346, 1.0217586602070325, 1.0419681378009058, 1.0592241650468739, 1.0749419493929566, 1.0863086475235053, 1.0901009291291075, 1.0888257285163574, 1.0856907595598102, 1.0811229107995706, 1.075464136356323, 1.069021843431521, 1.0619146754691537, 1.0461494832906102, 1.0289924294651807, 1.01056961370926, 0.9910231666836951, 0.9706437311482704]}