{"x": [2.331638391086417, 2.3330959573664507, 2.3382082812028915, 2.3478304200641538, 2.36007014202447, 2.366647431115817, 2.373040772925204, 2.3791490127397537, 2.38493772530441, 2.3954117494493143, 2.404416486135387, 2.4117759026093135, 2.4174105089401454, 2.421082426042309, 2.422429543895163, 2.4208165009969305, 2.4153544806526823, 2.410838182940314, 2.4052035016626965, 2.398722226461853, 2.391832242314528, 2.3851145313982407, 2.378644636412415, 2.3725566787492336, 2.36687995668374, 2.356862532644665, 2.3484327005959025, 2.341648857153752, 2.3364205679667687, 2.3329400318484224, 2.331638391086417], "y": [1.1647979784879468, 1.1526090719157642, 1.141448512437071, 1.1334715528461419, 1.1309404173470232, 1.1315740418166165, 1.1332435903388158, 1.13573623529833, 1.1389008331195443, 1.146771858591143, 1.1562888403068496, 1.1669866880580257, 1.1786852421926437, 1.191156481468931, 1.2040870676034459, 1.2174605657147288, 1.229773919964609, 1.2350270191236166, 1.2390572005960538, 1.2415181021610324, 1.242286921509896, 1.2415445742018552, 1.2395903023801906, 1.2366899538661156, 1.233049888399269, 1.2242266565284394, 1.213875997773813, 1.2026259515887459, 1.190574019661, 1.1778881221027506, 1.1647979784879468]}