{"x": [2.267555253855473, 2.269422397827499, 2.2762110667601005, 2.2897313226955878, 2.3073877477928604, 2.318338988011037, 2.3289181654782194, 2.3389642145140734, 2.3484523428250057, 2.365563797215357, 2.380280358259731, 2.3923370311286063, 2.4016066807320318, 2.40769896854712, 2.410021005578974, 2.4078722817176685, 2.4002402244019296, 2.3853493467734523, 2.375454302704232, 2.364789729649516, 2.353485259494546, 2.3427320201556934, 2.332781475201743, 2.3236262072605007, 2.315325871810165, 2.307718013088144, 2.2944266769339356, 2.2837315620449012, 2.275399547499481, 2.269739645914422, 2.267555253855473], "y": [1.1393914445992381, 1.121861303866221, 1.1055915148431514, 1.09364323304221, 1.089927131410093, 1.0910184821497881, 1.0940519146727061, 1.098478863583945, 1.1040012180681122, 1.1174694853600144, 1.133519997072306, 1.1514069116663235, 1.170884557073057, 1.1916043462100219, 1.2130760433186543, 1.233734874380793, 1.2530521209810572, 1.2683110778605997, 1.272535151760933, 1.2739569741858232, 1.272408435686045, 1.2685930902637705, 1.2630833458417796, 1.2563341460817847, 1.2487577194018804, 1.2404861841459662, 1.2223873189168863, 1.2031099735003108, 1.1826997049470918, 1.1613603290148082, 1.1393914445992381]}