{"x": [2.391683284137713, 2.394057504662433, 2.4016416689592273, 2.407244948761213, 2.413648690632827, 2.4204800844132683, 2.4274873602850477, 2.440287863740553, 2.4524983369924827, 2.4637727788078685, 2.4738734446152875, 2.4825483868064557, 2.4893756758864622, 2.493898352096169, 2.495540844683636, 2.494912541570682, 2.4929585195502173, 2.4896247257083783, 2.4849453824093186, 2.479033679079913, 2.4721678099546973, 2.4646902980113086, 2.456932008984486, 2.443885545008157, 2.4316927651499083, 2.420792414650718, 2.411315844936341, 2.403441130185451, 2.397288573491232, 2.3931737481622206, 2.391683284137713], "y": [1.053511229114904, 1.0396948568861137, 1.0279046271774215, 1.0236372764467396, 1.0207048513684605, 1.0190706838814885, 1.018584341187793, 1.0201706783533744, 1.0243268421231524, 1.030543208872696, 1.0385264916598822, 1.0481231819644528, 1.059111321508523, 1.0712669282063734, 1.0841322145378465, 1.0918564603776062, 1.099355829453624, 1.1063638235132962, 1.1125549387932623, 1.1176378671487825, 1.1213316779286773, 1.1235090675878003, 1.1241896276273824, 1.122284756783846, 1.117267299804013, 1.109939009826799, 1.1008441705514795, 1.0904352780966171, 1.0789243172040945, 1.0665071969483024, 1.053511229114904]}