{"x": [2.2351149441872606, 2.2375951059532975, 2.2463255834296554, 2.260091978720754, 2.2756588271647185, 2.2954432838944805, 2.3142892361680745, 2.3318151347246485, 2.3477984120474016, 2.3619633992538622, 2.373577388634057, 2.378175529513064, 2.3817454493604635, 2.3840998524075196, 2.385017900404091, 2.3820878078431953, 2.3723152240346947, 2.3566192122511236, 2.338148897443728, 2.3180853293455317, 2.299458279402707, 2.282788690063411, 2.2751911079042477, 2.268097348381959, 2.2555519231755463, 2.2501258969651246, 2.2453355003526565, 2.241251740710652, 2.2380276431422104, 2.2358587065210345, 2.2351149441872606], "y": [0.8658859945940687, 0.8502895564150236, 0.8371298129033404, 0.8295791597896641, 0.8275299571943902, 0.8300918157053766, 0.8366353567974416, 0.8460544204131609, 0.8579039235941507, 0.8721046439546777, 0.8884577039739457, 0.8974402154078782, 0.9068786519037748, 0.9167020256269762, 0.9267618006189758, 0.9452532757858068, 0.9612225181587802, 0.9714770603904244, 0.9746969816947879, 0.9713908012098811, 0.9632353978073955, 0.9517602789510294, 0.9450670510516892, 0.9378420160886131, 0.9220908463380458, 0.9136016756808018, 0.9047382745740447, 0.8954809105482935, 0.8858902340138617, 0.8759918699022268, 0.8658859945940687]}