{"x": [2.284049731073037, 2.285675347303463, 2.2912766712962878, 2.300157392385024, 2.3102619378911684, 2.322857202645976, 2.334813436968441, 2.3458676072080964, 2.3558901824248832, 2.3647107714725313, 2.368548810065677, 2.371929719814944, 2.374791643050169, 2.377019213684688, 2.3784905878968408, 2.379050729367137, 2.3772223792750715, 2.3711388461999694, 2.361439922775219, 2.3501587276124014, 2.3374908868971502, 2.3256636123092034, 2.3149875492764043, 2.305511930405661, 2.2973651505384027, 2.2938366369354637, 2.290722832680267, 2.2880714857886475, 2.2859828219159457, 2.284579939283225, 2.284049731073037], "y": [0.8828518229119323, 0.8727304745528941, 0.8641450514263948, 0.8591167049452707, 0.857685050131979, 0.8593960897646816, 0.863710810114217, 0.8699115654822777, 0.8776699179391894, 0.886872571773688, 0.8919685774281986, 0.8973786849262613, 0.9031162387892924, 0.9091285642964266, 0.9153766566037775, 0.9217711730895345, 0.9330488301281968, 0.9427193542952201, 0.948753432769869, 0.9505461553741223, 0.9485461086845971, 0.9435872831211629, 0.9365805168533331, 0.9280198076287005, 0.9182305001054182, 0.91292401406905, 0.9073640297740528, 0.9015393232212652, 0.895489998466166, 0.889237651292857, 0.8828518229119323]}