{"x": [2.2538663372712797, 2.2561281419693175, 2.264490813577776, 2.272530021861875, 2.284044515443989, 2.2996396093685996, 2.3179794206672475, 2.330691926710071, 2.342729459934278, 2.3634848067162815, 2.379393599722687, 2.3912193354233606, 2.399318691951061, 2.404678597219384, 2.408639782842978, 2.4054006960225918, 2.4014019236899395, 2.3957247489846765, 2.3878227388947773, 2.3772177194429323, 2.3619681107381973, 2.339591649237643, 2.324584408909867, 2.3122559089488144, 2.2942400977469073, 2.2814350712797107, 2.271560838612814, 2.264137424373268, 2.258655632184454, 2.255147662911816, 2.2538663372712797], "y": [0.908798418655596, 0.8737374263272164, 0.8396133194947754, 0.8229739246172566, 0.8085200403893903, 0.7981788940698787, 0.7944643842436756, 0.796025316388584, 0.8004004864339603, 0.8151319946015527, 0.8345589154691283, 0.8567094668043322, 0.8795058003574648, 0.9030969812338663, 0.9512349312473386, 0.9971222331577074, 1.0197889647097766, 1.0420945825399976, 1.0645134789929656, 1.0857874594398809, 1.1048806241302538, 1.1146986419676512, 1.1107512710510954, 1.1013275197747285, 1.0768028352186818, 1.0501239417112067, 1.022227139191047, 0.994409871879843, 0.9661458064604184, 0.9375650902282106, 0.908798418655596]}