{"x": [2.2002235329465636, 2.202829265481281, 2.212532479519025, 2.221637985733227, 2.2339888036062154, 2.249090521519834, 2.2655412263605306, 2.2908253802365053, 2.3134059811828513, 2.332184721556979, 2.3470463320074426, 2.357815467890996, 2.365143799916727, 2.369327803992838, 2.3706626264008257, 2.3670975061371777, 2.362668839276043, 2.356361644541813, 2.3475499986298747, 2.335819829035533, 2.3196822270679003, 2.2987057087411604, 2.2837175542911874, 2.2705252016137454, 2.2498824098206516, 2.2345980355742214, 2.2225668357148542, 2.2133639434197834, 2.206435894578276, 2.2019046787376464, 2.2002235329465636], "y": [0.7882770509863345, 0.7567450123687376, 0.7266301167394674, 0.7128196420601772, 0.7018152451138444, 0.6949559021458047, 0.6928377000449717, 0.6978095216251603, 0.7102241866609588, 0.7276165997191963, 0.7484557373416099, 0.7709602805504776, 0.7948082218125424, 0.8193758149785135, 0.8442613684828405, 0.8855543711222733, 0.9058222796052168, 0.9255864011142643, 0.9452016188141801, 0.9632239657862159, 0.9781423125340944, 0.9846970776590727, 0.9816965072611507, 0.973975754230319, 0.9519993372109501, 0.9268402986530604, 0.8999732268512006, 0.8728796717974401, 0.8451171774697414, 0.8168528639326824, 0.7882770509863345]}