{"x": [2.2417456487444665, 2.2430577148125965, 2.2477928330715415, 2.256381410452488, 2.266868832359083, 2.27348738197312, 2.2799319257731514, 2.2861150197542877, 2.29201255560685, 2.297576837959629, 2.3028278111268365, 2.312333232613103, 2.320353691056948, 2.326697483607187, 2.331004629921774, 2.3326698147401204, 2.331196114073559, 2.3260708124961007, 2.3168241499580655, 2.3052063808219456, 2.298496079302058, 2.2920128373324222, 2.2858699167542964, 2.280089519077386, 2.274720543315749, 2.269713493683438, 2.260772860613173, 2.2533502914027106, 2.2474537882843926, 2.2433679670601503, 2.2417456487444665], "y": [1.016922131320673, 1.0064690746065863, 0.9970580934085995, 0.9907492064772703, 0.9888571976258428, 0.9894778816078911, 0.9911083118604667, 0.9935202929065736, 0.9965645292006364, 1.000114936274682, 1.0041141748634814, 1.0132582365411782, 1.0236644589672925, 1.03516982792751, 1.0476157713671965, 1.060680233736536, 1.0722684883803462, 1.0827656652905693, 1.0901891007002429, 1.0925630429223123, 1.0918293273401611, 1.0899494181385083, 1.0871847978126483, 1.0837256647605535, 1.0797459234963214, 1.0753194468795468, 1.0654001988061452, 1.0544742983082, 1.042654776898652, 1.0300616871574744, 1.016922131320673]}