{"x": [2.216381511576195, 2.218266764383452, 2.2251663451121133, 2.2419886651907803, 2.2571468106460735, 2.277010842265391, 2.292009300878117, 2.305489011828872, 2.3170235895956357, 2.326876207446166, 2.3420909138768744, 2.3530690480732708, 2.360503590731269, 2.3654171531193304, 2.3690650340594086, 2.366260705627154, 2.357746621196576, 2.35072626444959, 2.3411767633396856, 2.3269829040357792, 2.316658775890758, 2.3033484787282665, 2.2859664678903804, 2.273204205240105, 2.2555711632425264, 2.2431824979169432, 2.233629888162054, 2.2263969675644137, 2.221047599233474, 2.2176210183424097, 2.216381511576195], "y": [1.0848292054641429, 1.0466998513185222, 1.0091525796269847, 0.9727894972428065, 0.9588247606249671, 0.9533289904081352, 0.9561384430938932, 0.9632899588657603, 0.9730844445225213, 0.984569406648251, 1.009862452803043, 1.0372614682073782, 1.0647035312552742, 1.0927070337775824, 1.149393711262467, 1.2010370196404174, 1.2520508013516864, 1.277706929068622, 1.302532909952257, 1.3259737053711644, 1.3354526138954144, 1.3398427526417516, 1.3332845194278515, 1.3197838018283437, 1.2881592138978204, 1.2551862972416152, 1.221282906434247, 1.1875946061992797, 1.1535563781086018, 1.1192670351983072, 1.0848292054641429]}