{"x": [2.2269222672997517, 2.228783952070347, 2.235953790820677, 2.253370046769466, 2.268421453427703, 2.287169582471837, 2.3017973695134555, 2.3152205582131047, 2.3269933274830286, 2.337233179936051, 2.3533837892627316, 2.365215525625927, 2.3733021420617457, 2.37867359554056, 2.381709986329147, 2.3826763275345293, 2.3798230548940165, 2.371128700513685, 2.3639238067797117, 2.354118259790392, 2.3396326890686465, 2.3167528182308597, 2.2997710762760812, 2.2867398644349066, 2.268346754564429, 2.2553208614981948, 2.2452283249016998, 2.2375625682865556, 2.231861612403528, 2.2281841568268206, 2.2269222672997517], "y": [1.0059877705264164, 0.9701895802991032, 0.9350673692919607, 0.9017156920459328, 0.8896711869083775, 0.8851853643812699, 0.8875890308083486, 0.8938793226267944, 0.9027310560443831, 0.9133186290674729, 0.9371877301934983, 0.9634667367352105, 0.9900372468985582, 1.0172867030994726, 1.0448780843557042, 1.0726192121864633, 1.120992661834072, 1.1686638270965246, 1.1925955822603451, 1.2155845067062414, 1.2368677747243129, 1.248671196563336, 1.2430239343680651, 1.23075777571626, 1.201036376837759, 1.1696386864375161, 1.1371790259696233, 1.1048771935754824, 1.0721713637813681, 1.0391697051605595, 1.0059877705264164]}