{"x": [2.2506329980436446, 2.252805484002428, 2.261025664690186, 2.2689561646552843, 2.2802767512111997, 2.2954195792190073, 2.3129965709611824, 2.3253457586018227, 2.3370673208018395, 2.3574317396650817, 2.3732230327394728, 2.385058704302718, 2.3932247776367475, 2.398649346802392, 2.401702210538976, 2.402669855471595, 2.3995180618899195, 2.390074119992979, 2.3823401411189185, 2.3719559250445412, 2.357082496255492, 2.3356517683937574, 2.3211128984553873, 2.3090220398535846, 2.2911673049841337, 2.278400457689044, 2.268520493226337, 2.261068073866793, 2.2555390568312483, 2.2519729125342103, 2.2506329980436446], "y": [0.8690513104736094, 0.8355136927876429, 0.8029265768558553, 0.787121815074666, 0.7735377197906002, 0.7640277490606338, 0.7607423046988491, 0.7622832803593611, 0.7664644310336567, 0.7805155581075057, 0.7991643295657991, 0.8205432559306091, 0.8426649242794636, 0.8656132796366692, 0.8889751758569495, 0.9125158180590149, 0.9561276756690796, 0.9988212335956481, 1.0200717164052198, 1.0401606562823, 1.0580081655555238, 1.0669790280846787, 1.063326755735587, 1.0544650984036885, 1.0310781507421038, 1.005457570215615, 0.9785913676818353, 0.9517667404934644, 0.9244806790567847, 0.8968645166732075, 0.8690513104736094]}