{"x": [2.294225583847288, 2.295773485867266, 2.3013237137966844, 2.306560532632215, 2.314015456655159, 2.3242063585107284, 2.3363399526291446, 2.3450298978057913, 2.3531537483839378, 2.366900604868151, 2.377333689169844, 2.3851620558695372, 2.3906405171767324, 2.3943554602488275, 2.396500930061847, 2.3972049528148887, 2.3952852721660647, 2.389236771680758, 2.3841013756450327, 2.3770777941947188, 2.3669979240551835, 2.3531031913183442, 2.3434016539761333, 2.335062755529752, 2.3224145494353605, 2.313326445684034, 2.306360158592954, 2.3011931478568, 2.2974321369383603, 2.295067945932313, 2.294225583847288], "y": [0.8930473899986298, 0.8698840126658313, 0.8473422066144838, 0.8363166123240825, 0.8266516183362507, 0.8196115105343418, 0.8171228377430952, 0.8184040579055568, 0.8217446752230255, 0.8324726315138223, 0.846107726558659, 0.8613878358430553, 0.8770360907858833, 0.8931940801107118, 0.9096245165844146, 0.9261794746151124, 0.9538945370448128, 0.981009579017026, 0.9944914312758751, 1.0070930953082153, 1.017925201314698, 1.023011919779227, 1.0208080479864292, 1.0153822162177184, 1.0004258602954823, 0.9836402852830693, 0.965868959996055, 0.9480765799798229, 0.9299348715856024, 0.9115572755249746, 0.8930473899986298]}