{"x": [2.2683727718346605, 2.27058354792384, 2.278562844413542, 2.293044810284651, 2.3107048961470884, 2.320873873292351, 2.3308097396626195, 2.3403894744662277, 2.349567610546651, 2.36649611746146, 2.3814151751450616, 2.3939851979510003, 2.403811896204712, 2.4103328785848483, 2.4127781321925434, 2.4100962973742823, 2.401091741760607, 2.393881212165757, 2.3850813799439443, 2.3751410342890664, 2.3646639206960565, 2.3542352085413136, 2.34415200955112, 2.3346198203817163, 2.3256927251158537, 2.309818949605836, 2.2963184767864293, 2.285284399246253, 2.2766215453724956, 2.2706950112768016, 2.2683727718346605], "y": [1.095410543026165, 1.0778266961029692, 1.0620023467936204, 1.0514313076287762, 1.0483336356241972, 1.049137777193472, 1.0514471709053548, 1.0549072838681723, 1.0593237891282348, 1.070453413647419, 1.0841597846527617, 1.0999964068914052, 1.1176667232072441, 1.1368481708687717, 1.156959657148707, 1.1774097780144923, 1.1959655765588257, 1.2036619115234695, 1.2094746786609136, 1.2129869603087768, 1.2141602824604176, 1.2130092987193168, 1.2101089713407387, 1.2057684258114547, 1.2002902932859218, 1.1869244271261994, 1.1711649740647985, 1.1539351119855128, 1.1353993633576382, 1.115776694720088, 1.095410543026165]}