{"x": [2.19654998804228, 2.198087227642682, 2.2036848385256587, 2.208958665620777, 2.2163628294900826, 2.2261080108469957, 2.2373053820552506, 2.2458762295080685, 2.2539777891830806, 2.2680260191972827, 2.279035259311333, 2.2874806125583675, 2.2935062545450524, 2.2976403175949085, 2.300051319257523, 2.3008512244170456, 2.298951100161663, 2.2929013510197196, 2.287734078543355, 2.2806827206277767, 2.270758782923159, 2.2577096988675014, 2.248190400598155, 2.2398258391943404, 2.2267716902463217, 2.217194270653486, 2.209765776602334, 2.2041996990686896, 2.200105428340658, 2.1974987051738695, 2.19654998804228], "y": [0.8250636221426636, 0.803696772875211, 0.7830189561236808, 0.7730788993990679, 0.7646056274623126, 0.75875045986958, 0.756783120233761, 0.7579389059007171, 0.7609654546612098, 0.7708704187786213, 0.7837857895761466, 0.7985060538149165, 0.8138024054732058, 0.8297145473185255, 0.8459669215471881, 0.8623776725605145, 0.8879525672503389, 0.9128741692434101, 0.9251820233211774, 0.9365161456246919, 0.9459053143345767, 0.9499503648826142, 0.9480735602772883, 0.9431569000704847, 0.9291721656716521, 0.9131423623099071, 0.8960105486871343, 0.878761788496759, 0.86110568772617, 0.8431664335641522, 0.8250636221426636]}