{"x": [2.212795863372608, 2.21400760654454, 2.2183656275782218, 2.228699380878411, 2.238288469767403, 2.2518934380825635, 2.2622037529989005, 2.271050781739511, 2.2843809162372812, 2.29362626585063, 2.3003250325372604, 2.304944235704733, 2.308057982019887, 2.3098568298938496, 2.3104519299889463, 2.308873695903119, 2.303829589186455, 2.2995235932632188, 2.293535439080781, 2.28444148199014, 2.2777936820425073, 2.2693241855959436, 2.2580044575557605, 2.249567787894248, 2.237878959950728, 2.2297444325708695, 2.223561694739791, 2.2189665979094895, 2.215633667263077, 2.213543480689039, 2.212795863372608], "y": [1.1279661867153803, 1.101376738590113, 1.0751188878442692, 1.0492757136032695, 1.038556154921381, 1.0338909216797392, 1.0363211893470508, 1.042146897636319, 1.0581928463230554, 1.0763021216635626, 1.0954997482801383, 1.1146019315458433, 1.1340064420344855, 1.153570918574217, 1.1732089034969164, 1.205767727483667, 1.2379721500007803, 1.254218914412455, 1.2699237214544639, 1.2846858889247907, 1.2905529074061992, 1.2931764126847483, 1.289017800467187, 1.2804007880207373, 1.259982582002332, 1.2385923151145481, 1.2165585272845711, 1.1946788284242815, 1.1725716415746843, 1.150311621346141, 1.1279661867153803]}