{"x": [2.297051725444584, 2.2993668517805816, 2.3079624420532734, 2.316250631044017, 2.3281604318569493, 2.344366695161303, 2.3634836511950432, 2.376783544552954, 2.3893625299389973, 2.4110089725739585, 2.427570827202807, 2.439872329918083, 2.4482939472783998, 2.453865455164997, 2.457981963782365, 2.454620909376872, 2.450472271816145, 2.4445837823825705, 2.4363903960041835, 2.4253938065921594, 2.4095625622795884, 2.3862142160442867, 2.3705057316963467, 2.357661889974364, 2.338955613318789, 2.325674417397373, 2.3154327697788544, 2.307728992279776, 2.302036779101674, 2.298389570400865, 2.297051725444584], "y": [0.9478333036329819, 0.911304190711702, 0.8757253806046841, 0.8583394026492462, 0.8432025948348644, 0.8323387796101946, 0.8284391073765485, 0.8300999485182633, 0.8347275486833053, 0.8502418124545627, 0.8706313885062024, 0.893841362036105, 0.9177080689517819, 0.9423961559135534, 0.9927591375514636, 1.0407447511512362, 1.0644525341702533, 1.0877891119287366, 1.1112508383959263, 1.1335366906450577, 1.1535913415641421, 1.163967855817354, 1.1597628249386605, 1.14978913479805, 1.1239754433256646, 1.0959664911527025, 1.0667090096994332, 1.0375444051558358, 1.007921423282385, 0.9779731586185852, 0.9478333036329819]}