{"x": [2.243576656002982, 2.245984613841216, 2.25491812892147, 2.2634553005580473, 2.2754276526119535, 2.2908720699902756, 2.308295441714203, 2.321265427871399, 2.3336750124577366, 2.355667835235603, 2.373234273703925, 2.3866900999380154, 2.3961470578839976, 2.4024864940714723, 2.406074598588266, 2.4072158211599324, 2.4038423982597408, 2.393695014632613, 2.385363807868972, 2.3741991462958913, 2.358421551642611, 2.336619420681032, 2.321388686596126, 2.308426460903492, 2.2888702277221524, 2.2747135269563294, 2.2636874613515197, 2.255327545999382, 2.249092733183357, 2.2450590583225463, 2.243576656002982], "y": [0.8550272949595665, 0.8217475117728109, 0.7895988797922886, 0.7742950476981107, 0.7614984324184171, 0.752945367310433, 0.7500973735135497, 0.7515878536950886, 0.7556430087456323, 0.7694702437372962, 0.7882574950466082, 0.8101773790011033, 0.8332203222364609, 0.8573081373172216, 0.8819322027566034, 0.9067901331577514, 0.9504931522172849, 0.9931354371291585, 1.0142562296273863, 1.0340260858193342, 1.0511491779067643, 1.0593222961129338, 1.055825586600169, 1.0470973025033368, 1.0233939864161359, 0.9970259302807415, 0.9692030541136234, 0.9413343942574729, 0.9129147268417229, 0.8840925659238, 0.8550272949595665]}