{"x": [2.253409653597162, 2.2553707963514404, 2.2625850024632337, 2.280113275331405, 2.295590334835225, 2.315390714669076, 2.3300426101368044, 2.3433767964393666, 2.3549413920071265, 2.364904379840584, 2.380421639962768, 2.391666202946039, 2.3992870397970454, 2.404322125934481, 2.4080548204050256, 2.4051356429674757, 2.396305567918257, 2.389039427611105, 2.3791810934641844, 2.3646066043945755, 2.354153203864915, 2.3409241347232426, 2.3238378219672158, 2.311001694228918, 2.2931215386058534, 2.28055405246631, 2.270868822592394, 2.263548222557227, 2.258136126995106, 2.2546691104534196, 2.253409653597162], "y": [1.0611337678333446, 1.0232349397886786, 0.9859774240604614, 0.9502104725093306, 0.9368401693560583, 0.9317167587995597, 0.9342663599090087, 0.9408525562515955, 0.9500345667012254, 0.9609335602315174, 0.9852511932530915, 1.0118160655619644, 1.0385254249551599, 1.0658405295878193, 1.1212019068463364, 1.172220373970051, 1.2225536170524376, 1.2478378137164363, 1.272228398862239, 1.295074172508405, 1.3041552289057599, 1.3082455708927225, 1.302225212882488, 1.2894416054552298, 1.2589581411474156, 1.2269743386116034, 1.1940031139633316, 1.1612331330088197, 1.1280944538217965, 1.0946920220076424, 1.0611337678333446]}