{"x": [2.34481249350134, 2.346838604210599, 2.353260323942016, 2.362434510162619, 2.3725147924114376, 2.3834938589492523, 2.3940788128147026, 2.404048474932741, 2.4132390681493874, 2.4215149576142965, 2.4283825015664338, 2.4311307376610904, 2.4332717062204425, 2.4346766610952413, 2.4351907227408156, 2.434656151170401, 2.4329561468354868, 2.4300766516561043, 2.4261529458145636, 2.4163121406729013, 2.4052869024243866, 2.394243716433153, 2.383720714489357, 2.3739989444319667, 2.3652158429906054, 2.3575107266289237, 2.351172899801353, 2.3486327392576385, 2.3466350133945197, 2.3453024539171916, 2.34481249350134], "y": [0.8296217222823562, 0.819512608068474, 0.8114465786557693, 0.807096608772905, 0.8058817669822665, 0.8070919928606566, 0.810248462468428, 0.8149657287685159, 0.821063249610623, 0.8285679778257283, 0.8373797955771041, 0.8422931711020141, 0.8474999277036445, 0.8529598573615064, 0.8585741668198072, 0.8642042165124899, 0.8695980288532413, 0.8744732788516696, 0.8785554458625012, 0.8837607829337549, 0.8853038647284243, 0.8839211352731756, 0.8802975558723298, 0.8749348203045443, 0.8681429961836233, 0.8600872870871531, 0.8509169425844786, 0.8459160584497403, 0.8406748420744369, 0.8352177491515409, 0.8296217222823562]}