{"x": [2.311138808964425, 2.312702810560337, 2.318287776907404, 2.3235656540866785, 2.3311170276166786, 2.3415805830119885, 2.354207022039571, 2.363116645217968, 2.371406113308559, 2.3853068720161947, 2.395750319666256, 2.403540772064942, 2.4089684137029734, 2.412639571316192, 2.414756242948607, 2.415450931865364, 2.4135022594380215, 2.4073707268575677, 2.402171789606768, 2.3950565847791263, 2.3847814003547905, 2.3703668112338896, 2.3603990336853924, 2.3519211646496214, 2.3391966998512768, 2.3301137295331578, 2.323172947518265, 2.318036464973827, 2.3143075801166306, 2.3119703822553497, 2.311138808964425], "y": [0.9328532509322135, 0.9087450103480439, 0.8852405104393383, 0.873681781510683, 0.8634623412238542, 0.8558926375276817, 0.8531798081852253, 0.8545496976944927, 0.858091265316846, 0.869347377389263, 0.8835069882432316, 0.8992825715851938, 0.9153722316517353, 0.9319511054550628, 0.948789573954829, 0.9657463344805316, 0.9946409107000916, 1.0229445883295427, 1.0370466118056048, 1.0502855647444838, 1.061797009440969, 1.0673026787399695, 1.0649431469150585, 1.0591942586484973, 1.0435713155874988, 1.0261768985298545, 1.0078222904001004, 0.98947714602253, 0.9707949835972381, 0.9518869897190062, 0.9328532509322135]}