{"x": [2.2059021073609104, 2.208081006574468, 2.215763274818481, 2.2278591033829542, 2.2415166161127145, 2.260116335555461, 2.2777877431041818, 2.2941917849387887, 2.3091540172248517, 2.322436876058836, 2.333396198661426, 2.337774548014833, 2.341204032210888, 2.3434939802502446, 2.344407537436168, 2.34192082680857, 2.3334055482102656, 2.3196397187523963, 2.3035043158304074, 2.284679230332899, 2.267208185517195, 2.2515317227461553, 2.244361181401901, 2.2376464631774327, 2.2256992922342542, 2.220499755183807, 2.2158868049269, 2.2119294333771684, 2.2087828783887447, 2.2066473230070676, 2.2059021073609104], "y": [0.8212954251308606, 0.8076087138633554, 0.7960737053358369, 0.7894850631622068, 0.7876985524878186, 0.7902109872432983, 0.7965342179837073, 0.8055392532969194, 0.8167782414418387, 0.8301517759213782, 0.8454873232337938, 0.853901246581218, 0.8627444749117441, 0.8719605795366597, 0.8814128734248327, 0.8975695564381347, 0.9115234865702156, 0.9203678209347027, 0.9230824265338765, 0.9199234122210752, 0.9122340814007359, 0.9015068469117467, 0.8952697686962879, 0.8885444161403693, 0.873874687127272, 0.8659647913592784, 0.8576990592969137, 0.8490511553160309, 0.8400764004697958, 0.8307925433228823, 0.8212954251308606]}