{"x": [2.2771353181911502, 2.2784675231480973, 2.2832281005339317, 2.294469855482708, 2.304829507316266, 2.319377395135849, 2.329900854596924, 2.3390050337365302, 2.35281983206935, 2.3624148913241596, 2.3693517023782147, 2.3741177610681428, 2.3773191284047144, 2.379160486366037, 2.3797646612003827, 2.3780285029608064, 2.3725343730622823, 2.3678734733175397, 2.3614210697685407, 2.351688614296647, 2.344625146869631, 2.335668064593678, 2.323982789675054, 2.315187726732495, 2.303005632274442, 2.2945643045539077, 2.288171233325869, 2.2834415940346915, 2.280024201715263, 2.277891309556572, 2.2771353181911502], "y": [1.1705850336180277, 1.142267048113856, 1.1143203134921635, 1.0868758383184691, 1.0755863072747394, 1.0707764364564414, 1.073217956351607, 1.0790332930246935, 1.0952373426559172, 1.1136552422624375, 1.1332298390761528, 1.1527164154575087, 1.1725202843138354, 1.1924902173812282, 1.212535760492539, 1.2470783109469419, 1.281225295791668, 1.2984315392616386, 1.3150491591038214, 1.3306344787963345, 1.3368192434392672, 1.3396325267315778, 1.3355284847494426, 1.326808640808673, 1.3059401750364383, 1.2840218826453909, 1.2614210818786455, 1.2389903046776825, 1.216322471005295, 1.193497236448981, 1.1705850336180277]}