{"x": [2.236420639450873, 2.2386840230989065, 2.2472214507005783, 2.255462990293765, 2.26722611116573, 2.2829283780907255, 2.3011147356949455, 2.314124410841576, 2.3264800724162504, 2.3479821829707093, 2.3647057610492794, 2.3772724891576633, 2.385962480685859, 2.3917420154057294, 2.394997297935776, 2.3960295487775465, 2.392741342450999, 2.382878291247171, 2.3747941203787035, 2.3639365395449974, 2.3483896347824325, 2.326045204154692, 2.3107451497972247, 2.298022923958466, 2.2792241623043132, 2.265766351288807, 2.255339410310757, 2.2474632097696072, 2.241612052511012, 2.237834399750086, 2.236420639450873], "y": [0.8958524872257005, 0.86114687929945, 0.8274316830666677, 0.8110936806038644, 0.7970764666619944, 0.7872980355488075, 0.7839164236978394, 0.7855178331530074, 0.789894337090634, 0.8046182970614012, 0.8241891997773112, 0.8466564123662289, 0.8699381752675869, 0.8941074411848005, 0.9187222686821058, 0.9435299500584899, 0.9889363043163298, 1.0333803087352058, 1.0554984990831704, 1.0763954151556179, 1.0949308952613228, 1.1042043353116684, 1.100347779862079, 1.091014524642979, 1.0664009947632156, 1.0394391897046718, 1.0111667559363477, 0.9829323271798838, 0.9542098366732539, 0.9251363067368491, 0.8958524872257005]}