{"x": [2.229747333104971, 2.231749975097598, 2.2396226486766206, 2.2473140814836046, 2.2585911031341466, 2.2745943051800883, 2.2941690330552316, 2.3082084309345268, 2.32127065703562, 2.3431035605377484, 2.359328520590686, 2.371229249882828, 2.3793330471908574, 2.3846930355377793, 2.3886655761312245, 2.3855238232775533, 2.3760599604636923, 2.368292735821385, 2.3578034213982835, 2.342482100709683, 2.3318128030863696, 2.318844321721022, 2.3023822262946703, 2.289418890832022, 2.27095398023304, 2.2579140553935786, 2.247855887740517, 2.240264465362605, 2.234642108609842, 2.231021775758645, 2.229747333104971], "y": [1.0002353426866322, 0.9628555624693318, 0.926259393888967, 0.9080887596660355, 0.8918974388619404, 0.8797766171068288, 0.8753216396257952, 0.8773923506194394, 0.882939492777009, 0.900711775513746, 0.9231368067394552, 0.9481268847006907, 0.9735149936993648, 0.9996205129291952, 1.0526967429529195, 1.1022283587390125, 1.1509488562119972, 1.1753469177248475, 1.1987043462468876, 1.2201511140975092, 1.2283117125107517, 1.2318113938267692, 1.2267938605316897, 1.2154744895298888, 1.1873355929349552, 1.1573289980054333, 1.1261959184509451, 1.0952133102383674, 1.0638136158143987, 1.0321147821583412, 1.0002353426866322]}