{"x": [2.1679000849534797, 2.169770343730811, 2.176896164052787, 2.194185314821527, 2.208950096297811, 2.2270869168358387, 2.2414432712111867, 2.254663932077529, 2.266322653019843, 2.2765118746453985, 2.292689278971537, 2.3046069208494186, 2.3127889358968554, 2.318237456646058, 2.3213220077174737, 2.32237856695962, 2.319492621612589, 2.31091780242912, 2.3037941126900816, 2.2940929239324004, 2.2797890663123526, 2.2575500949233858, 2.2408754007058875, 2.22793387200649, 2.2095473954758242, 2.1964886757819597, 2.186352682845913, 2.1786441185148595, 2.17290103304884, 2.1691900254395726, 2.1679000849534797], "y": [0.9705128268071732, 0.9359682168364961, 0.902114847275117, 0.8701718868533641, 0.8588732840548277, 0.8547851380186768, 0.8571374031427302, 0.8632080034772583, 0.8717637570593678, 0.8820256504535635, 0.9052751820663681, 0.9309699080430499, 0.9570308280418023, 0.9837970482281371, 1.010919810847187, 1.0381969512759297, 1.084811018564754, 1.1307204122192545, 1.1537537391546555, 1.1758256226696389, 1.1961217453892645, 1.207165344975696, 1.2018132251704006, 1.1900146045484818, 1.1611492959956144, 1.130533364951514, 1.0988296263558768, 1.067262254021261, 1.0352788531781945, 1.002989312077485, 0.9705128268071732]}