{"x": [2.3026260748686, 2.3048404917756096, 2.311834662771608, 2.321814871345303, 2.3327917291065243, 2.344177024814567, 2.3551707906879162, 2.365538074593761, 2.375094760010149, 2.383691423997214, 2.3907959814033912, 2.3936225560523816, 2.395812775916152, 2.39724054476735, 2.3977597762874847, 2.397168668002942, 2.3952987819832194, 2.3921501529757148, 2.3878747046990383, 2.377152028674667, 2.36511482048765, 2.3536633856337335, 2.3427429820885477, 2.3326556608830864, 2.323557741025891, 2.315602642964689, 2.3090915575137574, 2.306497084483076, 2.3044658705857293, 2.303118947115703, 2.3026260748686], "y": [0.8388314746601544, 0.8278227887570578, 0.8190377799562755, 0.8142725048271249, 0.8129230590442696, 0.8141265870565749, 0.8173219821742338, 0.8221444478423684, 0.8284219086791177, 0.8361924413287938, 0.8453471708948992, 0.8504554698105931, 0.8558672328326349, 0.86153589606251, 0.867358495596626, 0.8735047263475477, 0.8793893748265036, 0.8847078386087551, 0.889171073272481, 0.8949038528910352, 0.8966202917454557, 0.8952061579698221, 0.89148058137563, 0.8859320035895504, 0.8788773158698574, 0.8704937936581786, 0.8609453489634802, 0.8557428354682155, 0.8502956704185248, 0.8446321024133605, 0.8388314746601544]}