{"x": [2.3422185681466914, 2.344182370169459, 2.3507409233609913, 2.3612111997333285, 2.3732435703538437, 2.3858710506082366, 2.3978767062690722, 2.4089487589263086, 2.4189022463621086, 2.4275224930139374, 2.434411608976313, 2.4390907929209558, 2.4408558075048568, 2.4403393912102502, 2.4386786377086933, 2.4357940611001485, 2.4316990874878672, 2.42650959260095, 2.4204938681683017, 2.413977012827802, 2.4072398087422786, 2.400777753539574, 2.3944508658395094, 2.3883483196464064, 2.3825144137913234, 2.3718095774092802, 2.3624240746374126, 2.3545125950306147, 2.348215823253388, 2.3438824465804657, 2.3422185681466914], "y": [0.9745928836600466, 0.962563799876194, 0.9522904968485686, 0.9460983533489552, 0.9443119083642206, 0.9459689782765253, 0.9502190806779729, 0.9564509906546003, 0.9643475177309037, 0.9737623387883226, 0.9845088539973813, 0.9964306365046872, 1.009115603357538, 1.0158305384840172, 1.0223573246264632, 1.028456678166727, 1.0338189619091642, 1.038167150359791, 1.0412733795100544, 1.0430664049896414, 1.0436090144343233, 1.0430840071197531, 1.041668280396853, 1.0394977238184981, 1.0366838424470068, 1.0295176455386075, 1.0206938006954833, 1.0106080567685403, 0.9994427352185729, 0.9873399373584512, 0.9745928836600466]}