{"x": [2.2675654319332064, 2.269101371573195, 2.2744477258231646, 2.2836154358367264, 2.2945038168884713, 2.3008608331521074, 2.307085594055904, 2.313101311759526, 2.318876865327349, 2.3243650164989926, 2.3295706701162553, 2.339053567868072, 2.347131069370821, 2.3535386266207015, 2.357882860249956, 2.3595423786043304, 2.357836746603825, 2.35209687731201, 2.34224941708655, 2.3302189237459783, 2.323773430565336, 2.317504352376735, 2.3115132029520096, 2.305834656986249, 2.3005211051818177, 2.295543014483112, 2.2866128429526724, 2.279158529282191, 2.273238725544224, 2.2691562832547754, 2.2675654319332064], "y": [0.9781622129807178, 0.9672911868589767, 0.957701879493421, 0.9515486837145778, 0.949717868798333, 0.9502324630034374, 0.9516212807246063, 0.9537175080455073, 0.956405631825352, 0.9595876574591122, 0.9632134347321668, 0.9716264182404034, 0.981386191834561, 0.992315163479947, 1.0042524061468556, 1.0168466956125501, 1.0288579009567307, 1.0395458443909984, 1.0468318798874459, 1.049139696199456, 1.0485223822554968, 1.046902469445399, 1.044472227762446, 1.0413812632233923, 1.0377708713372678, 1.0337104064198934, 1.0244902119561585, 1.0141752288997368, 1.0029092805838549, 0.990821346824805, 0.9781622129807178]}