{"x": [2.2345359573159955, 2.2370614118454797, 2.2459992831092292, 2.2601249558318783, 2.276109398248013, 2.2964321129958987, 2.315780456798675, 2.3337644533734725, 2.3501566918786643, 2.3646707171095227, 2.3765602741706484, 2.3812638264211263, 2.384914177165704, 2.3873221786393555, 2.3882663049237682, 2.3852890796098607, 2.3753109022180423, 2.3592098961560026, 2.340216221635512, 2.319590270987405, 2.3097962226492577, 2.300459280480058, 2.2833590771158403, 2.275570573088954, 2.268301266009161, 2.2554530346534607, 2.2449927174602293, 2.240811649268395, 2.2375107394577327, 2.2352893423354474, 2.2345359573159955], "y": [0.8603693361807456, 0.8443596596846966, 0.8308392262833121, 0.8230754363815043, 0.8209997041848811, 0.8236329526140944, 0.8303848652396744, 0.8400924285119845, 0.8522971585080612, 0.8669123208455443, 0.8837319026311655, 0.8929644904835761, 0.902661862378425, 0.9127506913112409, 0.9230798522593435, 0.9421014645147328, 0.9585672344421171, 0.9691890675790756, 0.9725515166283406, 0.9691034698039532, 0.9653985246396108, 0.9606581119519055, 0.9487959700288944, 0.9418849300633034, 0.9344297008272249, 0.9181955431354037, 0.9003291867875217, 0.8908038974304684, 0.8809389867373989, 0.8707603133884727, 0.8603693361807456]}