{"x": [2.277645897265943, 2.279024811060946, 2.283946899918418, 2.288633448256394, 2.295536335725245, 2.306025243141445, 2.3203220709010157, 2.3305150938094195, 2.3394822997924307, 2.3533409394685836, 2.363070759086598, 2.3701262011692923, 2.374972786646704, 2.37822859788838, 2.380714203805625, 2.3789294465624327, 2.373293564444855, 2.3685162185582276, 2.361916925815516, 2.352022008069419, 2.344951106750743, 2.3361686385235436, 2.3247909495750205, 2.31602227955061, 2.3037452452494867, 2.2952216974706303, 2.288766535188267, 2.2839980254135352, 2.2805540548811054, 2.278406024082963, 2.277645897265943], "y": [1.1335954932414734, 1.1059213510687171, 1.0786535570704647, 1.0648758226324166, 1.0520641152457348, 1.0413988618956977, 1.0369982342337316, 1.0391807405563664, 1.0444958385533762, 1.0597032889653257, 1.0772799915943974, 1.0960903770802841, 1.1148640946069917, 1.1339780045607672, 1.1726424961766868, 1.206282789987426, 1.2394956121928147, 1.2562122556531263, 1.272296985604097, 1.2872353613906276, 1.2930353891694872, 1.2955861183852675, 1.291910133272604, 1.2837814741974014, 1.2639194543344205, 1.242894151710511, 1.2211445517814599, 1.1995509393993051, 1.1777069047867565, 1.155696949573782, 1.1335954932414734]}