{"x": [2.23914241536743, 2.2415772758674177, 2.2506094832720818, 2.259200569525008, 2.2711287101664266, 2.286235737081584, 2.303064293407858, 2.3160958597315995, 2.328608251807769, 2.3509843227893925, 2.3691190130563937, 2.3831788100184106, 2.3931717206391947, 2.399911419987164, 2.403742084394647, 2.4049638260321227, 2.4015839668061734, 2.3913794412005758, 2.382980978519813, 2.37173291559563, 2.3559564968222744, 2.334625186144507, 2.319395065740124, 2.3062842974802362, 2.2862596692606525, 2.2716417666785134, 2.260200531443883, 2.2514860868247495, 2.2449554824429647, 2.2407073177217254, 2.23914241536743], "y": [0.829458097162262, 0.7972659957235388, 0.7662711708313962, 0.7516813323608512, 0.7396651095583088, 0.7318115143349057, 0.729222902328106, 0.7306459548205239, 0.7345557941750832, 0.7479813293082999, 0.7664205739013872, 0.7881275967656738, 0.8111511247636145, 0.8353279226666851, 0.8601071050294898, 0.8851508510700316, 0.9276119566125592, 0.9689669634369527, 0.9893887492951917, 1.0083904490479392, 1.0245993459227862, 1.032122570761929, 1.0287870220073352, 1.0203495929758246, 0.9970939863206512, 0.9709982137056249, 0.9433618145085167, 0.9156186557826465, 0.887281831551315, 0.8585048396314929, 0.829458097162262]}