{"x": [2.2754334825604854, 2.277082503470427, 2.2826217364060133, 2.2913812030084952, 2.3013664883449336, 2.313217812575944, 2.3244686909505146, 2.3348568823381064, 2.344247047430216, 2.3524681687675404, 2.359149484814335, 2.361777600708983, 2.3638097139804657, 2.3651401412100728, 2.3656368944744215, 2.3638334451406813, 2.3579034903729665, 2.3484340151050067, 2.337378926586592, 2.3254296393777882, 2.3142685114864268, 2.3042043434156634, 2.299600212171119, 2.2952964904387687, 2.2876748467956722, 2.2843904867728284, 2.28150501910902, 2.2790634636935048, 2.277155984281752, 2.275892134044788, 2.2754334825604854], "y": [0.902360590422439, 0.8923698235163297, 0.8838932916890461, 0.878891511036577, 0.877463175779947, 0.8790642955727797, 0.8831183313915859, 0.8889763025951063, 0.8963285231079476, 0.9050543389475849, 0.9150085699069874, 0.9204333453836124, 0.9261083517958869, 0.9319938031003578, 0.938007272137855, 0.9490551573883031, 0.9585495680840382, 0.9645311654805406, 0.9663299114643795, 0.9644732197457833, 0.9598189751100714, 0.9532066161527277, 0.9493201660378158, 0.9451034732267163, 0.9358259985228188, 0.9307953645782701, 0.9255257939121895, 0.920009933181812, 0.9142873957430798, 0.908382137581648, 0.902360590422439]}