{"x": [2.2425562538045227, 2.2444215649911357, 2.2513779626132475, 2.258160004158949, 2.268261500482887, 2.2835188732238483, 2.3037959238531514, 2.317937366440372, 2.330643942250251, 2.35067915073406, 2.3647651768024307, 2.374833361551021, 2.381591425331505, 2.386031497426644, 2.389307128060414, 2.3864694130782413, 2.3779389472293673, 2.370962330357453, 2.3615172921276137, 2.347529562152921, 2.3373161448503366, 2.3239749388448754, 2.3075150701203997, 2.295460908088611, 2.2788899185194946, 2.2673185978743566, 2.258444835203383, 2.251765080154796, 2.2468514668704573, 2.243714778375082, 2.2425562538045227], "y": [1.080381394779569, 1.0412919757834498, 1.0027813201749023, 0.9833363402594444, 0.965390223591551, 0.9507882797255212, 0.9448852800304524, 0.9475040056964767, 0.9542405518255653, 0.9744129989557917, 0.9983722844324986, 1.024277788612526, 1.0501442387358926, 1.0765076684793016, 1.1298239778221078, 1.1818329836504724, 1.2332160593269645, 1.2590492661619859, 1.284085619953929, 1.3078309996783377, 1.31755912757638, 1.322137619436945, 1.3159049618855256, 1.303080357552775, 1.273053178444652, 1.2417706262609696, 1.2096186454719633, 1.177693185075984, 1.1454486420726113, 1.1129803096124389, 1.080381394779569]}