{"x": [2.2795531510316582, 2.281577170614913, 2.2896407872910696, 2.29746191052402, 2.30868609920206, 2.323811825747542, 2.3414778214223224, 2.354402748361742, 2.3666563346762826, 2.387881132026119, 2.404302302819585, 2.4166178108455663, 2.4251271844317785, 2.4307914051910453, 2.433986096564559, 2.435000717876034, 2.4318615899328755, 2.4224091344903402, 2.4146393202848713, 2.4041792053397883, 2.3891489818657687, 2.367408831873395, 2.352321896886583, 2.3398430778704813, 2.3214647072161325, 2.3083094827229123, 2.2981060828535993, 2.2903832635256913, 2.2846324160048788, 2.280901359040641, 2.2795531510316582], "y": [0.8868075239038539, 0.85302883058281, 0.8201643381350248, 0.8041719022957113, 0.7903535970009473, 0.7805798044851676, 0.7770830602153046, 0.7786342981828784, 0.7830285783347884, 0.7978209646482716, 0.8173752812451816, 0.8397438844617965, 0.8628632466505437, 0.8868388790725362, 0.9112458087180129, 0.9358400115163461, 0.9801128801112992, 1.0234786742810866, 1.0450820721000784, 1.0655188723743085, 1.0837021189116876, 1.0928620288799762, 1.0889869919657629, 1.079664406790707, 1.0552454896433043, 1.028581209272885, 1.0006539034549895, 0.9727705266020746, 0.9444147089294076, 0.9157161651291267, 0.8868075239038539]}