{"x": [2.254734198385688, 2.255965586910517, 2.2603889224093496, 2.2690463565631664, 2.2802634427844746, 2.287427676450617, 2.294341415192899, 2.300893547564509, 2.3070696928320458, 2.3128190860167406, 2.3181865822961654, 2.3277533220546447, 2.335620676821931, 2.341726460184455, 2.3457945760193923, 2.347347071480716, 2.3459939307032354, 2.3411947179455272, 2.3318788597566686, 2.3193758346488744, 2.312075761733834, 2.305107724710489, 2.298611626743849, 2.292587338638554, 2.2870780817559675, 2.281996799801639, 2.273052165910454, 2.265782937283459, 2.260095944243516, 2.256224745361941, 2.254734198385688], "y": [1.1203030934967222, 1.109143946203711, 1.0988251774268183, 1.0913026071797944, 1.0889115392274316, 1.0896971778648659, 1.091732783105374, 1.094694505704604, 1.0983765525544131, 1.1026034499859694, 1.1073058076477673, 1.117879090878306, 1.1296056446415943, 1.142338544693333, 1.155883893893726, 1.1699414829206403, 1.182423280021035, 1.1940247370728605, 1.2028985384827109, 1.2059323361704726, 1.204992658013749, 1.2026218944986684, 1.1992098791914785, 1.1950207157817878, 1.1902930963592653, 1.1851082269777713, 1.1736884865385744, 1.1613973076187003, 1.148298724709258, 1.1345288812889962, 1.1203030934967222]}