{"x": [2.3286282639917797, 2.330093413242178, 2.3353012469435845, 2.340242881967739, 2.3474708790336765, 2.3582276184079247, 2.37244447122472, 2.3822527966071303, 2.3910325898294804, 2.4048749143778045, 2.4147058064213214, 2.4218490354255797, 2.4267482280737904, 2.4300332180412068, 2.4325308882569248, 2.430653409722318, 2.424766088387997, 2.4197919489956217, 2.412948714625322, 2.4027764165651595, 2.395634998825134, 2.3869524656511367, 2.3759462662190907, 2.3672343412256307, 2.3548746468807167, 2.3462776511530934, 2.3397733604474156, 2.334983719154016, 2.331531223676502, 2.3293837123337093, 2.3286282639917797], "y": [1.0950945815283857, 1.0676983107248879, 1.0407617039526342, 1.0272173870383583, 1.014742438709764, 1.004601976556388, 1.0005501238153407, 1.0024693952923904, 1.007244547727929, 1.0213414805817433, 1.037972718276724, 1.0559231718930246, 1.0738935031072736, 1.0922277261196636, 1.1293594261369593, 1.162463754410993, 1.195094428992272, 1.2114876690257455, 1.2271927804498333, 1.2416121790803019, 1.2470784396272838, 1.2494222547623772, 1.2461584092926612, 1.238682349093835, 1.2199370040628892, 1.19988887160324, 1.1790674846879445, 1.1583837771289205, 1.1374353476631012, 1.1163126857772312, 1.0950945815283857]}