{"x": [2.317328643971494, 2.3179355650382125, 2.3197028507451543, 2.3268914171257356, 2.3373525320075093, 2.348973112371774, 2.3604784834007555, 2.3715542967576995, 2.3819410145419595, 2.3914383754049853, 2.3998653214504353, 2.406720773702478, 2.411455116247014, 2.4132483429777354, 2.4126491898623565, 2.410766346390206, 2.407583922999403, 2.403218060400899, 2.397937537574446, 2.3919968737575275, 2.3856791689358023, 2.3791968716294725, 2.367524483298821, 2.3564476103536776, 2.346304852414702, 2.3372586626380856, 2.3294787733607922, 2.323228335116694, 2.318916891613139, 2.317717118569892, 2.317328643971494], "y": [0.9162484926854442, 0.9103258031055287, 0.9046404441659975, 0.8952219431373892, 0.8899439373969004, 0.888442477719129, 0.8897209000766815, 0.8930875430219528, 0.8981629603538699, 0.9047541593389145, 0.9128552070603629, 0.9223232146785509, 0.9330697872674256, 0.9446752669916415, 0.9511949011698249, 0.9574654286382591, 0.9631957295789529, 0.9680848410810801, 0.9718930315930756, 0.9745566287305377, 0.9760809074376634, 0.9765463549898071, 0.9750494880928644, 0.9710760581380464, 0.9651679362367728, 0.9576881037831404, 0.9488775765676123, 0.9389234774753178, 0.9279402524517163, 0.9221494773118977, 0.9162484926854442]}