{"x": [2.2716730582592013, 2.273026971984874, 2.277862675038968, 2.2892661533955727, 2.2996514108643087, 2.3139446956800938, 2.3242404815723696, 2.3332475601116847, 2.347079951005366, 2.35675701805449, 2.3637685744744488, 2.368587319129546, 2.371825054748748, 2.37368749697119, 2.3742986268334265, 2.3725407120861863, 2.3669807896874935, 2.362260802730856, 2.355730432111434, 2.3459021368191517, 2.3388353843067993, 2.3300210264968633, 2.3186083284796632, 2.309875197302285, 2.2976709780769884, 2.289190537873486, 2.282764570378182, 2.278011523506977, 2.274576354992611, 2.272432395208794, 2.2716730582592013], "y": [1.1422998709131154, 1.1145786412652448, 1.0872488840116725, 1.0605335571302381, 1.0497257476233848, 1.0452130623692144, 1.0474728526903196, 1.052948470977012, 1.06847593322164, 1.0863160783189032, 1.1053621928920747, 1.1243539646059482, 1.1436781660368758, 1.163176358038303, 1.1827537608958816, 1.2165279071566537, 1.2498876206269927, 1.2666900614956702, 1.2828750717084945, 1.297947617655682, 1.3038178431898502, 1.3064073673336385, 1.302511729968874, 1.2941955958701319, 1.274045190680286, 1.2527679340093039, 1.2307827922258783, 1.2089505572245955, 1.1868725691598057, 1.1646313145798664, 1.1422998709131154]}