{"x": [2.3128167606698273, 2.314475067099436, 2.3201431250350013, 2.3294165293448392, 2.340141055820084, 2.3465802969042167, 2.3529008759315806, 2.359034447183038, 2.3649515987267913, 2.3760056534521463, 2.3859307378122985, 2.394536925573036, 2.4014718185836315, 2.4062588356397825, 2.40811594542936, 2.4062792368145685, 2.40018122215331, 2.390149093917489, 2.3782324971659863, 2.3717104375019704, 2.3653453989906263, 2.359229757432826, 2.3533996254807446, 2.3479062106661504, 2.342729416428171, 2.3378785914835016, 2.333362004749585, 2.325426006443865, 2.319045508515961, 2.314579840118699, 2.3128167606698273], "y": [0.9405305962334483, 0.9298126494881338, 0.9205661646485336, 0.9149433026882419, 0.9133317394719855, 0.9138333404788418, 0.9151621407153344, 0.917165400367312, 0.9197385430252704, 0.9262904034592202, 0.9344520026567407, 0.9440484532064406, 0.9549142522961301, 0.9669326358800567, 0.9797353004267723, 0.9916373192156509, 1.0020222008701305, 1.0087786518733657, 1.0108493882064506, 1.010260747669779, 1.0087212527228901, 1.0064028291962674, 1.0034387575484134, 0.999954890135568, 0.9960158877373572, 0.9916839487756215, 0.9870045639776983, 0.9767990474469572, 0.9655552988300758, 0.9533792900922035, 0.9405305962334483]}