{"x": [2.1467177430004045, 2.1479431926135857, 2.152406624507711, 2.1629648719353414, 2.1721582863305726, 2.183927054578404, 2.1931193049143745, 2.2014088101672398, 2.208547330798907, 2.2146954424714136, 2.224344376934072, 2.231476733672673, 2.236448231938281, 2.239826145911518, 2.2417888185881836, 2.2424422564930673, 2.240876679879826, 2.2358419847039497, 2.231508249794788, 2.225488359213598, 2.2165179426131667, 2.20309277969787, 2.192972895361734, 2.1847950033390244, 2.172930100644591, 2.164522920494334, 2.1580779114678026, 2.153268018098848, 2.149751942953059, 2.147526178523776, 2.1467177430004045], "y": [0.9414289219116311, 0.9188487024105637, 0.8966801252077451, 0.8754643726572094, 0.8674957379916464, 0.8644112444182225, 0.8661076747759285, 0.8704273327323444, 0.876343409643738, 0.8832830901617914, 0.8986006625292527, 0.9152397564604262, 0.9319982210814199, 0.9491490702920987, 0.9665118874775416, 0.9839730593613328, 1.0114228178063023, 1.0384522853057758, 1.0520293193486359, 1.0649474472723857, 1.0765612059030891, 1.0824868083378885, 1.0795447494663537, 1.0728972046981502, 1.0559858711700918, 1.0377250892765622, 1.0186830649070298, 0.9997049253389846, 0.9804450688687488, 0.9609921066663487, 0.9414289219116311]}