{"x": [2.29110850662426, 2.2927784087052894, 2.298743522578464, 2.3043195529608376, 2.312140857387375, 2.322521128596085, 2.3345745122474466, 2.343030436101628, 2.351023463223841, 2.3648298987335616, 2.3755363196624395, 2.3836527483059347, 2.3893666629938, 2.3932465535657563, 2.3954866391291016, 2.396220414163317, 2.394170367991866, 2.387747051183318, 2.3823213594521824, 2.3749504874120992, 2.3645538431833146, 2.3506881380116904, 2.3412377461072182, 2.332943364558675, 2.3200922911367394, 2.310762018309823, 2.3035918939921016, 2.298274246374421, 2.294403015706288, 2.2919713778158, 2.29110850662426], "y": [0.8661318932949404, 0.8431111606974074, 0.8208140730228387, 0.8100554437250248, 0.8007997743132338, 0.7942766299028303, 0.7920366776894049, 0.7931710499338664, 0.7961544986162282, 0.8059986225450061, 0.8188600592006324, 0.8334945249588361, 0.8486300979382618, 0.8643361744574112, 0.880347614744455, 0.8964983353969782, 0.9239057428917533, 0.9506285735065433, 0.9638388085239639, 0.976070680226427, 0.9863490672342549, 0.9909834680365356, 0.9890160176797594, 0.9840780016022556, 0.9700276505931943, 0.9539586258192083, 0.9368163720152274, 0.9195963419988994, 0.9019946266545594, 0.8841353168936334, 0.8661318932949404]}