{"x": [2.2413731504447947, 2.2433674140097053, 2.250818917536453, 2.258098731694743, 2.2689033536722656, 2.2849000174106746, 2.3055171286523954, 2.3202273597142904, 2.3336377578545644, 2.3552611198855242, 2.3707703110284384, 2.381956248176827, 2.3894989972996856, 2.394465985823792, 2.398135619148463, 2.3950890174984134, 2.3859240955844845, 2.3784182068578947, 2.368263221597275, 2.3532822726828693, 2.342519254417548, 2.3288205636351926, 2.3116649690068467, 2.298784731016581, 2.280884951027623, 2.2683427628730075, 2.2587030342111394, 2.251436536072682, 2.2460760681641556, 2.242643191986687, 2.2413731504447947], "y": [1.08377529498495, 1.0441687355982767, 1.005218360390748, 0.9856425707306189, 0.9677689203222748, 0.9536191356228899, 0.9480473870782065, 0.9505033912141571, 0.9570290387628279, 0.9771255575705168, 1.001526702600811, 1.02818801724974, 1.0549543415898404, 1.0823159608403754, 1.1377493587572394, 1.1906698568344312, 1.2428796749212982, 1.269100770869854, 1.2944140186400617, 1.3181779642418514, 1.3276836554620932, 1.331990231666416, 1.3259384184984693, 1.313091693663477, 1.2824501555805308, 1.2503090080905501, 1.2171814443859246, 1.1842690564737675, 1.1509930492451623, 1.117459833920807, 1.08377529498495]}