{"x": [2.243576585205847, 2.2459109566513935, 2.2541502892295413, 2.268825860141757, 2.2865717828287297, 2.296503227729109, 2.3062182400593993, 2.3155990336183745, 2.324597170168168, 2.3412179823375605, 2.355875322009636, 2.368225493350723, 2.3778698889937946, 2.38426126814425, 2.3866672236814264, 2.3839702044512037, 2.3748940815248654, 2.3676522556700186, 2.358834073713313, 2.3488881846087963, 2.3384100540894224, 2.328191546805972, 2.318295746157222, 2.308921564697858, 2.3001277292704465, 2.2844578159458946, 2.27111418237512, 2.260203265421483, 2.2516494653509858, 2.245821728964415, 2.243576585205847], "y": [1.056208740796147, 1.0385384210562565, 1.0227332671999212, 1.0123047270782632, 1.0092700839927424, 1.0100319942503686, 1.0122303209941088, 1.0155380347647431, 1.01977758625232, 1.0305213345020392, 1.043819526761176, 1.059242022790335, 1.0764863189082845, 1.095222642214746, 1.1148723474655189, 1.1353391843428617, 1.1538807408341045, 1.161550905959206, 1.1673401323096508, 1.1708424829786734, 1.1720239867269089, 1.1709308439316628, 1.1681584836028223, 1.1639869730951546, 1.158700647677222, 1.145739553301508, 1.1303940785892663, 1.1135607497237234, 1.0954157346005928, 1.0761810729250514, 1.056208740796147]}