{"x": [2.246684228999204, 2.248390147781639, 2.2550966971502877, 2.2715095445583087, 2.286824643042394, 2.308097930624369, 2.3233089257528285, 2.336674756652455, 2.347825166329314, 2.3571834609502966, 2.371352481757821, 2.381432341360626, 2.3882010058220593, 2.3926505688484387, 2.395941911900035, 2.393144779224505, 2.3846971582594465, 2.3777827335966895, 2.3684017024955875, 2.354440464360218, 2.3440666173476883, 2.3300126249360087, 2.312508167768429, 2.3001540103928395, 2.283409483235472, 2.271723611521099, 2.2627553145430523, 2.255983555008976, 2.2509944159848705, 2.2477997621845134, 2.246684228999204], "y": [1.167315679014765, 1.1260202360454246, 1.0852373233920574, 1.0451651210528785, 1.0288782877968805, 1.0220036667498344, 1.025187250871205, 1.0331159421262897, 1.0437060675288223, 1.0559087194451091, 1.0822522575322113, 1.1104149914190058, 1.138419095288045, 1.1668839164006692, 1.2243622181976932, 1.2798486732203613, 1.3347595859993147, 1.362395920308782, 1.3892952232358424, 1.4150875856444443, 1.4259723898776002, 1.431318506442544, 1.423882177631537, 1.4094225855744904, 1.3763985182390788, 1.3423035537761054, 1.3073951615362764, 1.2727395783481885, 1.2377828241354187, 1.2026128372262577, 1.167315679014765]}