{"x": [2.285399239656327, 2.286955868808515, 2.292538434978761, 2.297805737492507, 2.305307112048007, 2.3155708765724015, 2.3278054549213905, 2.3365756250484018, 2.3447725157081636, 2.358634599637084, 2.3691472101981987, 2.3770328361593305, 2.382549174638135, 2.3862892281051757, 2.388448397917316, 2.389156531817523, 2.3872217072302644, 2.38112819137723, 2.375953351934112, 2.3688742729407437, 2.358707453340765, 2.344677705140362, 2.3348975440192956, 2.3265002813025952, 2.313769033745681, 2.304622845080648, 2.2976116417085763, 2.2924112230216522, 2.2886261705978534, 2.2862472744045674, 2.285399239656327], "y": [0.9012263579100633, 0.8778635852530081, 0.855124253787516, 0.843997701889645, 0.8342368611120567, 0.8271141189008941, 0.8245855992863068, 0.82587514685001, 0.8292500246978268, 0.8400888735900874, 0.853858129304619, 0.8692829238556964, 0.8850749326955122, 0.9013792123015923, 0.9179572519938369, 0.9346603044302833, 0.9626214966689707, 0.9899791442677887, 1.0035850976121767, 1.0163046719084088, 1.0272426444762837, 1.0323582705481726, 1.0301220903224781, 1.024632278629667, 1.0095317811495443, 0.9925957190208826, 0.974670150834693, 0.9567240386928612, 0.938427025994729, 0.9198930883965806, 0.9012263579100633]}