{"x": [2.36024246287388, 2.3618092431720967, 2.3673401209616083, 2.3725618153072157, 2.3801591612795967, 2.3913453379056304, 2.4059939622076927, 2.415880219487917, 2.4248107941286734, 2.4390126159302534, 2.4491294186987886, 2.4564718829261403, 2.4614903493676015, 2.464846158549015, 2.4673855213852103, 2.465377027263588, 2.4591252987545977, 2.4538672554954895, 2.4466580752335836, 2.436000985388686, 2.428576200845058, 2.4196167694515536, 2.408530886493232, 2.399655058842886, 2.3869978911169385, 2.3782003151405293, 2.371558087526142, 2.366682127217554, 2.3631768069016656, 2.361004075110334, 2.36024246287388], "y": [1.1103984318293258, 1.0820927859627865, 1.0542885816169987, 1.040350990484243, 1.0275524408555243, 1.0172034060763606, 1.0130021117012675, 1.0147624220376146, 1.0193538937054916, 1.03323649273045, 1.0498190398399412, 1.067802887758726, 1.0858213167882738, 1.1042220595682506, 1.1415052488616264, 1.175652360139542, 1.209282334090065, 1.2261574823480264, 1.2422958021984378, 1.257047756924545, 1.2625955987907556, 1.2649693224471377, 1.2617898284697202, 1.254426020593397, 1.2357330483963254, 1.2156428384433877, 1.1947408124331544, 1.173975305415936, 1.15293501073891, 1.1317153936308897, 1.1103984318293258]}