{"x": [2.266577918547355, 2.268348866859225, 2.274238483695069, 2.283289850796615, 2.29346779802857, 2.3060632009513955, 2.3180638758567773, 2.329211160672969, 2.339363281810315, 2.3483536498906115, 2.3522796173294878, 2.3557463146153306, 2.358689047085176, 2.3609843274042617, 2.3625031961812657, 2.3630815580776807, 2.36115680844602, 2.3548261984959935, 2.344936645405692, 2.3335432016133186, 2.3208534100028575, 2.3089550361300635, 2.2981594487420893, 2.288535523197434, 2.280215633178362, 2.2766025235603355, 2.273408746288705, 2.27068547406783, 2.26854015932048, 2.267104849050364, 2.266577918547355], "y": [0.8363584547964127, 0.8261649139762852, 0.8176586253671526, 0.8128087357700322, 0.8114456269501866, 0.8130925218537258, 0.8172566831650788, 0.8232796721598911, 0.8308607533240518, 0.839920958438561, 0.8449602679342256, 0.8503258872323629, 0.8560350445489249, 0.8620338644254631, 0.8682827545354989, 0.8746875252172512, 0.8860815749550456, 0.8957486535330099, 0.9016690981046008, 0.9034139083525097, 0.9014814281744914, 0.8966654142689288, 0.8898139742298463, 0.8813957205646589, 0.8717058785824989, 0.8664347077201604, 0.8608994037437689, 0.8550849748205114, 0.8490334113921563, 0.8427662473317746, 0.8363584547964127]}