{"x": [2.3045612884745603, 2.307211942108137, 2.3164453339793387, 2.3324752897942993, 2.3516305031092846, 2.3712823319267975, 2.389803511800598, 2.406675067530445, 2.42161599754938, 2.4342518899719017, 2.444093468836822, 2.4505602274268385, 2.4529371902014203, 2.4521977295921706, 2.4498040677855113, 2.44563492321255, 2.439628998151947, 2.4316997635327016, 2.422156488531875, 2.4114620840467063, 2.400216971007574, 2.3900022483238295, 2.380074233622101, 2.370626317566976, 2.361732827452467, 2.3458286666175456, 2.3322807124679836, 2.3212268769919446, 2.312605676480476, 2.3067803518599943, 2.3045612884745603], "y": [1.0913133619363071, 1.0722202891129842, 1.0552994182998516, 1.0443386822286778, 1.0411488512756462, 1.0438839035026526, 1.0510001372424604, 1.061323816707569, 1.0742851577112194, 1.0895122782988877, 1.1066783583450281, 1.1254193083724724, 1.1451015903174342, 1.1562130202481269, 1.1670887298917625, 1.1774327345284124, 1.1868300246995045, 1.1949060272129999, 1.2009904729974255, 1.2046849318012403, 1.2059366290020916, 1.2049259298570802, 1.202318901596821, 1.198339972024399, 1.193240870935962, 1.1805699445703155, 1.165405919867485, 1.1486568732106106, 1.130535263337684, 1.1112941336246185, 1.0913133619363071]}