{"x": [2.315860760660723, 2.3178796280664464, 2.324409905880806, 2.3340334369495106, 2.3447226605173648, 2.356341890966838, 2.3675056545438053, 2.3779664977188024, 2.387550580357458, 2.3960970411843165, 2.403121243353656, 2.4059050550324232, 2.4080602464796326, 2.4094667592401477, 2.4099814145656016, 2.4094491462717675, 2.4077428809126085, 2.40482510635277, 2.4007958931776985, 2.390446203280155, 2.3786977977279617, 2.3669967561584158, 2.355905880860553, 2.3457371391256587, 2.3366214199569004, 2.3287082477885477, 2.322254686890674, 2.3196885052519, 2.317680196986578, 2.316347811074245, 2.315860760660723], "y": [0.865709506976048, 0.8549948008378179, 0.8462634650352155, 0.8414144014836965, 0.8400482876255478, 0.8413897573388566, 0.844879232948069, 0.8500669905189515, 0.8567368802123088, 0.8648769085907954, 0.8743617722456848, 0.8796115043793262, 0.8851490530033752, 0.8909296864765922, 0.8968566698065124, 0.9028412331249883, 0.9086020461035188, 0.9138645563832881, 0.9183336574133107, 0.9241602618466247, 0.9259039267166133, 0.9243483731501982, 0.9203077536633494, 0.9143792352674179, 0.9069324706761204, 0.8981941323348639, 0.8883286165110611, 0.8829853849231954, 0.8774084583577664, 0.8716247165119284, 0.865709506976048]}