{"x": [2.2508559599879736, 2.2536989344335345, 2.263385715690659, 2.2778550397289163, 2.293914945803424, 2.3128914330404102, 2.331121766378481, 2.3482460393280595, 2.364006656257293, 2.3781564267405306, 2.389851261385132, 2.394506113217369, 2.3981207888473275, 2.4004947552016525, 2.401398633411832, 2.400619418676601, 2.3980143114503902, 2.387271086356764, 2.37090084445133, 2.352060038973892, 2.3328439613369114, 2.3147836613884976, 2.298412398166106, 2.2838599501440706, 2.271324269728333, 2.2658883565034404, 2.2610850791124935, 2.2569878646188117, 2.253756362979396, 2.251587102146089, 2.2508559599879736], "y": [0.8491727446630531, 0.8330555566541251, 0.819864176063381, 0.8126330162232109, 0.8107015847239967, 0.812869351885093, 0.8185668275281354, 0.8269426676068204, 0.83766639713928, 0.8507819101279271, 0.8661267310235624, 0.8746558309192697, 0.8836751053191988, 0.8931092498699473, 0.902795415459955, 0.9123927281444629, 0.921662517932142, 0.9375371614060084, 0.9473621372384987, 0.9504506674897344, 0.9476240777106034, 0.9404775530095149, 0.9301556741880515, 0.9173969243093321, 0.90269963638545, 0.8947072406315415, 0.8863193881780664, 0.8775141798059616, 0.8683557815705782, 0.858872982182719, 0.8491727446630531]}