{"x": [2.2444747037713833, 2.2458118520998736, 2.250520436159358, 2.258432290919152, 2.2676560663264906, 2.273974609885012, 2.2801539706098497, 2.286123633891362, 2.2918625340496934, 2.3025370385959234, 2.312106593018359, 2.3204114855996636, 2.327159851698347, 2.3319031116428164, 2.333817414516004, 2.332368745553135, 2.327303515586326, 2.3186877600774323, 2.308378364632759, 2.30199247912186, 2.2957858346119875, 2.2898489515922167, 2.2842046451820535, 2.278897365202496, 2.27389528825611, 2.2692022306148156, 2.2648220532731695, 2.2570847297013, 2.2507924284574923, 2.24630455929952, 2.2444747037713833], "y": [0.8804578665164923, 0.8712410824803657, 0.8632057660724232, 0.8582565640435189, 0.8568374045394626, 0.8573795079241515, 0.8588054706911838, 0.860920553594083, 0.8635992623041664, 0.8702957515590652, 0.8784940223404254, 0.8879931537486746, 0.898654499503144, 0.9103981881979469, 0.922918099682097, 0.9332103306866845, 0.9422862386963058, 0.9482191201625665, 0.9499930116606825, 0.9493492028761991, 0.9477147037365993, 0.9453038349750579, 0.9422705738052914, 0.9387520423719755, 0.934811673042702, 0.9305099865860876, 0.925890100997541, 0.9158784502633941, 0.9049009154064453, 0.8930228955381856, 0.8804578665164923]}