{"x": [2.161969065952738, 2.163905882310457, 2.1709968481125936, 2.1881646697780273, 2.2027574399486567, 2.2206143622555627, 2.2348858382318606, 2.2480507102634504, 2.259684186712347, 2.2698698981891927, 2.286079478935491, 2.2980470369387174, 2.3062777787014945, 2.3117658314336533, 2.3148775519347566, 2.3158719811997828, 2.3130853010621553, 2.304556105854547, 2.2974640464362275, 2.287804202817216, 2.27357167983042, 2.2515502623443746, 2.2349727155514287, 2.222066733490664, 2.2036963765242787, 2.190637261860429, 2.1804957421444047, 2.172779962128452, 2.1670297387664577, 2.163315622036154, 2.161969065952738], "y": [0.9623764144603022, 0.9283602563588982, 0.8950350635826191, 0.8636590449744438, 0.8526177042123474, 0.8486188952893479, 0.8509087474073673, 0.856875705900294, 0.8653102577633377, 0.8754458742284504, 0.8984614240553843, 0.9239416830267184, 0.9498170519367757, 0.9764095528234188, 1.0033672058892857, 1.0304856308755104, 1.0765391639478623, 1.1218817082495025, 1.1446239868342754, 1.166400027871999, 1.186381345176558, 1.1971922158029433, 1.191924284086304, 1.180262303581659, 1.15165408122487, 1.1212761932970352, 1.089803885968065, 1.0584622538833264, 1.0267011755912268, 0.9946319275115281, 0.9623764144603022]}