{"x": [2.279741644797103, 2.2818085409594144, 2.2894214329436973, 2.3078906623445605, 2.3241007449991686, 2.3447271821879294, 2.3599397615862583, 2.373850325481733, 2.3964449377374133, 2.412803571962398, 2.4246731903115997, 2.43271569760513, 2.4380266545624285, 2.441013756333678, 2.4419621841926484, 2.438858912295451, 2.4294877578384932, 2.4217899972360586, 2.411362473703135, 2.395983281886861, 2.384994884823373, 2.3711563251580143, 2.3534023661468106, 2.3399906982529965, 2.3212753118816267, 2.308123744315935, 2.297992507036559, 2.2903395958165813, 2.2846828389558924, 2.2810592189166554, 2.279741644797103], "y": [1.0915290233655812, 1.0520059968240627, 1.013168057095197, 0.9759793243433581, 0.9621533623785187, 0.9568172502338452, 0.9593285492866673, 0.9659787678539833, 0.9865110443334919, 1.0115709620459643, 1.0390430669836461, 1.0667015228981518, 1.0950116949806183, 1.1236442243193854, 1.1524165199859373, 1.2057158200344456, 1.2582765196708914, 1.2846669865509286, 1.3101027686975237, 1.3338771511597747, 1.343283228286232, 1.3474919600812063, 1.341333536307183, 1.328170846298755, 1.2966377517606738, 1.2634993126494232, 1.2293163065300954, 1.1953409848757524, 1.160976895574914, 1.1263349966894292, 1.0915290233655812]}