{"x": [2.2584996422453414, 2.260314222440237, 2.267126944677426, 2.280387324453159, 2.2974329597506085, 2.307632678094316, 2.317518934529047, 2.3269435902233213, 2.335872735956973, 2.3520468201818874, 2.3660098265430487, 2.377490692030811, 2.3863295389152497, 2.3921356020586915, 2.3943318135193508, 2.3921580565009783, 2.384551470827769, 2.370022921044293, 2.360531150782821, 2.3503600736414474, 2.339854760679346, 2.329811370509682, 2.320459145129617, 2.311813219836588, 2.3039397084404474, 2.2967063146968663, 2.2840438090129798, 2.2738369798559623, 2.265892180057857, 2.2605065073784734, 2.2584996422453414], "y": [1.141246602318967, 1.1242931012128152, 1.1086629791160783, 1.0973984529705627, 1.0939093931565067, 1.094872576427027, 1.097560309674641, 1.1015213561010886, 1.1064997474291483, 1.1187545270899009, 1.133479168966918, 1.1500077765826944, 1.1680875975944702, 1.1873837315399889, 1.2074144032633511, 1.2271482819165298, 1.2454865217630757, 1.2597091171159254, 1.2635860161037975, 1.2648795532091657, 1.2635370724884674, 1.260176392673751, 1.255268412531609, 1.2492020821365046, 1.2423373945237597, 1.234801206317773, 1.2182101015609275, 1.200421412370846, 1.1815138218128214, 1.161690364627467, 1.141246602318967]}