{"x": [2.217958946291067, 2.2192752265306614, 2.223950908291409, 2.232565494345216, 2.2432287796777186, 2.2499805768497096, 2.256544243009441, 2.2628253332415573, 2.2688004891876625, 2.274420081730336, 2.2797092384602395, 2.289245435986455, 2.297235883024828, 2.303521667431041, 2.3077659933360386, 2.309404042434296, 2.3079592389575225, 2.3028931952754728, 2.293571668775502, 2.281667940684111, 2.2748102519303846, 2.2682024312819706, 2.2619651331204644, 2.2561172053954905, 2.2507072239490524, 2.245677238483788, 2.236732936050023, 2.229355544063093, 2.223526380152683, 2.2195174746777804, 2.217958946291067], "y": [1.023917970538717, 1.0132935091189854, 1.003662840699778, 0.9970588017078581, 0.9950293264547735, 0.9956703622776644, 0.9973779859251724, 0.9999045561379091, 1.0030878190808035, 1.0067904621480013, 1.0109514965284467, 1.0204330138349504, 1.0311574653881286, 1.042962126306093, 1.0556748606997766, 1.0689769174318715, 1.0808513838918536, 1.091687693789937, 1.0995167557576615, 1.1020635822359213, 1.1012835448378049, 1.0992902913005351, 1.0963721329352212, 1.0927360254115004, 1.0885714673871794, 1.083955117204625, 1.073654791383159, 1.0623778640862904, 1.0502281377563176, 1.0373323134722812, 1.023917970538717]}