{"x": [2.255716437345137, 2.2582071554882828, 2.2667797073629803, 2.280951598985158, 2.29740741169336, 2.31583454266497, 2.3332993211541453, 2.3493736016802944, 2.3638154021569218, 2.3763082750456057, 2.3862801046086344, 2.393042750246044, 2.395626504762412, 2.392755964356818, 2.388882210416796, 2.3833219721632606, 2.3761334759882007, 2.3676623199106612, 2.3583673419015234, 2.348703442990597, 2.339204369780347, 2.3299381425837353, 2.3210604419952547, 2.3126351697598144, 2.3047426149585104, 2.2973474312946447, 2.2840824361589847, 2.273005107461382, 2.2641933961216694, 2.25809613196882, 2.255716437345137], "y": [0.9812063047044631, 0.9647766875097755, 0.950541261545366, 0.9418258795708446, 0.9393750382407821, 0.9418189637315404, 0.9481839806186569, 0.9574126325371104, 0.9690309331726855, 0.9828269900064328, 0.9985421315055957, 1.0159439094323532, 1.0344338922238139, 1.0534122332449054, 1.0622460281180934, 1.070128010864415, 1.0766768186798075, 1.0814518449385582, 1.0842578284901927, 1.0851954945937679, 1.0842932807974108, 1.0820165693249553, 1.078546426382943, 1.0740888207997368, 1.068844706850065, 1.0629198092993544, 1.049410491428861, 1.0342561026355177, 1.0176815301209667, 0.9998759049232484, 0.9812063047044631]}