{"x": [2.2240907568165302, 2.2264197036057913, 2.234465481996226, 2.2475866454091444, 2.262665872291851, 2.272128867143409, 2.2814225383541245, 2.2904561014499243, 2.2991925465564904, 2.3155876943107674, 2.3304058979379136, 2.3433628688416976, 2.3538602269638536, 2.3611424516736044, 2.364025878437421, 2.361394584990427, 2.352502965276446, 2.337776027529552, 2.3201437308917257, 2.310497399426598, 2.301092775888833, 2.292079952494251, 2.2835127909820905, 2.275466149893867, 2.2678997450012615, 2.260821055434833, 2.254235071928541, 2.242672485440479, 2.23333550752269, 2.2267357919955577, 2.2240907568165302], "y": [0.8952307000808043, 0.8801644293644408, 0.8672152225725958, 0.8594848910666418, 0.8573541937347116, 0.8580041459144147, 0.8599010868264201, 0.8627568671701399, 0.8664222826278088, 0.8757656080258972, 0.8874497614245648, 0.90130163706943, 0.9170992010062378, 0.9346913100146446, 0.9535114839294807, 0.9711604432395557, 0.9866313374863285, 0.9968663612308629, 1.0001436347513053, 0.9992020994729901, 0.9968587566623164, 0.9933248811391389, 0.988816776728215, 0.9835373340012747, 0.9775900266012076, 0.9710733924326155, 0.964059179139596, 0.948858084953797, 0.9321971271751409, 0.9142084168409486, 0.8952307000808043]}