{"x": [2.291112693627416, 2.2933144706091877, 2.3003445440746955, 2.310605879116079, 2.321974392596196, 2.333784233886128, 2.3451554402765153, 2.3558358679079885, 2.3656354937472837, 2.3743864442010283, 2.381568671346223, 2.384406480886037, 2.3865964255735976, 2.38801947508783, 2.3885383600537957, 2.3879575942211813, 2.38610493061527, 2.3829598088143706, 2.3786438871472546, 2.367618043848169, 2.355111439764464, 2.343194875132017, 2.3318791983590366, 2.321492022969265, 2.3121835369600885, 2.3041149271635737, 2.2975562381431645, 2.294958954275344, 2.292934480769535, 2.2915984855604736, 2.291112693627416], "y": [0.8785833479791313, 0.8671915158070553, 0.8579611458695195, 0.8528622621781593, 0.8514303009419804, 0.8527518434201428, 0.8562035808148741, 0.8613743488231637, 0.8680658142528359, 0.8762862717093246, 0.8859076368865046, 0.8912449075870859, 0.8968790680197468, 0.9027610229831858, 0.9087903863412836, 0.915165049978841, 0.9212921425199783, 0.9268763897169559, 0.9316143669290966, 0.9378073916296007, 0.9396802583334795, 0.9381438155823737, 0.9341039358643441, 0.9281271053504617, 0.9205793902136461, 0.9116897965575423, 0.9016344030917142, 0.8961861964488603, 0.8905002184206268, 0.8846067704548809, 0.8785833479791313]}