{"x": [2.3291789853058456, 2.331080895153326, 2.338054150006689, 2.3549420299830306, 2.371041826278158, 2.382113845500924, 2.394735961774836, 2.4109799382277513, 2.4248952647530975, 2.445541966423021, 2.4594392144029813, 2.4692083726397835, 2.475724084735078, 2.479985519729794, 2.4831230572843963, 2.4801468536746554, 2.4712341106337345, 2.4640066440973336, 2.454242675148267, 2.439707337371461, 2.4288222713336274, 2.4131984698908977, 2.3945572282616685, 2.382029756015802, 2.3653138888032363, 2.353723190758908, 2.3448788917805383, 2.33823108764153, 2.3333705852628386, 2.330293539146722, 2.3291789853058456], "y": [1.3190838703608898, 1.2723286176240878, 1.2260571940853608, 1.180171446150481, 1.160647649765556, 1.1541378806924296, 1.1517611426289103, 1.155520609694379, 1.164705600239405, 1.1902174847075826, 1.2189723734319708, 1.2493786338780175, 1.2794578379653745, 1.3099382118873506, 1.3713691914185422, 1.434502739370251, 1.4970748232126792, 1.5285674951227335, 1.5593682997701896, 1.5892206640101538, 1.6023587227708895, 1.6092136537790525, 1.6002905694142167, 1.5838534235795434, 1.547312901091058, 1.5099118523814337, 1.4717679000257105, 1.4339203617584535, 1.3958020594695424, 1.3574965765986515, 1.3190838703608898]}