{"x": [2.1057960395183963, 2.107584163750848, 2.1144091341885525, 2.1308075259535912, 2.1444092976518982, 2.160721251774855, 2.173930659874968, 2.1862046435708984, 2.197149525837627, 2.2068011049562988, 2.222299308327498, 2.233822442749268, 2.2417853592569617, 2.24710966010521, 2.250132597424767, 2.2511701837465528, 2.248471796985411, 2.2404362228706547, 2.2337330111081073, 2.224596630985935, 2.211190895342913, 2.1909776900525113, 2.1756789378278234, 2.1635159484523743, 2.1459718728745454, 2.1334283710020383, 2.123659247727042, 2.1162136753417724, 2.1106504135684068, 2.10704499766672, 2.1057960395183963], "y": [0.8736742327746931, 0.8426027707450121, 0.8122374464513866, 0.7840167204849828, 0.7743836882437745, 0.7709597057403788, 0.7729621219099085, 0.7782391908978356, 0.7857800082841411, 0.7949179180671365, 0.8158835898815728, 0.8392710026385133, 0.8631370383986352, 0.8877266199869677, 0.9126861468686587, 0.9378066473975231, 0.9795206413027041, 1.0205421981634626, 1.0410912611545022, 1.0606801252360776, 1.0784355025918293, 1.0877303132442218, 1.083178007064413, 1.0728418085059566, 1.046995721042407, 1.0193173341005046, 0.9905424010272685, 0.9618487421787398, 0.9327315183292545, 0.9032997232758445, 0.8736742327746931]}