{"x": [2.2208205322385832, 2.2225026407992763, 2.228138449462829, 2.2368558524059607, 2.2466937089826056, 2.258453448725608, 2.2696525263492595, 2.2800394862771065, 2.2894754363575993, 2.2977974212404226, 2.3014187385640583, 2.3046078217655186, 2.307305128142983, 2.3094009549985, 2.3107808579391906, 2.311301860339497, 2.3094700864589095, 2.3034666413433507, 2.2940532170214962, 2.2831761710097767, 2.271324857527006, 2.2602086177428697, 2.250127025410943, 2.241152375685232, 2.233414633588819, 2.2300633258291334, 2.2271078081670432, 2.224595309345388, 2.2226223774474474, 2.2213058332560007, 2.2208205322385832], "y": [0.8511094156641701, 0.8412570806730214, 0.8330026482457987, 0.8282503442022616, 0.8269109093316891, 0.828451061570939, 0.8323554447645634, 0.8380182302483258, 0.8451539798274703, 0.8536749473622062, 0.8584100330051534, 0.8634463732973366, 0.8687966336078237, 0.8744098552207279, 0.8802474991042513, 0.8862233483941381, 0.8970998822455934, 0.9063526132433006, 0.9120609818893239, 0.9137603641656572, 0.911977180916899, 0.9074980530076805, 0.9011030941477529, 0.8932297425699226, 0.884159467581352, 0.8792240090219777, 0.874041834744659, 0.8686017004620651, 0.8629434983564874, 0.8570897391239267, 0.8511094156641701]}