{"x": [2.3272364199348528, 2.3301761825116434, 2.340172804642077, 2.355656588865574, 2.3731825540145177, 2.390951642891371, 2.4079839529864855, 2.4238698179161764, 2.4383033143636506, 2.4509709885855933, 2.461144844273763, 2.468045935719286, 2.470634417871071, 2.4698109177052903, 2.4671752277442804, 2.4626729624781176, 2.456383708144209, 2.448523514534515, 2.439464874010581, 2.4296598152175615, 2.4195192492354454, 2.4014282947702443, 2.384492207395535, 2.3692873354417032, 2.355959601719715, 2.3447223615515784, 2.335764357136106, 2.332271981920613, 2.3295736248133174, 2.3278074152220176, 2.3272364199348528], "y": [0.9309616181464795, 0.9134098206617937, 0.8986865280635785, 0.8901384943301943, 0.8877600494212465, 0.889782639065962, 0.8952353265875673, 0.9033787240456932, 0.9138834756860772, 0.9266892011502124, 0.9415535623975839, 0.9582633376947269, 0.97615583371318, 0.9862935900004483, 0.9961173058703476, 1.0052524464568955, 1.0132628438244606, 1.0197622176813779, 1.0244489581235168, 1.027198381488643, 1.028129739817979, 1.0254514277959863, 1.0185503457659466, 1.0085114822911327, 0.9960881806030084, 0.9818603735875875, 0.9660977527408873, 0.9576912688710744, 0.9489973327877615, 0.9400569179405127, 0.9309616181464795]}