{"x": [2.282846921640422, 2.2847175445429255, 2.291373945804115, 2.2975296581308715, 2.3060335962032443, 2.317029813510415, 2.329549934736792, 2.3460999099068167, 2.3603010325751286, 2.371533438519569, 2.3801301176099154, 2.3862139516015155, 2.3903465706487106, 2.3927261778478512, 2.393501336236446, 2.391217056418087, 2.38831978283466, 2.3841356195810617, 2.3782065479568315, 2.3702237981494627, 2.3591605720166076, 2.3447637866789606, 2.3352307265079983, 2.32672787574897, 2.3133202281591414, 2.3035047124474106, 2.2959538269505466, 2.290362424798723, 2.286297604463543, 2.2837491211474914, 2.282846921640422], "y": [0.8687989021425461, 0.8448647767406183, 0.8217989164477828, 0.8108268619636251, 0.8015553027034814, 0.795205534510961, 0.793088244818434, 0.7969043691186823, 0.8062206236108546, 0.818711989023481, 0.8331445307881897, 0.8482269313888884, 0.8639563084817066, 0.8800318352009147, 0.8962640321931511, 0.9245545829161743, 0.938462875738759, 0.9520396051432665, 0.965541160087007, 0.9779396108667235, 0.9881769133099997, 0.992641205608169, 0.9909130143055263, 0.9862689416993521, 0.9726258182847849, 0.9567317451147898, 0.939645199564748, 0.9224321365074446, 0.9047960781756962, 0.8868763963941048, 0.8687989021425461]}