{"x": [2.2566228271844775, 2.258310948069346, 2.264108912109218, 2.273196347286673, 2.2834822149876928, 2.2962829619273415, 2.308451703324319, 2.3197233546625, 2.3299603133662097, 2.3389905515716602, 2.3429243551080363, 2.3463922017384142, 2.349329956363145, 2.351617465751739, 2.353128217041041, 2.3537006581618027, 2.351842488145918, 2.3456933684230554, 2.335924584675625, 2.3245569217641293, 2.3116144900669435, 2.2995049256035536, 2.2885528758046774, 2.2788125626782487, 2.2704173453312095, 2.2667740709437063, 2.2635537070084553, 2.260806528554646, 2.2586378548363397, 2.2571772678144018, 2.2566228271844775], "y": [0.8430072810368251, 0.8327011638340694, 0.824015001452948, 0.818993252389243, 0.8175789089371838, 0.8192997856279263, 0.8236290201573947, 0.8298631507358963, 0.8376810266915428, 0.8469818394544464, 0.8521411322700762, 0.8576244845630072, 0.8634469022803863, 0.8695541316937844, 0.8759061772261444, 0.8824102654071705, 0.8937893689179144, 0.9035425796277302, 0.9096538886870896, 0.9115389548009618, 0.9096140394559177, 0.9046571971315227, 0.8976005101291834, 0.8889477344794177, 0.8790257678278263, 0.8736387620648927, 0.8679887589253316, 0.86206221878093, 0.8559004234383529, 0.8495246615864536, 0.8430072810368251]}