{"x": [2.217685920260079, 2.2190885423598212, 2.224083527230977, 2.2332198601795223, 2.2444201021629104, 2.251818052065127, 2.259010472258575, 2.2658992921964627, 2.272462995007179, 2.2786496765671447, 2.2844864126469493, 2.2950530421133393, 2.3039738181483806, 2.3110417962096155, 2.3158566308787796, 2.317738993643203, 2.316218704783172, 2.3108493578262386, 2.301003987983999, 2.2884585121810654, 2.2808982067138377, 2.2736072295040106, 2.2667221572694727, 2.2602620582044075, 2.2542813163698603, 2.2487131934586766, 2.2387865338051474, 2.2305591118565595, 2.2240158373068577, 2.2194727079652528, 2.217685920260079], "y": [1.0086692735528529, 0.997514180682937, 0.9874417642981734, 0.9806501593869813, 0.9786122544505426, 0.9793289952908378, 0.9812031542885593, 0.9839585713625824, 0.9874177575097945, 0.9914348199643356, 0.99594528905555, 1.0062228231821893, 1.0178805986133326, 1.0307463539038793, 1.0446512772161898, 1.0592453251685476, 1.0717898331044855, 1.0832286298431646, 1.0914803010425242, 1.0942429848447037, 1.0934493678476813, 1.0912976945403348, 1.0881185446421728, 1.0841463495538954, 1.0795928056920607, 1.074543049080192, 1.0632709115266308, 1.0509205171450344, 1.0376010475058823, 1.0234366873894127, 1.0086692735528529]}