{"x": [2.2420409113296826, 2.2439560747432896, 2.2510815929080312, 2.264425621415722, 2.281036917720615, 2.2911872303663094, 2.301059316453552, 2.310519701154163, 2.3195320837736597, 2.3360097173316148, 2.3504036585088106, 2.3624135029986943, 2.3717733096071445, 2.3780011634073355, 2.380390978474101, 2.378138389845987, 2.3702457139612925, 2.35556644841857, 2.346224278745501, 2.3363141061572215, 2.3258766089791894, 2.315844923879691, 2.306432420565951, 2.297668555122039, 2.2896250490458674, 2.2821925395592872, 2.269080619380759, 2.258384675465784, 2.2499801682717093, 2.2442203416596174, 2.2420409113296826], "y": [1.062204955513159, 1.0456774154204362, 1.0306423090589463, 1.0202814098878128, 1.0172030721026555, 1.0180998514990804, 1.0206247230556693, 1.024358658583875, 1.029072267894386, 1.0407687048783518, 1.0549508592696117, 1.0710717188700358, 1.0888625170303263, 1.1080129889043713, 1.1280083763700293, 1.1472992192108271, 1.165045104379368, 1.1783503090282603, 1.181857395806583, 1.1830254159868827, 1.1817618722438457, 1.1786149397379757, 1.1739844450923589, 1.1682197801606165, 1.1616453494233188, 1.1543873240548854, 1.138296287766088, 1.1208718384247274, 1.1022337347146747, 1.0825744107267752, 1.062204955513159]}