{"x": [2.2612528193474266, 2.2628386094392363, 2.269101677933991, 2.2844603177088785, 2.299002598658617, 2.319768960461632, 2.334759996061036, 2.347742424510267, 2.358425930413286, 2.3673255766185948, 2.3807104452967875, 2.390202413718628, 2.3965751200222467, 2.40076381759149, 2.4039310787162296, 2.4012280810116313, 2.393276727233937, 2.3867645642025805, 2.377917335286284, 2.3646750106845604, 2.3548240362311827, 2.3411370248622094, 2.3240335648717148, 2.3122137306501203, 2.2962752594606584, 2.2851516984694245, 2.2766130271765586, 2.2701576107161343, 2.2653980668163656, 2.2623443689526432, 2.2612528193474266], "y": [1.1653192557487406, 1.1247355812206417, 1.0846067469309697, 1.0449663924031567, 1.0284873739707487, 1.0212905551469176, 1.0246295861080914, 1.0328354881098754, 1.0436142373202932, 1.05590712267489, 1.0821805652563476, 1.1100974245011197, 1.1377933171688968, 1.165902544639082, 1.222609891097419, 1.2770936822681829, 1.3310618735481619, 1.3582366502282588, 1.3847433153422022, 1.4102552005661666, 1.4212406171294873, 1.4267530389689684, 1.4190904504843456, 1.4045462033431166, 1.371748861488397, 1.338020757115257, 1.3035474380658312, 1.2693251716770382, 1.2348261476281, 1.200131210923133, 1.1653192557487406]}