{"x": [2.2105538165672654, 2.21194187524643, 2.2167904831153202, 2.2251854269543028, 2.235172585777204, 2.2414885959346074, 2.247658550475063, 2.2536055912932245, 2.2593044645932836, 2.264710732057533, 2.26983638908892, 2.2791799194088957, 2.287161171110911, 2.293537219384762, 2.2979150189725965, 2.299628322548186, 2.298124418112343, 2.292925673936563, 2.2838645883938997, 2.2727730652818745, 2.2663693343533726, 2.2601556358245793, 2.254232070710904, 2.248625080627859, 2.243382809982649, 2.238469330532204, 2.229637570058247, 2.2222293920658163, 2.216305089605587, 2.2121769173642782, 2.2105538165672654], "y": [0.9599411826472425, 0.9499778157054705, 0.9411638274228068, 0.9355046141867426, 0.9338437604433162, 0.9343972022719473, 0.9358566347420569, 0.9380295816286581, 0.9407885371873332, 0.9440266170068505, 0.9476927496843672, 0.9561359732953857, 0.9658577877533735, 0.9767002996162204, 0.9885314829802833, 1.0010297476551568, 1.0120978593315453, 1.0219841065279263, 1.0287149737650627, 1.0308092421410864, 1.0301558933903223, 1.0284752432220683, 1.0259845995281653, 1.0228455563818268, 1.019205607163688, 1.0151327271607513, 1.0059334336264885, 0.9956835310265729, 0.9845101588930127, 0.9725188728497041, 0.9599411826472425]}