{"x": [2.224301622888162, 2.2271166613696294, 2.236402356371201, 2.2500065929703132, 2.26497542704083, 2.284179872833527, 2.3026384518568697, 2.3200203527189336, 2.336098612536452, 2.3506641835358844, 2.3571139061547255, 2.3628629904021508, 2.3677961714624614, 2.371678650110463, 2.3742745288458913, 2.3752990894425294, 2.37209318425554, 2.3617232141270965, 2.346101765688082, 2.3283138552493776, 2.308904558131937, 2.290631108979232, 2.2739867052773475, 2.2590847737284796, 2.246107601294668, 2.2404284974257798, 2.235372597372322, 2.2310186219271078, 2.227546766483881, 2.2251863788108994, 2.224301622888162], "y": [0.7895538591413964, 0.7745400712716377, 0.7624110096348891, 0.7559398875294047, 0.7542414525680194, 0.7564538345977834, 0.7621971988461401, 0.7705672031175618, 0.7812291452634655, 0.7942539751591106, 0.8016060291564967, 0.8095180232260399, 0.8180429649415688, 0.8270948855209147, 0.8366114930441035, 0.846422440029144, 0.8642520579997133, 0.8791059068133912, 0.8880434232683811, 0.8907818706278657, 0.8879177783585199, 0.880776007206773, 0.8705198600478191, 0.8578645384300053, 0.84325533868033, 0.8352963326697597, 0.82692758891222, 0.8181150525726136, 0.8089191774812615, 0.7993601578208869, 0.7895538591413964]}