{"x": [2.2697681834656525, 2.2717943365422415, 2.279875501225296, 2.287742105467103, 2.2991168667814654, 2.314691838047002, 2.3331235184596357, 2.3465341043426493, 2.3591869371024865, 2.380889006439057, 2.397480561379072, 2.409836965718978, 2.41833222898151, 2.423974788082904, 2.427154491160744, 2.4281659253275514, 2.424990127842951, 2.4154203859589853, 2.4075573451817642, 2.396960218014605, 2.3816478565795167, 2.3590627306826493, 2.3433857583364697, 2.3306020848831497, 2.311972223259835, 2.298696557911994, 2.2884171746823054, 2.2806428051614898, 2.274860792736648, 2.271115090418033, 2.2697681834656525], "y": [0.9293731569554387, 0.8941466069422497, 0.8597997017033956, 0.842970747592711, 0.8282836115955861, 0.8177133839719818, 0.8138946670272961, 0.8155929062032842, 0.8203503901156197, 0.8361617258737495, 0.8567889629281726, 0.8802001114607768, 0.904262788359489, 0.9291494001059448, 0.9544486207109983, 0.9799268089474606, 1.0262831832310948, 1.0717520645309666, 1.0944449598277792, 1.115997124522292, 1.1353719248866414, 1.14536008738531, 1.1411168304446266, 1.1310993265416371, 1.1052864244370462, 1.077317947263729, 1.048114980184348, 1.0189918800799518, 0.989408707270805, 0.959492672893852, 0.9293731569554387]}