{"x": [2.295720737504586, 2.297037809344559, 2.301729437129716, 2.3113195565773856, 2.31769745408991, 2.324517720700943, 2.331721153564083, 2.33864479121879, 2.345155552013912, 2.351231824824384, 2.3619670348255783, 2.3709642543268514, 2.3781102028960937, 2.3834800851880855, 2.3869243438977024, 2.388179159466161, 2.3867102101210387, 2.3816390152283144, 2.3715282459053766, 2.3646207306055573, 2.357080088457947, 2.349696130540827, 2.3426941723564143, 2.336242284158941, 2.3303358413388495, 2.3201750005683515, 2.3118156941695425, 2.3052323762319915, 2.300228442043361, 2.2969393272478955, 2.295720737504586], "y": [1.3129824661824039, 1.2998231035300463, 1.287458147712355, 1.2778028059307982, 1.2752641541125787, 1.2744855058679632, 1.2753122391421206, 1.2774654169208208, 1.280615047102001, 1.2845379395479166, 1.2940182046444573, 1.305161373014196, 1.3173180363080743, 1.3303569552649945, 1.3440403663384621, 1.3580946928806135, 1.3726209905205016, 1.3863123789694927, 1.3974593504946613, 1.400651020473433, 1.40167045211524, 1.4006855382547638, 1.3981428091268173, 1.3944729846078179, 1.3899776084805133, 1.3794367445633138, 1.3674169902473903, 1.3546813136578992, 1.3412463527016911, 1.3272795196997766, 1.3129824661824039]}