{"x": [2.223242847453569, 2.2246200406471477, 2.229448337283124, 2.2378654141458876, 2.2479079903046464, 2.254384187874646, 2.260705693551184, 2.266792807939628, 2.272621653955508, 2.2781465092929314, 2.2833822985373944, 2.292922403087097, 2.3010670116111376, 2.307575574235881, 2.3120485666171424, 2.3138011903933142, 2.3123054249073274, 2.3071156956891516, 2.298010169604968, 2.2868264203554984, 2.2802602782869528, 2.2738957982486676, 2.2678362088276787, 2.2621065526498807, 2.2567548143159533, 2.251741462522695, 2.2427334770382497, 2.2351783868595065, 2.229130616988387, 2.2249087452558247, 2.223242847453569], "y": [0.961907311960152, 0.9518905900883385, 0.9430069573998082, 0.9372762616108374, 0.935592598570049, 0.9361701677128855, 0.9376911171078137, 0.9399495129913708, 0.9428092101200948, 0.946158586445105, 0.9499439344150488, 0.9586434842748658, 0.9686364888540724, 0.979764534553552, 0.9918955387056945, 1.004705582908636, 1.0158637515860163, 1.0258541846729228, 1.032687481507185, 1.034815462620793, 1.0341319921039798, 1.0323784963229892, 1.0297892330040963, 1.0265343983585662, 1.0227699581698784, 1.0185653872136373, 1.0090892894152437, 0.9985566118529959, 0.9870918325779641, 0.97479834677557, 0.961907311960152]}