{"x": [2.232036095562276, 2.2341112375123306, 2.241647910734488, 2.254985624641053, 2.2710418985908953, 2.2804147517566067, 2.2895801932173288, 2.298426524112696, 2.306910892747311, 2.3225885581879697, 2.336442028770007, 2.348163586426091, 2.3573765249691574, 2.3635433884984822, 2.365898396216523, 2.36347653305887, 2.355219140449146, 2.340602389775694, 2.331606117997431, 2.3221588197936414, 2.3125508908782906, 2.303244907852598, 2.294419398018749, 2.2861241647023545, 2.2784356288149086, 2.271285639743222, 2.2585800969539083, 2.2481153092756436, 2.2398583069202456, 2.234186301982251, 2.232036095562276], "y": [1.0016269514070721, 0.9856168775348775, 0.9713400698998208, 0.9619949110304654, 0.9592704526632868, 0.9600049811395903, 0.9620989227286919, 0.9652428134771668, 0.9692624040310208, 0.9794142147507614, 0.9919413775337421, 1.006447934344489, 1.0226638792071852, 1.0403085701840755, 1.058850934221793, 1.0773130661460226, 1.09400232028247, 1.1059613318238355, 1.1090163461897886, 1.1100236074931489, 1.1089976113089608, 1.1063969102231175, 1.102502313273494, 1.0975782282362563, 1.0918773520081706, 1.0855140800404433, 1.0712209111447, 1.0554933888656162, 1.0385025486776442, 1.0204382796175673, 1.0016269514070721]}