{"x": [2.1706223198046035, 2.1724269504294846, 2.1792458335931593, 2.1957009326061114, 2.2099482089434144, 2.2278173851252654, 2.2412538206250634, 2.2535633584073094, 2.2736473044205634, 2.2882695473514576, 2.298921196267833, 2.3061653196028584, 2.3109625983051294, 2.3136667534773525, 2.3145941311929197, 2.311834370227089, 2.3036748495102004, 2.29693403332405, 2.287773768557026, 2.2742465122829243, 2.2646473096448294, 2.2527219366724873, 2.237070478701559, 2.2250887241814534, 2.2082306121895394, 2.1963334177172866, 2.187145367360656, 2.1801936710363297, 2.175047609220738, 2.1717492444477653, 2.1706223198046035], "y": [0.9616442536258014, 0.9274846717108299, 0.8939639831633366, 0.8620687124685509, 0.8504284120502141, 0.8460495972056956, 0.8482822872513445, 0.8541130662188269, 0.8721272213558886, 0.8941819935076297, 0.9184052331414521, 0.9428353324978053, 0.9678611830229539, 0.993183157721792, 1.018632221131213, 1.064384109567622, 1.1094870340599075, 1.1321320904680552, 1.1539111338809713, 1.1741417741038933, 1.1820243196327511, 1.1854977465820717, 1.1802806000860822, 1.1689393341604342, 1.1414879313808355, 1.112511871498698, 1.082566337386783, 1.0527801382115967, 1.0226294866285937, 0.9922156535518979, 0.9616442536258014]}