{"x": [2.3231324405339153, 2.3246354305983803, 2.3298958146377386, 2.3397899426154933, 2.345953968835737, 2.3524189325283107, 2.3589609679229633, 2.365326426971796, 2.3771816620279256, 2.3876142745404834, 2.396563156993361, 2.4038471053872783, 2.4093959977897867, 2.41298744459905, 2.4142928264229155, 2.412615103726273, 2.406982008835446, 2.402340050266831, 2.3965493728511413, 2.3898763600308164, 2.3827713789320124, 2.3760915327889713, 2.369653391714033, 2.36359249042676, 2.357942319519467, 2.3479835661559494, 2.3396267931783505, 2.332931131185665, 2.327794922893891, 2.3243964488090407, 2.3231324405339153], "y": [1.1873597187779088, 1.174771841920058, 1.1632374592889514, 1.154944967437097, 1.152896552878152, 1.1522676920804704, 1.15287490047723, 1.154502125181937, 1.1600743335284942, 1.1678805922624749, 1.1773513146268777, 1.1880071771058967, 1.1996610649757193, 1.212073107359491, 1.2249281944698232, 1.2387176035217091, 1.2514152724966825, 1.2568454125388868, 1.261028982222556, 1.2635996100009, 1.2644098388948806, 1.2636843547091599, 1.2617615933361261, 1.2588946703109578, 1.2552850524967443, 1.246510566121844, 1.236198790081823, 1.2249918533002906, 1.2129899082108861, 1.200368957771244, 1.1873597187779088]}