{"x": [2.3024968744756964, 2.3038878369291074, 2.3088425646491078, 2.31867251959387, 2.3250136721140153, 2.3317231734037125, 2.338961184568198, 2.3459517041270637, 2.3525716406399853, 2.3587938043105257, 2.3699117355143264, 2.379347789604765, 2.386952124837902, 2.392725224680839, 2.396463817632752, 2.3978370857925744, 2.3962792232643166, 2.3909145917563817, 2.3804949880792963, 2.3735842023457923, 2.3661363439586838, 2.358724455353408, 2.351650915813357, 2.3450763214702066, 2.3390112548875583, 2.3284640493571613, 2.319696131592073, 2.312719090950805, 2.307371099821717, 2.303824067541563, 2.3024968744756964], "y": [1.2555957908093478, 1.2426012218721036, 1.2305080720908328, 1.2214157447341418, 1.219115365863151, 1.218419269118869, 1.2192016272030326, 1.2212347346980221, 1.2242270557076063, 1.227977018869627, 1.2371358901267484, 1.2480195567956285, 1.2600428850323817, 1.2730451023213727, 1.286784714751077, 1.3009575112831593, 1.3153492826578412, 1.3287943839122807, 1.3393970791402392, 1.3423233449396141, 1.343246056394279, 1.3423199991533816, 1.339920267275489, 1.3364229293991592, 1.3321018612041133, 1.321847824911763, 1.3100362872112792, 1.2974001172540133, 1.2839929968255988, 1.269984905457178, 1.2555957908093478]}