{"x": [2.2822001735387842, 2.2845413089542856, 2.2934123375668336, 2.3020051019038745, 2.314304562031758, 2.3307739649473125, 2.349861372766654, 2.3634138818864905, 2.3762728527406622, 2.3986349707715267, 2.4160246440965962, 2.4290912433684886, 2.4381284902081966, 2.4441365723441795, 2.4475188184336143, 2.4485901455841113, 2.4451365428585374, 2.434795902664759, 2.42633196748974, 2.414971704049767, 2.3986982788310063, 2.375244865498438, 2.359283351782333, 2.346053398390784, 2.32654759779991, 2.312599073584465, 2.3017991061590286, 2.2936421807032517, 2.2875833701050743, 2.283670048722686, 2.2822001735387842], "y": [0.9329740021893306, 0.8966094778321413, 0.8612659579435722, 0.8441099758171947, 0.8293829054284472, 0.8191259832952696, 0.8156451002493887, 0.8173821052586938, 0.8220010400295231, 0.837425044764994, 0.857865925062927, 0.8813072200180877, 0.9055953280766386, 0.9308041950196995, 0.9564748705237424, 0.9823452286113293, 1.02999850394687, 1.076644331009682, 1.0998637472043773, 1.121811956735995, 1.1413090012302851, 1.1510504854813957, 1.146934444528457, 1.1371018433215985, 1.1112904095507206, 1.083069080541812, 1.0534994095523094, 1.0239775810999916, 0.993954846344567, 0.9635722741283915, 0.9329740021893306]}