{"x": [2.2737761860591563, 2.2757545592544752, 2.2831863580275753, 2.2904630934137202, 2.3012795472731877, 2.317329282325757, 2.3380191499427, 2.3526979899952893, 2.3660578408326507, 2.387580664385341, 2.403019270122849, 2.4141571722728274, 2.4216729139170967, 2.4266228534577987, 2.4302788995451103, 2.427238968683642, 2.4180980034265485, 2.410611937644033, 2.4004832960415055, 2.3855395823793533, 2.374798944787301, 2.3611160471310932, 2.3439646515037427, 2.3311011762923863, 2.3132345650095507, 2.30071670964767, 2.291094791815842, 2.28384012494146, 2.278486152052604, 2.275053412117021, 2.2737761860591563], "y": [1.0880217632996676, 1.0483690756714157, 1.0093688453690208, 0.9897523042769877, 0.9718424218596906, 0.957681902820858, 0.9522006919418468, 0.9547503946293789, 0.9613446129066102, 0.981507637078391, 1.0059276187103547, 1.0325853227698045, 1.059350419616587, 1.0867064953626522, 1.1421242529610751, 1.1950069303542232, 1.247182226252559, 1.2733867070162923, 1.2986874305688827, 1.3224477923698494, 1.331961813427848, 1.336281096274059, 1.3302183075034637, 1.3173552291343644, 1.2866980094345661, 1.2545511463242418, 1.2214220623053254, 1.1885093877418842, 1.1552346328564969, 1.1217037222829658, 1.0880217632996676]}