{"x": [2.173244755946246, 2.1751269861893863, 2.1823451117384667, 2.199667350982289, 2.2140132889376294, 2.2312109803688167, 2.2447004573792375, 2.257264617805903, 2.2684948167782126, 2.2784093431065435, 2.294337638259268, 2.306165933821975, 2.314321680286006, 2.3197625314868437, 2.322845584938753, 2.3238287109715556, 2.3210329818606907, 2.312504534152787, 2.3054219220181666, 2.2957973853317895, 2.281716749100782, 2.26049193422017, 2.244793979204295, 2.2322875774123174, 2.2142622002357184, 2.2014071848877426, 2.1914196570655644, 2.183828066036147, 2.1781693351535916, 2.1745103410344107, 2.173244755946246], "y": [0.9051261100394306, 0.8723648238099949, 0.8403532113911724, 0.810621854862861, 0.8004762484737894, 0.7968736557604634, 0.7988830627809177, 0.8041883035258345, 0.8118085278257445, 0.8210760709210547, 0.8424170474036007, 0.8662757834929692, 0.8906376120027362, 0.915745619230216, 0.9412336007679576, 0.9668885395645949, 1.0107466356137105, 1.0538582845036375, 1.0754407035634719, 1.09601574914535, 1.1146766308102778, 1.1244745925608732, 1.1198468559380086, 1.1092907367577094, 1.0828120472577114, 1.054433124435011, 1.0249227200295357, 0.9955054175350517, 0.9656559836173253, 0.9354884081117585, 0.9051261100394306]}