{"x": [2.2366716339689736, 2.2387104758146057, 2.2462246575685323, 2.264286973759182, 2.279571082346386, 2.2983086517354554, 2.312110068407269, 2.3248997870663914, 2.346157640081329, 2.361891011200553, 2.3734234504284006, 2.3812840730900477, 2.3864888176068653, 2.389419400201859, 2.390348965900174, 2.387384304922448, 2.378428929119743, 2.371054140710843, 2.3610683106195847, 2.3464296439909758, 2.3361947646712977, 2.323712878667907, 2.3075416427665574, 2.2948914647257386, 2.2769133315552192, 2.264204230772445, 2.2543898269221034, 2.2469727954122654, 2.2414799171801723, 2.2379548185947096, 2.2366716339689736], "y": [0.9802123935825062, 0.9444616305922039, 0.9094500467515771, 0.876518741413107, 0.8648703577181539, 0.8606051131296104, 0.862726134750348, 0.8683297881555071, 0.886074160999854, 0.9082758940695677, 0.9329225726192232, 0.9579232431760227, 0.9836085220616623, 1.0096346723608478, 1.03580879548569, 1.0835047618521982, 1.1304461685906018, 1.153971590270345, 1.1765130224935705, 1.1972507223804336, 1.205167327071661, 1.2085772986732854, 1.2035382783109574, 1.1922744604713158, 1.164467210287803, 1.1348895020367888, 1.104229437699752, 1.073716731820156, 1.0427996513428526, 1.0115921402895285, 0.9802123935825062]}