{"x": [2.191183813672011, 2.192417073132758, 2.196935235050949, 2.20766581361367, 2.2171338985866638, 2.22944185018341, 2.238973800531281, 2.247509210333157, 2.254806078932261, 2.2610613574764953, 2.2708274062796034, 2.27802017383967, 2.283023191872772, 2.28641704462163, 2.2883870185468567, 2.2890411833707365, 2.2874441337903453, 2.282317248292917, 2.277910704811311, 2.2717872073468985, 2.262624603647012, 2.248653118516245, 2.2381377030956915, 2.2297547106096403, 2.21769652654792, 2.20918320732369, 2.2026660537483966, 2.197805001670267, 2.194253735513642, 2.1920055236163205, 2.191183813672011], "y": [0.9841126856070403, 0.9604717403819049, 0.9372338094732291, 0.9148623075515192, 0.9063160311731239, 0.9029697196986946, 0.904815102541701, 0.9094422285163831, 0.9157173708175113, 0.9230312748766334, 0.9390709655895407, 0.9564177659347703, 0.9738482144728429, 0.9916620430674208, 1.0096820583590795, 1.027797626712319, 1.0565282543586119, 1.0848428191161432, 1.0990821572949412, 1.1126718282265267, 1.1250005909522363, 1.131384108802823, 1.1282561938715658, 1.1211792418254662, 1.1034059661407865, 1.0843287582949943, 1.0644807565648138, 1.044717969723548, 1.024678356959714, 1.0044494985670833, 0.9841126856070403]}