{"x": [2.2702630811859685, 2.2728337779091246, 2.281674313596915, 2.2957417833129803, 2.3117003019402844, 2.3319866478729407, 2.351285800730179, 2.3692066685900723, 2.3855251845566587, 2.3999537689028636, 2.4117588466215154, 2.420041933863204, 2.423364785353887, 2.4204207920596477, 2.410523992725176, 2.3944795538644783, 2.3754964244371184, 2.365065970100441, 2.3548835315042966, 2.3451053811405487, 2.3357907600593046, 2.3270199803552374, 2.318754525436031, 2.3110043411315155, 2.3037763405752267, 2.2910234323855967, 2.280658196028551, 2.2765229752182052, 2.2732626140456857, 2.2710737587694463, 2.2702630811859685], "y": [0.8670623466816098, 0.8511020702644074, 0.8375675280220983, 0.8297435302507685, 0.8276377457033385, 0.8303071802962444, 0.8371045629791711, 0.8468614204143654, 0.8591113105571686, 0.8737561577739761, 0.890587549169098, 0.9095036170572292, 0.9298846331401596, 0.9488938121919273, 0.965388336970528, 0.9760856014463277, 0.979476218317045, 0.9784847696055826, 0.9760159049975637, 0.9722838167624265, 0.9675111297578385, 0.9619071905328117, 0.9555816102089495, 0.9486380557033429, 0.9411524485880471, 0.9248764416147153, 0.9069849088253852, 0.8974572813050244, 0.8875959536894455, 0.8774298117320934, 0.8670623466816098]}