{"x": [2.2275212347542688, 2.2292425400506493, 2.2350785394426413, 2.2440057376381786, 2.2539873277199742, 2.2675739398733614, 2.2805116875507774, 2.292553213548256, 2.3035746677683853, 2.3134220697182912, 2.3177607023036204, 2.321621897776828, 2.324933817718563, 2.3275485759976418, 2.329306049306135, 2.3299928902521785, 2.3281167021457807, 2.3218416986105814, 2.312061928722005, 2.3008346223842917, 2.2871101114354664, 2.2742395385530174, 2.262538613326446, 2.25205595067546, 2.2429188053113855, 2.2389165239604054, 2.235351599046713, 2.2322799039318943, 2.229828214786646, 2.2281567162875886, 2.2275212347542688], "y": [0.8170994458152261, 0.8070906409561681, 0.7987791923624081, 0.7941324582194981, 0.7928460425571706, 0.7946701879988118, 0.7992020994536323, 0.8056750910406154, 0.8137636950800454, 0.8234052726279975, 0.828766925220556, 0.8344820123372542, 0.8405811772895461, 0.8470101481214686, 0.8537352485659684, 0.8606521798171458, 0.8719027414053393, 0.8814274224232822, 0.8872124186741341, 0.8889610390145828, 0.8869267095202215, 0.8817451025345846, 0.8743976771514161, 0.8653971163541836, 0.8550485519543928, 0.8494187067953082, 0.8435022278688341, 0.8372745724788746, 0.8307777868991005, 0.8240259833280009, 0.8170994458152261]}