{"x": [2.3105194832874725, 2.3123462919684403, 2.318682394701651, 2.3293672922169453, 2.3419632429355683, 2.3486652815215323, 2.3552445204466244, 2.36777005369142, 2.379196443390034, 2.3893544727476566, 2.3980159599122213, 2.404854369595361, 2.4094426459671996, 2.4111675338835257, 2.409093165912733, 2.4063047501910435, 2.402282353033719, 2.397045744228172, 2.390851684481404, 2.3840430803774515, 2.376959237489312, 2.3701458037789824, 2.3635011126896934, 2.3571314150051017, 2.3510820632255274, 2.3401008863970625, 2.3305870761609353, 2.3226788474705415, 2.316439166821407, 2.312175353758944, 2.3105194832874725], "y": [1.0326632332270982, 1.0200839149670764, 1.0090643741418885, 1.0020858609482435, 1.0000343476530793, 1.000552438809542, 1.0019306096337541, 1.006736768053799, 1.0136889609153135, 1.022390099156829, 1.032598915824534, 1.044108800735438, 1.056722532197152, 1.0700335525610734, 1.0839116969574523, 1.0903885176972845, 1.0961803041437652, 1.1010053288414836, 1.1045176726414845, 1.1065705954324023, 1.1071956968369636, 1.1065843093997687, 1.1049580394801866, 1.1024864562538526, 1.0993104343262272, 1.091333675595001, 1.0816536787362632, 1.0707661430942421, 1.0588436895391782, 1.0460483033566568, 1.0326632332270982]}