{"x": [2.114020779315555, 2.1157303647841337, 2.122194675662698, 2.1337432220667054, 2.1475210263785156, 2.157797747167972, 2.167794663228159, 2.177399037044057, 2.1865937943570803, 2.1953143947810765, 2.203594464014507, 2.2187407630916094, 2.2317686250837183, 2.2422445477628274, 2.2494777106508974, 2.2523346223294776, 2.2501096271706515, 2.2428028911136595, 2.229806864553462, 2.2136659702234165, 2.2032344305088847, 2.1931851770712147, 2.183693989478051, 2.1747753705967674, 2.16649239698234, 2.158751064490344, 2.144841105478108, 2.1331230224967084, 2.1236107259038794, 2.1167937796015157, 2.114020779315555], "y": [0.901758145227975, 0.8880275048042523, 0.8757937051579768, 0.8679757472925475, 0.8658166971364414, 0.8667809638920274, 0.8693504910559154, 0.8730769414159396, 0.8777231082915299, 0.883103595179879, 0.8891400647110113, 0.9029226365665196, 0.918715344550895, 0.936304825998241, 0.9555266973618631, 0.9758647660938196, 0.9919503576936617, 1.0064523737178963, 1.016552667797541, 1.0197751167226525, 1.0185072747949449, 1.0154353129926126, 1.0109796387435126, 1.005466571340231, 0.9991829803414578, 0.9922430279651422, 0.9768108043449659, 0.9599090746843267, 0.941674542943414, 0.9222021247237653, 0.901758145227975]}