{"x": [2.2020086101091523, 2.2032799113685164, 2.2078204986329735, 2.2161955118978263, 2.2265098932589473, 2.2335399084346177, 2.2403623767825653, 2.246882993196756, 2.2530851671073915, 2.25892116528124, 2.264421706261813, 2.2743714897729768, 2.2827671548800854, 2.289431930329224, 2.293993285019904, 2.2957945284168386, 2.2944406751941635, 2.289591074334453, 2.2805903254282995, 2.269076986957247, 2.261902014009201, 2.2549940655088676, 2.248480646602002, 2.242373862917905, 2.236722229926229, 2.231459342237201, 2.222068519319873, 2.214270181688464, 2.2080527195120285, 2.2037210971934478, 2.2020086101091523], "y": [1.0013770516652518, 0.9911074377136032, 0.9818088224994, 0.9754964712685861, 0.973599061880768, 0.9743063728565108, 0.9761435793848602, 0.9788288761986947, 0.9821848106708853, 0.9860651530699167, 0.990407961002571, 1.000263879501535, 1.011388793645633, 1.0236293686123916, 1.036835224290915, 1.0506900466658569, 1.0621955921906452, 1.0727166124773384, 1.0803282665390612, 1.0828568621330492, 1.0820742564306667, 1.0799830950291176, 1.076916719658006, 1.0731043087661265, 1.0687503282487547, 1.063933678480406, 1.0532080238867572, 1.0414761399728645, 1.0288351616061753, 1.0153943701019719, 1.0013770516652518]}