{"x": [2.262796185514717, 2.264782652392577, 2.2722607183630714, 2.2795879069245255, 2.2904884009448088, 2.3066826024849134, 2.3275971227381187, 2.3426427410822446, 2.3563376341999764, 2.3783976619434495, 2.394229099743723, 2.405660491708133, 2.41338034160509, 2.41846908649128, 2.42223498484716, 2.41916061892255, 2.409892666124978, 2.402295494877467, 2.392011234723778, 2.3768308567760275, 2.3659159829493808, 2.3520113224379378, 2.334482296278638, 2.321354983978673, 2.3031263505095385, 2.290348450981258, 2.2805204485027875, 2.273104124795264, 2.26762536089427, 2.2641082542476183, 2.262796185514717], "y": [1.0996785227769066, 1.0595335107675772, 1.0200411498704745, 1.0001729027194746, 0.982017623399616, 0.9676316124336986, 0.9619931447685164, 0.9645561769191289, 0.9712933623593599, 0.9919298887696695, 1.0169248388730958, 1.0442141267211282, 1.0716155051976446, 1.0996250803520113, 1.156372343653213, 1.2101051166942012, 1.263121790255023, 1.2897508714024708, 1.3154619384128576, 1.3396086239747071, 1.3492754249207355, 1.353661987041949, 1.3474330801221306, 1.3342520440745218, 1.3028789043595406, 1.269995540076916, 1.2361133806094056, 1.202451172023079, 1.1684198733355282, 1.1341266515446746, 1.0996785227769066]}