{"x": [2.222596645213061, 2.2239558154632935, 2.2287709014065054, 2.2375415073569402, 2.2482991663960465, 2.2551262732368915, 2.261768158951727, 2.2681326499728844, 2.2741958875109405, 2.2799085855727883, 2.285293144480859, 2.295023874570207, 2.3032098258837213, 2.309669267039718, 2.3140445697080985, 2.3157358013470586, 2.3142479591380525, 2.309048093584036, 2.29957309944386, 2.2875742271046673, 2.2806367466130095, 2.2739441136210496, 2.2676158153021544, 2.2616724864934485, 2.2561639416512005, 2.2510346336985125, 2.2418953015619576, 2.234332320636063, 2.2283408799763893, 2.2242077579375685, 2.222596645213061], "y": [1.0244192634486982, 1.0137031243452779, 1.0040336916622064, 0.9974998973636624, 0.9955284084157318, 0.9961805839641963, 0.9978894066329957, 1.0004134214156382, 1.0035937589981125, 1.0072965415644721, 1.0114621199450928, 1.02096859711472, 1.0317559736591835, 1.0436577765298196, 1.0565059320800034, 1.0699728586048285, 1.081940661184238, 1.092821992501626, 1.100598089653519, 1.1031021390659328, 1.1023242376574305, 1.1003386823677401, 1.0974276426160376, 1.0937946886223118, 1.0896257323634368, 1.0849981560546158, 1.0746533261672273, 1.0632959077786646, 1.051036532926743, 1.0380000337948057, 1.0244192634486982]}