{"x": [2.1827267816182734, 2.1845093938846847, 2.191345383508262, 2.2079696876904307, 2.2225598373410724, 2.241055023243368, 2.2553209267972054, 2.2683130659487065, 2.2893572875746826, 2.304616396758692, 2.3157318496176145, 2.3233044498061215, 2.3283267495632396, 2.3311632855615696, 2.332064866056117, 2.3293353664544934, 2.3210251587558854, 2.3141443466350946, 2.304776451090247, 2.2908961622893584, 2.280984210693579, 2.2685742724588307, 2.2520305013681816, 2.239515384977924, 2.221982448318638, 2.2096031282880095, 2.2000289212058135, 2.1927669920840946, 2.187378097526301, 2.183911573436943, 2.1827267816182734], "y": [1.0030799486515267, 0.9677150975634563, 0.9329714701644626, 0.8997267631460014, 0.8874435233513321, 0.8827875008942341, 0.8852594154852674, 0.891649304859959, 0.9111088320332952, 0.934698610252429, 0.9605010279154795, 0.9864893753010229, 1.013088529020574, 1.0399941746268033, 1.0670339019658441, 1.1147297124151432, 1.1617752323984183, 1.1854114924130048, 1.208176836600598, 1.2294026629430352, 1.2377378820972145, 1.241441406877067, 1.2357128997222615, 1.2234701868749889, 1.1941447743102431, 1.1633080513334677, 1.131488472343256, 1.0998419043726362, 1.0678231490199857, 1.0355335115557647, 1.0030799486515267]}