{"x": [2.2549694206542634, 2.256812239029965, 2.2636903742638887, 2.2766307646966504, 2.2927767864772477, 2.302902837803911, 2.3127420518134976, 2.3221608970142222, 2.331127489517416, 2.3475091660206546, 2.3618214399245443, 2.3737743750908273, 2.3831103756461838, 2.389344381375176, 2.391747014902342, 2.3895762515633074, 2.381927600644172, 2.3676386304375914, 2.35853989541435, 2.3488932685366786, 2.33849881817458, 2.328516608204712, 2.319157547141862, 2.3104456396630026, 2.302449806033419, 2.2950587787450534, 2.2820081860551285, 2.2713420243839426, 2.2629421206189804, 2.2571665847727287, 2.2549694206542634], "y": [1.0623976576786263, 1.0463359763643114, 1.031705021442903, 1.02159218692795, 1.0185873396540266, 1.0194896835177953, 1.022047222880592, 1.0258182112076455, 1.030565338418883, 1.04230306224097, 1.056490814045973, 1.0725827434778776, 1.0903214566657378, 1.1094112324042293, 1.1293488781355876, 1.1481258195768682, 1.165411185713592, 1.1783628027516504, 1.1817616680071703, 1.1828938578902353, 1.1816081017963966, 1.178437415564609, 1.173790392461953, 1.1680206857298423, 1.161452814751555, 1.154211060803646, 1.1381753737291174, 1.1208221483193255, 1.1022656655260188, 1.0826894583131224, 1.0623976576786263]}