{"x": [2.260514463356898, 2.262218459991352, 2.267535921282636, 2.2772222573239533, 2.2880044509239137, 2.2945631011689516, 2.301002598344922, 2.3134972797981854, 2.324431258656633, 2.334474420366947, 2.343585602888681, 2.3512599338579605, 2.35555472683427, 2.357650988872263, 2.355642418046052, 2.3498795124590615, 2.3395376733328677, 2.327608804644712, 2.3209832230113596, 2.3144949331539895, 2.3082814687718702, 2.3023267176370035, 2.2967212006326765, 2.2914335308466334, 2.2864485783465, 2.2818188469295246, 2.2736255595801094, 2.2670708252802747, 2.2623514033964396, 2.260514463356898], "y": [0.8949640987927658, 0.8841684236573324, 0.8746198734230958, 0.8696082668672278, 0.8679694845909304, 0.8684693677066256, 0.869810506136008, 0.8738384252128003, 0.8810554919963361, 0.8894681520688378, 0.8989658010819005, 0.909658023857995, 0.9221153646482672, 0.9351244488490247, 0.9470317685138897, 0.9576434383900508, 0.9639615164606342, 0.966100169971322, 0.9654595104640054, 0.9639726105644597, 0.9616015854271225, 0.9586401940731218, 0.9551269486632604, 0.9511513653815923, 0.9468035792057983, 0.9420793244428034, 0.9317832001924803, 0.9203737483902786, 0.9080408018839842, 0.8949640987927658]}