{"x": [2.237898178737066, 2.239555868051493, 2.2458374010923854, 2.25844312151135, 2.2750064605602964, 2.28557672910751, 2.295768602043761, 2.3054247096826925, 2.3145284224171356, 2.330909980753933, 2.3449846777845003, 2.35650755868872, 2.3653869630492514, 2.371246778304942, 2.3734963311355193, 2.3715368277189, 2.364501940641075, 2.350630765544179, 2.3413745504888572, 2.3313947240493533, 2.320506775450401, 2.3101676348215254, 2.3006140195796925, 2.291828297565462, 2.283863604749921, 2.276560624607309, 2.2637879755280403, 2.2534881927638093, 2.245445853671401, 2.2399641297761064, 2.237898178737066], "y": [1.138136449652249, 1.121679075595469, 1.1063775907863365, 1.0950633153339289, 1.091517498665841, 1.0926115834776198, 1.0956204578164552, 1.0999897613025509, 1.1054168822830506, 1.1185797342348096, 1.1341848304710893, 1.151508594118449, 1.1703246975791703, 1.190315601190586, 1.211025820264613, 1.2303427380839236, 1.2484395149096457, 1.262773519412366, 1.2667309230757315, 1.2680506295364875, 1.2665286541126684, 1.2627915422678815, 1.257426186426821, 1.2508786910141576, 1.2435486614986873, 1.2355591593001638, 1.2181049527873762, 1.1995279466827775, 1.1798680519037263, 1.1593111431015222, 1.138136449652249]}