{"x": [2.259347930860133, 2.2610268159146223, 2.2674928954031217, 2.280998426291893, 2.299363027851891, 2.3113100607252446, 2.32276455590437, 2.3335446390162313, 2.343650742849915, 2.3530004834377696, 2.3616871660319854, 2.3770512908274175, 2.3895072951019096, 2.3990353063573737, 2.4052806960028006, 2.407675374960151, 2.405642953196591, 2.398279008037503, 2.3833314120999205, 2.3730199479420797, 2.361741610843858, 2.34936971898878, 2.337735387253105, 2.327113448030319, 2.3174359212980007, 2.3008121803487924, 2.287024256615319, 2.275983982752142, 2.267390451361417, 2.2615439934826163, 2.259347930860133], "y": [1.2202452632127907, 1.2020121192697217, 1.1848815615110482, 1.1717423320376814, 1.1675256834533336, 1.1688907772284731, 1.172549959607545, 1.177792538733102, 1.184239359119088, 1.191572698929175, 1.1996805387979517, 1.2177826453148206, 1.2376615969983162, 1.2590985222451112, 1.281734943323389, 1.3050946942584385, 1.3268558868765643, 1.347433849702902, 1.3643097253379741, 1.369162669144252, 1.3707986608814513, 1.3689035927872972, 1.364288691247772, 1.3577685900960959, 1.3499147510204639, 1.3318397431775342, 1.3115186253247129, 1.290126373181847, 1.2676393254219802, 1.2442520206556464, 1.2202452632127907]}