{"x": [2.316906930683748, 2.3188120566562076, 2.325143822348232, 2.3350779439439138, 2.346398133590273, 2.358724962748872, 2.370470768059645, 2.3813444380092834, 2.391171926203952, 2.399756123570448, 2.4066812336780985, 2.411444191596317, 2.4127793862578657, 2.4132658720567126, 2.412765767296174, 2.4111487725207312, 2.408340024078799, 2.4043685334550635, 2.3993879690087834, 2.39366257797726, 2.3811512423585914, 2.3687082184898602, 2.357052703797799, 2.346537684382359, 2.3372573245895034, 2.3293631109593593, 2.32302731957206, 2.3205443947334743, 2.3186205753362663, 2.317358529554724, 2.316906930683748], "y": [0.9366467574739861, 0.9253188827796728, 0.9157345730349754, 0.9100647760636725, 0.9084256677865753, 0.9099920036384214, 0.9140466531556422, 0.9200007328859217, 0.9275577322502092, 0.9366063743942712, 0.9469798607453094, 0.9585591390722109, 0.9646904187104837, 0.9709465090514592, 0.9772919092846998, 0.9834481692522219, 0.989173348353466, 0.9941627376725073, 0.9981505382700798, 1.0009662927596783, 1.003057303413388, 1.0012093500409323, 0.9964772519937937, 0.9896605218107162, 0.9812398112818405, 0.9715590828196422, 0.9607937282089569, 0.9550326397500035, 0.9490615447990857, 0.9429100851601351, 0.9366467574739861]}