{"x": [2.2548473110495486, 2.256201416135733, 2.26098167913029, 2.2697620142182124, 2.280651100823654, 2.287155812846958, 2.293485247527429, 2.2995467290105944, 2.305312378688121, 2.3107318742624816, 2.3158262133202885, 2.324984522644226, 2.3326133248450285, 2.3385720392648603, 2.3425565388361544, 2.3440737865139862, 2.342602056047576, 2.3374958471511165, 2.3281211753968925, 2.3161027358632733, 2.3094860502050296, 2.3031023172959717, 2.2970707215519646, 2.291414927342506, 2.2861849154457707, 2.2813270995117803, 2.2727097575522803, 2.2656378658918532, 2.2600851366329473, 2.2563012450739968, 2.2548473110495486], "y": [1.0399136118719747, 1.029063071863467, 1.0192285965463228, 1.012456330509005, 1.0103621327066008, 1.0109710026935317, 1.012589723729643, 1.0149985418748702, 1.0180483363636132, 1.0216097079513888, 1.0256224388707045, 1.034789396806005, 1.0451656888664453, 1.056583209718426, 1.0688558017765033, 1.081669494146064, 1.0936668346768095, 1.1046226003315747, 1.112591494789228, 1.1152268051226417, 1.114499614892791, 1.1126135372495842, 1.1098318003654248, 1.1063489568185392, 1.1023458537124935, 1.0978984406139514, 1.0879527424474371, 1.0770530643681118, 1.0653064975646984, 1.0528503564967584, 1.0399136118719747]}