{"x": [2.216740929849563, 2.2186910265472677, 2.226179923108622, 2.2443480138955945, 2.2598172743958087, 2.2788831374890126, 2.292954558753337, 2.3060110651094776, 2.3277303176620676, 2.343814493074505, 2.3556109013042787, 2.363651999631705, 2.36897844142241, 2.371979462612138, 2.37293385510372, 2.3699210072817496, 2.360808173704996, 2.353304496232719, 2.343146256868994, 2.328261322315494, 2.317859676542954, 2.3051782654718598, 2.2888037818031273, 2.27598155898229, 2.2577500743967884, 2.2448577737983793, 2.2348944209582036, 2.227353872312551, 2.221751571593386, 2.2181251230239853, 2.216740929849563], "y": [0.9902143032097771, 0.9537459429307901, 0.9180015642557909, 0.8842899797611973, 0.8722626598465764, 0.8677407897397154, 0.8698051261535182, 0.8754437450446543, 0.8934307972202569, 0.9159912987122388, 0.9410616333558828, 0.9664966220817197, 0.992635232060925, 1.019124449695327, 1.045766032118973, 1.0942245239234694, 1.141913714985671, 1.1658115689245196, 1.1887074806014928, 1.2097667049316612, 1.2178043716065765, 1.2212656045661423, 1.2161823536072933, 1.2048001851996035, 1.1766724288979946, 1.1467436643274247, 1.1157166766614828, 1.0848400548208874, 1.0535536380107664, 1.0219726606677038, 0.9902143032097771]}