{"x": [2.285858529060771, 2.2877834361012312, 2.2947459296495527, 2.3086065076715485, 2.326812157479799, 2.3374216067435567, 2.347681957942907, 2.357430917115812, 2.366634224147907, 2.3831988893517555, 2.3973780976311696, 2.4089056197851564, 2.417693185281993, 2.4234011591716684, 2.4255319929862647, 2.42329255558122, 2.4155011919758254, 2.4003955628493716, 2.390329082092521, 2.3794467469950478, 2.368486772158078, 2.3580487685584126, 2.3483858839096787, 2.3395028102399027, 2.331462425132448, 2.3241088019095613, 2.3113123362405203, 2.301090900297324, 2.293191120455313, 2.2878817759098014, 2.285858529060771], "y": [1.1732663253979136, 1.1551788223467099, 1.138374456326794, 1.125932274531613, 1.1219980877048932, 1.1230244980399497, 1.1259122523789085, 1.1301597412732958, 1.13548726476324, 1.1485489588558555, 1.1641677308451528, 1.1815736273797404, 1.2005110953684188, 1.2206138640144635, 1.241402366135015, 1.2624814253119194, 1.2821952902004456, 1.2978605362450197, 1.302257154050564, 1.303753504872516, 1.3022877557822117, 1.2986384339717758, 1.293331521783042, 1.2868026888941568, 1.2794544996341035, 1.2714190840522206, 1.253815639594146, 1.2350760073223508, 1.2152456001437093, 1.1945429569106192, 1.1732663253979136]}