{"x": [2.2234135650042246, 2.226273772592034, 2.235802192044287, 2.250016480944159, 2.2657532142744676, 2.2855817466147625, 2.304616520096636, 2.3225061921850334, 2.3390124159419527, 2.353903627517085, 2.360473104661504, 2.3663101243185074, 2.3712966006055822, 2.3752019742003863, 2.3777976639131775, 2.37881396950861, 2.3754898787839283, 2.364744569381986, 2.3483806946157078, 2.3296162989248437, 2.309556641617053, 2.290723526560578, 2.273645353080772, 2.258430039083322, 2.24526882532379, 2.2395357629914696, 2.2344495389822727, 2.2300884543146977, 2.22662700199372, 2.2242862282712372, 2.2234135650042246], "y": [0.8452743563329705, 0.829498390815558, 0.8166037757304198, 0.8096014637142708, 0.8077484643642178, 0.8100780686453435, 0.8161009541141628, 0.8248698773813088, 0.8360268913179314, 0.8496260003166128, 0.8572894692209128, 0.8655245154941271, 0.8743777874971695, 0.8837582687218417, 0.893596465373197, 0.903720438969198, 0.9225200008795578, 0.9383000969826841, 0.9479551835516475, 0.9509375564956785, 0.9479240165871695, 0.9403884309194362, 0.929583637213028, 0.9162831937466094, 0.900995828376862, 0.892688656225865, 0.8839704317402924, 0.8748132960521613, 0.8652796429580841, 0.8553949104890629, 0.8452743563329705]}