{"x": [2.300383168235252, 2.303054187328049, 2.3122454352993667, 2.3274080250014433, 2.3449901413521728, 2.3643128767295125, 2.382646570311486, 2.3995391545924116, 2.4147210087674456, 2.427850505977401, 2.438307625382649, 2.445367479852546, 2.4480431353007286, 2.447323812028622, 2.4449463475872495, 2.440794817380539, 2.43485275978198, 2.4271757246457675, 2.41812241711285, 2.4081720676345504, 2.3978151350786465, 2.3878302933489475, 2.3780892937866107, 2.3687586398010283, 2.3599081928584433, 2.3438675381756946, 2.3299732183684028, 2.318396195232046, 2.309203281064981, 2.302855456603776, 2.300383168235252], "y": [0.9694811924722653, 0.9519291484909209, 0.9367393640406108, 0.9274705237150827, 0.9248850426992782, 0.9274185964253792, 0.9340263703764214, 0.9436366187199154, 0.9557703560139152, 0.9702195137068742, 0.9867061904116144, 1.0049715510213948, 1.0243701543542136, 1.0346636007011534, 1.0447045232930832, 1.054169706082463, 1.0626264690440814, 1.069676172135353, 1.0748407442252892, 1.077894460816606, 1.0789281860184035, 1.0779854934765587, 1.0755983066128765, 1.0719487318985137, 1.0672529797424828, 1.0554765262405252, 1.0412309888049749, 1.0252666292380426, 1.007820180596585, 0.9890964816282117, 0.9694811924722653]}