{"x": [2.2420520685555076, 2.243229861559429, 2.247450912515474, 2.255697311895108, 2.2663873516256103, 2.2731658057888113, 2.279707285144109, 2.285905430431157, 2.291745999066858, 2.2971803460680755, 2.3022512564140802, 2.3112834184994075, 2.318703133411296, 2.3244580597985554, 2.3282904035454575, 2.3297508877265125, 2.328466865389169, 2.3239171857874292, 2.3150875213400437, 2.3032469249728558, 2.2963466994161137, 2.289756646844453, 2.283608789184891, 2.2779042041939435, 2.2726846953534316, 2.267869259692249, 2.2593914231403778, 2.252502581450604, 2.2471174912924865, 2.243457421171716, 2.2420520685555076], "y": [1.1079802906190324, 1.0973429809436839, 1.0875082322272287, 1.0803302676837472, 1.0780391264231097, 1.0787790813986786, 1.0807036650036934, 1.0835076046883332, 1.0869957045673677, 1.0910012077772386, 1.0954578939403783, 1.1054773314984667, 1.1165825173061592, 1.1286348259428605, 1.141450345324248, 1.1547466373474407, 1.1665668812492311, 1.1775517478748265, 1.1859460231520842, 1.1888143169573175, 1.187933860475115, 1.185706861720351, 1.1824976848393505, 1.178553996193319, 1.174099229865231, 1.1692104882104648, 1.1584342393279683, 1.1468247907609332, 1.134445928137641, 1.1214288815717146, 1.1079802906190324]}