{"x": [2.2173754046936165, 2.2192546210189716, 2.2261628899763277, 2.2430492101648083, 2.2585971382588705, 2.2796517463911026, 2.2955775331224997, 2.3097136414503234, 2.3216401330123766, 2.331735231875986, 2.347171526412405, 2.358243609352717, 2.3657184941266967, 2.3706512719987005, 2.374312089909376, 2.3714394487846926, 2.3627194950406745, 2.355546293131598, 2.345792057758477, 2.33126258158981, 2.3205571179095164, 2.3063852577063964, 2.2880577013582144, 2.2749574999275306, 2.2570418703524804, 2.2444886272728466, 2.2348225376218993, 2.2275041611341937, 2.2220973149004033, 2.2186349480328116, 2.2173754046936165], "y": [1.1620374015755626, 1.121313502769034, 1.081135857143454, 1.0418735556395815, 1.0262732363313845, 1.0198070545419524, 1.0229129377317046, 1.0308783400910573, 1.04164500990482, 1.0541450642563925, 1.0813568019966124, 1.1106171307579311, 1.1398083814855389, 1.169534981087441, 1.2296337463993168, 1.2850960262483746, 1.339943806146823, 1.367545473813854, 1.3943440143695516, 1.4198723873479342, 1.4304421370583744, 1.4354903981386542, 1.4280421491718882, 1.4132178293951758, 1.3791179541113923, 1.3437929407786333, 1.307571300980913, 1.271595942678209, 1.2352840843778155, 1.198731746430392, 1.1620374015755626]}