{"x": [2.3078286430646733, 2.30968334052602, 2.316019584643346, 2.326735237901859, 2.3394169004479206, 2.3461248452026333, 2.352709042229073, 2.3652341503925887, 2.376640011173656, 2.386756544372009, 2.3953521897643824, 2.402114638113803, 2.4066305893866615, 2.4083135130878626, 2.4062290608374335, 2.4034389812663495, 2.3994135410304946, 2.394158156192133, 2.3879254096217832, 2.381057193634213, 2.373902173124836, 2.367078720000743, 2.360427594048193, 2.3540571158853187, 2.3480132753164673, 2.3370633870156907, 2.3276020639091346, 2.3197655309797485, 2.3136063415259267, 2.3094231018655162, 2.3078286430646733], "y": [1.049350441148614, 1.0366890165567424, 1.0255713016002224, 1.018465562750511, 1.016346085356246, 1.0168565282889384, 1.018236899375581, 1.0230719667254955, 1.030074709651601, 1.0388375758889026, 1.0491022681241668, 1.060657280833703, 1.0732953111269636, 1.0866100170346484, 1.1006171876327115, 1.1071630594678374, 1.1130306665612304, 1.1179402809751484, 1.1215286306908854, 1.1236339928367167, 1.1242747908762019, 1.1236609371319137, 1.1220181186637346, 1.119521277460656, 1.1163135992979738, 1.1082646338054398, 1.0985091602457995, 1.0875578518258486, 1.0755825944284412, 1.0627516105719774, 1.049350441148614]}