{"x": [2.145159194881186, 2.1468052267063755, 2.15304252648481, 2.1646390135331566, 2.1788066550682106, 2.1895187914663667, 2.1998966447607127, 2.2098169619923302, 2.2192714147909713, 2.228192838635824, 2.236629319591983, 2.2519707749394837, 2.2650305995436395, 2.27544723012058, 2.2825763373250587, 2.2853729064646435, 2.283254239132839, 2.2762556560867435, 2.263367321381725, 2.2468507793894195, 2.2358993473113165, 2.225395958597604, 2.2155459813013865, 2.2063490875939, 2.1978676560923915, 2.189978519719376, 2.175887269410671, 2.1641247038282168, 2.154632959698972, 2.1478767178395692, 2.145159194881186], "y": [0.9469845560818715, 0.9328984189945035, 0.9201616701829894, 0.9116829507443417, 0.9093070028248827, 0.91038534293258, 0.9132511490323715, 0.9173702840364422, 0.9224686454826283, 0.9283309726528999, 0.9348719567032684, 0.949696892997825, 0.966493827400072, 0.9850461811975891, 1.0051538709303303, 1.0263038722771067, 1.0428140446865026, 1.0579168384544695, 1.0689108920876353, 1.072676821902955, 1.0713501538222576, 1.0679778047468642, 1.0630782616339307, 1.0570413152547835, 1.0502068205355284, 1.0426963927401038, 1.0261069696270488, 1.0081175806159763, 0.9888333160601737, 0.968366080715849, 0.9469845560818715]}