{"x": [2.2087451295689253, 2.211165435754701, 2.2197106006676726, 2.234597627406871, 2.252287804279795, 2.262845516701312, 2.2731845996989892, 2.283190051196366, 2.2928174195620055, 2.310714286674232, 2.3266611779345294, 2.3403053185736944, 2.3511168507718634, 2.3584069790780022, 2.361212764556495, 2.3583833849546783, 2.3487870096971695, 2.332096303745687, 2.321919005998088, 2.3112586352850193, 2.3004177060764075, 2.289907406862524, 2.2799276202575154, 2.2705373182136466, 2.261822679188845, 2.2537096438617876, 2.239265735546744, 2.2273253007789684, 2.2178588835611355, 2.2113110706225942, 2.2087451295689253], "y": [0.999746025733239, 0.9821178601491494, 0.9665104817497158, 0.9565456849875114, 0.9537210820330568, 0.9545066165649424, 0.9567838339114824, 0.9601996902912129, 0.9645690052061167, 0.9756372112010154, 0.9893667303299012, 1.005417584302462, 1.0234980505176274, 1.0433209308400986, 1.0642546386542353, 1.0851191440125036, 1.103860610195635, 1.1171166046668464, 1.1204806733782453, 1.1215990847507848, 1.1204380539628944, 1.117538511062504, 1.113189143157201, 1.1076813877721021, 1.1012951759538023, 1.0941602413007936, 1.0781176249749758, 1.0604412962484628, 1.0413255037001747, 1.0209721554864044, 0.999746025733239]}