{"x": [2.2212807877740217, 2.223328097555732, 2.231110783511953, 2.2385845497653563, 2.2491699870993536, 2.2630685852231114, 2.278944698331595, 2.2911696124355894, 2.302790155841565, 2.323105349470114, 2.3390650206639223, 2.351181508728024, 2.359651780110423, 2.3653282735280556, 2.3685452844055357, 2.369637226290579, 2.3666563384090322, 2.357838120447202, 2.350542294943018, 2.3406993760657318, 2.3266286234627653, 2.306813149334749, 2.292545176770089, 2.280570498736191, 2.262679162418945, 2.2497506565143937, 2.23966904537215, 2.2320067771586323, 2.226284239573724, 2.2225777762669567, 2.2212807877740217], "y": [0.8068814968392858, 0.7765761467493478, 0.7472157053234626, 0.7331024123214209, 0.7211445388557916, 0.7129878671388448, 0.710221758704527, 0.7117230349564317, 0.7158053536828939, 0.7294829004138239, 0.7476809475989777, 0.7686349625593626, 0.7904544818244832, 0.8131616247696453, 0.8363236228877919, 0.859682453738897, 0.8995836007834365, 0.9386121321420461, 0.9580144209835765, 0.9762570860863744, 0.9922202749524959, 0.9999763346912609, 0.9965005831564635, 0.9879998199070827, 0.9653721001457636, 0.9404400820723611, 0.9142272434829776, 0.8879948782290387, 0.8612722304451595, 0.8341876885042384, 0.8068814968392858]}