{"x": [2.2206805731101866, 2.2219831631956155, 2.226672837328224, 2.2377598564092627, 2.2477794864588816, 2.2613555078607055, 2.2713965116005395, 2.28023806987134, 2.293936241045108, 2.3035937270256057, 2.3106233169588517, 2.315469934271372, 2.3187359681029123, 2.3206197500037122, 2.321239906778802, 2.3195513936070946, 2.314186328695682, 2.309614867908491, 2.303281345455068, 2.2937645973802856, 2.286982124301854, 2.2786162271071753, 2.267470143011989, 2.258849861718277, 2.246724605619964, 2.2382686574143427, 2.23184169207735, 2.227077016510249, 2.2236219233079835, 2.22145561368774, 2.2206805731101866], "y": [1.090873008530513, 1.0646059594756616, 1.038728139561485, 1.0135238043991537, 1.0034712399528376, 0.9993313509234344, 1.001449068927058, 1.0066580355222927, 1.021577538254983, 1.0388383282150333, 1.0573258042698896, 1.0757943361787001, 1.0946068158996731, 1.1136008811253626, 1.1326780547530737, 1.164644668386922, 1.1962030514640558, 1.21209141238134, 1.2273631103779183, 1.241499771732561, 1.246939307469162, 1.2493062156248498, 1.2457302875782537, 1.2378111207995648, 1.2184249254461683, 1.197874040833012, 1.176601146460207, 1.155467493768139, 1.1340806814686788, 1.1125242001242257, 1.090873008530513]}