{"x": [2.1645978725325015, 2.1663539112415804, 2.172812531998954, 2.1846345946476107, 2.1990934115055265, 2.2085724824699855, 2.2177972449097183, 2.2266476812540734, 2.2350945976812078, 2.2430699167241754, 2.2506024546501573, 2.264250484813831, 2.2757721119325316, 2.284874967171406, 2.291046844141874, 2.2935366026793607, 2.2915058631498537, 2.284430257048504, 2.271362820973461, 2.2545725322735564, 2.2448676526779994, 2.235524731723741, 2.2267243071742886, 2.2184894249437703, 2.210885344043792, 2.2038201811973392, 2.191252343500633, 2.180857765658503, 2.1725888046194597, 2.1668346406175765, 2.1645978725325015], "y": [0.9737944379606316, 0.9593939151483617, 0.9464037285782269, 0.9376940187393155, 0.935132217455837, 0.9359779282402926, 0.938317109937103, 0.9417674876088586, 0.9461131673527235, 0.9511755039857546, 0.9568758406790472, 0.9699165476211584, 0.9847800585060786, 1.0012363604536187, 1.019042635630674, 1.0377230158046593, 1.054502234444237, 1.0698515627516907, 1.0810456888210829, 1.0848076762488421, 1.0836592779382772, 1.0807933863341772, 1.0765948976929656, 1.0713736436510233, 1.0654107480922645, 1.0588182035356328, 1.044159579991363, 1.0281771587024089, 1.0109984124702618, 0.9927741707690418, 0.9737944379606316]}