{"x": [2.2393759861747515, 2.2415754082050223, 2.2497073922642628, 2.257536582043904, 2.268709578559883, 2.283631437948517, 2.300934716758612, 2.3139136753192826, 2.3262287975647147, 2.3476150306073174, 2.3642316379996977, 2.376736721320433, 2.385404428256033, 2.3911838642629424, 2.3944473111967874, 2.395482263254718, 2.392359482833146, 2.382945862853733, 2.3751937256585554, 2.364749847162934, 2.349757644088346, 2.3282168754527612, 2.313037648632656, 2.3004525766860207, 2.2818673153250093, 2.268536357101516, 2.2581852110586853, 2.2503467087607647, 2.244515070076097, 2.240752827089292, 2.2393759861747515], "y": [0.8756917360169569, 0.8426164175588587, 0.8104810012143938, 0.7949051034414075, 0.7815234386386231, 0.7721534171448877, 0.7688284009302903, 0.7703768826446092, 0.7747573991688623, 0.7895077408661298, 0.8090480642042304, 0.8314435719799311, 0.8546382705652489, 0.8787156729464697, 0.9032400238767241, 0.9279588982175608, 0.9716918141384999, 1.0145135778970433, 1.0358363529346126, 1.0559778962807502, 1.0738256663634032, 1.0827309645920487, 1.078859890627613, 1.0695319699272459, 1.045044058495005, 1.0182659807440047, 0.990201168776077, 0.962166684314993, 0.9336471045929011, 0.9047751808383276, 0.8756917360169569]}