{"x": [2.3100982119734446, 2.3119607651961416, 2.318285012456123, 2.3283954331589505, 2.3400090175307158, 2.3524358076302425, 2.3642544421538028, 2.3751616380717464, 2.384980378401632, 2.393504532865181, 2.4003392104926773, 2.4050042655613244, 2.406776548195529, 2.4062799743659182, 2.4046737896369272, 2.4018770803949607, 2.3979045544744775, 2.392877909474758, 2.3870610619797805, 2.3807711705315393, 2.3742752533813545, 2.367937733075543, 2.361731895709033, 2.35574373819289, 2.350015501944671, 2.3394886942359747, 2.330235383797155, 2.3224055380192947, 2.3161452622913625, 2.311805096613969, 2.3100982119734446], "y": [0.9367795813120918, 0.9251577880229441, 0.9152311027575761, 0.9092586474840211, 0.9075221317706874, 0.9091318204367326, 0.9132954832206037, 0.9194017361398563, 0.927137729019931, 0.9363643548623032, 0.9469037578568653, 0.9586137900174015, 0.9710936380236392, 0.9775723098780562, 0.9838683360201418, 0.9897469174906683, 0.9949042753899041, 0.9990693002902438, 1.0020322173653275, 1.0037346472413726, 1.004248517158217, 1.0037292794265489, 1.0023431502734808, 1.000222235366836, 0.9974756702458222, 0.9904866849890608, 0.9818822767364316, 0.9720371101381146, 0.9611264393033786, 0.9492800254596877, 0.9367795813120918]}