{"x": [2.245279931650827, 2.2467781548346966, 2.252174842417723, 2.2573060694790836, 2.2647172474813613, 2.275196019668933, 2.2880869758983517, 2.297364759880755, 2.305916508352052, 2.320048209132738, 2.3305305587768412, 2.338311846845119, 2.34372336602016, 2.347381879805451, 2.349491621448998, 2.3501822400721397, 2.3482779790871473, 2.3422760462770866, 2.3371728445579447, 2.3301626722790565, 2.3199320429593286, 2.3052330379493275, 2.2948734159642337, 2.286220181887359, 2.273411995434996, 2.2643151985178482, 2.2573663965043953, 2.252216403332919, 2.248473133765709, 2.2461214497882636, 2.245279931650827], "y": [0.9727217420773253, 0.9481008771404386, 0.9240320710611932, 0.9121068917554231, 0.9014479127588881, 0.893382971830212, 0.8904382840312661, 0.8919681960204056, 0.8958778640884536, 0.9080341913200332, 0.9230454619387424, 0.9396186166066933, 0.9564380886950729, 0.9737237607386023, 0.9912569363376157, 1.0089030776241894, 1.0385354647319016, 1.0676160661380587, 1.0821504242291338, 1.09586711907615, 1.1079556746320256, 1.1138495870356089, 1.1112439543750467, 1.1049803588224385, 1.0883640335809197, 1.070084640082385, 1.0508856273107885, 1.0317268841577651, 1.0122443842715347, 0.9925440695303619, 0.9727217420773253]}