{"x": [2.275160999491903, 2.276668132938414, 2.2821028565756314, 2.2872621502548887, 2.294658764436825, 2.304894507546094, 2.317196643946981, 2.32624803659003, 2.334662401580808, 2.348782657647261, 2.3594299976787982, 2.3674073308444727, 2.3729929651080215, 2.376785303116001, 2.3789791138835557, 2.3797003536069217, 2.377811205278552, 2.371833865930443, 2.3667411832573695, 2.3597521434372943, 2.349653243149466, 2.3355564768893027, 2.3254621909870807, 2.316873494814903, 2.303955210008919, 2.294696934364808, 2.2875934501895974, 2.282312972151376, 2.2784609760562913, 2.2760316728319614, 2.275160999491903], "y": [0.9219874778614962, 0.8985187007502909, 0.8756381690845256, 0.864389720990944, 0.85446822944852, 0.8471680740903463, 0.8445757497999887, 0.8459790357080749, 0.8495977899026064, 0.8610385916723106, 0.875400429587496, 0.8914001293850876, 0.9077392894256009, 0.9245852276122638, 0.9417034193794207, 0.958946537088305, 0.9871632730505214, 1.0148042658707073, 1.0285760309804188, 1.0414892123637607, 1.0526741102267838, 1.0580005450791112, 1.0556217577114548, 1.049809053067459, 1.034020694120413, 1.01643941459102, 0.9978825406526238, 0.9793217129609958, 0.9604127230621698, 0.9412670283638385, 0.9219874778614962]}