{"x": [2.2250568798979242, 2.227518994568983, 2.2359969647573052, 2.2488900788283424, 2.26327649378198, 2.281606928882003, 2.299133396207958, 2.315514559611068, 2.3305383847127454, 2.3439710858148137, 2.3498657721863303, 2.355085435479905, 2.359527772584615, 2.362998754866811, 2.3653023452667137, 2.3662013829165365, 2.363362612098949, 2.3540123043971453, 2.3394335676062474, 2.3225755306430185, 2.304026125694911, 2.286667327614053, 2.2709737778445276, 2.2570171283808578, 2.244966752462873, 2.239722742165115, 2.2350737623247525, 2.2310908361346775, 2.2279322471025793, 2.2257969964888202, 2.2250568798979242], "y": [0.8228205396553461, 0.808392000577446, 0.7964601620744384, 0.7898376011708979, 0.7880707485591549, 0.7903308788373586, 0.7961563387250254, 0.8045906031874713, 0.8152566245064117, 0.8281319283503485, 0.8353418177603299, 0.8430544663212604, 0.8513025945411511, 0.8600042185321269, 0.8690970859284752, 0.8784340285502491, 0.8953226579054193, 0.9096703464695294, 0.9185735375498261, 0.9213326982151286, 0.9184518509877068, 0.9113067943843892, 0.9011458766356505, 0.8887062749694623, 0.87446887122582, 0.8667486170905198, 0.8586560924930586, 0.8501652600164858, 0.8413345605817233, 0.8321858875410586, 0.8228205396553461]}