{"x": [2.2887092028381786, 2.291071468905995, 2.299500853996147, 2.3132784410018643, 2.3291269176784466, 2.3388678711282624, 2.348437087125867, 2.3577418157719165, 2.3667428208590233, 2.3836399814193427, 2.3989102595256235, 2.4122551515581807, 2.4230438003895314, 2.4304948210106647, 2.4334127553024687, 2.4306039918480167, 2.4212335202070223, 2.4057679928804756, 2.3872302213715075, 2.3772954220549596, 2.367608110237509, 2.358324747383164, 2.3495036675410743, 2.3412239407732196, 2.3334449096315026, 2.326174541297986, 2.319417658348579, 2.307580338769009, 2.298048086251582, 2.2913312362400435, 2.2887092028381786], "y": [0.9283860542200988, 0.9125343787204947, 0.898903480579806, 0.8907557399426185, 0.8885122230109209, 0.8891866105043104, 0.8911285368144222, 0.8940526074990526, 0.8978089450727026, 0.9073985852584584, 0.9194108223711004, 0.9336753870503215, 0.9499593977737913, 0.9680956202751275, 0.9874844297894645, 1.0060375802630814, 1.02229497260826, 1.033092461573211, 1.0365737445145555, 1.035618271913239, 1.0332163653573039, 1.0295827791621237, 1.0249381774630826, 1.019491907730835, 1.013351679409109, 1.0066206534901125, 0.9993743096923606, 0.9836771086007439, 0.9664823297744979, 0.9479360916496988, 0.9283860542200988]}