{"x": [2.2910857613067916, 2.2926658612702235, 2.298184330311079, 2.3074782581940587, 2.318404137948987, 2.324721246527574, 2.33091708125697, 2.3369191929696402, 2.3426960171889277, 2.3482016716977956, 2.3534371985711173, 2.363011088559215, 2.3712215529153435, 2.3777665642556283, 2.382224756133782, 2.383932736434463, 2.3821488297782576, 2.376199952855964, 2.3662001686969587, 2.354135906629023, 2.347742905607826, 2.3415122216141064, 2.3355397431624256, 2.329862031912949, 2.324531002434072, 2.3195238021601043, 2.3105103704984784, 2.3029456398399217, 2.2969144377396247, 2.2927346055351956, 2.2910857613067916], "y": [0.9765488233075137, 0.9656294841208698, 0.9560756794540088, 0.9500625100556778, 0.9482847436796027, 0.9487730338407804, 0.9500981451874876, 0.9521071865310267, 0.9546936694849367, 0.9577675342402197, 0.9612818100494749, 0.9694743190716861, 0.979049769651882, 0.9898323391653405, 1.00167209035621, 1.0142075594888995, 1.0262540485845282, 1.0368800114045533, 1.0439856539580683, 1.0462081345724217, 1.0456216913502292, 1.0440747735501208, 1.0417438934875984, 1.038766126591211, 1.0352723404252002, 1.0313284384874186, 1.022330869458336, 1.01219997742231, 1.0010876093305174, 0.9891188080017869, 0.9765488233075137]}