{"x": [2.256085586196094, 2.2585985210434862, 2.2673599733585093, 2.281927988158395, 2.29880870225105, 2.309066661960348, 2.3191357271867847, 2.328916383917543, 2.338367262269399, 2.3560708229452474, 2.3720149699867723, 2.3858719903321766, 2.397005731557107, 2.404633293643575, 2.4076071591052117, 2.4047046561759435, 2.3949571186745495, 2.3785933745138927, 2.358718483408208, 2.348214362065001, 2.3379884422299466, 2.328217048413683, 2.3189618212340752, 2.310306721797138, 2.3021996618112035, 2.294644724280416, 2.2876424318890067, 2.2754408361350786, 2.2656613504337084, 2.2588088939806683, 2.256085586196094], "y": [0.9270693509208675, 0.9102218961317865, 0.8956140719355228, 0.8867474474835708, 0.8843214268522243, 0.8850358682442434, 0.8871215550294498, 0.8902551786850923, 0.894275345557071, 0.9045220738318083, 0.9173359598956843, 0.9325053881259862, 0.9497729407036825, 0.9689248984609871, 0.9893242443705154, 1.009224133007868, 1.0268143463008432, 1.03876153937542, 1.0426980668875587, 1.0416425082898169, 1.0390192788539634, 1.0350569259142415, 1.0300050799362546, 1.024101636704929, 1.0174656012444123, 1.0102114367165076, 1.0024224775204895, 0.9856418572551808, 0.9673435017321439, 0.9476973088572953, 0.9270693509208675]}