{"x": [2.3596774623760335, 2.361326094376382, 2.36713684935726, 2.3725622569776412, 2.380273567439499, 2.390948456276631, 2.403939515318444, 2.4124130954975107, 2.420332359423661, 2.4336245458516594, 2.44354188912223, 2.4508709637163046, 2.4559194887294558, 2.459306532623077, 2.4612449423407123, 2.461878872216013, 2.4598357356876277, 2.4534837957679327, 2.4481561125806106, 2.440911621637573, 2.430485168715961, 2.415728342985058, 2.406195359374178, 2.3980740509601897, 2.3859208953241122, 2.377313164813364, 2.3707864365485625, 2.3660018728017933, 2.362559493575801, 2.360425394023063, 2.3596774623760335], "y": [0.9443551930263715, 0.9194104758104549, 0.8950960350188835, 0.883150433992902, 0.8725359098547197, 0.8645386815794666, 0.8615152238331503, 0.862691775823266, 0.8659276828838091, 0.8764876503409094, 0.8899145375719562, 0.9049118594614153, 0.9201707023711557, 0.935882093952274, 0.9518272906043362, 0.9678773641686401, 0.9975833478617118, 1.0266741150104695, 1.0411609902916454, 1.054790778057163, 1.066731672932871, 1.0725223538347184, 1.070345195393413, 1.0648988989408936, 1.0499961508888467, 1.033377469332776, 1.0158367903446297, 0.9983303451179856, 0.9805113187701504, 0.9624885021265305, 0.9443551930263715]}