{"x": [2.3163921979896718, 2.3179484671502326, 2.3234397961617765, 2.333500920508538, 2.345972007007835, 2.3530754133972733, 2.359999948877604, 2.366646149730262, 2.3729796128498517, 2.3845555687301268, 2.3946484120955347, 2.403050035862474, 2.4095844333547625, 2.413916511154101, 2.4155385163396454, 2.413772871904756, 2.407774538833821, 2.396916574586528, 2.39015125342334, 2.383024334379066, 2.375791665903507, 2.368805616216695, 2.3621996165483585, 2.356007089423532, 2.3502858342141226, 2.344980685536335, 2.335599190330082, 2.327945423586696, 2.321971637143319, 2.317931258351191, 2.3163921979896718], "y": [1.1261721316983189, 1.1137424798800217, 1.1024835490377443, 1.0947324829455367, 1.0923288918376666, 1.0929641146494182, 1.0946707776904823, 1.097228364393667, 1.100484202293653, 1.1086278019140638, 1.1185502755028909, 1.1298449714713379, 1.1423132948691979, 1.155733324807643, 1.1697416509312866, 1.1836156437663092, 1.1962499295722753, 1.205443590270075, 1.2077967171044406, 1.2085135164320437, 1.2077338283684382, 1.20570540126172, 1.2026938856600111, 1.1989042859917498, 1.1945331697777308, 1.189665437694489, 1.178760143189596, 1.1668091255066788, 1.1539358646708031, 1.1403053324341972, 1.1261721316983189]}