{"x": [2.2181020464629992, 2.219966183174183, 2.2268151136657455, 2.2434734010412725, 2.2582209041442525, 2.2771248592231434, 2.291383775321227, 2.3043162830055794, 2.3251162545339255, 2.340083870418477, 2.3509383168691156, 2.3583089187836896, 2.363187425731087, 2.365938359915134, 2.366812007152939, 2.3640682250641056, 2.3557335610473022, 2.3488496294912644, 2.3394860823615797, 2.325603220380322, 2.3156281808948536, 2.303002233994094, 2.286438257417276, 2.2740196414085636, 2.256709841389577, 2.2445204902184615, 2.23511209590633, 2.227988741833897, 2.2227148011244675, 2.2193314077039688, 2.2181020464629992], "y": [1.0194033087591308, 0.9832345838710439, 0.9476713469988209, 0.9134959168301027, 0.9006967385218234, 0.8958030389484131, 0.8983553215425337, 0.90488073951586, 0.9246073550220298, 0.948367810811527, 0.9742670342910515, 1.0002935036643608, 1.0268999512022625, 1.0537957417068444, 1.0808177313866436, 1.129487063955224, 1.1775158641541577, 1.2016537162931353, 1.2249420911763587, 1.2467588157105316, 1.2554256840859686, 1.259324592270704, 1.2534405280714394, 1.2410000494646254, 1.2114002122128205, 1.1803597050062604, 1.1483663387238459, 1.1165614858898136, 1.084398208904576, 1.0519771957673272, 1.0194033087591308]}