{"x": [2.2000896526966507, 2.20141628840573, 2.206235788837402, 2.2108549032551097, 2.2176197127002557, 2.2275252452632466, 2.240196244183864, 2.2497977796771074, 2.258467191962468, 2.272382494746047, 2.2824837557420485, 2.289936011501593, 2.295116962290632, 2.298627685424422, 2.300661135628873, 2.3013333498908013, 2.2996295068913954, 2.2941903361977523, 2.2895292758034684, 2.2830724385896564, 2.2734722077528695, 2.2590660879020534, 2.24842596049421, 2.239835328682205, 2.227393976085651, 2.2186026640656986, 2.2118790477093, 2.2068748337631265, 2.203225416884813, 2.200922327198573, 2.2000896526966507], "y": [0.991068285302516, 0.9667939604317807, 0.942965925980242, 0.9310309825742298, 0.9201674451540586, 0.9116169442821189, 0.9083494640800014, 0.9101440505696559, 0.9146441966920937, 0.928053728370253, 0.9440617371953084, 0.9614616137565578, 0.9789866519726058, 0.9969210891990775, 1.0150748981078461, 1.0333298652569847, 1.0627793153680125, 1.0917722216551362, 1.1063317823814465, 1.120188749789094, 1.1326693480511232, 1.1390249342508143, 1.1359883019084456, 1.1290144584696786, 1.1112593332630032, 1.0920900274861316, 1.072101469907073, 1.0521899983406222, 1.0319862706249516, 1.0115836208559899, 0.991068285302516]}