{"x": [2.258944524222308, 2.261088018368017, 2.269274898489453, 2.2772050950229055, 2.28857045751851, 2.303852939505183, 2.321674523331074, 2.3347616306086123, 2.347174731349719, 2.368693651419451, 2.3853580468974585, 2.397863139689914, 2.406506807584153, 2.4122615511615684, 2.4155081080985057, 2.4165394047147353, 2.413364664776324, 2.4037993319900184, 2.39593321469047, 2.385341751651471, 2.370123601103709, 2.348145486267107, 2.332871838571444, 2.3202258964339832, 2.3015803525157312, 2.288223659885895, 2.2778601337999147, 2.2700146706824853, 2.2641721619728084, 2.2603842134009495, 2.258944524222308], "y": [0.8918340976158109, 0.8577570762446003, 0.82460872867547, 0.808492796521082, 0.794584532013692, 0.7847646907196771, 0.7812469231535408, 0.7828033601493037, 0.7872316558718938, 0.802165299557773, 0.8219330590913225, 0.8445624437023928, 0.8679622056084004, 0.8922345103667448, 0.916946468632491, 0.9418494291103561, 0.986563832438395, 1.0303583668844456, 1.0521737982570867, 1.072804109889202, 1.0911410835600663, 1.100349730460098, 1.0964326159061704, 1.087014110301998, 1.0623222907367338, 1.0353435782027474, 1.007079652518855, 0.9788562157801284, 0.9501511854744624, 0.9210978924235902, 0.8918340976158109]}