{"x": [2.285434282538955, 2.287787671945635, 2.296500756208116, 2.30485816687143, 2.316764830379489, 2.3327099126129607, 2.3512742175554684, 2.3639343589752326, 2.3759613337615173, 2.396853362633322, 2.413008541739636, 2.425068442617446, 2.433348512591487, 2.4388289660657723, 2.4428765912760837, 2.439523643567584, 2.435391294820387, 2.4295342647215112, 2.4213948028009606, 2.41049504131376, 2.3948954576077393, 2.372269006810309, 2.3572619474479577, 2.3448178164868327, 2.3265159512896596, 2.3134833590367547, 2.3034326353363763, 2.2958814231843165, 2.290306174505084, 2.286738934133438, 2.285434282538955], "y": [0.9124874079803412, 0.8770313373041164, 0.8425820477304281, 0.8258686482569438, 0.8114667248068844, 0.8013159307950575, 0.7977591276652374, 0.7993011496954886, 0.8035448379734246, 0.8179132505496596, 0.8370468003686936, 0.8589931287962899, 0.8816730777020628, 0.9051869942380142, 0.9532165886582976, 0.9994262362332926, 1.0222373525285524, 1.0446676563879564, 1.0671885952141986, 1.088510854135185, 1.1075392740371244, 1.1172073400317861, 1.1134002555740201, 1.104188886110359, 1.0799383248182042, 1.0534174576342994, 1.025629190143946, 0.9979039632055144, 0.9697148586451056, 0.9411974427582611, 0.9124874079803412]}