{"x": [2.2102192157275034, 2.2125502136679738, 2.2205536196976268, 2.233262527632817, 2.247677601912511, 2.266256924900732, 2.2839103070274116, 2.300278922607323, 2.3151685731587075, 2.3283217507172203, 2.3390963115970256, 2.346683455794636, 2.3488791624463534, 2.34974036772499, 2.3471248560120723, 2.338286319576197, 2.3239560285840755, 2.3070619275645665, 2.2975281205470464, 2.288218398214688, 2.2792713590621627, 2.270738382279861, 2.2550960177086425, 2.2479629587969097, 2.2413003076289666, 2.2295088063036976, 2.219897849941405, 2.216054419190057, 2.2130194191084804, 2.210977925051985, 2.2102192157275034], "y": [0.8539127129113223, 0.8394944428638799, 0.8272770145549446, 0.8202113599115373, 0.8183020537663794, 0.8207846940078102, 0.827086506823058, 0.8361088775142969, 0.8474063575585677, 0.860866342195959, 0.8762963812163871, 0.8936113398676195, 0.9028297555546883, 0.9122668441389944, 0.9291827027574107, 0.9438410603731316, 0.9532632639821141, 0.9562169923905173, 0.9553168085564675, 0.9530734010418174, 0.9496890271094187, 0.9453656252377639, 0.9345604464861754, 0.9282679758712827, 0.9214793975744785, 0.9066866079508498, 0.8903925708159081, 0.8817002019862563, 0.8726936482437898, 0.8633988110155525, 0.8539127129113223]}