{"x": [2.311520507868198, 2.313859815695717, 2.3222086109135365, 2.3379756021664995, 2.3578757824989105, 2.368267541790504, 2.378396947804089, 2.3881220609659946, 2.3973871074625803, 2.414286259140491, 2.4289150198087457, 2.4409268700408058, 2.4500843398795937, 2.4559875722949465, 2.4581369869467933, 2.4553468396461997, 2.4460581627702624, 2.438475506338839, 2.429013589800091, 2.41803695942746, 2.406284369345624, 2.3955138248589356, 2.385151676394665, 2.3754403340721164, 2.366433318399155, 2.3506754887981502, 2.337527513460927, 2.32702613674905, 2.3189451713222966, 2.313555356466656, 2.311520507868198], "y": [1.2008117410848782, 1.181026676467358, 1.162937487390944, 1.150190227260084, 1.1463077696940098, 1.1472030282899073, 1.149690051196896, 1.153415623709983, 1.1581713181890514, 1.170129120884137, 1.1847773198873783, 1.201473705025874, 1.2198909406719232, 1.2396163706798284, 1.2600936937129021, 1.2829414616707495, 1.3040015163836194, 1.3130840984550807, 1.3201877672998126, 1.3246552779351983, 1.3261789878757653, 1.3249467707681846, 1.3217610421632389, 1.3169948535555798, 1.3110031599538896, 1.2965309713386808, 1.2796524589166627, 1.2614608331333572, 1.242072378856232, 1.2217439154035403, 1.2008117410848782]}