{"x": [2.3177502182431575, 2.3205035874719413, 2.32981838526923, 2.3435428958193065, 2.3587013665787144, 2.3770870897020875, 2.3947621405080968, 2.4113881511636155, 2.426726149580476, 2.440555277353308, 2.446648432715424, 2.452055511603838, 2.4566668887167378, 2.4602693639879814, 2.4626528604738755, 2.463569447722737, 2.4603340031768015, 2.4500361435642564, 2.434513981132376, 2.4167894358156383, 2.398207709371091, 2.3806987633630032, 2.364756451850919, 2.350513681691214, 2.3381601355031303, 2.3327783734563425, 2.3280064055822005, 2.323918316033262, 2.3206795952953603, 2.3184941540450534, 2.3177502182431575], "y": [0.8328334122293104, 0.8176115061751885, 0.8052615260931738, 0.7985830705998455, 0.7967984916994582, 0.7988903466733356, 0.8043678690152376, 0.8124096637087868, 0.8226975447722046, 0.8352851216243279, 0.8423904488670956, 0.8500308490783524, 0.8582473472175546, 0.8669535411316004, 0.8760823527930822, 0.885472567149757, 0.9032261836556389, 0.9180455320842323, 0.9270437907898709, 0.9298270765477784, 0.9271443879960471, 0.9203683873163361, 0.9105738008248377, 0.8984397693815964, 0.8844000090847173, 0.8767449647358423, 0.868695654869795, 0.8602243341765372, 0.851393341116295, 0.8422271355402777, 0.8328334122293104]}