{"x": [2.2127282545489964, 2.21404599285714, 2.218675878372225, 2.226434598280343, 2.2354705770028405, 2.2417536319705773, 2.247899547662908, 2.253838189744069, 2.2595491605202773, 2.270178583954917, 2.279719939256593, 2.2880161719411807, 2.294773141720635, 2.299536756075557, 2.301465034338441, 2.3000298093647604, 2.2950169019389373, 2.28652554077279, 2.2763966043060107, 2.2700558403169597, 2.26389176465733, 2.2579930470612566, 2.252382077714368, 2.247102729725243, 2.242123822856233, 2.2374491709547377, 2.2330831454650135, 2.225359423003744, 2.2190666584068444, 2.2145673773734873, 2.2127282545489964], "y": [0.8740331223484873, 0.8650003810956343, 0.8571332972072453, 0.8522948339660938, 0.8508949948056315, 0.8514208280869588, 0.8528283083426333, 0.8549206496136056, 0.8575720972475683, 0.8642019879404994, 0.8723200315570528, 0.8817326820275235, 0.8923047596395928, 0.9039653633128999, 0.9164129913073914, 0.9265259814395937, 0.9354255993684276, 0.9412098166778884, 0.9429317430378056, 0.9422948303624379, 0.9406776980291862, 0.9382937118561006, 0.9352944982358383, 0.9318148672611771, 0.9279174535931355, 0.9236619200474858, 0.9190902947805394, 0.9091754308195058, 0.8982960222991616, 0.8865120402086989, 0.8740331223484873]}