{"x": [2.2974289699831103, 2.2998722528034037, 2.3089075579398908, 2.3175698199959216, 2.329927876946909, 2.3465599018739574, 2.366017623309836, 2.378831532572212, 2.3910004375805936, 2.4121054190324305, 2.4283636667618613, 2.440450881241964, 2.448714210896863, 2.454167137739018, 2.4581827012053803, 2.4546713104146187, 2.450359721084851, 2.4442670594700155, 2.4358304062610543, 2.424560828092839, 2.4084420384158833, 2.3848884416936778, 2.369616393151353, 2.3569962806565385, 2.3385201695937416, 2.325419808840244, 2.315348983056777, 2.3078074970723104, 2.3022580422291643, 2.298719899767646, 2.2974289699831103], "y": [0.9435197268405328, 0.906363787445396, 0.8702404331664039, 0.8526764032595998, 0.8374840249437923, 0.8266986879545902, 0.8229112318600075, 0.8244898823572044, 0.8288033680559992, 0.843412886725583, 0.8628583681309442, 0.8851374303291109, 0.908120510739681, 0.9319274465147525, 0.9805208262798314, 1.0288216455340273, 1.0526662755080687, 1.0761191144746975, 1.0996676904296578, 1.1219994873744916, 1.1420243501234122, 1.1523218542001648, 1.148402729922066, 1.138951393381421, 1.1141446364425853, 1.087071486934158, 1.0587315267327655, 1.0304787365934132, 1.0017681512204872, 0.9727370913559584, 0.9435197268405328]}