{"x": [2.308575126282887, 2.311163421845969, 2.3207550666709853, 2.329935438912874, 2.3428920089310075, 2.3598524534300425, 2.379203071999381, 2.4052816733151836, 2.427739735252915, 2.4454756914525495, 2.458900826233079, 2.468218856724364, 2.4744119645792346, 2.4778915161170745, 2.478993372199585, 2.4753073970073856, 2.4707693469414824, 2.4643458787079906, 2.455429699421566, 2.4435280059297844, 2.426656516991291, 2.4028237077055237, 2.3869667778668173, 2.373607561792155, 2.353700570883195, 2.3394381413253678, 2.328409354259102, 2.320107185445057, 2.313960896855935, 2.310016901116625, 2.308575126282887], "y": [0.9309235272964471, 0.8940102110231126, 0.8582709812920759, 0.8411218758429857, 0.8266133147300135, 0.8167303950807567, 0.8134315559845782, 0.8192792913463383, 0.8337680769907867, 0.8533878515120552, 0.876175248263448, 0.8999800115160773, 0.9247819844385727, 0.9500825797269042, 0.9755975422787456, 1.0238032315144945, 1.0475663685999046, 1.0708905971700833, 1.0942540572762254, 1.1162472201507794, 1.1355913205515262, 1.1451222470995641, 1.1413374216422547, 1.1319940564282427, 1.106901342639487, 1.0791850254853323, 1.0500306606435348, 1.0208960448539, 0.9912316726069471, 0.9611893293677746, 0.9309235272964471]}