{"x": [2.246670073749729, 2.24979825556083, 2.259671753907441, 2.2729869624226353, 2.287309190048385, 2.3041173589412423, 2.3204342385147405, 2.3359920900194364, 2.3505681223751607, 2.3640407254959315, 2.3755184234509006, 2.3802365847849964, 2.3839795665790677, 2.386491112695747, 2.3874591563898226, 2.3866160304466213, 2.383841210521713, 2.373024628926706, 2.3580110947732953, 2.34143279276789, 2.3245241149389253, 2.3083465592360874, 2.2933115647655855, 2.2796200588863775, 2.267447679626518, 2.2620701902420164, 2.2572562029250824, 2.253082902829529, 2.24974170087647, 2.2474612556609523, 2.246670073749729], "y": [0.7593755503535611, 0.7449718454162175, 0.7340280678341932, 0.7285597809375034, 0.727120775995251, 0.7287520176974559, 0.7331034464290093, 0.7396174384429385, 0.7481037872552714, 0.7587567841087866, 0.7715341009814831, 0.7788166640013562, 0.7866452563270704, 0.7949697550861842, 0.8036108218544169, 0.8121207969859792, 0.8202097346467749, 0.833309925515287, 0.8406868813036615, 0.8429197241321751, 0.8408562498420762, 0.8355225828529217, 0.8275914492769463, 0.8175168969152976, 0.8055109983772755, 0.7988564622823296, 0.7917835725736063, 0.7842463700894129, 0.7763051973495615, 0.76797547594688, 0.7593755503535611]}