{"x": [2.2591931577749618, 2.2611569407340237, 2.2686534400443588, 2.275915737932202, 2.2864722796832258, 2.301221498724438, 2.319018775327811, 2.3317955052130093, 2.3437283139924787, 2.3638058763584135, 2.378820554298314, 2.389864796531473, 2.397398248464362, 2.402384673520128, 2.4051895639497607, 2.4060786704646406, 2.4031707691470894, 2.394413326968294, 2.3872148244318234, 2.3774900412021984, 2.363317936872967, 2.3417692363645655, 2.3267560204889186, 2.314780217668467, 2.297586553043247, 2.285411612105207, 2.276016543472524, 2.2689327741605787, 2.2636951647328405, 2.260340423320835, 2.2591931577749618], "y": [0.9189544687799122, 0.8849792936374931, 0.8517833380471125, 0.8353919533897479, 0.8209013396050823, 0.8102151627579088, 0.8063433694475972, 0.8081763820340618, 0.8130970360895791, 0.8290050467626241, 0.8492489037640885, 0.8719045656045638, 0.8949769314274497, 0.9187303001959729, 0.9428218898502034, 0.9670599094061669, 1.011888938460406, 1.0559503154532264, 1.0779974998866808, 1.0990527930773997, 1.1182570140734815, 1.1285187951851683, 1.1241402472170343, 1.1140829871506106, 1.0887615025862256, 1.0616103752102972, 1.0333766083695826, 1.0052593110506443, 0.976740376223605, 0.9479334129460408, 0.9189544687799122]}