{"x": [2.274646929936221, 2.2773701059569667, 2.286556816338979, 2.3010801335420883, 2.3176142436447296, 2.3356601750126926, 2.3528877647334454, 2.3688924883364852, 2.38340559677904, 2.3961249497360964, 2.4063750886261377, 2.413388313112386, 2.416076655030478, 2.415350948042472, 2.412952478456278, 2.4087922121727314, 2.402910246245864, 2.395477807739086, 2.3868616190290957, 2.3775136161369868, 2.3678411763933163, 2.3585625024220067, 2.3494789451162625, 2.3407283756942476, 2.3323772751232688, 2.317091275173356, 2.303709635699369, 2.292424362099838, 2.283393398228689, 2.2771088456065627, 2.274646929936221], "y": [0.921125372313548, 0.9045928263503276, 0.8905805061990115, 0.8823564829792256, 0.8800795324713245, 0.8822798947564919, 0.8880857009482824, 0.8966214626021602, 0.9075017239940645, 0.9206245464143186, 0.9357548160964675, 0.9527049444446152, 0.9708506047093898, 0.9805080162763341, 0.9898909578433422, 0.998653516925302, 1.00636667023961, 1.012645173667168, 1.0171642487451817, 1.0198000354703942, 1.020681193309121, 1.0198682803379764, 1.0178082791637608, 1.0146390457605963, 1.0105310505285345, 1.0001000399251396, 0.9873172584725336, 0.9727886934007984, 0.9567612701887562, 0.9394124349102142, 0.921125372313548]}