{"x": [2.278986486415537, 2.2808547647141486, 2.287974217379814, 2.305348613823361, 2.321106357671766, 2.341938908370323, 2.3575666027372253, 2.3715760341072376, 2.383526601953828, 2.393711836487814, 2.409397377080281, 2.4206903794911123, 2.4283251466251263, 2.4333644680710442, 2.4371003796752406, 2.4341712760479703, 2.4252985597630565, 2.417999655228617, 2.4080830345142252, 2.3933483700136726, 2.382591900626759, 2.3686057252760047, 2.350489109856592, 2.3372978645388467, 2.319143646069774, 2.3064090736104856, 2.2965993708981243, 2.2891758703861513, 2.283690114865492, 2.280178852646834, 2.278986486415537], "y": [1.1372059118895335, 1.0971470654807398, 1.057681700498952, 1.0193589560814424, 1.0045020572043888, 0.9985827019331639, 1.0015375767600792, 1.0090669823911336, 1.0193528466629898, 1.031389294359994, 1.0578302414128933, 1.0864244359509652, 1.1150328247333638, 1.1442104671549205, 1.2032519854968642, 1.257671850333746, 1.311443369213644, 1.3384881193703182, 1.3646864619142018, 1.3894965881609023, 1.399611477160747, 1.4043442894545912, 1.3973532644083988, 1.383102747490811, 1.3499092300406597, 1.3153750528633787, 1.279899026285874, 1.2446555151912855, 1.2090588872541734, 1.1732082991785384, 1.1372059118895335]}