{"x": [2.3424367044527434, 2.345306160827165, 2.3552227407345034, 2.3722326385467767, 2.382193160954968, 2.3924676706097685, 2.412064114983118, 2.4305941588244595, 2.4475212848291767, 2.4625210399830135, 2.475195519477949, 2.485022546953592, 2.4914231641509508, 2.4937326018169075, 2.4929121845170163, 2.49032059774904, 2.485856105205213, 2.4794777280344635, 2.471119076325415, 2.4610985186551457, 2.4498811826416396, 2.43808214474525, 2.427882123734216, 2.4179526035314183, 2.399561843165897, 2.383590083811819, 2.3700006478839546, 2.3589480542483607, 2.3503681713686744, 2.3446111892759016, 2.3424367044527434], "y": [1.0993277694425938, 1.0791525727811069, 1.0613499386177099, 1.0498950847794088, 1.0472759430949743, 1.046564352509998, 1.0491965760392625, 1.0560948880084162, 1.0662101637940258, 1.0790107006704006, 1.0941466245929634, 1.1112687785009885, 1.1299812793840556, 1.1496228701412465, 1.1612891326706805, 1.17269344957156, 1.183519803063791, 1.1933411027883847, 1.2017750554388236, 1.2081458512823444, 1.2120376586766421, 1.213363364810656, 1.2123950608039817, 1.2098686661758398, 1.2009697178556442, 1.1884278020248311, 1.1733372758334002, 1.1566213491280324, 1.1385114722244287, 1.1192822008929886, 1.0993277694425938]}