{"x": [2.2686571522788586, 2.2704817290892727, 2.2774737004865377, 2.294500106701487, 2.310191858622218, 2.3315609895436635, 2.3468322948081966, 2.360371468453225, 2.3717698132899367, 2.381388544809705, 2.396029948822879, 2.4064756093809585, 2.413495499697714, 2.418111310142569, 2.4215240235465068, 2.418628705801158, 2.40989671288811, 2.4027513078729092, 2.393065495437127, 2.378678833007837, 2.368060464782688, 2.353884846956068, 2.336171305093872, 2.3235376606329505, 2.3063194468157597, 2.2943033116566975, 2.285085470979569, 2.278135035600908, 2.273022175848334, 2.2697635337195115, 2.2686571522788586], "y": [1.1612231111859284, 1.1199191305107539, 1.0791703853014578, 1.0393130956862158, 1.0233955069004206, 1.0168410462240907, 1.0199157265485999, 1.0276200889875213, 1.0380181927567247, 1.0500814771752547, 1.076309220451218, 1.104472199773942, 1.1325299997253175, 1.1610819399765135, 1.2187742757347317, 1.2744465304324348, 1.3295059084505247, 1.3572060738626273, 1.384123373395603, 1.4098274999246243, 1.4205523288272892, 1.4257314752810875, 1.4185153379178843, 1.404154515121701, 1.3711386092520255, 1.3369557717326297, 1.3019145774280783, 1.2671250118321014, 1.2320183017689204, 1.1966870575145085, 1.1612231111859284]}