{"x": [2.3106124516710054, 2.3125160029336556, 2.3189070803296916, 2.32884238721125, 2.3401082270276303, 2.3521763340165376, 2.3636953043203826, 2.3743848201107123, 2.384068792960392, 2.392556035546057, 2.399419843821748, 2.404151873631215, 2.405479595284394, 2.405962964814848, 2.40545592248918, 2.4038213886906137, 2.4009919151968835, 2.397010302360483, 2.3920519369546867, 2.386377963868197, 2.374021189122876, 2.3618415856457884, 2.3504005398711563, 2.3400432097727837, 2.330874747630883, 2.3230487460267115, 2.31674989979853, 2.314274647820425, 2.3123508075241546, 2.311081114590896, 2.3106124516710054], "y": [0.9239784457705528, 0.9126979636641149, 0.9032097123140992, 0.8976694074212453, 0.8960926530433619, 0.8976144224907302, 0.9015218911964006, 0.9072715203010188, 0.9145889414669114, 0.92338487486285, 0.9334987201735256, 0.9448219437698855, 0.9508278767228501, 0.9569597956167082, 0.9632320458854131, 0.969308764952034, 0.9749422242781156, 0.9798298150395593, 0.98371229179568, 0.9864445148233648, 0.9884720731919082, 0.9867127928912054, 0.982180654365265, 0.9756170225772736, 0.9674748575723425, 0.9580732775158008, 0.9475870701527075, 0.9419636875675494, 0.9361286089418049, 0.9301108300932969, 0.9239784457705528]}