{"x": [2.308881295103536, 2.3102794470553225, 2.315239252024607, 2.3199505536616396, 2.3268882056626055, 2.3374694961202187, 2.352039488851068, 2.362296008121599, 2.371282053941083, 2.3850823276911197, 2.3947158504801433, 2.401678981477226, 2.4064510270902932, 2.4096508373062133, 2.412087627159117, 2.410282706037877, 2.4046009059961913, 2.39979282900983, 2.3931544029786633, 2.3831850412501017, 2.3760191525867254, 2.3670586082007943, 2.3556467269743635, 2.3469065926904418, 2.3347095002208067, 2.326255756322355, 2.3198625288058046, 2.3151451596425616, 2.3117442471119216, 2.309628730881558, 2.308881295103536], "y": [1.1519676960754062, 1.1236868231055095, 1.0958091808184298, 1.081713494109243, 1.068569912723938, 1.057538201046336, 1.0529146004895047, 1.0551441344634793, 1.0605679698055608, 1.0760082682986423, 1.093774204420391, 1.1127465014433178, 1.131655977481892, 1.1508940105926, 1.1897893187269435, 1.2241639939621098, 1.2581138567904537, 1.2752077478469042, 1.2916774174120567, 1.3070288752397994, 1.313029820824378, 1.3156887590622355, 1.311844868330847, 1.3035613556834234, 1.2834514432736421, 1.2622111887594523, 1.2402625933681801, 1.2184742147548648, 1.1964419473187062, 1.174248855588231, 1.1519676960754062]}