{"x": [2.1665956422082906, 2.168650749321628, 2.175931952718879, 2.18868850211638, 2.2038929386845942, 2.213454994780834, 2.222801351597226, 2.2318235269876094, 2.2404854380612624, 2.2487185166429864, 2.256535768607541, 2.270803818273982, 2.2829950275483304, 2.2926897408833877, 2.2992880717291633, 2.3018818130557293, 2.2995898535673516, 2.2915794142629977, 2.277408319557104, 2.259693856155301, 2.249904823793907, 2.240425104301246, 2.231430068870225, 2.2229627664742098, 2.2150957987913187, 2.2077587257975804, 2.194652476970135, 2.1837511034077766, 2.175056251719634, 2.1689951653225408, 2.1665956422082906], "y": [0.9414011754916812, 0.9262521844216852, 0.9128097340210339, 0.904180505408796, 0.9017272937146457, 0.90247376579761, 0.904626845363945, 0.9078373554945866, 0.9119212654624878, 0.9167270309925251, 0.9221831777084046, 0.9348062800332566, 0.9494383039114632, 0.9658314195303571, 0.9837509356920084, 1.002669697156461, 1.02039810950783, 1.036378802388547, 1.047651143535394, 1.051403927366163, 1.0503241746884453, 1.0476547292857612, 1.043685053390835, 1.0386876761536714, 1.0329165815089063, 1.0264852462037743, 1.0120530463973747, 0.9961484765260022, 0.9789381644294523, 0.9605823170323465, 0.9414011754916812]}