{"x": [2.224876460532052, 2.2267567294852535, 2.233725265804793, 2.246526000420862, 2.262232278263673, 2.272103107510695, 2.2817139835701354, 2.2909410227312983, 2.2997505263985394, 2.308069229144574, 2.3159233986926018, 2.330137068782164, 2.3420997988413323, 2.3515016315800525, 2.3578216212841516, 2.3602733860816496, 2.35808283432717, 2.3503797086761957, 2.3362434734414665, 2.3180238509596265, 2.307902078756051, 2.2981515009114784, 2.2889688395346157, 2.280385933432932, 2.2724731677238275, 2.2651353922810324, 2.252125064888534, 2.2414260166779996, 2.2329625788604632, 2.227115154533344, 2.224876460532052], "y": [1.0261915821226382, 1.0105564714918438, 0.9964344462356413, 0.9869188306585107, 0.9841405968945538, 0.9849912045654536, 0.9873970027290039, 0.9909549953556582, 0.995448346927683, 1.0006958039895644, 1.0066159933196457, 1.0201898544785448, 1.03569330526539, 1.0528708905998245, 1.0714483238705497, 1.090917585442728, 1.1091566486257851, 1.1258336926681176, 1.1380707760089217, 1.1422689556049619, 1.141069315846257, 1.1381002015357804, 1.1337259076487547, 1.1282679373463558, 1.1220234693737583, 1.1151124424617072, 1.099737871501, 1.0829941473780793, 1.0650166016494622, 1.0459798884830078, 1.0261915821226382]}