{"x": [2.2768198444706282, 2.278108469036311, 2.28278863929555, 2.291847325831147, 2.3035309500702383, 2.3104205895249987, 2.317093760048423, 2.3234416351262484, 2.329438851906551, 2.335031656417923, 2.3402540469030706, 2.349552243691437, 2.3571712016285153, 2.363046629835503, 2.3669220913709976, 2.368377818167483, 2.3669214942062125, 2.361850220246852, 2.3521827877843093, 2.3459450442438707, 2.339305200964783, 2.3322955661478484, 2.3255760067968314, 2.319284553634059, 2.3134354960068486, 2.3031350640705854, 2.2944476894205863, 2.2874158049287705, 2.281945621180942, 2.278248559145103, 2.2768198444706282], "y": [1.1107550074419428, 1.0991157656524673, 1.088381311355686, 1.0805897123064894, 1.0780873649818, 1.078783061406793, 1.0806323641125792, 1.0833646038777398, 1.086798849504956, 1.090776200327115, 1.0952287748055027, 1.10530724789771, 1.11654987388824, 1.128794240045557, 1.1418302622961392, 1.1553520202338023, 1.168219337741261, 1.1801344927862887, 1.1891970486122292, 1.1915877136803537, 1.192320656497618, 1.191477776449537, 1.1893114548735948, 1.1861496749201974, 1.1822295014231918, 1.1728544751937997, 1.1619678073580506, 1.150200480791766, 1.1376308959223753, 1.1244092615928853, 1.1107550074419428]}