{"x": [2.1459229308651735, 2.1478405542639885, 2.154864369487599, 2.166881802437547, 2.180977224566071, 2.1906385541415045, 2.2000838811075467, 2.2092108306761817, 2.217990623945825, 2.2343339749720625, 2.2489880952042967, 2.261683715630867, 2.27194130801029, 2.279075330694259, 2.28194981165668, 2.279746187818688, 2.2719595678143496, 2.2584204504471606, 2.2418504829732866, 2.2320050818051222, 2.222459173718221, 2.2133753914861862, 2.204790829658042, 2.196774595699482, 2.189261583451267, 2.182248958250248, 2.1757336150011892, 2.1643205086009916, 2.155087926289611, 2.148525236852776, 2.1459229308651735], "y": [0.9098200417538261, 0.8957465870150524, 0.8834013277027262, 0.8757331064734485, 0.8736025228570774, 0.8743637031267761, 0.8765331461596007, 0.8797463095252368, 0.883813354814508, 0.8939871710017901, 0.90647189842367, 0.9209868329657831, 0.9373160675269923, 0.9553028556720191, 0.9744380637091986, 0.9910129299028198, 1.0058099125771303, 1.0158956112045736, 1.019130606382455, 1.0180528934263375, 1.0154130017288787, 1.0115067916725045, 1.006599768658261, 1.0009322824636757, 0.9946128636927486, 0.9877461462083075, 0.9804059129989304, 0.9646564358014643, 0.9475373104277971, 0.9291598468842881, 0.9098200417538261]}