{"x": [2.2424787176697634, 2.2448383151686064, 2.253573612432455, 2.2618514148316295, 2.2733644420367938, 2.2880814919781463, 2.304620736438781, 2.328080662777225, 2.3485436916974454, 2.364957371628542, 2.3775396387169536, 2.3863741359523654, 2.3922876944269174, 2.3956275573967942, 2.3966864856746803, 2.393430304463912, 2.389402841131011, 2.3836786236555136, 2.3756939210586268, 2.3650180508162304, 2.35000143523564, 2.329434632001077, 2.3153840159002836, 2.3033156633100096, 2.2849684825327112, 2.271656295740394, 2.2612961586818336, 2.2534575234900545, 2.247624128342091, 2.243860229483219, 2.2424787176697634], "y": [0.8027033749468867, 0.7710456557815999, 0.7405256055716654, 0.726083526101974, 0.7140608027606582, 0.7060421005008005, 0.70333201976771, 0.7082166412103803, 0.7206862890744403, 0.7378350679139288, 0.7579640534691439, 0.7791819275855477, 0.801391753104676, 0.8241079503534737, 0.8470439258724295, 0.8881662225451311, 0.9084135281905626, 0.9282480229179457, 0.9480690636369022, 0.9665800043291192, 0.9825260599171992, 0.9900614455758177, 0.9869615476679903, 0.9791267505673854, 0.9575594364569653, 0.9333961849161626, 0.9078277551179624, 0.8821928650798052, 0.8560287046693139, 0.8294809791792482, 0.8027033749468867]}