{"x": [2.3023152829737694, 2.3038933652850955, 2.309518265403697, 2.3148247550855428, 2.322426588943968, 2.333034997986674, 2.345956244611781, 2.354854028598072, 2.363114040588507, 2.376889334535843, 2.387159578678254, 2.394779294819523, 2.400061557759069, 2.403622553698771, 2.4056685572201224, 2.4063364493652597, 2.4043626876687365, 2.398184046219512, 2.392960116918743, 2.3858172592899782, 2.3754708477734403, 2.360771020542748, 2.3507906277418265, 2.342358169873526, 2.3297839431446796, 2.3208510894969407, 2.3140450174940908, 2.3090233451790056, 2.3053882482855337, 2.303117868842639, 2.3023152829737694], "y": [0.9508960125618833, 0.9261965602271804, 0.9020944070438791, 0.8902115031714257, 0.8796486267083405, 0.8717272777964236, 0.8688415375699228, 0.8702240975183407, 0.8738093776741326, 0.8851808628341489, 0.8994236774760302, 0.9152437789167353, 0.9313330820581038, 0.9478886637529519, 0.964689398190465, 0.9816010725053186, 1.0111522228469838, 1.0401175575005364, 1.05456573001971, 1.0681678883550045, 1.0800902345132994, 1.0858439853399833, 1.0834603418970628, 1.0776136632824138, 1.061844703484445, 1.0443634720093835, 1.0259497078078785, 1.0075662600057282, 0.9888591913815545, 0.969937007939265, 0.9508960125618833]}