{"x": [2.1902064925904696, 2.192124765030521, 2.1994551524006587, 2.2171605919559765, 2.2321239749528465, 2.2503832370280694, 2.2648842693747855, 2.278311584322273, 2.2902168877714706, 2.300661412134458, 2.317309549375499, 2.329604485180628, 2.338050101644843, 2.343674795711294, 2.346857595181137, 2.3479490209329543, 2.344967871587912, 2.336128889432981, 2.328791958572496, 2.318812187247075, 2.304141543283538, 2.2815731773272345, 2.2647594655540484, 2.251595105130933, 2.2328089295000697, 2.21945229889237, 2.2090828863499135, 2.201198917601543, 2.195323632977476, 2.191525598066752, 2.1902064925904696], "y": [0.971209431891071, 0.9363497448479463, 0.9022155542042154, 0.8701614658904949, 0.858905965876166, 0.8547600691394026, 0.8569565347182038, 0.8628566714505478, 0.8712801027217256, 0.8814586269481883, 0.9046837348700782, 0.9304790961803553, 0.9567004018510954, 0.983667940211091, 1.0110125298023065, 1.0385200848046239, 1.0855834930708013, 1.131905453775322, 1.1551284292118331, 1.1773442187964653, 1.1976818223132024, 1.2086141033730367, 1.2033632807334302, 1.1916597916539002, 1.1627943607088642, 1.1320778786517296, 1.100228590831102, 1.0685062376124546, 1.0363512117604956, 1.0038776866042016, 0.971209431891071]}