{"x": [2.309203055762161, 2.3105184624726003, 2.3152120036699224, 2.3245030050945177, 2.33679116870606, 2.3438172029414956, 2.3505994553113827, 2.357019813705311, 2.3630545392163533, 2.3738446802000857, 2.3830214933543212, 2.3904422485380037, 2.3961001376333635, 2.3997854970423393, 2.4011495807545837, 2.3996904458248594, 2.3946321070405125, 2.384784067418336, 2.378272421798027, 2.3712711994210873, 2.3640886307707807, 2.3572347491020547, 2.350860745242688, 2.344973779797434, 2.3396205220765154, 2.3347109753438113, 2.326148905877193, 2.3193038888769237, 2.3140348737165684, 2.310522664631957, 2.309203055762161], "y": [1.1873562676520144, 1.175122389458516, 1.1637483514114433, 1.1552355785690713, 1.1524443344031785, 1.15320580566484, 1.155192271962317, 1.1581086060523085, 1.1617566321538202, 1.170646576174033, 1.1811938197695697, 1.1928429848788253, 1.2054429430622267, 1.218768848507921, 1.2325275150692894, 1.2460567523084687, 1.2586893507648398, 1.268599804197002, 1.2713066059955591, 1.272149926746991, 1.2712492927413952, 1.2689201855949763, 1.265536291996103, 1.261362289248847, 1.2566439977254145, 1.2514655815576987, 1.2400655401180314, 1.227852568192106, 1.2148815073165509, 1.2013113334940886, 1.1873562676520144]}