{"x": [2.2727485598193766, 2.274161673886235, 2.2792123435305767, 2.2840078844884335, 2.2909848113368665, 2.301139930991253, 2.314130771374895, 2.3232963306372496, 2.3316202148276686, 2.3450257193313524, 2.3547231489598457, 2.361833561993257, 2.3667380880584123, 2.3700402165675487, 2.3719408900167007, 2.372565791582522, 2.370774090744712, 2.365119363820939, 2.360322376550365, 2.353721722707724, 2.3439803264599504, 2.329362889379666, 2.319099578062747, 2.3107580886169137, 2.2987015846395167, 2.2902449720716045, 2.283821147001657, 2.2790800042110435, 2.2756502394227445, 2.2735077860636146, 2.2727485598193766], "y": [1.0011646620906396, 0.976220371069108, 0.951751916232798, 0.9395212195427635, 0.9283897485548969, 0.9196019871305503, 0.9161976851209047, 0.9178275191735386, 0.921996066596244, 0.9346370439723425, 0.9498596269100824, 0.9664490572556441, 0.9831445498326146, 1.000229332407193, 1.0175183618818309, 1.0349003237322159, 1.06496518728704, 1.0945477881848646, 1.1093804119546415, 1.1235030598515279, 1.1362519248200273, 1.1428669752389646, 1.1400865793870354, 1.1334922095076263, 1.1165020489497561, 1.098104038380063, 1.0789015499861854, 1.0597941433310973, 1.040408371808126, 1.0208376548506541, 1.0011646620906396]}