{"x": [2.25174859704677, 2.25447916331246, 2.263752890922096, 2.277631114301812, 2.2930583647504696, 2.3111450387696317, 2.328510467986529, 2.344802780528331, 2.3597735670945323, 2.3731800229907196, 2.3842378484063302, 2.388632256615825, 2.3920432002054426, 2.394284186392915, 2.395141390714769, 2.3944111390046214, 2.39195355260084, 2.3817677909139214, 2.366182140761763, 2.3482257306167065, 2.329908094553927, 2.3126897145044447, 2.297076362278321, 2.283194631537332, 2.271236134902169, 2.266052804017898, 2.2614753631217646, 2.257574199928254, 2.254501083199234, 2.252442152631337, 2.25174859704677], "y": [0.8420668090024679, 0.8265875483049583, 0.8138965483406106, 0.8069005076776636, 0.8050164660832966, 0.8070930479370011, 0.8125594761477676, 0.8206032915198006, 0.8308997939982328, 0.8434703877658468, 0.8581495357126683, 0.8662931620859241, 0.8748951931162859, 0.8838843913532465, 0.893108972903995, 0.9022534076406128, 0.9110916327610983, 0.9262504132606696, 0.9356411350877436, 0.9385848541302936, 0.9358937597996907, 0.9290889697150325, 0.9192620643540115, 0.9071112459311171, 0.8931052604063101, 0.8854859412649108, 0.8774879428855199, 0.8690910450207389, 0.8603570355414801, 0.8513146595378718, 0.8420668090024679]}