{"x": [2.262659175278543, 2.2639154535182966, 2.268408125127147, 2.279023823085127, 2.288883934414237, 2.3029618758935366, 2.313361179325904, 2.3222712583906304, 2.3356542632327773, 2.3449003985336927, 2.351579196319898, 2.3561712879205525, 2.3592588434123525, 2.3610372412393192, 2.361621971642323, 2.359983023311349, 2.3547778908735517, 2.350351307216521, 2.3442088027325605, 2.334896591116878, 2.3280749705127186, 2.319332131825068, 2.3078895443734413, 2.2993905136607653, 2.28765571493979, 2.2795150304183425, 2.2733433701895938, 2.2687688804525563, 2.2654605241809613, 2.263393064514817, 2.262659175278543], "y": [1.1601877452493816, 1.1326335302826416, 1.1054190323217379, 1.0786112656353195, 1.0674340996865004, 1.0625389594663124, 1.0650131687008544, 1.0709189044107434, 1.0871660860459025, 1.1054765370354367, 1.1248713119393619, 1.1441548966682187, 1.163735778832944, 1.1834728182576253, 1.203281188065315, 1.2369751975690138, 1.2703050494194483, 1.287115690079686, 1.3033779753110077, 1.3186993643917393, 1.3248292899913994, 1.3275993562733095, 1.3233500190903285, 1.3145889603056962, 1.2938710203206711, 1.2721903820652092, 1.249869283757491, 1.2277122921701098, 1.2053312061522745, 1.1828008526354414, 1.1601877452493816]}