{"x": [2.2746356766008704, 2.276753702305248, 2.284298059502549, 2.2982100464250856, 2.315410573878043, 2.325334850812983, 2.335010584489858, 2.344308772853067, 2.3531850394235168, 2.369453830248578, 2.3836777186017226, 2.3955395836331554, 2.4047504477846897, 2.410835049555696, 2.4131309936266567, 2.410699110016936, 2.4023689375849395, 2.3955678384411008, 2.3871567085193472, 2.377549833621036, 2.3673715914359517, 2.357162693657147, 2.3473212183973104, 2.3380556384439024, 2.3294095730415783, 2.3141134952178097, 2.3011631281081417, 2.2906294787678156, 2.28239248808554, 2.2767911964620273, 2.2746356766008704], "y": [1.05796554704442, 1.0408525008018343, 1.0253468547635418, 1.0147489000061725, 1.0115863250249038, 1.0124110435814138, 1.0147672293111543, 1.0182868383687784, 1.0227652138026337, 1.0339859024028504, 1.0477066315266939, 1.063402654161992, 1.0807873874119938, 1.0995313690896007, 1.119103999691163, 1.138933641601255, 1.1570923029898845, 1.1647568442879073, 1.1706094536472278, 1.1741773509887898, 1.1753712198147033, 1.1741983952332828, 1.171241627392061, 1.1668454858677375, 1.1613298186158436, 1.1479776472666843, 1.1323399214648635, 1.1153403705313225, 1.0971169107920988, 1.0778825733750204, 1.05796554704442]}