{"x": [2.2559742761780144, 2.2575092073448983, 2.2631712636982155, 2.2685371930700646, 2.2761174838664697, 2.2861992399658253, 2.2978696307440085, 2.306740529949235, 2.3151010451769793, 2.329520072668307, 2.340748822670087, 2.3493298363445176, 2.355433225306197, 2.359614065560737, 2.362049981360416, 2.362857527216376, 2.3609204174655507, 2.3547540677464265, 2.3494889876501315, 2.342295441637384, 2.332122517293461, 2.318616319459365, 2.30876261779754, 2.300140399323746, 2.286770918569797, 2.277004511943183, 2.269441031919273, 2.263778135857759, 2.259612198060369, 2.2569551115705946, 2.2559742761780144], "y": [0.861231477996556, 0.8389820375744995, 0.8174104189371887, 0.8069855139058241, 0.7980406251765786, 0.7917976719538686, 0.789695708568759, 0.7909368175335395, 0.7941516253502556, 0.8045856314806321, 0.8180897229755755, 0.833413283855003, 0.8492863763151425, 0.8657705200851935, 0.8825908751187198, 0.899567503138663, 0.9261826438133363, 0.9521459686863345, 0.9649888878312097, 0.9768596307036963, 0.9867778855212473, 0.9911872832578216, 0.9891623848791584, 0.9839803969908746, 0.9693326729733944, 0.9526271430969977, 0.9348155963709143, 0.9169058988962485, 0.8985900418945727, 0.8799923753760109, 0.861231477996556]}