{"x": [2.267667770144901, 2.2694879057311255, 2.275526788896194, 2.2847866074457097, 2.295201966364191, 2.307707181936465, 2.3196389752854367, 2.330734174629394, 2.3408414220148024, 2.3497909723569124, 2.3536937444995365, 2.357135125909658, 2.3600492996850027, 2.362314410026087, 2.3638036524334987, 2.364359960432187, 2.3623405435108227, 2.3558153321116353, 2.3457052708958743, 2.33407415243781, 2.321487297583996, 2.3096663202862926, 2.2989320050934037, 2.28936771536324, 2.2811124953737894, 2.27753480639579, 2.2743785579022635, 2.2716940442714026, 2.2695856587629377, 2.2681803672171545, 2.267667770144901], "y": [0.8726293388383518, 0.8621959191829064, 0.8534952853337243, 0.8485224852119262, 0.8471106498034886, 0.848700290631826, 0.8527671914112409, 0.8586868393561647, 0.866169434531915, 0.8751437544652052, 0.8801444255251638, 0.8854731435170662, 0.8911462909011649, 0.8971083614456423, 0.9033177358497827, 0.9096789224410896, 0.9213072294466623, 0.9311417189969166, 0.9371636636363814, 0.9389509068883437, 0.9370833064711385, 0.9323735992449391, 0.9256290592772877, 0.9173080795277013, 0.9077044136156133, 0.9024740396121623, 0.8969790631712311, 0.8912069374072037, 0.8852003776749007, 0.8789829547994986, 0.8726293388383518]}