{"x": [2.193686760301668, 2.1956354476254565, 2.2030526381425335, 2.2206750776878716, 2.2349089950650454, 2.2516558473342796, 2.264863732491326, 2.2772571091859066, 2.288443945370717, 2.2984016250328776, 2.314569756073746, 2.3266730512396765, 2.335061961465252, 2.340669679939852, 2.3438494972782014, 2.344862488299182, 2.342021368097633, 2.333365700591435, 2.3261791882304, 2.3164297952129003, 2.302263289544446, 2.281414948134839, 2.2660221161748857, 2.25353929809756, 2.2353409542599585, 2.222306106035449, 2.2121621304255754, 2.2044477619879164, 2.198691216942318, 2.1949676694368914, 2.193686760301668], "y": [0.8769500165115499, 0.8450451635155932, 0.8139533267764606, 0.7854867589752546, 0.7760737525499003, 0.7727947232825063, 0.7746420979407898, 0.7795680737381353, 0.7867250568315048, 0.7955121113192352, 0.8160004004905259, 0.8391237372014653, 0.8628856652933246, 0.8874530529225594, 0.9124326014930427, 0.9375933434193415, 0.980243647912742, 1.0221029343065828, 1.0430167090634792, 1.062865670504518, 1.080656736276184, 1.0897429106424696, 1.0854747938204412, 1.0755080817345914, 1.0500423694805465, 1.0225237664060418, 0.9938134800571662, 0.9651605315149528, 0.9360509947667893, 0.9066039225213715, 0.8769500165115499]}