{"x": [2.2086016266285884, 2.210337139740594, 2.216863648355932, 2.2289818496514218, 2.2439076590510356, 2.2539279754238537, 2.2636642856472133, 2.2729903707248824, 2.2818811792468465, 2.2902659096449303, 2.2981805003182374, 2.3125127203012177, 2.324604805278553, 2.3341594394590586, 2.340643431695004, 2.3432095120420047, 2.3412011208424968, 2.333956801147963, 2.320447989816453, 2.3029550994853825, 2.2926902427054765, 2.2828287510943475, 2.273566146413818, 2.2649196268118796, 2.256953882480452, 2.249563012818937, 2.236432948328355, 2.225586833159723, 2.2169533778207247, 2.2109324695637866, 2.2086016266285884], "y": [0.9843693464981372, 0.9695124005846248, 0.956053368935472, 0.9469414542278507, 0.9442772458945231, 0.9451854837623753, 0.9477223912243181, 0.9514430509139573, 0.956109172989922, 0.9615249727273765, 0.9676072293085118, 0.9814802476121539, 0.9972434445085212, 1.0146619938502273, 1.0334877423329476, 1.0532327719075822, 1.0707322718277243, 1.0867879862256797, 1.0986031895760644, 1.1026139004440294, 1.1013415929994235, 1.0982211708886793, 1.0936731793616838, 1.088041326099152, 1.0816355054271187, 1.074574155210452, 1.058928334952413, 1.0419392280657869, 1.0237257326306444, 1.004439070780521, 0.9843693464981372]}