{"x": [2.295178733112253, 2.296536302165572, 2.301352717806836, 2.3059099733866275, 2.3125512809864524, 2.3223494619984884, 2.3351881366455935, 2.3440858633248913, 2.3520956834736935, 2.3647967968113135, 2.373849861938338, 2.380439009255166, 2.3849621094646984, 2.388001237907253, 2.3903304977762465, 2.3886296951867125, 2.383241351416123, 2.3786762049014127, 2.37238975229251, 2.363056292414319, 2.3565430348899685, 2.3486880921369946, 2.3387306431583066, 2.3307691476485717, 2.319399149666172, 2.3114703145141546, 2.305466695113553, 2.3010464951304788, 2.2978595764057244, 2.295877279837196, 2.295178733112253], "y": [0.9997647861148073, 0.9749799879576518, 0.9506298061555369, 0.9384160892935988, 0.9271984027510161, 0.9181305262647932, 0.9144700388082118, 0.9161029823854, 0.9203076019840809, 0.9329022041437993, 0.947870378992165, 0.9640749272463598, 0.980311882357143, 0.9968908100994525, 1.0304861076584422, 1.0603799600161972, 1.0898333280688626, 1.1046244391630506, 1.1187700407302306, 1.131694724964791, 1.1365439333626055, 1.138602384239221, 1.13574376520645, 1.1291152599310366, 1.1123278466371918, 1.0942933965344246, 1.07553001806812, 1.0568808707223507, 1.0379818650962234, 1.01891835170707, 0.9997647861148073]}