{"x": [2.2248536444402913, 2.226176249169916, 2.2309078632927957, 2.235405185120017, 2.241988857181486, 2.2517854524559016, 2.2647363384804633, 2.2740440434825686, 2.2823663752234715, 2.2954697084663693, 2.304784859166897, 2.31157226921959, 2.3162426898466477, 2.319385579442677, 2.3211949228200623, 2.321790439402599, 2.3201010255784977, 2.3147528153566848, 2.3102054553656775, 2.30392396280492, 2.2945500402131453, 2.28002452210144, 2.2697046151453915, 2.261520519047767, 2.249862784981885, 2.241716001621511, 2.235531487430682, 2.2309602093080954, 2.227653292800772, 2.225587307995404, 2.2248536444402913], "y": [1.0222894097148059, 0.9972720823230481, 0.9726707047012688, 0.9603029850436863, 0.9489081767814469, 0.939637423624928, 0.9358698389558578, 0.9376465465865703, 0.94217742473607, 0.9555530178765674, 0.9713074886813436, 0.9883047369200638, 1.0053225870960367, 1.0226875604168535, 1.0402347235488596, 1.057864868682648, 1.088152158930961, 1.1180113403845429, 1.133020701003127, 1.1473908868152751, 1.1605487743150347, 1.167620531649632, 1.1644641860662892, 1.1574297302886312, 1.139813039400758, 1.1209590450398246, 1.1013734644585296, 1.0819009305145786, 1.0621742869813786, 1.0422786083140185, 1.0222894097148059]}