{"x": [2.2203002329059354, 2.221805874310586, 2.2272903934240857, 2.2323765797022634, 2.239352858187353, 2.248190864479056, 2.2580880293664483, 2.2657390378437663, 2.273051934800489, 2.2860114912031886, 2.2964390205869973, 2.3045720134356342, 2.3104519301981905, 2.314513613242444, 2.316893474176996, 2.3176873284504516, 2.3158706522932437, 2.310077232496112, 2.3051452987194976, 2.298468490143909, 2.289311215484004, 2.277766667784218, 2.2693176862901123, 2.261703441538674, 2.2494657556230053, 2.24031077765872, 2.2331539716753226, 2.2277631272121603, 2.223779949786716, 2.221232544023131, 2.2203002329059354], "y": [0.7229200749422298, 0.7039587281881857, 0.6857455550198398, 0.6771878347763933, 0.6700860459087982, 0.6653606348077299, 0.6637839317671895, 0.6646727811318465, 0.6670913596427479, 0.6752710566320137, 0.6862847181734872, 0.6990866140066969, 0.7125890155708255, 0.7267449683816255, 0.7412683126509808, 0.7559639263580208, 0.7784878585825238, 0.8003296561772358, 0.8110060013200945, 0.8206873516200939, 0.8284288264098923, 0.831670666863306, 0.8301855797210286, 0.826234118096125, 0.8144943419763293, 0.8006561152291144, 0.7856864703051394, 0.7705109949038568, 0.7549068110008658, 0.7390012930118708, 0.7229200749422298]}