{"x": [2.235919957561463, 2.2373831420495742, 2.2426483187579014, 2.2476255912013534, 2.254737274522547, 2.264542815512455, 2.2763210230648365, 2.2848415649247955, 2.2927810824897707, 2.30613097119241, 2.316197778903837, 2.3237316330563336, 2.328997244428857, 2.332568140033092, 2.3346333716742116, 2.335314358559639, 2.33349658406464, 2.3277429381321797, 2.322845345401747, 2.3161314986840265, 2.306443457807065, 2.2929423414900936, 2.2834431468718313, 2.2753381609554704, 2.263114335830675, 2.2543512551961324, 2.247634332408787, 2.2426502960059156, 2.2390210226456255, 2.2367376647522508, 2.235919957561463], "y": [0.880103404163575, 0.8575937998140253, 0.8356597826021782, 0.824894435203292, 0.8154028649467898, 0.8084066919430136, 0.8058830244418258, 0.8071501782884121, 0.8104922395226919, 0.8211673925221209, 0.8346372161853418, 0.8496711048581377, 0.8650258105617423, 0.8808606567862689, 0.8969521239538616, 0.9131612804463836, 0.9401149767840056, 0.9665100825587375, 0.9796571956898744, 0.9919761753751841, 1.002633181828238, 1.0076481375378836, 1.0054717387374725, 1.0000605823518511, 0.98529385403055, 0.968806609594216, 0.9513852503022503, 0.9339570670689882, 0.9161972651400927, 0.8982132965807659, 0.880103404163575]}