{"x": [2.18183376738154, 2.1836759272362003, 2.190516490980697, 2.202554088840476, 2.216859646741983, 2.2270195514336035, 2.2369266374784016, 2.2464688213654367, 2.255621339228344, 2.2643171218185585, 2.272581713376634, 2.287711081987311, 2.300731650527782, 2.311176944799806, 2.3183488094384024, 2.3210757907662627, 2.318739681766611, 2.3109668698895267, 2.2973891994373337, 2.280639729237236, 2.2703348530591354, 2.2603777062881165, 2.2509452878857057, 2.242066342686778, 2.2338088849512543, 2.2260904493206315, 2.2122342272329703, 2.200591036943781, 2.1911844433609002, 2.184497861984744, 2.18183376738154], "y": [0.9239649306983535, 0.9096987794521795, 0.8970447954168529, 0.8889942075771596, 0.8867432655688013, 0.8875934975829326, 0.8900010282518172, 0.8935389506369867, 0.89798884781632, 0.9031770518128478, 0.909027745954918, 0.9224670081670546, 0.937973476586868, 0.9553194154643861, 0.9743273448139316, 0.9944594235289861, 1.0111809888455183, 1.0261693692589176, 1.0365325528867066, 1.0398797842542225, 1.0386761446838364, 1.0357616208047469, 1.0314882403356835, 1.026159391519482, 1.020047357225413, 1.0132673629126001, 0.998120129504992, 0.9814591480427275, 0.9634405970309871, 0.9441791709014534, 0.9239649306983535]}