{"x": [2.201588172298102, 2.202804977797108, 2.207183379781675, 2.215228326179833, 2.225120765074275, 2.231697730887214, 2.2380851977931413, 2.24419439863032, 2.250007242287742, 2.25547782484185, 2.2606331053806152, 2.2699534749299746, 2.277808791960368, 2.2840349170352283, 2.288285798034679, 2.289953238854499, 2.2886297348390827, 2.283923861645859, 2.2752524733982322, 2.2642493314676106, 2.2575748075835786, 2.2511455936455134, 2.2450745123761524, 2.2393747538407722, 2.234091266046926, 2.229167249555401, 2.2203745472004415, 2.2130667450002197, 2.20724491380023, 2.2031946624279333, 2.201588172298102], "y": [0.9860116573147354, 0.9761586415136454, 0.9672484152504982, 0.9612127376527554, 0.9593988414779782, 0.9600508911416175, 0.9617485114154412, 0.9642381261051503, 0.9673576396548197, 0.970972619478074, 0.9750245863054898, 0.9842344586648709, 0.9946421200452835, 1.006099030082877, 1.0184593013110008, 1.0314233259645054, 1.0423940752979926, 1.052392263199124, 1.0595402048700158, 1.0618242608951927, 1.0610545109737346, 1.059103359478159, 1.0562622314261916, 1.0527347976528636, 1.0487028404178607, 1.0442389873732583, 1.0342860822024051, 1.0233745703667954, 1.0116029373018784, 0.9990773839481406, 0.9860116573147354]}