{"x": [2.2350110734683244, 2.236477379126184, 2.2417097125696097, 2.2466575274842975, 2.2537785945503357, 2.2638303681110106, 2.2762246362926923, 2.2849382541199055, 2.2929791945280904, 2.3062567588023803, 2.3160720311751724, 2.323334595635089, 2.3283673385326606, 2.33176294894051, 2.333717871077928, 2.334359406988203, 2.3325321530534264, 2.32677864007114, 2.3218986395669274, 2.315204423506133, 2.3054498550515987, 2.2914007022440708, 2.28163773409598, 2.2734638757074195, 2.2613736030906146, 2.2528087597600677, 2.246281888857272, 2.2414613053506782, 2.2379686337469673, 2.2357844344862645, 2.2350110734683244], "y": [0.9284878680428846, 0.904765824275342, 0.8815816033583415, 0.8701047064424693, 0.8598338525788144, 0.8520229652705384, 0.8491194796931302, 0.8505160894210287, 0.8541521493384127, 0.8655429031485867, 0.8796405527675786, 0.8952077764763042, 0.9109888536534663, 0.9272012170808854, 0.9436410024509465, 0.9601841791486931, 0.9886088093623014, 1.0165049658732832, 1.0304428570560318, 1.0436059375038091, 1.0552344380196765, 1.060978559830053, 1.0586013854080605, 1.0527571964705793, 1.0371640611301243, 1.0199867035182768, 1.0019362710575197, 0.9839316314842612, 0.9656229909947105, 0.9471116113597975, 0.9284878680428846]}