{"x": [2.253936237945597, 2.2551660688896673, 2.2595826976929714, 2.270051288043204, 2.2797839364948738, 2.2936367478377555, 2.3040330912914184, 2.312941359865187, 2.326346184101467, 2.335633423835576, 2.342356751760684, 2.3469902346844798, 2.3501110389847044, 2.3519123484935296, 2.352506888556424, 2.350900015022393, 2.3457772025070733, 2.3414108651561247, 2.335344746262923, 2.326142258428463, 2.3194136589010177, 2.310829936499651, 2.2993974846158998, 2.290884637693389, 2.2791146138696186, 2.2709362213013855, 2.2647269909885757, 2.260116779267812, 2.2567757661128236, 2.2546831040457276, 2.253936237945597], "y": [1.1426758711916036, 1.1156084145476182, 1.0888754183941969, 1.0625458004731556, 1.0516002899183703, 1.0468433723147914, 1.0493296280354312, 1.0552379421547506, 1.0714690091413048, 1.08976571818439, 1.1091517761977558, 1.1284377489993709, 1.1480254617660377, 1.1677724562729102, 1.1875925226228157, 1.2207296777316048, 1.2535078699207904, 1.2700392330763968, 1.2860252604509006, 1.3010626628358437, 1.3070569153177343, 1.3098000566107915, 1.3055685917804851, 1.296842900520859, 1.2761748242292006, 1.2545341962229697, 1.2322485877630984, 1.210122803735049, 1.1877701304706645, 1.165265372361531, 1.1426758711916036]}