{"x": [2.26441013982815, 2.2661144729817564, 2.2721991507642207, 2.277789071625827, 2.2854259568935076, 2.2951146817405714, 2.3060021688601924, 2.320988059714903, 2.3340062884513664, 2.3444524659207873, 2.3525382807226234, 2.358321044227989, 2.3622762808608004, 2.364569059261026, 2.3653232488477083, 2.3632792773735107, 2.3606674468089635, 2.3568845014332487, 2.3515147501092617, 2.344295726220323, 2.3344150947342204, 2.321870407374949, 2.3133289438600584, 2.305607385999479, 2.293221030908212, 2.284030044392455, 2.276909185769457, 2.2716050050607177, 2.2677278432619454, 2.2652826444976295, 2.26441013982815], "y": [0.769329623025009, 0.7484652436457518, 0.7284351718869279, 0.7190203402653149, 0.711174051135374, 0.7059030509738388, 0.7041374190515205, 0.707373310444303, 0.7154710655888044, 0.7264838345738053, 0.7393299742052294, 0.7528649222367749, 0.7670420614106032, 0.7815692264662248, 0.7962568592030941, 0.8208642607660873, 0.8329461222412223, 0.8447139750566943, 0.8563656279039444, 0.8669713309662229, 0.8755459721761755, 0.8792584066202734, 0.8777773697295911, 0.8738368604409965, 0.8619853949288304, 0.8479598035849559, 0.8327780771301204, 0.8174150675393999, 0.801631404686257, 0.7855612792551002, 0.769329623025009]}