{"x": [2.262438199602387, 2.2643943156289987, 2.2715721604865835, 2.2890395081678614, 2.304628264722484, 2.324854448517978, 2.34017217060058, 2.354043506245837, 2.3659981623559663, 2.3762565939405187, 2.3921674704632645, 2.403677522854561, 2.4114751499843514, 2.4166290434415645, 2.4204533391426972, 2.417512328578824, 2.408599241524402, 2.401257320494511, 2.391285206346007, 2.376505343155183, 2.3658365706817968, 2.352202927413704, 2.3344528039845174, 2.32128273923942, 2.303022554593008, 2.290191869425129, 2.2802996720833675, 2.272813474736179, 2.267275466707826, 2.2637257636376438, 2.262438199602387], "y": [1.0965786033296911, 1.0577029867212293, 1.019445719440383, 0.9825392848260072, 0.968499975566757, 0.9629310416950835, 0.9655902149700172, 0.9726108887070982, 0.9823584704427404, 0.9938777470619354, 1.019430318649982, 1.0472441389635228, 1.0751541079258626, 1.103670887873215, 1.161438479483246, 1.214152531929027, 1.2661907654458717, 1.2923462451030976, 1.317616184951026, 1.3413806637717927, 1.350915496327765, 1.3552582499700643, 1.3487678029885772, 1.3352126497846917, 1.3032056227405588, 1.2697419089167712, 1.2352949778994913, 1.2010637449641448, 1.1664638760905073, 1.1315995292431387, 1.0965786033296911]}