{"x": [2.166907549679995, 2.1687200594835034, 2.175655250665365, 2.1924463187536034, 2.2067472159784884, 2.22429415786786, 2.2382374423443347, 2.2510856447285312, 2.2624200225924422, 2.272327332683834, 2.288057232457405, 2.299646181963513, 2.3076026201397526, 2.312902412730196, 2.3159038177535303, 2.3168588875387695, 2.314140406752437, 2.305838422516747, 2.298935733801489, 2.2895305498386165, 2.275658643339637, 2.2541237634426547, 2.237948658594786, 2.225372074257392, 2.2074790047625705, 2.1947601482654, 2.1848838682138716, 2.177370358227284, 2.1717712746996143, 2.16815348217654, 2.166907549679995], "y": [0.9462612236286225, 0.9128138012960433, 0.8800431074408201, 0.8491552599189119, 0.8382387999389377, 0.8342651881987031, 0.8365153224239751, 0.8423806426640267, 0.8506657580529741, 0.860613444483653, 0.8831662707589913, 0.9081013057346449, 0.9333943261468923, 0.9593742027540854, 0.9857029649990786, 1.0121850343134808, 1.0572831661996283, 1.101693848418621, 1.123974656416259, 1.1453200079278145, 1.1649324794249543, 1.1755780313582773, 1.170414560739143, 1.1590073274164392, 1.1310594129291742, 1.1013955670392608, 1.0706681825765392, 1.0400681591820489, 1.009060667704793, 0.9777527942103038, 0.9462612236286225]}