{"x": [2.205188083733343, 2.207021755137084, 2.214011677157506, 2.230996564279013, 2.245869458431738, 2.2646920586236865, 2.2790425766064044, 2.292137584030972, 2.313395547533767, 2.328826311206362, 2.340063059771403, 2.3477111954615624, 2.3527803723811203, 2.355640908534018, 2.356625194171893, 2.3537547730368944, 2.345251080961567, 2.3382207608295262, 2.3286592046564665, 2.3145117429817486, 2.3044222571314696, 2.2918036572047282, 2.2751371606236024, 2.262498853460642, 2.244785637900205, 2.23228831244104, 2.222630372830539, 2.215311670982235, 2.2098852458055105, 2.2063966388928193, 2.205188083733343], "y": [1.0102208868336107, 0.9742245481616157, 0.9388658188468583, 0.905063207230144, 0.8925953770779663, 0.8878667947115731, 0.8903148709622788, 0.8966749986537714, 0.9161413878742501, 0.9398148046971727, 0.9657430636683675, 0.991865784337331, 1.018608894852789, 1.045661313804515, 1.0728467367367558, 1.1213228066838288, 1.1691334320310647, 1.19314952013923, 1.2162747127379425, 1.2378249370584078, 1.2462795070775075, 1.2500276285829641, 1.2442966277317091, 1.2320129120438388, 1.202524888560161, 1.1714945437160915, 1.1394665926849363, 1.1076148753085622, 1.0753867942864133, 1.0428860136857798, 1.0102208868336107]}