{"x": [2.2460558382422358, 2.2481669465653877, 2.2559175904439264, 2.2634065186107977, 2.274204538035357, 2.288971325883599, 2.306424058590269, 2.319162263221392, 2.3311470863688437, 2.3516178454521763, 2.3672019490930687, 2.3787829039626693, 2.3867380980874184, 2.3920198986332704, 2.394995445841697, 2.3959380604334455, 2.392954841267976, 2.383970199365057, 2.3765795706638664, 2.366607129410484, 2.3521687165362035, 2.330786692553654, 2.3158131397824695, 2.30364798593414, 2.2859611301492238, 2.273369815039575, 2.2636288015529167, 2.2562730264432855, 2.2508220080206347, 2.2473236829747023, 2.2460558382422358], "y": [0.8940960427504874, 0.8608079024285609, 0.8283658836271294, 0.8124754678179668, 0.7986193451213572, 0.7886746411990271, 0.785159348817543, 0.7868787459414055, 0.7915244103522545, 0.8067785944809783, 0.8265340499724417, 0.8488728904140027, 0.8717901758371865, 0.8954669506961905, 0.9195240130272919, 0.9437460609779399, 0.9877016151816259, 1.030832422637767, 1.052370056653515, 1.07284055950623, 1.0912762905791655, 1.1008236984436834, 1.0967231308010188, 1.0870778744835339, 1.0623264663262788, 1.035555767749297, 1.0076214846057685, 0.9797685398604633, 0.9514810805082271, 0.9228811889785474, 0.8940960427504874]}