{"x": [2.2259472260511757, 2.2274180283756913, 2.232576836579912, 2.241661759278417, 2.2525869211429086, 2.2592649357400743, 2.265785726955113, 2.272064964976835, 2.2780746566432066, 2.283765903765257, 2.289151327632627, 2.298933279844085, 2.307229829671477, 2.3138045467237682, 2.3182693139591812, 2.319995214736368, 2.3183778046332995, 2.3128067045918517, 2.302978466558406, 2.2907858272635364, 2.2840005227814135, 2.277425403694367, 2.2711725252266546, 2.265271301833815, 2.2597741342846955, 2.2546388809608, 2.2454559514933226, 2.237820065425906, 2.231759503699552, 2.227575670394395, 2.2259472260511757], "y": [0.9951469797145929, 0.9842531177244477, 0.9745461003426671, 0.9681910231548508, 0.9663032560252555, 0.9668919609263695, 0.9684481531864778, 0.9707698552619084, 0.9737198953863213, 0.9771838519013277, 0.9811064146236894, 0.9901378440556592, 1.0005124807293402, 1.012055397207925, 1.0246026279327496, 1.0378082483966171, 1.0499760026063227, 1.0609136944230406, 1.068524414291936, 1.0709445107342435, 1.0702396200207456, 1.0684216439966328, 1.065725012419538, 1.0623270904865965, 1.0583924055480785, 1.0539958421255964, 1.0440896885194308, 1.0331107741378787, 1.0211896622521073, 1.0084534803582528, 0.9951469797145929]}