{"x": [2.3139454688955925, 2.3158860928792575, 2.322377964911435, 2.332971497055409, 2.345281862192799, 2.3581069917214688, 2.3702556820353404, 2.3813979076301712, 2.3913512620801156, 2.399891469453027, 2.406661286244113, 2.4112181814310567, 2.412927923156222, 2.412426553095328, 2.4108062981905665, 2.4079774546461077, 2.40392932810227, 2.398724848268155, 2.3926267763297924, 2.3859686800185202, 2.379061277279498, 2.372477304428146, 2.3660425336210658, 2.359853921672744, 2.353957160303495, 2.343196616515326, 2.3338238632268915, 2.325986962656166, 2.3197888561480475, 2.315555444297384, 2.3139454688955925], "y": [0.9742552388455731, 0.9619597110792217, 0.9513389002807504, 0.9447834903042213, 0.942872670210671, 0.9446197193286084, 0.9490857524347661, 0.9556050648659816, 0.9638258532086941, 0.9735526478777572, 0.9845851116606832, 0.9967393005466191, 1.0096065607232467, 1.016470831327528, 1.0231599536100366, 1.029448275303349, 1.0350302119746746, 1.0396254299806487, 1.0429444897120619, 1.0448759928178046, 1.0454665333656288, 1.0449066684318504, 1.0434047124032801, 1.0411091895996525, 1.0381432920722558, 1.030636319901898, 1.0214550656532797, 1.0110433189279573, 0.9995801188450079, 0.9872203407947905, 0.9742552388455731]}