{"x": [2.2909409747904705, 2.292400377883094, 2.297528633645536, 2.306987025855404, 2.3187847515772084, 2.325485474867148, 2.3320102320693032, 2.3382621701875115, 2.3442089657037553, 2.355043975149312, 2.3644550285109656, 2.3722533529553105, 2.378300972448639, 2.3823010008710717, 2.383795132956786, 2.382171440499511, 2.3766386786855516, 2.3665265673602485, 2.3601885822250868, 2.353500261761918, 2.3466772028488063, 2.340092403544036, 2.3338728659233365, 2.3280482343164297, 2.32267249871572, 2.3176912245471213, 2.3088916270528905, 2.3017246356364147, 2.296140310000932, 2.2923725566013764, 2.2909409747904705], "y": [1.1117259685658976, 1.099970412402901, 1.0892922126050373, 1.081869824963324, 1.079553213366051, 1.0801677595183916, 1.0818124184601252, 1.0842724751434185, 1.0873988519932092, 1.095195827581847, 1.1046627348191254, 1.1153895182950349, 1.1271922318110972, 1.139859614121384, 1.1530592493923175, 1.1660689377810727, 1.17795493441065, 1.1866728516857559, 1.1889161129889898, 1.1896006903988356, 1.18886255277028, 1.1869288004059992, 1.184061937630027, 1.1804598247729148, 1.1763114460980042, 1.171696851149752, 1.1613709399540597, 1.1500725281030137, 1.1379137788451101, 1.1250517857872901, 1.1117259685658976]}