{"x": [2.3458316673055135, 2.348134420586144, 2.356718853908583, 2.3650475536468205, 2.37711524501915, 2.3937873906468634, 2.4136709633580447, 2.4275672469180796, 2.440633704070705, 2.462898663170609, 2.4797634166102256, 2.492230809448337, 2.500747233675823, 2.5063781853103144, 2.510539644788746, 2.5071505525486937, 2.502962890047831, 2.4970131324165337, 2.488730407925268, 2.47759579891021, 2.461484914625677, 2.4373176096421254, 2.4208865131142994, 2.407641682706947, 2.388532639385712, 2.375005105058906, 2.3645774088870097, 2.356727284361435, 2.350923887774132, 2.347202114604749, 2.3458316673055135], "y": [0.9948804793950574, 0.9569629178906771, 0.9199581662006237, 0.9017589992939776, 0.8857919162677054, 0.874198726866795, 0.870074891691111, 0.8719708282178041, 0.8770668040392501, 0.8938044209933392, 0.9154604782865592, 0.9399138797245283, 0.9649480813630373, 0.9907847436279288, 1.043421948085116, 1.0934514410800966, 1.1181876864343427, 1.1425601860102055, 1.167089843550441, 1.1904635062099655, 1.2116694242174666, 1.2228583884591862, 1.2182335443608292, 1.2074657876993276, 1.1800351978230301, 1.1504846219597902, 1.1197032335674737, 1.0890451844940787, 1.0579347197578486, 1.0265025453695944, 0.9948804793950574]}