{"x": [2.162353968213135, 2.163680153542415, 2.1684909948668323, 2.1730877982595866, 2.1797595048632243, 2.1892694160955743, 2.201052042232083, 2.2100157137918495, 2.2182283432595176, 2.2316959207943907, 2.241651413101132, 2.249057940806042, 2.2542317930066593, 2.2577473814601214, 2.2597877826303887, 2.260464235656245, 2.2587893132885384, 2.253432687426941, 2.2488367898055484, 2.2424834497454382, 2.2331423589786183, 2.219643431096764, 2.2097186353602134, 2.201488489115308, 2.1893345519110468, 2.1806736406681777, 2.1740302415259314, 2.1690803907777645, 2.165464807700087, 2.1631795122265105, 2.162353968213135], "y": [0.9121949451451103, 0.8896724227150679, 0.8676297688392153, 0.8566782733810177, 0.846852074461927, 0.8393631096739622, 0.8365895331796455, 0.8381085517696308, 0.842008236697273, 0.8539670000170814, 0.8685714343983285, 0.8846196329895144, 0.9008823741306919, 0.917582258377137, 0.9345178743288548, 0.951562543169977, 0.978781901421655, 1.005521486084658, 1.0189092477287574, 1.0315579435850957, 1.0427238300600563, 1.0481746963697518, 1.04557156165344, 1.0394443621666436, 1.0233787945114738, 1.0057845943780026, 0.9873337811241025, 0.9689148125418928, 0.950188174160433, 0.9312513209918474, 0.9121949451451103]}