{"x": [2.237703963999519, 2.2401247532539323, 2.2484597248572977, 2.2618533036821975, 2.277132910495615, 2.29633255563113, 2.3145629565499735, 2.331440040779627, 2.346753324278663, 2.3602208729483696, 2.371189484707844, 2.378846657878295, 2.3819003142439175, 2.3791576035741033, 2.3699143999519174, 2.354794914220176, 2.3368320446696504, 2.3269678180698836, 2.3173411382256415, 2.308101522072152, 2.299304851128461, 2.2910268757251164, 2.283230349065454, 2.2759247566806793, 2.2691163158198377, 2.2571228821172333, 2.2474001324209447, 2.2435327586847578, 2.2404913442843872, 2.2384557934166445, 2.237703963999519], "y": [0.8785051650466753, 0.8632317623193299, 0.8502061989972673, 0.8425656190466392, 0.8404919673526196, 0.8430386543604954, 0.8495781092601051, 0.8589633706375333, 0.870728677760411, 0.8847388504168299, 0.9007809625316199, 0.9187300824946402, 0.9380038571952499, 0.9559892672044068, 0.9716596412208302, 0.9818907103729372, 0.9851478475051938, 0.9841915219932098, 0.9818368330386157, 0.9782820437438627, 0.9737405006247951, 0.9684122765189395, 0.962401534389571, 0.9558063762500797, 0.9486991317754746, 0.9332561936700774, 0.9162916739996237, 0.9072648038011749, 0.8979272043430588, 0.8883083022065276, 0.8785051650466753]}