{"x": [2.314816088957834, 2.3165406826491743, 2.322716153013867, 2.328504869715516, 2.3366484324421672, 2.3475062534947337, 2.360148432436253, 2.3689687135496316, 2.3772933132590897, 2.391640109478297, 2.4027398413096175, 2.411143269190354, 2.417053574960138, 2.4210644303222755, 2.4233773173296886, 2.424134538487615, 2.422002874587359, 2.4153362288357982, 2.409713137194282, 2.402078250182159, 2.391295544024488, 2.376815306582117, 2.3668939028150744, 2.3582146384259697, 2.344833969273875, 2.335155937254635, 2.327729014403024, 2.3222276675117848, 2.3182247067083037, 2.3157105959208133, 2.314816088957834], "y": [0.9021360211460739, 0.8780175504089089, 0.8546393892349737, 0.8433326505586419, 0.8335841139164627, 0.826697721486913, 0.8243546486511024, 0.8255787476865162, 0.8287405220372281, 0.8391016157069584, 0.8525829831977915, 0.8678909457011224, 0.8837053838067906, 0.9001048108136822, 0.9168171198976997, 0.9336717138514792, 0.9623772034609192, 0.990379077668274, 1.0042303548362115, 1.0170828074855707, 1.0279488088534179, 1.0329146382324121, 1.0309241186472002, 1.0257215432665039, 1.0109336034476566, 0.9940694105835401, 0.9760998217824636, 0.9580702772866875, 0.9396500276372199, 0.9209666050467318, 0.9021360211460739]}