{"x": [2.2625756211088546, 2.2649253670227822, 2.273276091669935, 2.286902683891991, 2.302561080080161, 2.3122969268944873, 2.3218597061754225, 2.3311568279312396, 2.3401499752367823, 2.3570320824650475, 2.3722924966047225, 2.3856356910255685, 2.396435292959384, 2.403909882434772, 2.4068522153413707, 2.404097700934004, 2.394853583896686, 2.3795647900113397, 2.361239392097769, 2.351306577342434, 2.341622319481705, 2.332342796068967, 2.3235247871820586, 2.3152463997716572, 2.30746592957988, 2.3001909024337186, 2.2934258998791197, 2.2815608597034607, 2.271989793956691, 2.265230046863254, 2.2625756211088546], "y": [0.9068788119070357, 0.8912191128098514, 0.8777650101068909, 0.8697434102233829, 0.8675423402354923, 0.8682175293755099, 0.8701658224722808, 0.873096536428553, 0.8768580333083593, 0.8864514997575162, 0.8984581605449019, 0.912707616473192, 0.9289697328691564, 0.9470838169550679, 0.9664573093393489, 0.9848007170590255, 1.000882205068257, 1.011554548229898, 1.0149934315279652, 1.0140338918201786, 1.011626263297851, 1.0079876385037927, 1.0033409338187618, 0.9978963227615774, 0.9917611967420428, 0.9850381688573503, 0.9778021572244122, 0.962127176582017, 0.9449551383517869, 0.9264244847592817, 0.9068788119070357]}