{"x": [2.182787620977979, 2.184530842060918, 2.191139385475165, 2.207060170377071, 2.220473105518362, 2.2367926338572466, 2.2498942283143055, 2.2620032071762903, 2.2727233166543623, 2.2821197404189224, 2.297091274897323, 2.3081545420357834, 2.3157674429126027, 2.3208466707120117, 2.323727720356125, 2.32471326484939, 2.3220932461665944, 2.3142741705298273, 2.3077584170071597, 2.2988720792508293, 2.285781325816135, 2.2656828012240524, 2.2505095343051438, 2.2386031970881732, 2.221568276442809, 2.2094287204442753, 2.1999907360840636, 2.192805973966382, 2.1874480459491217, 2.1839847523712925, 2.182787620977979], "y": [0.884910143214879, 0.8537936143037254, 0.8233370165757342, 0.794781593105116, 0.7848053187026914, 0.7811851149994044, 0.7832366880493211, 0.7886434763951294, 0.7963204543664453, 0.8055705332002032, 0.826624832975231, 0.8499708070152605, 0.873693534097111, 0.8980846284744028, 0.9228153933416411, 0.9476938957085896, 0.9895328755043072, 1.0307181493826145, 1.0513727720095336, 1.0711237588483988, 1.0891784174911778, 1.098842155557614, 1.0941371894250955, 1.0836203520023546, 1.0576430591827204, 1.0299738102196045, 1.0012704896932123, 0.9726706481810894, 0.9436729870932, 0.9143814287322493, 0.884910143214879]}