{"x": [2.2315984372244495, 2.2334239733638914, 2.2402763035713313, 2.253512394753927, 2.2703811272316115, 2.280711189164369, 2.2907274439940175, 2.3002850816283265, 2.309352147221039, 2.3258173597598173, 2.3400878165180488, 2.351878876135685, 2.3610017982138203, 2.367027125148245, 2.3693190069315593, 2.3671351623468277, 2.3594749806867847, 2.3449155886779134, 2.33546925544731, 2.3253793545315187, 2.314749813548452, 2.304578756671609, 2.2950933581414548, 2.2863095012232257, 2.2782938613426333, 2.2709169619827976, 2.2579681076247757, 2.24748290879703, 2.2392859975357444, 2.233698907758799, 2.2315984372244495], "y": [1.1141658339929494, 1.0973931918008135, 1.0819756797113087, 1.0709960321232959, 1.0676504924736625, 1.0686170100029448, 1.0713223703960446, 1.0753016371040998, 1.0802987685032164, 1.092600420772414, 1.107391902659326, 1.1240419757925837, 1.1422909843959508, 1.161814488068239, 1.1821176661002584, 1.2017107996058867, 1.219876197335493, 1.2338354114804915, 1.2375969605722146, 1.2388524933605434, 1.2374939204435764, 1.2341201297136357, 1.2291953090555303, 1.22310675410132, 1.2162112698447511, 1.2086363413524963, 1.1919435201348536, 1.1740083062948774, 1.1549184677487383, 1.1348710080910986, 1.1141658339929494]}