{"x": [2.2532546799321578, 2.2553227961201405, 2.2632399767405915, 2.2710353231997504, 2.2825917650116585, 2.2994095393038236, 2.320476638929208, 2.335702752540995, 2.3497199975441014, 2.3727685899932154, 2.389649729527126, 2.401956567317454, 2.4103158072904862, 2.4158389328331196, 2.4199309059038407, 2.416692607938354, 2.406931156488986, 2.398921118183305, 2.3880880093747927, 2.372174051945895, 2.3609152933165714, 2.3469327720828006, 2.3291172993645715, 2.3154356079253517, 2.29619986039417, 2.282658109685783, 2.272216160148527, 2.2643225411890358, 2.2584695013102993, 2.2546902071692876, 2.2532546799321578], "y": [1.0843524119763135, 1.0441455842746308, 1.0046717404103334, 0.9849135702042635, 0.9670921962684997, 0.9534250706327712, 0.9483451918291869, 0.9508249011206008, 0.957266976594534, 0.9773551485520087, 1.0021724932018843, 1.029547942258231, 1.057214748323072, 1.0855841708585516, 1.143169192734439, 1.196832663482132, 1.2497001273139012, 1.2762183809926557, 1.3017139148245285, 1.3253903560139517, 1.3346228719389326, 1.338683425611224, 1.3328030995449174, 1.3199664090764973, 1.2887833355455074, 1.2558395523730996, 1.2217861009794433, 1.1879278293538733, 1.1536578176537522, 1.1190932921053631, 1.0843524119763135]}