{"x": [2.1822811861877147, 2.184588146187799, 2.193131680172474, 2.201253718382566, 2.2125635561270753, 2.226998308361272, 2.243185490565572, 2.255625189281122, 2.2675544541291983, 2.288788999865598, 2.3058605023251313, 2.3190099617355386, 2.328299953346683, 2.334549489695295, 2.338096426698818, 2.3392257423175966, 2.33604666523012, 2.326442829958799, 2.318526798932531, 2.307904290913266, 2.292937914580244, 2.2725306293063308, 2.2580294655354516, 2.2455911604980123, 2.226657233724479, 2.2128612699778536, 2.2020759641617107, 2.193871004810326, 2.1877326265810457, 2.183747598176783, 2.1822811861877147], "y": [0.802399329307635, 0.7714086243708085, 0.7415296370389703, 0.7274000929666544, 0.7156655673873827, 0.7078773155831367, 0.7052326850770345, 0.7065673849091797, 0.7103383487064127, 0.723338666149862, 0.741132952547925, 0.7619935503786724, 0.7840095924346387, 0.8070737062778495, 0.8306813109272033, 0.8545271576435673, 0.895228935654808, 0.9349090013362777, 0.9545356786158486, 0.9728395670449753, 0.9885381737463141, 0.9958853759794135, 0.9926538387459388, 0.9845288678908024, 0.9622530587567764, 0.9373265054519778, 0.910957226853437, 0.8845002857799992, 0.8574889659004461, 0.8300687634856317, 0.802399329307635]}