{"x": [2.2799560740036307, 2.2814259431568327, 2.286838465534957, 2.2919807737907503, 2.29931731779908, 2.3093296387187725, 2.321203567185035, 2.3299600450637987, 2.338151199106748, 2.352049990483212, 2.362654236611066, 2.3706502719478393, 2.3762747584122628, 2.380103231506301, 2.382322518513376, 2.383054822840533, 2.3811800240815804, 2.3752356099000433, 2.3701696747334986, 2.363230460131094, 2.353285413147857, 2.339670943128931, 2.329936042456078, 2.3215488146776826, 2.3087762612355416, 2.2995586803927353, 2.2924656544756488, 2.2871814344572297, 2.283313724049295, 2.2808599820684456, 2.2799560740036307], "y": [0.8847287265729912, 0.8620713956636253, 0.840021004266411, 0.8292420915775481, 0.8198185351912592, 0.8130011968475539, 0.8106069338984294, 0.8118891813247333, 0.8152395632056866, 0.8259869852373111, 0.8396603660266961, 0.8550055541012915, 0.8707533257493383, 0.8870312234525347, 0.9035957150858848, 0.9202921622607636, 0.9473755842076956, 0.9738650265344125, 0.9870288355758821, 0.9993087732098312, 1.0098083347698021, 1.0146859323909867, 1.012525237831167, 1.0071316024815686, 0.9922204885543154, 0.9754511525904042, 0.9576786061042156, 0.9398697018808416, 0.9217004733050127, 0.9032849752982819, 0.8847287265729912]}