{"x": [2.3317574421205434, 2.3334330366525378, 2.339258027113919, 2.3495565209564746, 2.362075334643111, 2.368661055012578, 2.3751036914846484, 2.381317325688859, 2.387263405678044, 2.3981952423158672, 2.407766886233404, 2.415761576811385, 2.4219689021852076, 2.4260596788590485, 2.4275649779951616, 2.425679588140347, 2.4194473299772095, 2.4145030881681318, 2.4085220581536437, 2.401825046248816, 2.3947962431060774, 2.3880840866679955, 2.381567916908262, 2.3753656752884424, 2.3695193423412184, 2.359036273505368, 2.350078363468458, 2.3427530736119784, 2.3370478571806075, 2.3332093402943532, 2.3317574421205434], "y": [1.0932832293836883, 1.0808001898509374, 1.06963312313059, 1.0621613518592674, 1.0598885462724619, 1.0604419749895773, 1.061915213401544, 1.0641449751339227, 1.067012939598335, 1.0742924143978307, 1.0832857140341392, 1.093646906634711, 1.1051681262423436, 1.1176241142136294, 1.1306479448577553, 1.144361008753541, 1.156720692184056, 1.1617694677133952, 1.1655328360687494, 1.1677762924945074, 1.1684683846620023, 1.1678193060455615, 1.166083253407551, 1.163463578606482, 1.1601242840336448, 1.1518485328210288, 1.1419420380766243, 1.1309673912177736, 1.119069775884055, 1.1064213241647185, 1.0932832293836883]}