{"x": [2.276444247031359, 2.2783467655252028, 2.2853264637026234, 2.3023331303574555, 2.318282278786012, 2.3407148628930967, 2.357038117689114, 2.3713108763251722, 2.38315344408607, 2.3930636028147827, 2.408025730982607, 2.418656000229996, 2.4257900112504687, 2.4304778114311283, 2.4339437189655864, 2.4309938882423725, 2.4220928735512124, 2.41481768725893, 2.4049527156820933, 2.3902730322022334, 2.3793233522791946, 2.3643185566139517, 2.345584446447347, 2.3325485010566185, 2.3149584898433186, 2.302695461824775, 2.2932913727429627, 2.2861941096192804, 2.2809746489732827, 2.2776496184101136, 2.276444247031359], "y": [1.2465717246580759, 1.2027989738732183, 1.159544412249677, 1.1169464041323305, 1.099435407675862, 1.091833466951734, 1.0952419655648482, 1.1038648926112817, 1.1153379856922463, 1.1285162644109434, 1.1568575074845422, 1.187091407563679, 1.2171230096575874, 1.2476322831171975, 1.3092191349430895, 1.3687327483466505, 1.4276508577792508, 1.457306062164833, 1.4862031523042616, 1.5139909764723207, 1.5258209559628553, 1.531711627589058, 1.5234582502183898, 1.5076737879365425, 1.47192821938893, 1.435125329895564, 1.3974902712429478, 1.3601320709589164, 1.3224655937826066, 1.2845819245947125, 1.2465717246580759]}