{"x": [2.153005705033631, 2.1542197601089055, 2.1586346083222563, 2.1691004028633616, 2.1783281084669044, 2.1903234497578716, 2.199682147469057, 2.2080582972038583, 2.2152150447433714, 2.221348901207086, 2.2309246994883716, 2.2379797942739788, 2.2428892385963857, 2.246221605310677, 2.2481570805843814, 2.248800531031022, 2.247244640821663, 2.2422432383837987, 2.2379397784704658, 2.2319561331335698, 2.222998407408759, 2.209368834482339, 2.199074395781812, 2.190855344844563, 2.1790245226151215, 2.1706670287296417, 2.1642685016745244, 2.1594948333289725, 2.156008605785826, 2.1538043298942346, 2.153005705033631], "y": [0.9625642068427146, 0.9395125610915526, 0.9168550807193677, 0.895045433214868, 0.8867110154494775, 0.8834361326260907, 0.8852439196840528, 0.8897929231481599, 0.8959601828384945, 0.9031455799962657, 0.9188955552711391, 0.9359244504628154, 0.953034124043474, 0.9705195152507926, 0.988207363139127, 1.0059891515468968, 1.0340499319097247, 1.0617052055943035, 1.075611783596729, 1.088882377684616, 1.100909449646847, 1.107164531739755, 1.104040853072952, 1.097099668861073, 1.0796617100152097, 1.060938717864741, 1.0414590620506026, 1.0220590495900543, 1.0023868710004782, 0.9825285367637493, 0.9625642068427146]}