{"x": [2.2747911691889904, 2.276077735880223, 2.2806740996686203, 2.291508428037198, 2.3014483135591184, 2.3153469496821026, 2.3254306506262146, 2.33418030884553, 2.347483477465339, 2.3567284628895813, 2.3634130415019254, 2.3680039550300394, 2.3710882793118437, 2.3728628271954726, 2.3734457108719003, 2.3717775451334684, 2.366493223813782, 2.362005312106591, 2.3557902655992335, 2.3464101706066565, 2.339610277364483, 2.331015347930795, 2.3198540339141123, 2.3114220877890834, 2.2997087818240924, 2.291581115698957, 2.2854232592367074, 2.2808671087925534, 2.277575041787502, 2.2755201334418147, 2.2747911691889904], "y": [1.1258709008012593, 1.09878653113631, 1.0720640354833342, 1.0458578945635812, 1.0351065177470449, 1.030499855011297, 1.0327686227574888, 1.0382706053875614, 1.0537012788486193, 1.0712867981393475, 1.0899960646400528, 1.108622586117005, 1.1275569657762028, 1.1466525146192936, 1.1658214804868077, 1.1988123175328864, 1.2314198941696455, 1.2478536210038915, 1.263714955313008, 1.2785692096659802, 1.2844335813326082, 1.2870329257074913, 1.283148256422228, 1.2748676845470808, 1.255000943524904, 1.2341069689390074, 1.2125501154017186, 1.1911508905272228, 1.1695211048848901, 1.1477382851130522, 1.1258709008012593]}