{"x": [2.1744687637150926, 2.1761023385255385, 2.1821209294606914, 2.196845780846747, 2.210763847830059, 2.2304255710428507, 2.2457333066168377, 2.2589493403712804, 2.2698340426844474, 2.2789303942331913, 2.2926920618638706, 2.3025195312159696, 2.3091649310813995, 2.313555738942059, 2.316846615459226, 2.314334733775635, 2.306752725458372, 2.300491379973986, 2.2919391563977682, 2.279072063544754, 2.269490897076412, 2.256299875817814, 2.2388955978231704, 2.2268752390971995, 2.2106041215040357, 2.199186472100461, 2.19038248911047, 2.183697140973554, 2.1787546898704706, 2.1755907685625817, 2.1744687637150926], "y": [1.1337360127565161, 1.0954782351164043, 1.0576615366912794, 1.0203444318349435, 1.0049761379871913, 0.9983948246952732, 1.001889238065642, 1.0103671001196934, 1.0214183616766137, 1.0339827365097443, 1.0608154279368605, 1.0893250345867895, 1.1176548685995182, 1.1464205015821414, 1.204479612530721, 1.25677500443465, 1.3085787756666254, 1.3346786156618817, 1.3601200300674372, 1.3845608258890942, 1.395006000808093, 1.4001922700006602, 1.3923411311079883, 1.3775067032280246, 1.3441046835554762, 1.309753997106894, 1.2746424283452493, 1.2397677967715572, 1.2046038097364362, 1.1692316565210414, 1.1337360127565161]}