{"x": [2.2151002007044265, 2.2176247301686707, 2.226024114340007, 2.238090667022179, 2.2512911047527546, 2.2686214645404448, 2.285291805177979, 2.3010098316001324, 2.315578695309304, 2.328824794676817, 2.334715192158177, 2.339986940691446, 2.3445354499930677, 2.3481383615924645, 2.350564718629067, 2.351591960162228, 2.3486591641394017, 2.3394134032111635, 2.3257042630239946, 2.310254193329966, 2.2927917482737312, 2.276284896781443, 2.261151313446713, 2.2475066243294792, 2.2355114904796496, 2.2302308657224947, 2.2255096049443877, 2.2214207773279453, 2.218142563285036, 2.2158976993843944, 2.2151002007044265], "y": [0.7562021565383092, 0.7429368756866257, 0.7323637365769675, 0.7268146234391761, 0.725350794907949, 0.7273363289079853, 0.7324728120107199, 0.7399569716868948, 0.7494867781324422, 0.7611265783655299, 0.7676991650786321, 0.7747776074208174, 0.7824166024828012, 0.7905444687729711, 0.7991107587765134, 0.8079545875698815, 0.8234261056350708, 0.8361730687483323, 0.8436427508803521, 0.8458859678280688, 0.8433962076070022, 0.8371785113204401, 0.8282283643621268, 0.8171399499570515, 0.8042465188334516, 0.7971923411988567, 0.7897521720750127, 0.7818855306605604, 0.7736480631426016, 0.7650513116449168, 0.7562021565383092]}