{"x": [2.2710095923289937, 2.2726073798742896, 2.27820524426988, 2.2879113933527973, 2.2994604230025004, 2.306610452924526, 2.3136005898006595, 2.3203449783880483, 2.3268135508964187, 2.3329555957027917, 2.3387813707066276, 2.3494024070990913, 2.358468924699431, 2.365689258250381, 2.370616539689338, 2.372526975962387, 2.370786283844674, 2.3648233036478836, 2.354421893936263, 2.3415727410277785, 2.334268503436296, 2.327174925987827, 2.3204151797945882, 2.314023774623231, 2.308059424999572, 2.302478363201949, 2.292472654589168, 2.284117451812078, 2.2774550669778955, 2.2728262238036385, 2.2710095923289937], "y": [0.9670571712441576, 0.9555354424815317, 0.9453390179646726, 0.93879260474136, 0.9368730291996229, 0.9374887397491787, 0.9391135516827936, 0.9415389571484069, 0.9446255311057697, 0.9482567557056035, 0.9523763251130299, 0.9618893217335791, 0.9728803780607712, 0.9851633680875438, 0.9985750371314782, 1.0127348818399962, 1.0255905025807825, 1.0371117811926507, 1.0451036379095455, 1.047741509647662, 1.047073631243516, 1.045208394706742, 1.0423955477172433, 1.038823963094293, 1.0346691187305381, 1.0300120867002227, 1.01948443332318, 1.0077746340590756, 0.9950254599457006, 0.9813653618640917, 0.9670571712441576]}