{"x": [2.273703980944558, 2.2753892244934204, 2.281406051005282, 2.287013565670623, 2.2948489785386377, 2.305183218658807, 2.3171298349807494, 2.325440129749308, 2.333313464774883, 2.346968884596113, 2.357602363256833, 2.3656778432062255, 2.371367691983473, 2.3752316120419317, 2.377461132054219, 2.378190861311729, 2.3761305267424593, 2.3696863302355595, 2.364251167734852, 2.356881737489952, 2.346525239894551, 2.3327810756823513, 2.3234733511416445, 2.315275689987581, 2.3025214951346773, 2.293243844813836, 2.2861117549028807, 2.2808245239006246, 2.2769772136343063, 2.274561704301882, 2.273703980944558], "y": [0.8525533622903869, 0.8297245486631487, 0.8076385219455082, 0.7970164071075925, 0.7879125700297638, 0.7815324226985478, 0.7793458369385958, 0.7804319458447304, 0.7833044408005766, 0.7928495928347558, 0.8054009807357974, 0.8197325832371704, 0.8345859006249079, 0.8500152732080897, 0.8657529815229186, 0.8816310707561531, 0.9087292318924114, 0.9351305130523175, 0.9481661529023089, 0.9602144057039945, 0.9703015675924694, 0.9747855198129909, 0.9729504463234867, 0.9681755554932462, 0.954483927749069, 0.9387575789685104, 0.9219490652047764, 0.9050545788641147, 0.8877752072291072, 0.8702366687587425, 0.8525533622903869]}