{"x": [2.2444378125370172, 2.2467092659870596, 2.255112142539275, 2.2632132061360846, 2.2747933399171276, 2.290297659269882, 2.3083000882757743, 2.321655211134072, 2.3343227250473295, 2.3563129271176164, 2.3733911857936727, 2.386236433381854, 2.3951345656248946, 2.4010642159860525, 2.404410898624409, 2.4054744780969353, 2.4022266452416696, 2.392442943391658, 2.3844010720731563, 2.373578394074778, 2.358047647846273, 2.335668894119419, 2.3200011554639937, 2.307038542069038, 2.2879412788914317, 2.274270041069974, 2.263666806374658, 2.2556465075519534, 2.2496852651361796, 2.2458433688460184, 2.2444378125370172], "y": [0.9068702839186857, 0.872486610132971, 0.8390682291215216, 0.8228499870892774, 0.8089015424580959, 0.7991266579317589, 0.7956850251821406, 0.79730753315079, 0.801838088296241, 0.8170521877812045, 0.837186956298922, 0.8602537167361112, 0.8841381694212673, 0.9089269387347793, 0.9341727134097291, 0.9596171277737076, 1.0051279586870565, 1.049693229097874, 1.071884679607769, 1.092860899738666, 1.111485878563446, 1.1208285385845818, 1.1168085010700892, 1.1071333064898463, 1.081784717184272, 1.0540995537395963, 1.0251005462992493, 0.9961445679191785, 0.9666956720822719, 0.9368898271071794, 0.9068702839186857]}