{"x": [2.212500828606407, 2.214360073993996, 2.2214013022577075, 2.238489356021815, 2.2533884948547174, 2.2721514239713043, 2.286336380267515, 2.2993020462123703, 2.3204090678921037, 2.3357623758278745, 2.3469477941769283, 2.354560431257035, 2.3596034231683567, 2.362447992021263, 2.3634176574604258, 2.360547609201878, 2.352031075541018, 2.344994703206821, 2.335431437512883, 2.3212963531198385, 2.3112369126876193, 2.2986894949400187, 2.282168430747015, 2.2695938286667885, 2.2519441591810394, 2.239490392977573, 2.2298683059517423, 2.2225802202699727, 2.2171782955956045, 2.213708040101152, 2.212500828606407], "y": [1.0068026867502062, 0.9709662395307952, 0.9357791844215761, 0.9022086589365259, 0.8899087269409257, 0.8853016502078535, 0.8877229940368838, 0.8939653812140955, 0.9131150589878039, 0.9364708013769911, 0.9620852735260975, 0.9879104147574373, 1.01435769052479, 1.041114639475762, 1.068004891204966, 1.1161845426053765, 1.1636922750336338, 1.1875502736191659, 1.2105123854863233, 1.2318836567828026, 1.24024578508238, 1.243944411770105, 1.2383330628568605, 1.2262371056306012, 1.1971064404537621, 1.1664162166212135, 1.13472392145646, 1.103204287749199, 1.0713072234366767, 1.0391370060168919, 1.0068026867502062]}