{"x": [2.2116455251063885, 2.213903346915097, 2.2219164379213816, 2.2348927483305094, 2.2497504986503385, 2.268474974543843, 2.286225855035215, 2.302623385590022, 2.317468562928916, 2.330484117257038, 2.341061119258666, 2.348430720763603, 2.351366820301821, 2.3487587366293843, 2.3399221068213816, 2.325344989596993, 2.307957723819492, 2.2983358185535097, 2.288952048861289, 2.2799534347069756, 2.2713925257273155, 2.2633429208982934, 2.2557656023170956, 2.2486683788347652, 2.242057020198793, 2.235980952578247, 2.230418705293951, 2.220990215386614, 2.217241421978055, 2.2142935701520354, 2.2116455251063885], "y": [0.8766889726595876, 0.8618235453058062, 0.8491007680046261, 0.8415765663578836, 0.8395161058053632, 0.842053331364852, 0.8485301942480059, 0.8578038014007912, 0.8694011936808177, 0.8831643598575912, 0.8988792071790048, 0.9164117207111812, 0.935202127215544, 0.9526069994457542, 0.9678269091507654, 0.9778238226408568, 0.9810040136232436, 0.9800686672274674, 0.977744705052434, 0.974242549043475, 0.9697758958387509, 0.9645441748622667, 0.958649152775944, 0.9521876275025967, 0.9452297666960836, 0.9378778124560618, 0.9301298298783088, 0.9135599160646433, 0.9047483371302221, 0.8956374894775929, 0.8766889726595876]}