{"x": [2.2876572853388524, 2.289245867795908, 2.2949374436462575, 2.3003005576467443, 2.3079156170537334, 2.318264084213388, 2.330515366354982, 2.339245210869658, 2.3474248320696836, 2.3613266637115107, 2.371924564030702, 2.3798934413466495, 2.3854768755068236, 2.389264014565189, 2.3914514313691164, 2.392169767800079, 2.390208402676353, 2.3840336315396127, 2.3787978849532907, 2.3716495466523337, 2.3614284869793267, 2.347407054834719, 2.337616824325177, 2.3291710322877344, 2.3163208947525575, 2.3070798115289093, 2.299993508110294, 2.2947402966167374, 2.2909164285568697, 2.2885130090687853, 2.2876572853388524], "y": [0.8955819031503368, 0.8722025028632994, 0.8494708967532132, 0.8383801383905256, 0.828696193787742, 0.8216963053665343, 0.8192477759403574, 0.8205197898987541, 0.8238246350970768, 0.834483750796768, 0.8481032983482557, 0.8634103085398688, 0.879116648061316, 0.8953499907835213, 0.9118650335148278, 0.9285088137784261, 0.9564396134059805, 0.983749844499694, 0.9973142267619424, 1.0099754576660702, 1.020829038806669, 1.0258955686870594, 1.023791591244, 1.0184116347970444, 1.0034638674008316, 0.9866292890216072, 0.9687803408113635, 0.9509055117125188, 0.9326713739657082, 0.9141946384785233, 0.8955819031503368]}