{"x": [2.242885031896316, 2.2449472348225052, 2.2528227535676497, 2.260477248839132, 2.271539340508779, 2.2866913503326294, 2.304648130868343, 2.317806919766659, 2.3302219256427454, 2.3514967946888587, 2.3677416605123307, 2.379834200252849, 2.388145768423021, 2.3936678626139956, 2.3967821119773087, 2.397773513975402, 2.394688927342663, 2.3853780442621826, 2.3777185618659415, 2.36738778712244, 2.3524484070088154, 2.3304079108703477, 2.3150585060596014, 2.302543424495162, 2.2843006043921035, 2.2712966207781156, 2.2612257271277385, 2.253608623435186, 2.247944574084242, 2.244277722148105, 2.242885031896316], "y": [0.9112128493058359, 0.8768606883898793, 0.8433599444429241, 0.8269436189669976, 0.8126007751804604, 0.8022441981325759, 0.7984499758614048, 0.8000838824147759, 0.8047412427178138, 0.8202647399040963, 0.8405116750007925, 0.8634813186431398, 0.8870771817201553, 0.91147704638254, 0.9362797832968163, 0.9612576020489385, 1.0064886534055633, 1.0508583518244408, 1.0730063269584016, 1.09404143015073, 1.1129498561061393, 1.1226930681155727, 1.1185354977985302, 1.108724159845899, 1.083450467715802, 1.0560665493796684, 1.0274735489362787, 0.9989582500014991, 0.9699916988268594, 0.9407001512541276, 0.9112128493058359]}