{"x": [2.1911911702423046, 2.1929287004911915, 2.1994922421671492, 2.2155967076601866, 2.2302389786846377, 2.249501884442318, 2.264848965630972, 2.2785318171303306, 2.2901778584625188, 2.300112770784023, 2.315473438968873, 2.3265992644439986, 2.3341775353585397, 2.3392068932087056, 2.343028861236958, 2.3403019484673924, 2.33217644518709, 2.325430377209075, 2.316210211722851, 2.302430059373352, 2.292365801464991, 2.279368300123041, 2.261703714427548, 2.2488453609923518, 2.231072094086176, 2.2185301152659815, 2.208819943514618, 2.2014307138091747, 2.1959407046201105, 2.192407302143517, 2.1911911702423046], "y": [1.069246685029633, 1.032349807156146, 0.9959998617800556, 0.9607024050613373, 0.9471190525205319, 0.9418423083755126, 0.9449219753760468, 0.9525243976671205, 0.9627716849298895, 0.9746853196448184, 1.0007551296554362, 1.0288940906983004, 1.0570778161988748, 1.0858260010591558, 1.1440118007081783, 1.1944064423755594, 1.244216402809978, 1.2692892036202097, 1.2935614783805245, 1.3164971830974905, 1.3257740689783797, 1.33006532261328, 1.323196064048617, 1.3092717311038335, 1.2768968296442254, 1.2432104908878765, 1.2086014860467558, 1.1741967252981946, 1.139438300752345, 1.1044208922564054, 1.069246685029633]}