{"x": [2.3280760434062935, 2.328639356778991, 2.3302987074934154, 2.3331740827512943, 2.3372281433246345, 2.3478157163350297, 2.359822718680203, 2.3714877690543816, 2.382652839972653, 2.3930242747020256, 2.4023960869060175, 2.410558752865317, 2.4170828977393226, 2.4214937462785664, 2.4231318083280984, 2.4225630799081768, 2.4207793595423874, 2.4177343441813077, 2.4134875099751794, 2.408213902544052, 2.4021753303099387, 2.3956763905124605, 2.388972932279072, 2.3771297254184423, 2.365982597274521, 2.3559005723404645, 2.3470231103907304, 2.339520376300879, 2.3335777048607644, 2.3295448360497, 2.3280760434062935], "y": [0.9684928785601602, 0.9623949745944875, 0.9565002048842303, 0.9510746916087324, 0.9464629056158745, 0.9405410956646147, 0.9388100757247311, 0.9401894424552921, 0.9438387224115943, 0.9493095517584035, 0.956356946177666, 0.9648918263595806, 0.9747360545642568, 0.9857349666225256, 0.9974715932257521, 1.0041750728277614, 1.0106618618983918, 1.0166718731369606, 1.0219022414664947, 1.026091387381925, 1.0290739239218196, 1.0308006486596175, 1.0313311621133414, 1.0296892343276811, 1.0253649991652511, 1.0190096710330125, 1.0110580616506049, 1.0018382025576416, 0.9915434720282901, 0.9803241691298599, 0.9684928785601602]}