{"x": [2.1552794905701167, 2.1569628097643516, 2.1632913909248774, 2.1787110638343417, 2.1927023840041704, 2.2112381655439193, 2.225360874477239, 2.2379729092392227, 2.248692437051209, 2.2578107014091695, 2.2718339885214394, 2.2819344896356877, 2.288775061495704, 2.2932992307979774, 2.2967235420401306, 2.294114869323018, 2.2863401091680897, 2.2799152173062733, 2.2711594056465256, 2.258108587719169, 2.2485665641300425, 2.23616569439133, 2.21986075664849, 2.2079871411036036, 2.191622550572734, 2.1801225750505875, 2.1712524129110813, 2.1645324681977414, 2.1595623342266212, 2.156379220516447, 2.1552794905701167], "y": [1.0320134164462547, 0.996358180177515, 0.9612287267604183, 0.9271015886698651, 0.9138398650881613, 0.908543153357013, 0.9112746355788311, 0.9181918952895767, 0.9275888521350765, 0.9385464216450774, 0.9625337913784747, 0.9884186588767047, 1.01429835143632, 1.0406817515673992, 1.0940564861503348, 1.1422942060109254, 1.189972669652565, 1.2139639884314277, 1.2372061564534533, 1.2592147345715226, 1.2681784499793727, 1.272375691670276, 1.2660885799353119, 1.253266878696473, 1.2234109282776038, 1.1923453470980387, 1.1604292070643036, 1.12871603724613, 1.09668198403434, 1.0644166889876119, 1.0320134164462547]}