{"x": [2.2058036844629547, 2.208234308294791, 2.2174545027021124, 2.225962086846838, 2.237341664193054, 2.2510905096795337, 2.2660217691922058, 2.2889858699971355, 2.3096907406100105, 2.3270550664264507, 2.34087019072458, 2.3509150707034014, 2.357760092717274, 2.3616695979657156, 2.362917648522958, 2.3595854366217686, 2.3554475645928354, 2.349558807699136, 2.3413446208862747, 2.33044088957145, 2.315571075589004, 2.2965186181256705, 2.2830153191985674, 2.2709887060712926, 2.2519316051144105, 2.2377229663023708, 2.2265175002602353, 2.2179448238266146, 2.211494091720239, 2.207282064563195, 2.2058036844629547], "y": [0.7216207667670415, 0.6928446677085344, 0.66547753734512, 0.6530710824003663, 0.6432321631661574, 0.6370557795651209, 0.6349976357500586, 0.6390274048704034, 0.6497464205829758, 0.6650895819639219, 0.6836926664621573, 0.7039308348948919, 0.725462874949895, 0.7476893207486491, 0.7702224406821849, 0.8076653387098579, 0.8260221270631396, 0.8438943458907477, 0.8615800621076489, 0.877746882033518, 0.8909788429124347, 0.8967407888668504, 0.8942360973494792, 0.887604872862345, 0.8683158015040635, 0.8459541810655219, 0.8219465777635067, 0.7976708362816041, 0.7727471435170173, 0.7473360837108791, 0.7216207667670415]}