{"x": [2.1826000756312864, 2.1844310899283097, 2.191279615355516, 2.20797870438105, 2.222795171885633, 2.241794071628074, 2.256447126870337, 2.2697222669798314, 2.2910646499387064, 2.306443694243902, 2.3176162338260213, 2.3252185174177944, 2.3302580551506686, 2.333105107114786, 2.3340605182996828, 2.3312641882304863, 2.322879539863513, 2.3159402086182044, 2.306489375623125, 2.2924589660205292, 2.2823697507376144, 2.2695986894944267, 2.2526092519249237, 2.239907189807844, 2.222204763778591, 2.2097215719601975, 2.2000720527932125, 2.1927517722978287, 2.187322253983097, 2.1838320738067885, 2.1826000756312864], "y": [1.0366157099913866, 1.0002645953380487, 0.9645175136478052, 0.9301457424306808, 0.9172732935593005, 0.9123468894105017, 0.9149803324259272, 0.9217195983445258, 0.9420256185849509, 0.9664430462125001, 0.9930494389588639, 1.0197945182725086, 1.0471385677667189, 1.0747819296920194, 1.1025550885488598, 1.151777491710317, 1.2003610496966062, 1.2247832664185803, 1.2483476620918479, 1.2704246273300046, 1.279192742434235, 1.2831388927391234, 1.2770484204838712, 1.264226858208006, 1.2337986752779766, 1.2019149442112866, 1.169062407558026, 1.1363989567839252, 1.1033685487653553, 1.0700720026718107, 1.0366157099913866]}