{"x": [2.279104681333694, 2.280236664428253, 2.2843091513749476, 2.292781570058634, 2.3046116470244487, 2.311606536250984, 2.318297718791517, 2.3245547738938415, 2.3303724659254725, 2.3357019493746427, 2.340611004253612, 2.3491890751769033, 2.3560207808204057, 2.361187656486007, 2.3645362777607413, 2.3657772459813247, 2.3645292189643583, 2.3601296907966534, 2.3511559410664455, 2.344953672550406, 2.3381704471062648, 2.331026311207495, 2.324285854007198, 2.3181043066923968, 2.312457079245395, 2.3027475838507314, 2.2947344397403686, 2.2883895358911515, 2.283532922121553, 2.280311023251637, 2.279104681333694], "y": [1.2583641418523448, 1.2465589035219182, 1.2354206860777515, 1.2266098538766943, 1.223533830240609, 1.22437998872058, 1.2265873708066686, 1.2297801921558844, 1.2337171079724383, 1.2381859629226881, 1.243112953748397, 1.254045761447125, 1.2658930230296324, 1.2785552978987087, 1.2918255822332805, 1.3054554651615191, 1.318501924817334, 1.3308474435544084, 1.3409783629103282, 1.3438741651601167, 1.344791584360317, 1.3437724251171033, 1.3411949069243279, 1.3375286924260252, 1.3330833040161647, 1.322764531175973, 1.3110794597079407, 1.2987314614329268, 1.2857259176554254, 1.2722081290272877, 1.2583641418523448]}