{"x": [2.238931706070346, 2.2402580940399646, 2.245054801790016, 2.2496374191295994, 2.2563290235318143, 2.266082655409341, 2.2785243029170514, 2.287811451626891, 2.2962244132322662, 2.3097648337697025, 2.3195967629188443, 2.326842685126615, 2.3318703147132633, 2.335272867466721, 2.337241269333707, 2.337891787984997, 2.336201129615044, 2.330813382725798, 2.3262058327170223, 2.3198333534220397, 2.3103813845084913, 2.2962462199601488, 2.2859386663065817, 2.2775794524852295, 2.265453778793372, 2.2568925617331703, 2.2503531982507825, 2.24549536669613, 2.2419590119662165, 2.239732577344805, 2.238931706070346], "y": [0.9753757527786795, 0.9515119003273953, 0.9280974954956851, 0.916386842279875, 0.905739673128111, 0.8973705873429564, 0.894148733998149, 0.8958256567033563, 0.9001017855536609, 0.9129621797802283, 0.9283879305670041, 0.945184276285296, 0.9621044752543689, 0.9794247762671541, 0.9969585140234901, 1.014590399660093, 1.0434872058743698, 1.0719275982515295, 1.0862015949295096, 1.0997798129967442, 1.1119942898116015, 1.1182176557332435, 1.115340336935832, 1.1086584083166369, 1.0915471413660809, 1.073033281021367, 1.0537124583768551, 1.0344669366245196, 1.0149353511753754, 0.995210097732041, 0.9753757527786795]}