{"x": [2.2460140551955035, 2.2480249821767364, 2.25519225311416, 2.268981468535408, 2.28670164675681, 2.2963310144382683, 2.3056860862178334, 2.3146233756135812, 2.3230965861324298, 2.3384311968284774, 2.351604936550694, 2.362339369798498, 2.370511916014278, 2.375798064766954, 2.3777470918307717, 2.3754424470722424, 2.367583194997413, 2.3610344645550283, 2.3527628874583777, 2.343086967001128, 2.3326974189086305, 2.3227646142113114, 2.3132378388049513, 2.3043415638380065, 2.2961098654225687, 2.2817394702278335, 2.2697526652148623, 2.260173507442331, 2.2527955049990935, 2.247870333744545, 2.2460140551955035], "y": [1.160100252444486, 1.1424779308661834, 1.1262538662570138, 1.1145337966682802, 1.1108598645921433, 1.11170629146179, 1.1141401756803921, 1.1177748566500438, 1.1223890468279367, 1.13387237607231, 1.1477817152897314, 1.1634386899402747, 1.1805728196441805, 1.198824638902444, 1.217726320530708, 1.2378964214775252, 1.2566147685330777, 1.2647738096239307, 1.2711798094883866, 1.2752056422981621, 1.2765797081411867, 1.275367846432075, 1.2723068387035879, 1.2677777497028957, 1.262130139884489, 1.2486050139142468, 1.2329284774299079, 1.2160875902134565, 1.1981727688128438, 1.1794098251324088, 1.160100252444486]}