{"x": [2.179059086693845, 2.181030424852592, 2.1885627010222386, 2.195868135658025, 2.206415313304911, 2.220783788226328, 2.2376612767305355, 2.250791440225551, 2.2631333304410486, 2.2842419382010313, 2.3004100398064367, 2.312513530760831, 2.320896152204105, 2.3264947213351275, 2.3296657586490532, 2.3306752070692363, 2.3277876260138073, 2.3190103784759137, 2.3117365066276188, 2.301882153846597, 2.28759017497557, 2.266610559555024, 2.2512853426018555, 2.2388195574777012, 2.2206230746800912, 2.2075956789524858, 2.1974663645654076, 2.1897720100994933, 2.1840363375473886, 2.180329582474181, 2.179059086693845], "y": [0.8797788451766295, 0.8476104651228261, 0.8162742932901622, 0.800945584081685, 0.7876378515587931, 0.7781896055974626, 0.7748922119140337, 0.776690816129086, 0.781519264786456, 0.7972409068266609, 0.8175336083252674, 0.8404837009253237, 0.8640869380618715, 0.8885008105377922, 0.9133282144485844, 0.9383369424546808, 0.9812331941926953, 1.0233210364179903, 1.0443392483306664, 1.0642783098667252, 1.0821326760756196, 1.0912373336516745, 1.087038991365195, 1.077185435973635, 1.0519132449603465, 1.0245626479084549, 0.9960115500558975, 0.9675169826942372, 0.9385645126761136, 0.9092748152362978, 0.8797788451766295]}