{"x": [2.3341733632858155, 2.335683014912161, 2.341029331472502, 2.346083236333953, 2.3534220167609727, 2.364128641501765, 2.377923200132931, 2.3872103466490207, 2.3956415250342045, 2.4091759998611377, 2.4189048278583183, 2.425996261673743, 2.4308578981528424, 2.434115899534996, 2.436589708788505, 2.4346768732598605, 2.4286996943894534, 2.4236620278687657, 2.4167552819455658, 2.4065750447268894, 2.39954705083791, 2.3911601526770636, 2.380709690266398, 2.372243846918869, 2.3600673333494875, 2.351571507830066, 2.3451459469886275, 2.340425546761338, 2.337027323137218, 2.3349168923154777, 2.3341733632858155], "y": [1.0421195548710447, 1.0155962922472057, 0.9895736212182228, 0.9765591866375074, 0.96468232831351, 0.9552314029377663, 0.9515351946144499, 0.9531966176437968, 0.9574306048817283, 0.9702957862129693, 0.9857791205928805, 1.0026342475327856, 1.0195669234839275, 1.0368798218870017, 1.071987771836056, 1.1038561873529715, 1.1352174401989534, 1.1509409833927482, 1.1659378082331318, 1.1795473971157457, 1.1845896575334038, 1.186705556269781, 1.1838456488004037, 1.1770839380889613, 1.1597019164214553, 1.1409124414972318, 1.121318167153499, 1.1018376582360898, 1.0820835578468657, 1.0621503638174792, 1.0421195548710447]}