{"x": [2.3099670126428578, 2.31186220023223, 2.3180860677447153, 2.327574298221827, 2.338243864257757, 2.350303337342006, 2.361831425688719, 2.37256243741706, 2.382331310166023, 2.3909628654837105, 2.3947146959260968, 2.398012220564342, 2.4007923647315574, 2.4029416122569955, 2.4043450411210285, 2.404864415669695, 2.4027770054391695, 2.3961100501253263, 2.3858366239521427, 2.3740136021937857, 2.3618630062356827, 2.3504257574247376, 2.3400274799086804, 2.330770795025537, 2.3228017048302303, 2.3193604776067365, 2.316334510263392, 2.3137725392229544, 2.3117718363380564, 2.310447896378254, 2.3099670126428578], "y": [0.8819145669635767, 0.8712285876589348, 0.8623378417461799, 0.8572462687586903, 0.8557933428560236, 0.8572770812126671, 0.861115772350423, 0.8667587791134757, 0.873939814084581, 0.8825943042247034, 0.8874267020693313, 0.8925798207228596, 0.8980649592270515, 0.9038266153322934, 0.9098206131123731, 0.9159547692925009, 0.927774535066054, 0.9377553091470249, 0.9438902592393926, 0.945733369239668, 0.9439853004307572, 0.939526369355454, 0.9330817324566711, 0.9250835260932242, 0.9158153779564233, 0.9107587913923576, 0.9054432825624696, 0.8998600969927869, 0.8940520986556733, 0.888046013092931, 0.8819145669635767]}