{"x": [2.3950671370930876, 2.397192221095646, 2.404082862398984, 2.4093837948990764, 2.415582874230892, 2.4222914812954364, 2.42921357806421, 2.442138193865675, 2.4543457704891876, 2.465458911766668, 2.475270341358424, 2.4835299660546415, 2.4899404587517795, 2.4941375644828256, 2.4956601537364427, 2.4951122720161245, 2.493382793165568, 2.4903877220173047, 2.486100636901408, 2.48051660901516, 2.473882660032555, 2.4665369143364555, 2.4588578532912573, 2.4456659476497875, 2.4334971450388916, 2.422794505620198, 2.4136138794797395, 2.406100952953978, 2.400289088611494, 2.396441375653943, 2.3950671370930876], "y": [1.0896754579214984, 1.0760811305735623, 1.0641714378617622, 1.0596592249843306, 1.056491991829091, 1.0547025660996243, 1.0541621685501503, 1.0559261808214309, 1.0605231913597895, 1.0672860237292376, 1.0758284859080545, 1.0858742053652588, 1.0971898345088447, 1.1095245024928786, 1.1224644195234743, 1.1300634151112972, 1.1374832406637405, 1.1445017332438767, 1.1508144656546193, 1.1561434986619699, 1.160089468900584, 1.1624452759662942, 1.1631813657887613, 1.1610442280670799, 1.155520282456203, 1.1476307932397851, 1.1380127563147326, 1.1272068380384044, 1.1153986134622569, 1.102788100600324, 1.0896754579214984]}