{"x": [2.260885475707903, 2.2628852350730626, 2.2701247797608692, 2.2831861128746422, 2.2990325507734584, 2.3086741120716234, 2.318086214973069, 2.327152058229626, 2.335833157697887, 2.3518414124368783, 2.365973171235037, 2.3779275014771017, 2.3873435948853907, 2.393674394060846, 2.3961120458586365, 2.3937870104881247, 2.3857578649533697, 2.371364846576432, 2.3624610148632663, 2.353103789373882, 2.3432402202491347, 2.333705423514542, 2.324684961778678, 2.316221410685087, 2.308388950402755, 2.3011087917175237, 2.288169514337301, 2.2774988211201674, 2.2690491953791656, 2.263205759421383, 2.260885475707903], "y": [1.0140151531383481, 0.9982320663099287, 0.984065420268426, 0.974685887946145, 0.9719537724265108, 0.9727339444631545, 0.9749656907851287, 0.9782943311140134, 0.9825261005327911, 0.993135759083122, 1.0061404685229258, 1.0211196599400996, 1.0378115553380183, 1.0559460249964636, 1.0749984752773531, 1.093275342539889, 1.1098579384882983, 1.1218058516193885, 1.1248543181157484, 1.1258611439679305, 1.1247585100966746, 1.1220028888304812, 1.1179063369102853, 1.1127566990153233, 1.1068238261890628, 1.1002249093412202, 1.0854596763470417, 1.0692759935277758, 1.0518295294686666, 1.0333026467596973, 1.0140151531383481]}