{"x": [2.2485012164341294, 2.250870892229765, 2.2598294785528785, 2.2683678026537573, 2.2803040044674887, 2.295673589053319, 2.313038768412525, 2.337350290726336, 2.358536399207224, 2.3754890384681144, 2.3884520486082326, 2.397526798226165, 2.4035895111615906, 2.4070091031329053, 2.4080944545802265, 2.404695581694992, 2.4004949110166764, 2.394532558892646, 2.38622919704217, 2.3751370034314414, 2.359512528090556, 2.337968968375793, 2.323416182274064, 2.3109568231792528, 2.2920876503988916, 2.2784338089595644, 2.267820292446065, 2.259795599099919, 2.253821793163009, 2.2499553124971334, 2.2485012164341294], "y": [0.8425008949297478, 0.8092457199608885, 0.7771323931840316, 0.7618699496566682, 0.7490882343124949, 0.7404774042740128, 0.7375073756352284, 0.7425174851523034, 0.7554519399929251, 0.773255774585327, 0.7941442611798766, 0.8161326905974021, 0.8391345518425342, 0.8626504655442877, 0.8863889115489106, 0.9295773278023777, 0.9508463978696678, 0.971690325830204, 0.9925296916054998, 1.0120281075626647, 1.0289077863140814, 1.0369652560934486, 1.033713661417146, 1.0255209315785536, 1.0030580094555066, 0.9779563527235343, 0.9514257322264984, 0.9248466532351676, 0.8977328783973622, 0.870233080909835, 0.8425008949297478]}