{"x": [2.2858803373751213, 2.28804494136548, 2.294897176707405, 2.304723591016281, 2.3155315148070628, 2.3273342840284017, 2.3387079076134643, 2.3494136357946562, 2.3592743368631695, 2.3681399594500516, 2.3754841424930735, 2.3784178168306007, 2.3807012317739633, 2.382201075566064, 2.382757073863461, 2.382200068565059, 2.380400602641361, 2.3773371010880577, 2.373142443399095, 2.362543597901853, 2.3506211021482373, 2.3387266589784166, 2.3274129748362946, 2.3169866064116347, 2.307589070071533, 2.2993691048757148, 2.292621636927201, 2.2899222097631755, 2.287801922291501, 2.286391668047598, 2.2858803373751213], "y": [0.8195676742340914, 0.808732699403917, 0.8000649972387257, 0.7953794138574342, 0.7940748475979572, 0.7953892785504691, 0.7988059694300211, 0.8039050919788961, 0.8104914598015598, 0.8185897968151054, 0.8280895495312861, 0.8333800935798921, 0.8389820858724011, 0.8448511716169294, 0.8508832993319748, 0.8569679182978314, 0.8628069905915746, 0.8681026469723505, 0.8725561697513163, 0.8782732141942167, 0.8799685660873393, 0.8784383697022307, 0.8744609546585876, 0.8685971504241263, 0.8611958215324129, 0.852451515314411, 0.8425266780190981, 0.8371259233750008, 0.8314726554017773, 0.8255927125167295, 0.8195676742340914]}