{"x": [2.1985091792577527, 2.1998444367982635, 2.204694147427083, 2.2093326451864512, 2.2160660265654344, 2.225655165815845, 2.237509264327942, 2.24656730305466, 2.2548684443927454, 2.2684965101825187, 2.2785884591473295, 2.286105202141036, 2.291361619226561, 2.294936105765274, 2.29701210003453, 2.2977003967863503, 2.296015038858657, 2.290621500432175, 2.2859954844759955, 2.279602675543753, 2.2702219782906825, 2.256699308082023, 2.2466375375015764, 2.2382759945021435, 2.2259274574273644, 2.217131013743445, 2.210381801772924, 2.2053525239835357, 2.201676250641514, 2.1993504518031943, 2.1985091792577527], "y": [0.9173326675894832, 0.8946912542942084, 0.8725350629355011, 0.8615298511561361, 0.8516661843441692, 0.8441726036692804, 0.8414183902860507, 0.8429631745040813, 0.8469034126111163, 0.8589741385734739, 0.8737203354117763, 0.889931329516669, 0.9063686843195752, 0.9232518001302951, 0.9403758897429597, 0.9576116213737896, 0.984967603066, 1.0118395197994792, 1.025285359889968, 1.0379866446014316, 1.0491930433114935, 1.0547354474315904, 1.0521599778185908, 1.045999063145456, 1.0297738813045527, 1.0119874358671836, 0.9933277681167155, 0.9747020877462902, 0.9557628528446682, 0.9366089308920205, 0.9173326675894832]}