{"x": [2.1285516009974605, 2.130269486779138, 2.136841346974053, 2.1528381510071686, 2.166768773004888, 2.1842311012011377, 2.19814899069119, 2.2108431612561312, 2.2219092574448576, 2.231500059333774, 2.246580558088142, 2.2576228670283567, 2.2651826838703273, 2.2702139819450426, 2.2730644428897135, 2.273972003652309, 2.271383950887403, 2.263461927997609, 2.2568688137292745, 2.247866658214199, 2.234510859926529, 2.2132756416764368, 2.197189361989455, 2.1849241696058668, 2.1676366100971247, 2.155376108812329, 2.1458630100864813, 2.138623574391077, 2.133232730724488, 2.1297520892384365, 2.1285516009974605], "y": [0.9494953076505299, 0.9161735882303783, 0.8834612240502598, 0.8522903982535521, 0.8409486981915668, 0.8367340234110134, 0.839150428501335, 0.8453475806768125, 0.8539694820662416, 0.8642072644215539, 0.8871232996214202, 0.9122357173710292, 0.9375826947890639, 0.9635501000232778, 0.989832202231849, 1.0162528448728045, 1.0612486625591537, 1.105617155656291, 1.1279090801900518, 1.1493417713709697, 1.1692235019029704, 1.1803016814790102, 1.1748374620552038, 1.1630819891224438, 1.134771848542524, 1.1049258793950645, 1.0740940335415015, 1.0434095236538354, 1.0123468872429224, 0.981006009339211, 0.9494953076505299]}