{"x": [2.255494757480256, 2.2573004524828084, 2.2633607402890186, 2.27288528517325, 2.283706027141974, 2.2964620968562333, 2.3085891630341617, 2.3198077033738715, 2.3299654428335086, 2.3388765893235117, 2.3461233274233058, 2.3489733446397145, 2.35117581535285, 2.352616154198525, 2.353153672185161, 2.351168717268034, 2.344673716974044, 2.3343452500647754, 2.322295872769422, 2.309416084978776, 2.2973810344351957, 2.2865277323953457, 2.2815629795765466, 2.276922255334939, 2.2687037109835106, 2.2651614355556626, 2.2620487897337123, 2.259414104860873, 2.2573547927007214, 2.255989690883133, 2.255494757480256], "y": [0.8855819350215584, 0.8747543428003242, 0.8656017366437438, 0.8602481450650767, 0.8587350550845385, 0.8604408655040782, 0.8647491563088624, 0.8709868317443045, 0.8788344155292505, 0.8881795742731049, 0.898867198453769, 0.9047014783338372, 0.9108097139719387, 0.9171478427720069, 0.9236253057854601, 0.9356680929268938, 0.9460017147187912, 0.9525114774016785, 0.9544778816524883, 0.9524861294994594, 0.9474847728250528, 0.9403673868402557, 0.9361814456596954, 0.9316389185401021, 0.9216435821961435, 0.9162234504193025, 0.9105456885651778, 0.9046022709841203, 0.8984358287076496, 0.8920718411491066, 0.8855819350215584]}