{"x": [2.2078273010073266, 2.209429498516022, 2.2155471347042512, 2.2272654124898112, 2.2420026256544094, 2.252089774345463, 2.2618531066700682, 2.2711584816251014, 2.2799887030334753, 2.288272496273957, 2.2960586802886205, 2.310071023889809, 2.321770269589758, 2.3309253619027284, 2.3370443833835783, 2.339318895081785, 2.3372901374628787, 2.330416576664226, 2.3175021384348096, 2.300548362571144, 2.2902708268332868, 2.2804400488547927, 2.2712573205450957, 2.262723754428231, 2.254897338799234, 2.2476562356031446, 2.2348339452012906, 2.2242897507418156, 2.2159176092563797, 2.2100905499952397, 2.2078273010073266], "y": [1.0166313587580968, 1.0019781853275873, 0.9885671057323451, 0.9792083757684649, 0.9764301733032793, 0.9774145370175403, 0.9801342580614498, 0.9840892926270697, 0.9890146851340798, 0.9946928700261339, 1.001036240786952, 1.0154034324435781, 1.0315633938101307, 1.049289109199283, 1.0683209340730069, 1.0881824390120067, 1.1051281488614617, 1.1207495156942777, 1.1324521026993322, 1.1364897680342594, 1.1351405743562213, 1.1318536504505998, 1.12710626835697, 1.1212720258798587, 1.114682684650885, 1.107455055445313, 1.0915325033765033, 1.0743617988713159, 1.0560336681168845, 1.0366983844247595, 1.0166313587580968]}