{"x": [2.2013015634414037, 2.203974108680781, 2.2128797302379133, 2.2261929382562125, 2.24094698215286, 2.25985595816266, 2.2779773459182326, 2.2949706604687203, 2.310614592538977, 2.324683358128001, 2.3308815328724437, 2.3363856470695854, 2.3410864880178113, 2.344769904944855, 2.347219931961474, 2.348174987690171, 2.3451517498411603, 2.3353008445710977, 2.3201792126245717, 2.3028161239629203, 2.2836814650104995, 2.265727333016174, 2.2494404199516, 2.2349100263862725, 2.222313699465115, 2.216816788525861, 2.2119336415601887, 2.2077398289026995, 2.204405276534162, 2.2021458169279637, 2.2013015634414037], "y": [0.8044430682456021, 0.7896539654284195, 0.7775481831375118, 0.7709529191946326, 0.7692044333037695, 0.7714834946269632, 0.777345132628943, 0.7858518636885921, 0.7966409601342732, 0.8097310637089822, 0.8170859455921482, 0.8249736819330004, 0.8334361408402671, 0.842388434184392, 0.8517674716367404, 0.8614140691959735, 0.8788101645424149, 0.8934636203039215, 0.9024330083519155, 0.9051964892744684, 0.9023027891076836, 0.8950807521227984, 0.8847671051288302, 0.8720981464373725, 0.8575451114974831, 0.8496374354476989, 0.8413366977639711, 0.8326136806569437, 0.8235274354171823, 0.8141003301497609, 0.8044430682456021]}