{"x": [2.1856417868356446, 2.1875859066269654, 2.194718877507634, 2.2119390672193684, 2.226638431245282, 2.244763567578834, 2.2586267942870886, 2.271409929636084, 2.2925226204212437, 2.3080984831900566, 2.319527943011772, 2.327341153410536, 2.3325296927542376, 2.3354611208012703, 2.3363948478405794, 2.3335860997299536, 2.3250407983091117, 2.317969261143175, 2.308360801529257, 2.2942158718917987, 2.284284375203985, 2.2721350475568904, 2.2559767411674922, 2.2434359999080797, 2.2256530636791827, 2.213061565139485, 2.2033162025922755, 2.195930064925339, 2.1904472826418213, 2.1869210557680763, 2.1856417868356446], "y": [0.9637695482489356, 0.9291950171492912, 0.8953084633419357, 0.8633087540464401, 0.8519071233032482, 0.8477180996388863, 0.8499326332674871, 0.8557364823873324, 0.8738631853582769, 0.8963179442730166, 0.9211411420342995, 0.9462894041823232, 0.9721072353321298, 0.998261716579602, 1.0245633954905646, 1.071000280207396, 1.1167304797672077, 1.1396685670792635, 1.1616649302166646, 1.1819374057241496, 1.1896971243584111, 1.1930499884276067, 1.1878761780024099, 1.176448624092933, 1.1484663473306636, 1.1187876490759683, 1.088056575642196, 1.0574703987769416, 1.0264863973681642, 0.9952140561108463, 0.9637695482489356]}