{"x": [2.2473706640643987, 2.2494351096709955, 2.257070448992865, 2.2644980735772084, 2.275310565678266, 2.290363908567219, 2.3084175992228704, 2.322059581293834, 2.3348078391343736, 2.356330180482788, 2.3725423352789283, 2.38454848405242, 2.39279118922392, 2.3982709353920644, 2.4013649014201244, 2.4023481788253616, 2.3993715674000717, 2.3903520932869466, 2.3829013143363427, 2.3728102710370047, 2.3580930340026085, 2.335906347364484, 2.319972891577082, 2.3072398182534903, 2.2888909775067123, 2.27584005285646, 2.265729108672306, 2.2580701796555496, 2.252379442083396, 2.248712459150319, 2.2473706640643987], "y": [0.9321095096908816, 0.8976689865691159, 0.8640220972329026, 0.8474236604791608, 0.8328028628197144, 0.8221183431354478, 0.8182678435930637, 0.8202035554082665, 0.8254316121301385, 0.8423003158480247, 0.8637846836079177, 0.887873361712063, 0.9124732719625855, 0.9378320999088993, 0.9635729888767196, 0.98948050045504, 1.0353764970183628, 1.0804758518124213, 1.1030404416817559, 1.1245542899677534, 1.144083284281055, 1.1543657752651144, 1.1497213923074003, 1.1390764803715012, 1.1122650560739247, 1.0834918135151916, 1.0535586391216334, 1.023730175053793, 0.9934644854331178, 0.9628819071405464, 0.9321095096908816]}