{"x": [2.2641855802298623, 2.2656176463155546, 2.2707605574629084, 2.275652490820727, 2.282738979912552, 2.292857389194886, 2.305454290597943, 2.3145998293583987, 2.322983811846305, 2.3367127059684707, 2.3468140884752198, 2.3542886441161097, 2.3594794745410663, 2.36298939434049, 2.3650159704100617, 2.365683017342381, 2.3638782314930613, 2.3581615444164155, 2.353289149700867, 2.34657916435417, 2.3367272568444966, 2.322374959675045, 2.3121814278816335, 2.3037476742986596, 2.2913483037653304, 2.282561764467611, 2.275852029164721, 2.2708783766071274, 2.2672638844313173, 2.2649947957892933, 2.2641855802298623], "y": [0.9583365842939187, 0.9342430582678347, 0.9106613010268274, 0.898940285644883, 0.8884001297678306, 0.8803159772330097, 0.8773070233196505, 0.8788571965764832, 0.8828261704977473, 0.8950434765409232, 0.909981580347872, 0.9263924271226758, 0.942998531090634, 0.960039301979796, 0.9773110034715677, 0.9946883948574091, 1.0237332576149387, 1.0522671110776827, 1.066551636503808, 1.0800706598990404, 1.092071973703494, 1.0979967674190498, 1.0953404002971496, 1.089028809593431, 1.072486269328025, 1.0543914282128597, 1.0354281479064724, 1.0165167799028567, 0.9972992747098604, 0.9778755992032854, 0.9583365842939187]}