{"x": [2.2811864575772236, 2.2835988472832125, 2.2920077704733552, 2.3065170360967087, 2.3237525949298514, 2.3333907549285273, 2.342837579711998, 2.3519862240785794, 2.3607892678701736, 2.3771383355086306, 2.391658256992529, 2.4040118717722962, 2.413734262291143, 2.420228692493016, 2.4226827127974593, 2.4199244607876884, 2.4107284138733767, 2.4035175847703973, 2.3948521123441893, 2.385192672498598, 2.375075211448618, 2.365183819009301, 2.3555729567834285, 2.34642244217908, 2.337794518664773, 2.3222995278107614, 2.309001514120254, 2.2980356060141145, 2.2893919641038876, 2.2834722733660975, 2.2811864575772236], "y": [1.0169239544422368, 0.9997451181602216, 0.9845720482374892, 0.97486233568765, 0.9720815411179592, 0.9727775945593392, 0.9748113398884668, 0.9778852576407496, 0.9818416555096783, 0.991933166757512, 1.0045149985801602, 1.0192425243377952, 1.0358252543804551, 1.0539652558189618, 1.0730758565468672, 1.0928822269604515, 1.1106398446007564, 1.1178320547169522, 1.123183085490413, 1.1263796869216296, 1.1274567295126023, 1.1264498958741473, 1.1239033912816916, 1.1200487770233118, 1.115134623542133, 1.1029716972772963, 1.0884391700099267, 1.0723481080222395, 1.0548993008706995, 1.0363042216340712, 1.0169239544422368]}