{"x": [2.2860994456488797, 2.2878554429895575, 2.2941012012639743, 2.299939871150669, 2.3081412212237016, 2.3190729979205846, 2.331811554391557, 2.34051176713583, 2.3487294965430823, 2.362900878609649, 2.3738576225120775, 2.3821387337925635, 2.387950228601952, 2.3918862375597056, 2.3941519758511984, 2.3948921590328944, 2.3927275705308495, 2.3859793815178914, 2.3802986810057147, 2.372595916244553, 2.3617179920462323, 2.3471049711785654, 2.3373280400742256, 2.328775965772396, 2.3155848409195783, 2.306050337594825, 2.2987458292346576, 2.293345188076236, 2.2894250938696574, 2.2869709844155337, 2.2860994456488797], "y": [0.9024641763584574, 0.8781530214631795, 0.8545923278702436, 0.8432004347545208, 0.8333717445169853, 0.8264134451933641, 0.8240362934810231, 0.8252325451740715, 0.8283299058727829, 0.8385193025348249, 0.8518097886239572, 0.8669131145288377, 0.8825125346315549, 0.898687305509224, 0.9151677884711164, 0.9317868142404053, 0.960694799589375, 0.9888873341573207, 1.002833038078306, 1.0157721428075766, 1.026709459356205, 1.0316504865035137, 1.0296393095736205, 1.024491956894977, 1.009890888082967, 0.9932360382391117, 0.9754896319948226, 0.9576845196730829, 0.9394960120068845, 0.9210511556531447, 0.9024641763584574]}