{"x": [2.265519759372453, 2.267952393460281, 2.276485212577246, 2.2900017801645394, 2.3053464649562376, 2.324110365899446, 2.341974019151151, 2.3585568269257093, 2.3736354902367043, 2.386933049073192, 2.397774554749775, 2.4053398874188603, 2.407502381751505, 2.4083350584024363, 2.4054864461012997, 2.396047230579795, 2.3808484445432905, 2.3629145057567094, 2.353290741976731, 2.3438835264010183, 2.334834620621512, 2.3262023387568145, 2.310384552420322, 2.303183304190002, 2.2964673039327064, 2.284620042551326, 2.275017644440665, 2.2712008679967988, 2.2682021470890152, 2.2661974908284077, 2.265519759372453], "y": [0.8821473158361718, 0.8667835392266634, 0.8537776044955765, 0.8462301553526161, 0.8441802196095068, 0.8465816244843486, 0.852805820535431, 0.8618025918832312, 0.8731412567572893, 0.8867187979120232, 0.9023276559574714, 0.9198508570400059, 0.929170250402132, 0.9387009441844205, 0.956658289167041, 0.9721979816094808, 0.9822400033608677, 0.9854367419235146, 0.9845404457163238, 0.9823213307359951, 0.9789507798359782, 0.9746233072497665, 0.9637488261868524, 0.9573942761450775, 0.9505288830134273, 0.9355503928747108, 0.9190426153259691, 0.9102403878841384, 0.9011269547616874, 0.8917309022776053, 0.8821473158361718]}