{"x": [2.286260057874148, 2.2885302978431707, 2.2968165044934934, 2.3120124764785293, 2.3307902638363758, 2.3409374075216447, 2.3508482205089165, 2.36039098424315, 2.3695119564430587, 2.3862464966577237, 2.4008546761073766, 2.412990091351523, 2.422340420430605, 2.4284413270086374, 2.4306922885496527, 2.4279575872513726, 2.4188153448997576, 2.41142262911311, 2.4023009316791484, 2.3918648023932576, 2.3807836198413637, 2.3703177251870153, 2.3602157794542493, 2.350695969182223, 2.3418142645887188, 2.326128231470701, 2.312903945031425, 2.302215822835922, 2.2939166399924105, 2.2883243848418586, 2.286260057874148], "y": [1.1060817022713516, 1.0873761237022201, 1.0704530200131495, 1.0588842945008823, 1.0553989427981587, 1.0562164695749683, 1.0585421223718459, 1.062045409714962, 1.066533753287409, 1.0778764269385774, 1.0918514823917733, 1.1079104283718135, 1.1257353938767058, 1.1449471471676294, 1.1649782654021676, 1.1865600091138475, 1.206300061231605, 1.2146519856487876, 1.221070826984709, 1.2250258751092031, 1.2263535020863623, 1.2251992281456285, 1.222229717805787, 1.2177771603518204, 1.21215867487885, 1.1984867574049347, 1.182421539990748, 1.1649518743648175, 1.1462289275540773, 1.1264917251085502, 1.1060817022713516]}