{"x": [2.1906001941294577, 2.1924969502235685, 2.1996516582315686, 2.216937469007881, 2.2318810467206642, 2.2505773609084576, 2.2644931030047664, 2.2772657386576487, 2.298167960344798, 2.313421834330906, 2.3245390094883036, 2.3320982920816378, 2.337102252261613, 2.339922368521881, 2.340883327387129, 2.337984550498322, 2.3293895788048893, 2.322300272670278, 2.312678158835993, 2.2984903396155936, 2.288435133603849, 2.2759559257322746, 2.2597050492646527, 2.24724259327199, 2.229703311839248, 2.21733203205662, 2.2077822120404997, 2.200560421849332, 2.195215082094766, 2.1917878536288544, 2.1906001941294577], "y": [0.994825700834765, 0.959108339922852, 0.9240635441963442, 0.8907491688630369, 0.8786349105422435, 0.8741057157669855, 0.8764004810167778, 0.8823815849384085, 0.9009249569609749, 0.9237050254365726, 0.948765364776987, 0.9740596738423818, 0.9999808082106691, 1.0262130346703324, 1.052578908803609, 1.1004428307370988, 1.1476178706617808, 1.1712967114820643, 1.1940642473483503, 1.2152029097175652, 1.2234316008476804, 1.2270493206477038, 1.22165724653676, 1.2099161801535576, 1.1814491189952634, 1.1513847198057043, 1.1203087226415112, 1.0893997580106516, 1.058111650189545, 1.0265503315509474, 0.994825700834765]}