{"x": [2.3064212310533536, 2.309126498644004, 2.318306053486989, 2.3326841476053395, 2.3489308442537067, 2.368076769803997, 2.3863491171589195, 2.403356306356978, 2.4188472964872862, 2.432534258373037, 2.4436841891106775, 2.4480628800989472, 2.451437159297193, 2.4536392850279864, 2.4544780399154096, 2.4513851729880782, 2.4412966654392996, 2.4252205687753814, 2.4062905313749074, 2.3868163375017035, 2.368682167408892, 2.35243652173195, 2.345039729565682, 2.3381434065157354, 2.32598845279662, 2.3207560813568913, 2.3161566619218386, 2.3122591143622597, 2.309204071644863, 2.307169356885961, 2.3064212310533536], "y": [0.8903372519708507, 0.874085847507844, 0.8604051168021437, 0.8525512605318069, 0.8504399820548603, 0.852836962276478, 0.859036422051421, 0.8680524728604722, 0.8794788844315929, 0.8932433441891816, 0.9091327218556001, 0.9178588555513694, 0.9270203283554265, 0.936541130745417, 0.946277224732345, 0.9652340141298961, 0.9815786678592208, 0.9921337107250805, 0.9955253914094055, 0.9924386843497309, 0.9846976338700913, 0.9736784086550601, 0.9672164568911876, 0.9602228824588706, 0.9449358193211458, 0.9366825930689222, 0.9280605982119219, 0.9190586252527763, 0.9097369779664193, 0.900129393897974, 0.8903372519708507]}