{"x": [2.16337718476058, 2.164526410909012, 2.1687769329876665, 2.1789930004114155, 2.1883714747992586, 2.2011946627079264, 2.2115474732887006, 2.220560926167593, 2.228076274085828, 2.2344350946774028, 2.2442512074865775, 2.2514484328001054, 2.2564586110179103, 2.2598615610290205, 2.2618416680974573, 2.262501642514148, 2.2609747745950304, 2.2560395696400657, 2.2517845179663323, 2.245841314787204, 2.2368175319697006, 2.222345366262552, 2.2110133565893837, 2.2023593872023692, 2.1901703390288194, 2.18159819613773, 2.1750314488010756, 2.170113518068655, 2.166512234504754, 2.1642230249487704, 2.16337718476058], "y": [1.0670694350185377, 1.0422654463399172, 1.0178013576144354, 0.9938739242603828, 0.9842728196247164, 0.9803101382184657, 0.9826269728256964, 0.9882221561755631, 0.9955385442554937, 1.003879730595123, 1.021791558499625, 1.0409067251834196, 1.06001264774661, 1.0794692171766682, 1.0991155514523865, 1.1188503863451602, 1.1492659957851927, 1.1793173580721759, 1.1944753400938122, 1.209054373658695, 1.2225620682636225, 1.2299406107770392, 1.2260670007843701, 1.2177888300047413, 1.19782555773903, 1.1767470988870232, 1.1549603852583565, 1.1332947985261215, 1.111371877921575, 1.089271726281005, 1.0670694350185377]}