{"x": [2.160258965435214, 2.162098964335242, 2.168917013669965, 2.180938063670524, 2.19526644653172, 2.2050695470291988, 2.214633546456887, 2.2238467147823635, 2.23268047274272, 2.2410680873709814, 2.2490315455054652, 2.263579833931015, 2.276048276965049, 2.2860026489214804, 2.292793535573506, 2.2953568848194106, 2.2930478636382756, 2.285380716559603, 2.271954613213647, 2.255323475481772, 2.2453682445275795, 2.2357459752626414, 2.2266292236367495, 2.218049105286507, 2.2100740491010282, 2.202625680589334, 2.1892774062198437, 2.17810024734598, 2.169109991852146, 2.1627616175975, 2.160258965435214], "y": [0.929233975931443, 0.9149413513757785, 0.9022457255183984, 0.8941135591690881, 0.8918037502523694, 0.8926282598578104, 0.8949327143269428, 0.8983342296935966, 0.9026257909107986, 0.9076411980714832, 0.9133059772092783, 0.9263356074323444, 0.9413687972013853, 0.9581726463222852, 0.9765498171808504, 0.9959731482785043, 1.0125763356104798, 1.0274831214501436, 1.0378603209674486, 1.041229561033343, 1.0400978446778648, 1.0373051149283894, 1.0331953111574872, 1.0280584622849438, 1.0221571947648571, 1.015603700580899, 1.0009467333007722, 0.9848202944971568, 0.9673799328284888, 0.9487531168385919, 0.929233975931443]}