{"x": [2.3045431346972074, 2.3061674286645157, 2.311668620348385, 2.3205410131457795, 2.330740508248182, 2.336915456891059, 2.3429805118667453, 2.354560025785138, 2.3652053034796725, 2.374786974781927, 2.3831259573801913, 2.389871651115719, 2.394553370705886, 2.3963838385086698, 2.3946137278150883, 2.3887305580959226, 2.3791420394832445, 2.3678299632311135, 2.3615807741838815, 2.35547641583137, 2.349602175907663, 2.3439921421046206, 2.3386946587837474, 2.33369282879459, 2.328997043322681, 2.324616276969245, 2.3168892196637256, 2.310653762012641, 2.3081926324204693, 2.306272611011731, 2.3045431346972074], "y": [0.9116654492293021, 0.9014671015840993, 0.8927274496664321, 0.8874756158103052, 0.8859684952246557, 0.8864362896946847, 0.8876868617838769, 0.8920095148613343, 0.8982160352396761, 0.9059642226055109, 0.9150997094925896, 0.9254675138630726, 0.9369674173552925, 0.9492481203593678, 0.9605488471573655, 0.9703584359400826, 0.9766570126224082, 0.978567166614836, 0.9780159769262803, 0.9765692623984814, 0.9743888201952996, 0.9715980239627864, 0.9683124189495582, 0.9645921734472487, 0.960494376184391, 0.9560614054240234, 0.9463598329786995, 0.9356384995543449, 0.9299159703151677, 0.923989924622407, 0.9116654492293021]}