{"x": [2.363911305834246, 2.364577923267834, 2.3665550854224793, 2.3699386841446133, 2.374606055083503, 2.386314545174493, 2.3993279573526904, 2.4114727879956335, 2.423185142325753, 2.4341869220774277, 2.4442483754068443, 2.453166576953435, 2.460385491505693, 2.4653214064260016, 2.467161666204486, 2.4664741183345913, 2.4643408432156035, 2.4607664142759935, 2.4558890679601233, 2.4499974771811894, 2.443364370855661, 2.4362973719691072, 2.4290377826091274, 2.416699834728004, 2.40498274203729, 2.3942598621129676, 2.384719050642917, 2.376550449839077, 2.3700242257276822, 2.3655556293179827, 2.363911305834246], "y": [0.9348345157519095, 0.9281987895418627, 0.9218294825974845, 0.9160646465294258, 0.9112794899256325, 0.9053529725881857, 0.903660799003051, 0.904971481948789, 0.9084407120039659, 0.913717660148183, 0.9206207389048752, 0.9291599366403831, 0.939176896732094, 0.9505529129169742, 0.9628162910929446, 0.9701136152043428, 0.9771259470937286, 0.9835324472260256, 0.9890125274357039, 0.9933077160373139, 0.9963344944408409, 0.9980811055600134, 0.9986209999836122, 0.9970652860640346, 0.9928993596851705, 0.9866600361572662, 0.9787302046048159, 0.9693792683967746, 0.9588163878281419, 0.9471854018827192, 0.9348345157519095]}