{"x": [2.3178718393124247, 2.319596225371752, 2.325743767734878, 2.3314158114922643, 2.3392247172716067, 2.349269600241708, 2.3606715629039337, 2.3685319818008703, 2.3760364621833525, 2.3892577929255707, 2.3997468207187937, 2.4077974197125154, 2.413511001013106, 2.4174012722570426, 2.4196483273761573, 2.420383650298041, 2.4182993721392574, 2.4118032838706776, 2.406348430838662, 2.3989973393559585, 2.3888357835321354, 2.3757139864954024, 2.3669172062727903, 2.359037841871652, 2.3465399127621662, 2.33734324780924, 2.3302474248768923, 2.324979795883228, 2.3211416018743147, 2.3187295301482136, 2.3178718393124247], "y": [0.8006311721111286, 0.7788044865372276, 0.7577905522716714, 0.7478268935209963, 0.7394323973112789, 0.733700694492676, 0.7317648901293625, 0.7327042331942668, 0.7352244166831913, 0.7437827382036885, 0.7553020259167743, 0.7686399998748442, 0.7826019509795761, 0.7971775085873652, 0.8120833324274587, 0.8271396314833618, 0.8528944951121467, 0.8779036544980058, 0.8901740489994416, 0.9014114622620513, 0.9106251489862572, 0.9146211072366977, 0.9130386837808011, 0.9088193209245415, 0.8963471001159444, 0.8817488226665766, 0.8660218506866346, 0.8501527810805195, 0.8338787664520214, 0.8173314027280064, 0.8006311721111286]}