{"x": [2.1446290975825666, 2.146466566075661, 2.1533278956727377, 2.165387312914934, 2.179698590433104, 2.1897335799554636, 2.1995230847432783, 2.208956682340608, 2.2180083017593653, 2.226611524952507, 2.234789646087862, 2.249762570501989, 2.262649886051887, 2.272985952531716, 2.2800820381402063, 2.282791682210274, 2.2804757047256734, 2.2727273744257532, 2.25918770676421, 2.2424760841054905, 2.232284948079016, 2.2224344030323295, 2.2130990199649427, 2.204308381383721, 2.1961309424904996, 2.1884861926774124, 2.1747606533190527, 2.1632271556462173, 2.153909491896478, 2.1472846330946096, 2.1446290975825666], "y": [0.9098347249910347, 0.8955590539503161, 0.882906258595684, 0.874880960324288, 0.8726399131663362, 0.873489922934996, 0.8758540564612703, 0.8793298661531532, 0.883705046439782, 0.8888114693534324, 0.894574223814585, 0.9078242830131442, 0.9231291744397812, 0.9402606756404448, 0.9590390237939868, 0.9789296904331973, 0.9956161411311325, 1.0105749100031736, 1.020925870772727, 1.0242705168452502, 1.0231025453166767, 1.0202406974372724, 1.0160365693437574, 1.0107878796619525, 1.0047622602631259, 0.9980737330495173, 0.9831204474954107, 0.9666625650501484, 0.9488562570274793, 0.9298174981725658, 0.9098347249910347]}