{"x": [2.2652602459717874, 2.2666123811025636, 2.2714946077032456, 2.276143440398659, 2.2828793052875556, 2.292479307919243, 2.3044073662318603, 2.313267090319652, 2.321393898418649, 2.3347153437544286, 2.344536380848605, 2.3518196413793855, 2.3568885493645295, 2.360323864380739, 2.362311772978199, 2.3629685740696766, 2.361264812009938, 2.355841844822134, 2.3512093846202275, 2.3448213244453853, 2.3354521653167617, 2.3218863175670856, 2.312042220390053, 2.3038613360447386, 2.29180596055053, 2.283245944591248, 2.2766977886887902, 2.271834632484693, 2.2682924491748544, 2.266061637346714, 2.2652602459717874], "y": [0.9203366356289194, 0.8975007011828393, 0.875151830185468, 0.8640503132756808, 0.8540761743490982, 0.8464384454159092, 0.8435720227889953, 0.8450417072187603, 0.8488639674606826, 0.8606574422797018, 0.8750897576898021, 0.890954769941375, 0.9070184343605572, 0.9235088483478819, 0.9402275920939978, 0.9570512892312615, 0.9845871876879064, 1.0116375099752815, 1.0251715179959386, 1.037970805000615, 1.049300539820037, 1.054967268037315, 1.0524246767921706, 1.0463877776875519, 1.0304762870208588, 1.0130384549270774, 0.9947498378215889, 0.9765038892619101, 0.9579561706823275, 0.9392040101046542, 0.9203366356289194]}