{"x": [2.213142622220156, 2.214283826686378, 2.21849144840208, 2.228574595535547, 2.2381030207403825, 2.2519636591717345, 2.262792890507939, 2.271937306304467, 2.285551087206715, 2.2949633042654356, 2.301791558775503, 2.3065170868889653, 2.309710205661573, 2.3115602165282763, 2.312174338572665, 2.3106353720489006, 2.3056891097298426, 2.301456653178508, 2.2955547611047638, 2.2865560549129555, 2.279910071630591, 2.2712929153688437, 2.259428144362443, 2.2507714880243936, 2.238867486882923, 2.2305780686544705, 2.224261942515533, 2.2195479379389926, 2.216113408760885, 2.2139424220772477, 2.213142622220156], "y": [1.1724826279135414, 1.1452982874964195, 1.1184173159543556, 1.0918167769802747, 1.080591595288118, 1.075623870136563, 1.0783908619667126, 1.0848180040113042, 1.1020848406363255, 1.1213315378712518, 1.1416391749755315, 1.1618312638659414, 1.1823216289728238, 1.2029711429524055, 1.2236942658327645, 1.2570472044951397, 1.2900672200076817, 1.3067348193783048, 1.3228869160591818, 1.3381696410289978, 1.3443511436327478, 1.3472015271490987, 1.3426596156626422, 1.3333610108194396, 1.3116588535683968, 1.2890528731018376, 1.2658181715109478, 1.24275094144334, 1.21945881935315, 1.1960140807387676, 1.1724826279135414]}