{"x": [2.253582165099397, 2.2554984809235816, 2.2627566145246205, 2.2698765105800742, 2.2804875935320386, 2.296343038115768, 2.316968957095259, 2.3317259054029127, 2.3451112606020548, 2.366564582715213, 2.3818947626537708, 2.392944415589502, 2.4004015706228556, 2.4053165676087906, 2.408958344966932, 2.40597704583093, 2.396973200430671, 2.3895925581066115, 2.3795971526745316, 2.364826967874971, 2.354168223387378, 2.340501371314057, 2.3233105711418722, 2.310511344348454, 2.292784413830423, 2.280366536261406, 2.270817687787895, 2.2636113577493755, 2.258287546170774, 2.2548671965998017, 2.253582165099397], "y": [1.095940116674953, 1.0563405364214036, 1.0173646654340252, 0.9977279089711568, 0.9797362430447064, 0.9653896727228707, 0.9597513512351781, 0.9623438133159438, 0.9690758746041204, 0.9895378137359719, 1.0141855031654539, 1.04102629639443, 1.067944179703087, 1.0954400777178492, 1.1511237126672222, 1.2040488487878416, 1.2562876173982584, 1.2825333647444956, 1.3078987940751134, 1.3317809039004733, 1.3414029790877133, 1.3458086934868394, 1.3396069183825987, 1.3265621716049016, 1.2956496133743316, 1.2633031319653083, 1.2299967056230339, 1.1969113514655452, 1.163471422000517, 1.1297801606528604, 1.095940116674953]}