{"x": [2.261812239614864, 2.2652777445266836, 2.2759110005085663, 2.2901942962888384, 2.3055398886670084, 2.3231694232285194, 2.340302656279616, 2.3566609425935607, 2.3720036371374085, 2.3862064082503904, 2.3983014499452744, 2.4032652966731387, 2.407192982202409, 2.4098169883993323, 2.4108186602275516, 2.409889498525682, 2.4068681384975465, 2.40185542743466, 2.39519457791546, 2.37903751853341, 2.361184358330333, 2.3434279882917446, 2.326434880474607, 2.310646413179544, 2.2962821363645216, 2.283533872156721, 2.272882330517127, 2.2685320803481592, 2.2650566543322546, 2.262694343115271, 2.261812239614864], "y": [0.7563532547621954, 0.7409497983210019, 0.7292788916786993, 0.7234641383309242, 0.7219355149615951, 0.7236033531450022, 0.7280793444629491, 0.7348089538428617, 0.7436113908729912, 0.7547148860861169, 0.7680833669135958, 0.7757213567619394, 0.7839403560711187, 0.7926825355286178, 0.801754898161205, 0.8109183730715069, 0.8196191774872115, 0.8273459407847701, 0.8337070119947989, 0.8416825008943014, 0.8441163582903849, 0.8419672782102908, 0.8363868204465335, 0.8280599443850732, 0.8174637131658327, 0.8048307286985711, 0.7903858265679935, 0.7824606055858131, 0.7741146354111139, 0.7653691374963941, 0.7563532547621954]}