{"x": [2.295219699452629, 2.296873317108904, 2.3027723496364714, 2.308295741338054, 2.316086373042708, 2.326570919150721, 2.3389043927082542, 2.3473832771379537, 2.3553666566451414, 2.3690349468004954, 2.3795116943363555, 2.387393372695435, 2.3929061574500863, 2.396636133271375, 2.398784017787828, 2.399486382948621, 2.397451216207702, 2.3910880425995664, 2.3857225368747326, 2.3784300672653127, 2.3680736029968568, 2.3539908850538116, 2.344455837726424, 2.3361618276614617, 2.323461216946801, 2.3143191862390977, 2.3073226396515385, 2.3021525372297176, 2.2984006386669953, 2.296051616768072, 2.295219699452629], "y": [0.890827805377627, 0.8672679590656589, 0.8443987171710221, 0.8332915409903118, 0.8236383924759215, 0.8167049537383188, 0.8142793177753663, 0.8154544878642552, 0.8185428786352291, 0.828660285880297, 0.8417490854949711, 0.8565463170106048, 0.8717689041813954, 0.8875234348407338, 0.90355982095186, 0.9197241573311254, 0.9477374472841802, 0.9750942807867985, 0.9886529558360788, 1.0012801569420602, 1.0120520706332075, 1.0170488227833514, 1.0150829140464004, 1.0099847455772504, 0.9956156481195766, 0.9793153578361157, 0.9619854840733381, 0.9446204767861085, 0.9268948824572094, 0.9089282445072725, 0.890827805377627]}