{"x": [2.241325235098758, 2.2432472351502812, 2.2501870589311, 2.2637457777890857, 2.2812260946610614, 2.291659537875204, 2.3017684231041122, 2.3114008706494293, 2.3205227709264817, 2.33703329994672, 2.351272186659729, 2.3629638390090495, 2.371952950931963, 2.377848826407561, 2.3800765408215283, 2.3778570338893, 2.37009060102441, 2.355219788461561, 2.3454729634609297, 2.335014679609055, 2.32425690282412, 2.313980191012636, 2.30442179545053, 2.2955948482655386, 2.2875658149161064, 2.2801958061696097, 2.267308341450923, 2.25693756567391, 2.2488748858229757, 2.243418709093073, 2.241325235098758], "y": [1.146563246147785, 1.129195041715864, 1.1131579766702193, 1.1015540815182765, 1.0979585618308763, 1.098949362784162, 1.1017150206192032, 1.1057865475727813, 1.1109004807736076, 1.123478837953852, 1.1385807167461093, 1.1555165961710525, 1.1740291490309611, 1.1937727814118484, 1.214257157304347, 1.2345418607331942, 1.2534118878866898, 1.2681061180744835, 1.2721290718892948, 1.2734740826188555, 1.2720809258088022, 1.2686081975448043, 1.2635430825032543, 1.2572898177959826, 1.2502218560194835, 1.2424691512477988, 1.2254193445764827, 1.2071671226030494, 1.187784403732728, 1.1674817642683886, 1.146563246147785]}