{"x": [2.2755763413824663, 2.277125388748711, 2.282649431111568, 2.2878593151718754, 2.295307474433691, 2.305633493401429, 2.31811720074833, 2.3267913245508605, 2.334863816472639, 2.3483956114558606, 2.358545647961356, 2.366104307291364, 2.3713610693306153, 2.3749117041822627, 2.376956773167854, 2.3776287604238444, 2.3757056021021326, 2.3696613319710282, 2.364547370060155, 2.3575581661832588, 2.3474755978538195, 2.333283635447091, 2.323532135462597, 2.315239764866674, 2.3028166664102043, 2.2939717028778865, 2.2872244268463504, 2.282243037483448, 2.2786325550914572, 2.2763748579074017, 2.2755763413824663], "y": [0.9229698523090575, 0.8991209543669001, 0.8758689773160842, 0.8644329411107011, 0.8543111458340072, 0.8467902742097192, 0.8440796970409157, 0.8454035843418061, 0.8488427667300924, 0.8597984271672217, 0.8735911756973734, 0.8889576919652784, 0.9046210776373124, 0.9207570061819749, 0.9371424846643921, 0.9536414132775285, 0.982157232518259, 1.0100913923137964, 1.0240072618810363, 1.0370822403286468, 1.0484847787631855, 1.0539860758752277, 1.0517656939207098, 1.046174769321736, 1.030934546215222, 1.0139643119684163, 0.9960563110628506, 0.9781683862057429, 0.9599542018272016, 0.9415223170014716, 0.9229698523090575]}