{"x": [2.3145739012296827, 2.3162377814390935, 2.3220040913289086, 2.331394946012648, 2.3422303601330787, 2.3486946838693323, 2.3550456249852556, 2.3612157455443543, 2.367174995512817, 2.3783282665051106, 2.388365726073996, 2.3970957576504173, 2.4041461623256417, 2.40902411448933, 2.4109205653874515, 2.409029946408202, 2.4027778295662876, 2.392590629283706, 2.380549701949036, 2.374018911770839, 2.367639178637245, 2.361501124194164, 2.3556416603850456, 2.350112124754656, 2.3448952029775936, 2.3400013673826825, 2.3354400973376337, 2.3274093292406035, 2.320938660677663, 2.3163936009052692, 2.3145739012296827], "y": [0.9338251258128424, 0.9229837849072158, 0.9136535737500177, 0.9080068568579016, 0.9063736501381023, 0.9068528267232406, 0.9081499922905079, 0.9101167246648857, 0.9126516336888187, 0.9191312333140788, 0.9272324721412086, 0.9367959340343153, 0.9476571056387871, 0.9597044827470871, 0.9725628335935929, 0.9845917725716663, 0.9950407365422218, 1.0017823299420796, 1.0038424755892756, 1.003266054307552, 1.0017552641203373, 0.9994735377952276, 0.9965497267140251, 0.99310515833701, 0.9892032943255791, 0.9849052711304235, 0.9802558146253841, 0.9700912205969928, 0.9588688030170387, 0.9466932845915637, 0.9338251258128424]}