{"x": [2.1984396906250807, 2.200873577296193, 2.2091313094644067, 2.2219042914948863, 2.236237613234662, 2.2548059359258854, 2.272517779383367, 2.2890267512343927, 2.30413059457129, 2.317588604193137, 2.328699423685643, 2.3331334042771816, 2.336596752069736, 2.338897320092605, 2.3398014952608155, 2.3370541814142882, 2.327885635294551, 2.313384490357771, 2.2965118810434584, 2.2777097126227988, 2.2601771259844985, 2.2443877082561405, 2.2303864306181103, 2.224112631408029, 2.2183385550667842, 2.2131034449325955, 2.208466374045524, 2.2044985034858806, 2.201354076898617, 2.1992310211209483, 2.1984396906250807], "y": [0.8399550841093449, 0.8256023848563374, 0.8136134883427646, 0.806860943273072, 0.8050438514280543, 0.8074234914822261, 0.8134845058932352, 0.8222075882613924, 0.8331853946922813, 0.8463651520696959, 0.8615761256649063, 0.86995687212061, 0.8787831010497021, 0.8879929432747089, 0.8974426138669865, 0.9143406432672274, 0.9287984748139352, 0.9378671849821674, 0.9406671427531815, 0.9376565844095403, 0.9302273580278893, 0.9197343075268714, 0.9069525218331461, 0.8998824105880561, 0.8923986233147675, 0.8845272555110246, 0.8762893927537828, 0.8676619198437037, 0.8587014585258061, 0.8494317889843837, 0.8399550841093449]}