{"x": [2.2561271610145988, 2.2578017351950352, 2.263519720966998, 2.272867636740092, 2.2836949168669065, 2.289937711201494, 2.2960681172598734, 2.3020195599804554, 2.3077612875880718, 2.318482370624442, 2.3280904499707114, 2.3363925471136877, 2.3430504044373293, 2.3476148138811874, 2.349372716417269, 2.347560437720999, 2.3415606305387873, 2.3316532400433925, 2.319803324531436, 2.3134438389741816, 2.3072291537664245, 2.3012532337955474, 2.2955548635439245, 2.290186980199718, 2.285131211159698, 2.2803980774413644, 2.2759960607586542, 2.2682824315398276, 2.262105831115347, 2.257808978783463, 2.2561271610145988], "y": [0.9211370245094996, 0.9103165259173129, 0.9009788588006864, 0.895274391433211, 0.8936329036011136, 0.894112997793809, 0.8953862193366686, 0.8973126692549905, 0.8997952976653888, 0.9061425121234538, 0.9140743192394414, 0.9234117505960049, 0.9339846110021575, 0.9456604802465864, 0.9580729552156577, 0.9699298113222498, 0.9803159417172361, 0.9871826215704513, 0.9893933185180874, 0.9888875029904101, 0.9874464638967528, 0.9852362316814323, 0.9823857365631451, 0.9790183204900419, 0.9751982600166484, 0.9709872385957413, 0.9664311980638649, 0.9564857517417152, 0.945519367402809, 0.9336488056084499, 0.9211370245094996]}