{"x": [2.2179968728229773, 2.220502035298763, 2.229288600784012, 2.2429858442819923, 2.2584055141431016, 2.278022471609032, 2.2967326606878387, 2.31416397741311, 2.330093540763633, 2.344254621210096, 2.3559017100793462, 2.3605280091340934, 2.3641282157455294, 2.3665096253232223, 2.367445319259941, 2.3645075643200086, 2.3547079861355047, 2.3390956519118373, 2.3208164743889883, 2.300929479002805, 2.2824223033443447, 2.265811660988162, 2.2582261036586, 2.251134900024672, 2.23856207952999, 2.2331140433386634, 2.2282981042526457, 2.2241861287684004, 2.220934943498523, 2.2187438892169227, 2.2179968728229773], "y": [0.8515181621027206, 0.8360645440867346, 0.8231074450368879, 0.815756731922915, 0.8137866445894988, 0.8162761663551208, 0.8226755072178118, 0.8319032336584243, 0.8435329692315661, 0.857506398275676, 0.8736351998286049, 0.8825134311853122, 0.891854959289544, 0.9015902026567075, 0.9115687071464306, 0.9298771282381415, 0.9456186959607128, 0.9556310905937216, 0.9587719018403205, 0.9555381089985098, 0.9475735342590329, 0.9363318603727787, 0.9297620044779072, 0.9226614046791858, 0.9071427381377621, 0.8987653374917747, 0.8900092726995772, 0.8808524546922354, 0.8713558525239046, 0.8615439422760531, 0.8515181621027206]}