{"x": [2.259636435997955, 2.262767639132269, 2.27279936562786, 2.2868066045242825, 2.3019781320198027, 2.321411542468804, 2.340189778340381, 2.3580100626087193, 2.3746441216438865, 2.389934925732665, 2.3967782647249245, 2.4029290880905445, 2.4082636302877996, 2.4125024783643094, 2.415364138855083, 2.41650142534974, 2.412923860659724, 2.401691679323385, 2.3855058433149368, 2.3674100952438843, 2.347800512705953, 2.3291955516355682, 2.3120784860674464, 2.2966108386359094, 2.282978275157909, 2.2769680156929195, 2.271588059056528, 2.266922258942795, 2.2631757271458524, 2.2606071085108583, 2.259636435997955], "y": [0.7600286567407164, 0.7447949243270099, 0.7329106700450445, 0.7268825506745776, 0.7253444615683425, 0.7274475445304447, 0.7328750906773005, 0.7408290699811122, 0.7510337942882377, 0.7636572263586054, 0.7708453267353212, 0.778634257824609, 0.7871046841082726, 0.7961731806135122, 0.8057857341364265, 0.815750515389641, 0.8338942116706461, 0.8485853922316565, 0.8570743990513924, 0.8596411919582975, 0.8569625115803186, 0.8502122168127714, 0.8403897018483211, 0.8281329642389933, 0.8138007112242982, 0.8059368420410669, 0.7976290310202254, 0.7888306769741992, 0.7796033141811233, 0.7699604476713559, 0.7600286567407164]}