{"x": [2.3051909197951668, 2.3076879131208576, 2.3162207127801437, 2.330125874817975, 2.3461701289334305, 2.3640746334450085, 2.381069442756136, 2.3967375846763246, 2.4108347623497193, 2.4230541868856506, 2.432825226403765, 2.4394675409484385, 2.4420131978700734, 2.439203385388137, 2.4354078010819107, 2.4299664999028017, 2.4229560614042644, 2.414720551317512, 2.4057083454425006, 2.3963498289837233, 2.3871181060965796, 2.378104714731596, 2.3694560778385707, 2.361233922890486, 2.3535159138220187, 2.3462713983087493, 2.333243365810619, 2.322319155157038, 2.3136038269826957, 2.3075557407881284, 2.3051909197951668], "y": [0.9212582668404496, 0.9052315343722341, 0.8914372435513622, 0.883098788772973, 0.8807609972364366, 0.8831057992859341, 0.8892087358688328, 0.89808641168092, 0.9092923645944584, 0.9226345292704249, 0.9378612978365186, 0.9547523562830952, 0.9727231055382983, 0.9911126282464784, 0.9996571929973237, 1.0072603692076507, 1.0135467957802622, 1.0181120756846715, 1.020787062146549, 1.0216778915329132, 1.0208275927218777, 1.0186581477157306, 1.0153456154288385, 1.01108322663043, 1.0060589207032165, 1.00037312181395, 0.9873787439424735, 0.9727464127870049, 0.9567000253972957, 0.9394162994875248, 0.9212582668404496]}