{"x": [2.2109691977019774, 2.2128398222047285, 2.2198248609141458, 2.2327247503661707, 2.2485861106849496, 2.258761853626595, 2.268663332348474, 2.27816255940059, 2.28722774240024, 2.295784245675638, 2.3038620450362277, 2.318481195000319, 2.330790785400576, 2.3404757676190093, 2.347000659638869, 2.3495510756663647, 2.3473692793733076, 2.3396196911895673, 2.3252958207970305, 2.3067568442108093, 2.296314234129092, 2.2862676527910812, 2.2768208966381995, 2.268000777485212, 2.2598775822966353, 2.2523476957257955, 2.2389972793528776, 2.228012623159819, 2.2193095508225364, 2.2132800626917373, 2.2109691977019774], "y": [1.0065985274972298, 0.9908094435289179, 0.9765264591483118, 0.9668758605727752, 0.9640547881563883, 0.9649455715187756, 0.967455543338004, 0.9711580539669384, 0.9758234967892072, 0.9812617222582984, 0.9873884833965028, 1.001414508982533, 1.0174089673765438, 1.0351163058148436, 1.0542599619335822, 1.0743235898096677, 1.0928822201313344, 1.1098859514119424, 1.1224169798708887, 1.1267188729886508, 1.125457750785924, 1.1223425079466387, 1.1177699826595184, 1.1120818645664694, 1.1055907663789104, 1.0984198902830258, 1.0825002517017588, 1.0651987641660663, 1.046644501191767, 1.0270087521521634, 1.0065985274972298]}