{"x": [2.1608971673203805, 2.162531535652893, 2.1686389501752, 2.1836644350913126, 2.1978898771184823, 2.217860762128532, 2.2339224227321637, 2.247793345247464, 2.2592467369134823, 2.268847011162211, 2.283435703121424, 2.293899677302596, 2.301004071474604, 2.3057113748272666, 2.3092696406438424, 2.3066955373821663, 2.2989467665821697, 2.292522706717507, 2.283729206983391, 2.2704674375337786, 2.2605989750649655, 2.247104630229962, 2.228900010781098, 2.2162965532541867, 2.1991884737386065, 2.1871454076853665, 2.177832599433944, 2.170737910786062, 2.1654740601045344, 2.16208887715943, 2.1608971673203805], "y": [1.1508491146230397, 1.1121192252041718, 1.0738390086152236, 1.036074834513283, 1.020619598703949, 1.0141087411025376, 1.017817583484028, 1.0267243203574024, 1.0383035417945181, 1.0514600338837552, 1.0795828963262626, 1.1094865845499036, 1.1392401396363603, 1.169465753806797, 1.2304932532438542, 1.283774683796934, 1.336552457532414, 1.3631507656143484, 1.3890624020040552, 1.4139143247105463, 1.4244744726958571, 1.4296519174752875, 1.4214240622872956, 1.4059237839465726, 1.371002793940698, 1.3350735780257954, 1.2983419077847813, 1.2618464281218469, 1.225042263699317, 1.1880133456183872, 1.1508491146230397]}