{"x": [2.1697538466951944, 2.1718288429809425, 2.179108327923728, 2.191522524854978, 2.2061070932671982, 2.2153577802030386, 2.2244149044759354, 2.233178792558236, 2.2416143112604114, 2.257316365789478, 2.2713623660408433, 2.2834726024133363, 2.29318196597041, 2.299851837357796, 2.3024856103872056, 2.30017168592062, 2.2921661727575926, 2.278353776862713, 2.261420097810839, 2.2519761379008343, 2.2428045684316755, 2.2340639710765164, 2.225799895119375, 2.218083982565257, 2.2108606982642347, 2.204130448144368, 2.1978920966996074, 2.1870208709654047, 2.17830169182229, 2.172186919478695, 2.1697538466951944], "y": [0.9380213198786594, 0.923473593256145, 0.9107083647647688, 0.9027302549939143, 0.9004823926331507, 0.9011821892885373, 0.9031905279176364, 0.9061937762134862, 0.9100235619608695, 0.9196868885808315, 0.9316302664420768, 0.9455715043153581, 0.9612795976991405, 0.9785613120870963, 0.9968972897305353, 1.013840372182244, 1.0289510984519854, 1.0393118229899254, 1.0426848642105595, 1.041698377889125, 1.0392399541021144, 1.0355661123528133, 1.030918510401427, 1.0255217279651354, 1.019481468772513, 1.0129000281145655, 1.0058505884870699, 0.9907050632856588, 0.9742263983621632, 0.9565584749113772, 0.9380213198786594]}