{"x": [2.2838355757841664, 2.285244842103659, 2.2902756451680393, 2.2950341303927733, 2.301900374772712, 2.3116666032333884, 2.3238323423461344, 2.3324448089674106, 2.3403643893091157, 2.353352930855163, 2.3628930528986984, 2.3699317551749326, 2.374801745597846, 2.3780861370952198, 2.379977848386825, 2.3805993919400334, 2.378837468944749, 2.3732796207394995, 2.3685588921990335, 2.3620730219598376, 2.352577533993627, 2.3387587817840223, 2.32914844291085, 2.321163212634654, 2.3094118209453267, 2.3011006062783874, 2.294769731018746, 2.2900928529315334, 2.2867049691646595, 2.284586496405522, 2.2838355757841664], "y": [0.928432143152222, 0.9050968122853087, 0.8822666848490679, 0.870936625672754, 0.8607450551025353, 0.8529002275349364, 0.8499143725900198, 0.8512997819392799, 0.8549568555752459, 0.8663600568779111, 0.880378888335606, 0.895806079729743, 0.9114088901938182, 0.9274206756529448, 0.9436478540605258, 0.9599730975286557, 0.9879869804402415, 1.0155004740706906, 1.0292649033287082, 1.042290964820658, 1.0538586225415731, 1.059604671987432, 1.0571702347791578, 1.0512947607374867, 1.0357846520326397, 1.0187776940266102, 1.000938609736612, 0.9831528003378247, 0.9650771136788124, 0.9468081698018964, 0.928432143152222]}