{"x": [2.2480301537158534, 2.2500525300760907, 2.2576716876636436, 2.265105622881427, 2.2760085963929257, 2.291548540784995, 2.3106634233114898, 2.324136109454805, 2.336643309482241, 2.3574532190879456, 2.372826889944197, 2.384059785602093, 2.3916866242784094, 2.396722569289594, 2.400447989077824, 2.3974195741057867, 2.388315315202792, 2.3808523999827487, 2.3707764916367884, 2.356044828322025, 2.345745096002616, 2.3331519323539194, 2.3173256090183036, 2.3049116356417967, 2.2872811828784827, 2.2748537531385753, 2.2652814685645684, 2.2580677048202165, 2.252734874937487, 2.249309184620631, 2.2480301537158534], "y": [0.9841558168818572, 0.9476568074386995, 0.9119046587741759, 0.8941279946190206, 0.878240944864112, 0.866267373160895, 0.8618540346242577, 0.8638910204793642, 0.8692977321198976, 0.8865404343458889, 0.9081983179261935, 0.9322656346007465, 0.9566643244774543, 0.9817263274648182, 1.0326461416505746, 1.0808218055526122, 1.1282262184217975, 1.1519736004603325, 1.174735615491289, 1.195703530204712, 1.2037407483042781, 1.2072183322282999, 1.2023462194997097, 1.19138705631218, 1.164233588929881, 1.1353227806478385, 1.1053453355683196, 1.0755235693209304, 1.0453087210685374, 1.0148148442365519, 0.9841558168818572]}