{"x": [2.3330177854912426, 2.335229490971083, 2.3434013623557357, 2.351346279609403, 2.363054585700731, 2.38009957684521, 2.40164281578397, 2.41625083809827, 2.4297025945651676, 2.4517155156728183, 2.4676637105338144, 2.479179280959235, 2.4869272919741223, 2.4920152103836903, 2.4957596372818753, 2.4924412748721956, 2.482541156112047, 2.47448312428033, 2.46363378999827, 2.4477382447994787, 2.4364337627478765, 2.422218792355316, 2.404964793381378, 2.391778549264912, 2.373354167218448, 2.360470300953704, 2.3505971436905266, 2.343188867261738, 2.3377455368635554, 2.334280251667628, 2.3330177854912426], "y": [1.1006477004698834, 1.0593882072766154, 1.0188856402250372, 0.9986211640934286, 0.9802721512718103, 0.9660158160971241, 0.9605693794862904, 0.9628952065551142, 0.9690477698781887, 0.9884040503368798, 1.0123319389444805, 1.038681140266707, 1.065218071608285, 1.0923907322430482, 1.1474857467330983, 1.2022512480720318, 1.256216600980371, 1.283281876443993, 1.3093539488311057, 1.3337023893186366, 1.3433358854395798, 1.3476405548468458, 1.3418806820133107, 1.3293507346170883, 1.2989917479797568, 1.2669735720348076, 1.2339027636620736, 1.2010479710420219, 1.167811092248607, 1.1343069265462025, 1.1006477004698834]}