{"x": [2.2682090360369713, 2.269860707046262, 2.2758228841150965, 2.281413657469877, 2.2892505609926435, 2.299591579249306, 2.3115214857514204, 2.3201228821837945, 2.3282616750673566, 2.3423719694492298, 2.353384932991613, 2.3617816342965434, 2.3677262886681203, 2.3717785689031095, 2.3741259105229973, 2.374897953913502, 2.372855683882255, 2.3664264223685727, 2.360979502966041, 2.353575819002855, 2.343161726970206, 2.3293811472082213, 2.3197773155781807, 2.3113300120921894, 2.298183598488661, 2.2885943414851933, 2.281198493837005, 2.2756921223549478, 2.271667107199059, 2.269124265365979, 2.2682090360369713], "y": [0.8606919003484088, 0.8379210517583688, 0.8158826305981923, 0.8052776897702021, 0.7962055092250108, 0.7898852439252513, 0.7877498884759693, 0.7889028839321358, 0.7919151039618286, 0.801838941467245, 0.8148321207619253, 0.8296511450673694, 0.8450244921338587, 0.8610012796870984, 0.8773049116397119, 0.8937585548997902, 0.9208962850758867, 0.9473404122571689, 0.9603992904310601, 0.9724570138443527, 0.9825193635348379, 0.9869690619045778, 0.9850446590460198, 0.9800868397516371, 0.9659312659340686, 0.9496977921630513, 0.9323547544211316, 0.9149143488600915, 0.8970737455623653, 0.8789601747201242, 0.8606919003484088]}