{"x": [2.2145910217966787, 2.2162442044623765, 2.222517484320535, 2.2348260473441437, 2.2506550912159824, 2.261023251173902, 2.2710422395542014, 2.2805661966512747, 2.2895772067843363, 2.2979996848972055, 2.3058898628648046, 2.3200154238651702, 2.3316986831425606, 2.340784412192947, 2.3468459541106634, 2.349208536919499, 2.34727743127754, 2.3402805221768603, 2.3266709516239503, 2.308226958214485, 2.2975757658821814, 2.2874215395858943, 2.2779862625976484, 2.2692646960604095, 2.26131368780136, 2.2539928020683027, 2.241117171332376, 2.230644059303899, 2.22240803500986, 2.2167459055381933, 2.2145910217966787], "y": [1.0815739740547379, 1.0658450693869672, 1.051326894061011, 1.0408762521294654, 1.03768908872121, 1.0387106800976504, 1.04156764731637, 1.0457256666940986, 1.0509022080408206, 1.0568610771266258, 1.0635087346075092, 1.0785252517436896, 1.0953076610181054, 1.1136269769447353, 1.133189727499946, 1.1535333186818644, 1.1720226002250564, 1.1892454328614332, 1.2025762808343914, 1.207346084333943, 1.205893747907033, 1.2023654526358782, 1.197281270245997, 1.1910516924468992, 1.1840440664237701, 1.17638051718735, 1.1595670623741765, 1.1415583147314807, 1.1224227726422857, 1.1023339546527662, 1.0815739740547379]}