{"x": [2.1610342517643963, 2.162845140120061, 2.16965688525512, 2.181916381606703, 2.196661360403767, 2.207216632292515, 2.217490008115327, 2.227360350446397, 2.2368052020487093, 2.245754253824555, 2.254240107559879, 2.2697203416083958, 2.282959134195685, 2.293523718861344, 2.3007353799710826, 2.3034644063104177, 2.3011466059200476, 2.2933881589419927, 2.279553451190641, 2.262221938404706, 2.2514963931170406, 2.2411652831543933, 2.2314192354017837, 2.2222786364988387, 2.2138106835092235, 2.205916423363387, 2.191790367034523, 2.1799758411673604, 2.170456798627948, 2.1637083563301274, 2.1610342517643963], "y": [0.9331654862032434, 0.9184721859115169, 0.9053278898742799, 0.896786706986506, 0.8943716177146539, 0.895304536224047, 0.8979010436463016, 0.9016990160873495, 0.9064574854426954, 0.9119854719202404, 0.9182011334751653, 0.9324226507323741, 0.9487291398517368, 0.9668828383016742, 0.9866778291935784, 1.0075680693935256, 1.0248667978985873, 1.0405008858806262, 1.0515466359666887, 1.055155846140686, 1.0538513545343795, 1.050687940712512, 1.0460782810511686, 1.0403613010192783, 1.0338397654270368, 1.0266343986032684, 1.0106155222000255, 0.9931089229821035, 0.9742554918149223, 0.9541776420022141, 0.9331654862032434]}