{"x": [2.256696738047097, 2.258178094133739, 2.2635400813961373, 2.268605484183685, 2.275783082446359, 2.285440146692986, 2.2967528778066537, 2.305231858377588, 2.313193754071569, 2.326805193788342, 2.337282981904015, 2.3452289497566925, 2.3508439158882046, 2.354677080727929, 2.3569047281010738, 2.3576425216229895, 2.3558116231411432, 2.349987131401157, 2.3450121170490497, 2.338199573083168, 2.3284836199587655, 2.31537974500247, 2.3059659063123132, 2.2978019394857316, 2.285252902489913, 2.276138563940403, 2.269104990935479, 2.2638556073985847, 2.260010700696592, 2.2575754483591135, 2.256696738047097], "y": [0.8389370678865209, 0.817349964197511, 0.7963869836333504, 0.7862024588398897, 0.7773783479017627, 0.7710976849039444, 0.7689233499928733, 0.7701268433640526, 0.7732811617967609, 0.7834802619979065, 0.7965677045999411, 0.8113300483346841, 0.8265397090065026, 0.8422930727654397, 0.8583427211834692, 0.8745294221407507, 0.9003932361952359, 0.9256591096744299, 0.9381942624060804, 0.9498334233089295, 0.9596660873716952, 0.9640671655142163, 0.9620256085297435, 0.9569130788760767, 0.9426764404776398, 0.9265654436034169, 0.9094434040560759, 0.8922549458070845, 0.8746988694530778, 0.8568900892273327, 0.8389370678865209]}