{"x": [2.228003381122366, 2.2300820395849437, 2.237675382045815, 2.250461204188824, 2.2653291476156006, 2.2754583635948338, 2.285375095453109, 2.2949761784223397, 2.304229412667219, 2.3215057324070063, 2.3370429865687674, 2.350552823007356, 2.3614569337719784, 2.368977051855044, 2.371834775202526, 2.369210438026827, 2.3606445473119657, 2.346231971797719, 2.3288239262916273, 2.3185494176826174, 2.308573366183103, 2.299062971990634, 2.290061744271136, 2.2816433859162504, 2.273745410019499, 2.2663671833912153, 2.2595067651842795, 2.2474699767236825, 2.237716999715633, 2.2307686325856406, 2.228003381122366], "y": [0.8863043515056577, 0.8714471608768527, 0.8585089197036242, 0.8506150290622313, 0.8484390199654921, 0.8492114169704968, 0.8514150600310564, 0.8546889615222151, 0.8588455083059366, 0.8692935031632939, 0.8821863520883203, 0.8972867186242345, 0.914364104798624, 0.9332619503057367, 0.9533993324112439, 0.9707858132526748, 0.9861416713505554, 0.9964439510694215, 0.9997332142114458, 0.9986383126744872, 0.9959470800551665, 0.9919478389080459, 0.9869060706675649, 0.9810648268813893, 0.9745371272027014, 0.9674311464217391, 0.9598240541346915, 0.9434659183119577, 0.9256515330146584, 0.9064942840737225, 0.8863043515056577]}