{"x": [2.2917544640234966, 2.294195999698499, 2.3033777561613524, 2.3120341747519295, 2.323951327669142, 2.3389488162344465, 2.3556336574970667, 2.378585983591417, 2.39884625074095, 2.415307530521394, 2.4280198235764856, 2.43698868120637, 2.442995730885307, 2.44638529298936, 2.4474598414857778, 2.4440588337372686, 2.4398655385531116, 2.433925175770239, 2.4256696876531962, 2.414683712512409, 2.3993743263784664, 2.378749730624154, 2.365000965558713, 2.353037510997565, 2.33463341135408, 2.321216013332352, 2.310767288968438, 2.3028660608036007, 2.296983996970573, 2.293179278131677, 2.2917544640234966], "y": [0.7928820471792256, 0.7609146330658418, 0.7301970158111505, 0.7158130890259328, 0.7039888597095852, 0.6962403847989126, 0.6936753119444008, 0.6982231790163725, 0.7099284745305948, 0.7262915119413484, 0.7457110982036054, 0.7663507595314735, 0.7880383454060933, 0.8102606873597595, 0.8327143498381115, 0.873786069080256, 0.8939811597060469, 0.9137330583462597, 0.9334211961043173, 0.9517265014182664, 0.9673333714476254, 0.9745844228115779, 0.9717275462288046, 0.9643745849479861, 0.9437191221441793, 0.9203215890895965, 0.8954560450199265, 0.8704845038646097, 0.8449617963427051, 0.8190414095695674, 0.7928820471792256]}