{"x": [2.228268527327555, 2.229869951428839, 2.235300062792647, 2.2437130652919954, 2.2532102517734134, 2.264747012733964, 2.2757342122869995, 2.2859265794994155, 2.2951919316610283, 2.303373873798255, 2.3069395239153616, 2.3100836362708033, 2.3127476396049813, 2.314821623424495, 2.316189827685671, 2.316705722081619, 2.314931924574383, 2.3091209994779387, 2.300032260159463, 2.2895543620382623, 2.277957910794152, 2.267074640938108, 2.2571919456243825, 2.248378789773117, 2.24076082675376, 2.2374542197764713, 2.2345329629691832, 2.232043257307726, 2.2300817632172394, 2.2287650007917668, 2.228268527327555], "y": [0.8376493257493959, 0.8281300681497075, 0.8201491712716587, 0.8155514628091322, 0.8142396003553607, 0.8157371034313878, 0.8195608208510441, 0.8251069438933775, 0.8320924345357537, 0.840431689339329, 0.8450657227363627, 0.8499954979623547, 0.8552351108644068, 0.8607350243404769, 0.8664587394767677, 0.8723210556430909, 0.8827990595932717, 0.8916967038826439, 0.8971556970438194, 0.8987741653613048, 0.8970337459600798, 0.8926678350139289, 0.8864394903277906, 0.878772142146406, 0.8699327359326227, 0.8651202131377171, 0.8600644951847835, 0.8547534721724753, 0.8492255303628192, 0.8435016709333778, 0.8376493257493959]}