{"x": [2.160639405994835, 2.162186694593421, 2.167990474642932, 2.178901668203206, 2.1924141518420406, 2.2022299841624267, 2.2117359000408254, 2.2208073440202325, 2.2294321115213775, 2.237544609967832, 2.24519207432594, 2.2590266058600377, 2.270693576300831, 2.279922656125522, 2.2861773078492362, 2.28859181834618, 2.286615430626715, 2.2800889904278985, 2.2679656206722023, 2.252344696324403, 2.242376280661059, 2.2328282413945293, 2.2238826349574303, 2.215538817835014, 2.2078523139740605, 2.200712584228887, 2.1879940340368904, 2.1774299592324007, 2.168964041955846, 2.1630023221469394, 2.160639405994835], "y": [0.9642333761117754, 0.9507916244820243, 0.9385690664019767, 0.9302325726437198, 0.927790430346183, 0.928751019933557, 0.9313798713576813, 0.9351911833769171, 0.9399272767808398, 0.9453809136968283, 0.9514695157980195, 0.9652610148595052, 0.9808187167678738, 0.9979355030762175, 1.0163969941419073, 1.035739110355333, 1.0513159595071622, 1.0655970629746034, 1.0760451336334937, 1.0795272303074546, 1.07822987229813, 1.0750854494883983, 1.0705590665507905, 1.0650009434095666, 1.0587175529528545, 1.0518191765930256, 1.036593715668548, 1.020099858334851, 1.0024370371874318, 0.9837272990498411, 0.9642333761117754]}