{"x": [2.2377641394599963, 2.239855667544256, 2.247620228677948, 2.2551259108019455, 2.265890844647648, 2.28036838699082, 2.297196642118202, 2.3100570773404314, 2.3221944537366186, 2.3431149660487924, 2.3592686712306725, 2.3714040669983083, 2.3798234310867348, 2.3854461826174527, 2.388627757305243, 2.389669914210071, 2.3866917962132224, 2.377762609012906, 2.370376168693501, 2.360390857336749, 2.3459807263483703, 2.325104566602215, 2.3100524254347525, 2.2976717559909776, 2.2794664386597656, 2.266405591448917, 2.2562499902725626, 2.2485430533757165, 2.2428006646103484, 2.239092820618742, 2.2377641394599963], "y": [0.8632497549193292, 0.8311908499581373, 0.8000161892953629, 0.7848515296927964, 0.7717970912021578, 0.7626681979509098, 0.759546378984544, 0.7612697217351289, 0.7658571827495038, 0.7809253277735554, 0.8005801616670677, 0.8229405475324215, 0.846023776870249, 0.8699425108154234, 0.894286335435002, 0.9188150558172093, 0.9612858928603234, 1.0029141381018374, 1.0236728514099012, 1.0433140640992244, 1.0607833982871764, 1.069559243906007, 1.0655974630406777, 1.0561644526264935, 1.0316584135274542, 1.004980071663316, 0.9770662145448198, 0.9491886625174687, 0.9208411801841642, 0.8921494996484466, 0.8632497549193292]}