{"x": [2.1387808290727195, 2.140657290499362, 2.1478300910381813, 2.165071733155577, 2.1794066705896125, 2.196630068446448, 2.2102457179151087, 2.222904641321114, 2.2341990020111395, 2.2441585044072494, 2.260141369875066, 2.272005667291347, 2.2801881904049623, 2.2856482783606875, 2.28874350033015, 2.2897303843761185, 2.28694723319778, 2.2784502911314477, 2.2713898043347642, 2.26178893119039, 2.2477246748990014, 2.226443188205279, 2.210595727997599, 2.198020720340801, 2.1799343230079993, 2.1670393335972817, 2.1570184800533694, 2.149397642590898, 2.1437160605112515, 2.1400429849343987, 2.1387808290727195], "y": [0.9130928927968915, 0.8802991310709414, 0.8482444457963302, 0.8184149008147492, 0.8082054965455348, 0.8045892923152488, 0.8066601747877453, 0.8120847598289445, 0.8198435773771039, 0.8292547486731697, 0.8508694410561345, 0.8749917411577114, 0.8996047052072584, 0.9249609494742013, 0.9506961097072213, 0.9765979422898643, 1.0206447420934135, 1.0639537305246483, 1.085642472985019, 1.1063324526414622, 1.1251299549294553, 1.1350419537895164, 1.1303087134516443, 1.1195655881353526, 1.0927283601695443, 1.0640146103803148, 1.0341759999382636, 1.0044355826721099, 0.9742645832212036, 0.9437759925290026, 0.9130928927968915]}