{"x": [2.256240482814134, 2.258760328413168, 2.267410418796661, 2.2814632164624014, 2.2976241927844856, 2.3162917118346096, 2.334019803386483, 2.350395892594627, 2.3651800592916645, 2.3780662735889684, 2.388432849288191, 2.3955334347840394, 2.398275358979414, 2.395380464928759, 2.3858614666352733, 2.37866988969259, 2.3702505496115807, 2.36106489844522, 2.351541947049187, 2.3419359197301453, 2.332556910090244, 2.323556216624358, 2.3149962623363143, 2.3069559979290486, 2.299402877867537, 2.29234775188663, 2.2857977221155394, 2.2743505676588702, 2.2651785052634397, 2.2587707283703162, 2.256240482814134], "y": [0.927692681038567, 0.9115474216582086, 0.897683982017938, 0.8893788662172087, 0.8870812772603269, 0.8895116802162837, 0.8958439701609622, 0.9050223484150228, 0.9165915895397425, 0.9303849498782827, 0.9461597847939689, 0.963721756205562, 0.982465368609586, 1.0011935480299972, 1.0175799383419681, 1.0239124417967775, 1.0284878206366133, 1.0311540168783082, 1.0320474296933577, 1.0311411084823117, 1.0288758585697388, 1.0254262497543662, 1.020994605992448, 1.0157759146846692, 1.0098741379995508, 1.0033888810702163, 0.9963938492587247, 0.9812116673775181, 0.9645560598160027, 0.9465944502637902, 0.927692681038567]}