{"x": [2.2502198085627314, 2.251541837218253, 2.256327770213833, 2.265281899342927, 2.2764876664313927, 2.2832502240212333, 2.2898211258985444, 2.296103223787645, 2.3020706732979708, 2.307672145870509, 2.3129327305909344, 2.3223803231233275, 2.330238669303059, 2.336373024180586, 2.3404729209510453, 2.342032374418408, 2.3405405560521158, 2.335358180375446, 2.3257680226052133, 2.3133943156343966, 2.306522131484478, 2.299903244412466, 2.2936635296671524, 2.2878240003667276, 2.282435039068226, 2.2774362830494614, 2.2685817635163144, 2.2613283122451087, 2.255631993719959, 2.251740393665922, 2.2502198085627314], "y": [1.0817245004357017, 1.070562434292954, 1.060392167546063, 1.053308526024796, 1.0511210183970678, 1.0517790936858638, 1.0535078206048367, 1.0560652793141327, 1.0592893908630256, 1.0630409824952045, 1.0672572821945572, 1.0768601242868017, 1.0876931664940999, 1.0995876231181816, 1.1123533581716305, 1.1256703116470475, 1.1380202410791815, 1.14932905451661, 1.157617827811904, 1.160368512199308, 1.1595890534262339, 1.1575828617860204, 1.1546364405451304, 1.1509601195878245, 1.1467482564741336, 1.142079944891765, 1.1316703503975936, 1.1203041049738616, 1.1080829738626956, 1.0951471573905125, 1.0817245004357017]}