{"x": [2.3449738237182802, 2.3470926593227985, 2.354067296518329, 2.364823940607349, 2.3770139461543334, 2.389266273500337, 2.4009900333744962, 2.411889707427496, 2.4217618921501947, 2.430397422123366, 2.437340901130248, 2.4420776597479805, 2.44339081685387, 2.4438644065504382, 2.4433008063667065, 2.4415027897315817, 2.438416553288333, 2.4341003724121895, 2.4287395819118447, 2.422605711043359, 2.4160132003341075, 2.409219053648804, 2.3968247274503023, 2.385163823110527, 2.3746075738564523, 2.3652858560721413, 2.3573663525312165, 2.351037199394726, 2.3466668752979247, 2.3454241278992134, 2.3449738237182802], "y": [0.9372297484029767, 0.9250286060433837, 0.9147957288727754, 0.9088079667516423, 0.9070867892356319, 0.9085632961042851, 0.912417261898097, 0.9181566509966324, 0.9255243813450462, 0.9344398394303521, 0.9447279816372517, 0.9562506742826797, 0.9623545967500696, 0.9685801861897899, 0.9753776677521079, 0.9819572222155171, 0.9880517823215587, 0.9933469783438225, 0.997572420967178, 1.0005670942917002, 1.002291520126751, 1.0028153643123354, 1.0010740294082288, 0.9965270656804522, 0.9898809574183751, 0.9815917637968531, 0.9719961498665164, 0.9612846530705662, 0.949594622757022, 0.9434664379404852, 0.9372297484029767]}