{"x": [2.3429421955427427, 2.3444192542682, 2.3496557076104567, 2.3545870990822038, 2.361678224028765, 2.3717340676645895, 2.3842483677394206, 2.3927393397163708, 2.400566867847011, 2.4134351904643547, 2.422879210201515, 2.4298269099601084, 2.4346136441146373, 2.437829997333983, 2.4396749945165697, 2.440277213719497, 2.4384346029071726, 2.432671234982295, 2.4278051436834227, 2.421144129154171, 2.411426681814438, 2.3972899601276043, 2.387766599564829, 2.3798271399497546, 2.368141639481817, 2.3599033171536257, 2.353649844215179, 2.349049765723387, 2.3457310941310427, 2.3436672719998186, 2.3429421955427427], "y": [0.9364616868002423, 0.9124574462899852, 0.8889848064438348, 0.877349146273621, 0.8668885938772807, 0.8588371398206048, 0.8557812934088868, 0.8571337289575676, 0.860691184563857, 0.8718628787026631, 0.8856646051559924, 0.9008766605711177, 0.9162605303585893, 0.9320475929565656, 0.9480445759149757, 0.964136338105831, 0.9928353777577678, 1.021010077076689, 1.0350945357191796, 1.0484242658448075, 1.0602718645900466, 1.066183503853201, 1.0638101351557645, 1.058040190926988, 1.0427198543513125, 1.025887427089313, 1.008221226634156, 0.9906156346330881, 0.9727241838618151, 0.9546444158718528, 0.9364616868002423]}