{"x": [2.2878605417819657, 2.289946796050852, 2.2977383528581927, 2.3053475742203124, 2.3165868985685427, 2.3329490547873983, 2.3535684122637512, 2.3681829775624523, 2.3816289712257186, 2.4036484365538113, 2.4196668627781412, 2.4312885101567026, 2.439147453257021, 2.4443271467206698, 2.448154436371187, 2.44499319305823, 2.435496712361752, 2.4277228552422048, 2.417221106891353, 2.4017952465739745, 2.390846469586808, 2.377167485859694, 2.360036942233674, 2.3469216394481323, 2.328535439180785, 2.3156277633892213, 2.3057013612328827, 2.2982227496524428, 2.2927029105594374, 2.289166912465816, 2.2878605417819657], "y": [1.0682023492975472, 1.0287306337382054, 0.9899793701640969, 0.9705887815226979, 0.9530510289359789, 0.9394793438757877, 0.9343070243994206, 0.9366349685231405, 0.9428164001631868, 0.9621799636733451, 0.9860742088900217, 1.012388886265725, 1.0389245617365443, 1.0661105109561198, 1.121259136113542, 1.1738477901760818, 1.2256684120343213, 1.2516649710140013, 1.2766843078332395, 1.2999835847592907, 1.3091310571551227, 1.3131853601705081, 1.3074869742299822, 1.2950806871103921, 1.2650051480213842, 1.2332640978621243, 1.2004682307477548, 1.1678709090049983, 1.1348853607700633, 1.101624810271999, 1.0682023492975472]}