{"x": [2.28935594792216, 2.291040086455521, 2.296765755519603, 2.3058700554242226, 2.3162618618082402, 2.3286547678672425, 2.3404145264908545, 2.3512687464829716, 2.3610779210443695, 2.369662985500202, 2.376637980396197, 2.379380614035301, 2.3815011291848864, 2.3828897426004407, 2.383409387980623, 2.3815450441238317, 2.375396572069407, 2.36553751222454, 2.3540016645132282, 2.341505183010053, 2.3355478140746473, 2.3298473050051003, 2.3193495537952638, 2.3145506686899537, 2.3100663822769953, 2.302130184457278, 2.295703823927812, 2.293158584154264, 2.291167226708831, 2.289843135927903, 2.28935594792216], "y": [0.8938011620975674, 0.8834017906739052, 0.8745587164134767, 0.8693323697834722, 0.8678446413380506, 0.8695344258400788, 0.8737944222444106, 0.8799388993600554, 0.8876427156277225, 0.8967792488393519, 0.9071969749366748, 0.9128724420262257, 0.9188084660712662, 0.9249634806489014, 0.9312517570699579, 0.9427794016378258, 0.9527070730010107, 0.9589882230532731, 0.9608798161874136, 0.9589154340237065, 0.9567649875728481, 0.9540047591550241, 0.9470446126148043, 0.9429597046169604, 0.9385317313817915, 0.9288054476434756, 0.9180218618976654, 0.9122521489234066, 0.9062686441950137, 0.9000956958641526, 0.8938011620975674]}