{"x": [2.305939898373215, 2.307760830738823, 2.31470022756834, 2.3214308828521064, 2.331514959077059, 2.347272834618118, 2.36959509929382, 2.384913091422821, 2.3982797342427866, 2.418543915879267, 2.4323733360599724, 2.4421413130659735, 2.448664742453916, 2.452936659184592, 2.456084622177049, 2.4531788072082246, 2.444464233214117, 2.4373772955235533, 2.427795350213301, 2.413575516106797, 2.402951825088653, 2.3882520078364777, 2.370543783754518, 2.358252284411274, 2.3417168573505927, 2.3302332913351966, 2.3214600016322056, 2.3148659579201105, 2.3100384445162567, 2.3069778173894933, 2.305939898373215], "y": [1.2241516271953181, 1.1805636177976742, 1.1374930346860919, 1.1156071348684877, 1.0950497581373861, 1.0774958145610434, 1.0698690146818794, 1.073159963370235, 1.0813333400198817, 1.1046486135592333, 1.1313885825762036, 1.1598642815276474, 1.1881060633914549, 1.2167749332901538, 1.274614816682604, 1.333174446679496, 1.3911548763614772, 1.4203309177890533, 1.4487853094234722, 1.476209344887897, 1.487972481519528, 1.4939011885468723, 1.4860804120162858, 1.4711249852563004, 1.4372824307746561, 1.402455472821848, 1.3668490313194455, 1.3315159846479556, 1.29589856315366, 1.2600828688090977, 1.2241516271953181]}