{"x": [2.1874341578871954, 2.1892095822140387, 2.19569780966595, 2.211557788504253, 2.2264391579371714, 2.24721774631117, 2.2628466640554934, 2.276474382626861, 2.2877859760537933, 2.297269386721874, 2.3116418346201675, 2.3218976716211626, 2.328814285742562, 2.333374493377011, 2.336757511225238, 2.3340604934429794, 2.325869571984333, 2.3191343062843695, 2.3099657929541264, 2.296269796725253, 2.2860535329722405, 2.2721554672725994, 2.254251839187815, 2.2417512579705243, 2.224821385589562, 2.2129727596621684, 2.2038571254702632, 2.1969551482922087, 2.191863412028052, 2.1886101152186064, 2.1874341578871954], "y": [1.1731347389574047, 1.1328036828392667, 1.0929583678866024, 1.0537370358980322, 1.037735892089431, 1.0309726070469063, 1.0343845372863916, 1.0427624621104472, 1.0538197498593558, 1.0664799505022717, 1.093682289817477, 1.1226883638403045, 1.1515339380142127, 1.180844536893415, 1.2400257255604017, 1.2949650429136994, 1.3493572418196313, 1.3767461691562375, 1.40341929248314, 1.4290255848607234, 1.4398589105755022, 1.4452046341862093, 1.4373609305460326, 1.422334318997745, 1.3882631188241612, 1.3531582336149814, 1.3172465625984953, 1.2815856819351203, 1.2456216732532432, 1.2094416731602797, 1.1731347389574047]}