{"x": [2.1655216380896665, 2.167229561054218, 2.1737138028635616, 2.1895853725101926, 2.2035027547162365, 2.220995288289524, 2.235617858412922, 2.248894999075507, 2.2604319403715296, 2.270424299397656, 2.286152184824212, 2.297702892935386, 2.3056430021816126, 2.3109430848153854, 2.3139542607162458, 2.3149881033432176, 2.3123477434410256, 2.304449278119063, 2.2978469190767767, 2.2888053145422966, 2.2753425921800376, 2.253845673432848, 2.237017462761261, 2.2242903055479823, 2.2063733202619016, 2.1936305061654426, 2.183711345297637, 2.176131649149863, 2.1704659335945395, 2.166793295031832, 2.1655216380896665], "y": [0.9758152647989179, 0.942462727576663, 0.9097020293519196, 0.878409286187219, 0.8669997176208197, 0.8627708819030515, 0.865398098446609, 0.8720643837395123, 0.8812499787256407, 0.892095665924248, 0.9162629328523574, 0.9426827041022338, 0.9693489845974627, 0.9966628084668406, 1.0243070496992193, 1.0520955801217249, 1.0976859898292222, 1.142664553648761, 1.165278526160454, 1.1870324289166245, 1.207233984030927, 1.2185136208520397, 1.212639828152212, 1.2001614635014917, 1.170340278272072, 1.1389804338026641, 1.1066164197759563, 1.0744002698040471, 1.0417930347180833, 1.0088941131101588, 0.9758152647989179]}