{"x": [2.325431700197129, 2.327780792760856, 2.336170110325859, 2.3526710886627287, 2.363246858195648, 2.3744249298210884, 2.384890795363556, 2.3950618883210066, 2.4139607027074397, 2.4304934804452625, 2.4445269682236574, 2.455745414468719, 2.4641040680372734, 2.4693583241368477, 2.471212058261478, 2.468362173392376, 2.4590132605186303, 2.4512777519076647, 2.441442107748557, 2.429725951875369, 2.4169624342824103, 2.406072262356061, 2.3956533935037787, 2.3859808407099834, 2.3770996542579574, 2.3618109051165663, 2.349285110723541, 2.3394820186722822, 2.3320706828158166, 2.327225866269866, 2.325431700197129], "y": [1.3266123599008834, 1.3049673902811416, 1.2848765392163903, 1.2698915076472508, 1.2661138863673402, 1.2650331280759535, 1.265971463567525, 1.268610342704326, 1.277638927056922, 1.2903108258822384, 1.3057046876570155, 1.3229737692015795, 1.3417941736623513, 1.361714049695626, 1.382231660134859, 1.406969854685922, 1.4300501047169, 1.4403145071922892, 1.4485883307112262, 1.453992066283319, 1.4558792030648455, 1.4545601590973565, 1.451127537153045, 1.446012001241837, 1.439620482454259, 1.4243601780434232, 1.4067611094361527, 1.388045474105351, 1.3682604363135327, 1.3476795451767953, 1.3266123599008834]}