{"x": [2.3551098372950428, 2.3566859658981083, 2.3619753111779107, 2.3722760601256505, 2.3789324275429853, 2.3859992982884406, 2.392860759955405, 2.399502454537198, 2.411717967361973, 2.422253873234477, 2.43111841294504, 2.4381626775565906, 2.44342962089868, 2.446772969505885, 2.4479641095186597, 2.446283992092608, 2.4406528294336365, 2.435905757445392, 2.4298338480277213, 2.4226201903904694, 2.414800736043704, 2.407734749643453, 2.400978135893671, 2.394693734141768, 2.388905681234561, 2.3788926453598234, 2.370655430404753, 2.3641990576459166, 2.359338376598838, 2.3562021622283678, 2.3551098372950428], "y": [1.3260388041923195, 1.3123585492492778, 1.2996441328965287, 1.290004773812529, 1.2875083016363442, 1.2867343905380517, 1.287432363347906, 1.2892910498014798, 1.2955881111554264, 1.3042700357430672, 1.3146527648072204, 1.3261214220056536, 1.3385073442435793, 1.3515521030932576, 1.3649657118107328, 1.380075842730926, 1.3941977710021962, 1.40046376927881, 1.405456698568085, 1.4086460452533958, 1.409677996078502, 1.4088391586618083, 1.4066075711872896, 1.4033129100648198, 1.3992084075572553, 1.3894024727735599, 1.3780637985038384, 1.3659489243528427, 1.3531103611678879, 1.3397342090145878, 1.3260388041923195]}