{"x": [2.1386315985722173, 2.140195423824467, 2.1461752506841587, 2.1573556626470394, 2.171114121405232, 2.181234454441781, 2.1910420356198532, 2.2004133480081363, 2.209336513768297, 2.2177445414980914, 2.2256837681574955, 2.2400835263693883, 2.2522837343636986, 2.2619727766870383, 2.2685727675431946, 2.2710864348649498, 2.2691075106028222, 2.2623398469803027, 2.2498424808393565, 2.2338365676018084, 2.2235605544798394, 2.213709119946375, 2.204468509355764, 2.195839867641824, 2.1878801573219153, 2.18047841038163, 2.167269233567736, 2.1562619320889795, 2.1474086459986914, 2.1411382441238413, 2.1386315985722173], "y": [0.9494998117545151, 0.9358099121789901, 0.9233961870919888, 0.9150225530651582, 0.912609221120705, 0.9135780166285845, 0.9162558995502734, 0.9201360556596149, 0.9249583186271775, 0.9305152324908307, 0.9367235254964523, 0.9508054210428991, 0.9667413558342921, 0.9843175201381581, 1.003327856473067, 1.0232936833646147, 1.039269736961896, 1.0538762135688968, 1.064477317200557, 1.0679955980452533, 1.0666564788114092, 1.0634410591439005, 1.0588096638411966, 1.053118859969189, 1.04668022239657, 1.0396072326185213, 1.0239849379497037, 1.0070381866087996, 0.9888730443781925, 0.9696059347406774, 0.9494998117545151]}