{"x": [2.2566566718592527, 2.2578019950653268, 2.2619301884752505, 2.2706243190835904, 2.282933961337658, 2.29026356806828, 2.2972591143680368, 2.303782659273352, 2.3098347317460144, 2.315366107071647, 2.3204531369695767, 2.329325044289745, 2.3363709223711298, 2.341690296894087, 2.345132667233555, 2.3464098189347613, 2.3451381474735293, 2.340641351593249, 2.331387420005441, 2.3249200075390672, 2.3178103322982597, 2.3103162011415015, 2.3032703153726173, 2.2968353547973877, 2.290975963555492, 2.280943051571896, 2.2726900455584795, 2.266173355443162, 2.261192704187446, 2.2578920005784284, 2.2566566718592527], "y": [1.3185636811729478, 1.3062731757109372, 1.2946401920468749, 1.2853243965030778, 1.282031273179306, 1.2829412798414295, 1.2853105790877566, 1.288722601942933, 1.2929143744655724, 1.297656475672034, 1.302872390132885, 1.314413701411269, 1.3268772441961219, 1.3401696687820321, 1.354077304828483, 1.3683475934550908, 1.38200528677635, 1.3949640120984625, 1.4057116722802605, 1.4088250980573818, 1.4098116891834864, 1.4087092510546542, 1.405928448049329, 1.401996123988305, 1.397248553620205, 1.3862895912942992, 1.373934589478284, 1.3609267933037288, 1.3472570045545638, 1.3330735969968786, 1.3185636811729478]}