{"x": [2.2702633227483524, 2.272865239155455, 2.2818339276537922, 2.295760160186673, 2.3114844524932696, 2.3292649664555047, 2.3462608121328237, 2.3620903929889656, 2.3764999130847833, 2.389211738329112, 2.399537823321686, 2.4035794656894183, 2.4066852202943823, 2.4087036026627002, 2.4094639438947825, 2.4087673852350693, 2.4064436100546955, 2.402402262765454, 2.3966961111472656, 2.381288944602749, 2.3632088088709415, 2.345155612215557, 2.328288212792971, 2.3131268188150282, 2.2997678426556005, 2.2883992327503213, 2.279224208319181, 2.275598665323922, 2.2727663344980646, 2.270887260932574, 2.2702633227483524], "y": [0.8912848829405331, 0.8755305643795662, 0.8623195406141739, 0.8547255933789051, 0.8526388210797329, 0.8547873677788741, 0.8604357444830588, 0.868728573700666, 0.879297981305719, 0.8920734275302565, 0.906844158588825, 0.914956627066858, 0.9234713969503879, 0.9323155439655015, 0.9413551614917289, 0.9505409770627288, 0.9594552616993063, 0.9677508491951288, 0.9750026829993022, 0.9849889432397897, 0.9881850137084469, 0.9854140114933099, 0.9784077857280911, 0.9683568236665341, 0.956010671971002, 0.9419072617957193, 0.9262877100595567, 0.9179408224428983, 0.9092925279874295, 0.9003759355986996, 0.8912848829405331]}