{"x": [2.2666710033403183, 2.2678112476953167, 2.27190110039977, 2.2799059970332243, 2.290284477090709, 2.297096937121985, 2.303666122757178, 2.309885559359813, 2.315744488973603, 2.3211956547529864, 2.326284683116995, 2.3353602120815222, 2.342835965180593, 2.3486558695369846, 2.352552618464483, 2.354049627383024, 2.352811977083667, 2.3483921203214924, 2.3397793992617197, 2.3282382683537692, 2.321311432804841, 2.3147020942641214, 2.308540013032783, 2.3028215239434164, 2.2975870178794136, 2.2927535244825004, 2.2842299063694, 2.2772815097410515, 2.271830323159707, 2.268107832669635, 2.2666710033403183], "y": [1.0947263827248557, 1.0843963886637114, 1.0748422252074867, 1.0678688750625385, 1.0656343428849395, 1.0663796808681378, 1.068331843893429, 1.0711698885922665, 1.0746925059639731, 1.078728909904943, 1.083213277802352, 1.0932797577887294, 1.1044259775031937, 1.1165195217150377, 1.1293854153214296, 1.1427448627199097, 1.1542600393485445, 1.1649649885429134, 1.1731309821639828, 1.1758995040147813, 1.1750057909665454, 1.1727482662626638, 1.1695077371516904, 1.1655364456041617, 1.1610587690795675, 1.1561509200216822, 1.145343485642219, 1.1337030338847098, 1.121290745712132, 1.1082305243109067, 1.0947263827248557]}