{"x": [2.286213885497502, 2.2877295817458574, 2.2931569159646346, 2.298270138281029, 2.3055679332306482, 2.3156589746416127, 2.3278462277493768, 2.336344254479756, 2.3442646339021236, 2.357557899447348, 2.3675343748581152, 2.3749635753875316, 2.3801273840194006, 2.383614955805679, 2.385623096650899, 2.386281543106993, 2.3843959336640657, 2.3784743320641644, 2.373461277740668, 2.3666084841283754, 2.3567270078112688, 2.3428561324450037, 2.3333349247731756, 2.3252191669573663, 2.31302856610818, 2.3043337551631904, 2.2976951523151015, 2.29279059198865, 2.289233676044457, 2.2870066904548887, 2.286213885497502], "y": [0.9026275992743753, 0.8793089939702338, 0.8565801855605237, 0.8454145973567434, 0.8355374727110493, 0.8281957133846606, 0.8255121693750143, 0.826763600909956, 0.8300877743414462, 0.8407549816868364, 0.8542263914469458, 0.869253564236268, 0.8845746831699407, 0.9003619707140968, 0.9163953967571912, 0.9325406693965141, 0.9603747473797393, 0.9876369199754728, 1.0012156201755233, 1.013965170460945, 1.025062425085139, 1.0303907879644194, 1.0282371381890876, 1.0228125572873048, 1.0079841594391394, 0.9914430802463349, 0.973974938088192, 0.9565188340071482, 0.938739108737899, 0.9207433200000825, 0.9026275992743753]}