{"x": [2.2885197374658914, 2.291634792197129, 2.302040722808748, 2.318099560495561, 2.3361944773151486, 2.3553329086115227, 2.3736905543780553, 2.3908526966872183, 2.406510450241733, 2.420349352941011, 2.4315506468427417, 2.439224877611187, 2.4421406653663214, 2.4412785051815553, 2.4384886428090087, 2.43371698421685, 2.4270597221297074, 2.418766571935711, 2.409233372355393, 2.398934871803578, 2.3882937194691274, 2.368801378578992, 2.350566188024626, 2.334195870388289, 2.319827751982198, 2.3076807705208577, 2.2979508733268874, 2.2941367763300757, 2.2911758072355672, 2.2892270472488754, 2.2885197374658914], "y": [0.931343279310455, 0.9132346452765796, 0.8980905771092209, 0.8894191984128388, 0.887041581614507, 0.8892427700899468, 0.8950841419408845, 0.9037579599312084, 0.9149208001072245, 0.9285534016857672, 0.9444245726774233, 0.9623576745722647, 0.9816446687192313, 0.9922913273425844, 1.0026020658209216, 1.0121738077527198, 1.0205444607040828, 1.0273072470996585, 1.0321682887302344, 1.0350118084061835, 1.0359660592947155, 1.0330603650588244, 1.0255855916297716, 1.014749989866431, 1.0013725933126614, 0.9860765553803522, 0.9691399962361944, 0.960104960558222, 0.9507555291517306, 0.9411343345813507, 0.931343279310455]}