{"x": [2.231634307834683, 2.2330195135029727, 2.237971540138492, 2.2470872447338937, 2.2583863256561583, 2.2651551059724566, 2.2717439744444587, 2.2780574451927893, 2.2840669896876924, 2.289720520052231, 2.295038679633255, 2.304610518453655, 2.3125976479151715, 2.3188423395956423, 2.3230195799400617, 2.3246059530395526, 2.323053986769165, 2.317695763242904, 2.3079028474500167, 2.29538284788835, 2.2885076519566807, 2.2818737708016195, 2.275604715742257, 2.269725272615504, 2.2642874639552257, 2.259235914665662, 2.2502722680756206, 2.2429114691444876, 2.2371248507503005, 2.233170915392467, 2.231634307834683], "y": [1.0473216832370873, 1.0360595362175038, 1.0258501198563552, 1.0188304280276204, 1.0166618077397083, 1.017285778448911, 1.0189568675174243, 1.0214462142502359, 1.0245993293781634, 1.0282832970334643, 1.032436753658834, 1.0419332320173138, 1.0527016452362707, 1.0645657417507586, 1.077333059882603, 1.0906723690687632, 1.1031677181153716, 1.1145620933831792, 1.1228234892612252, 1.125544054010728, 1.124784978060643, 1.1228263723786962, 1.1199385428056343, 1.116322915681656, 1.1121664774854685, 1.1075482969693307, 1.09722000555422, 1.0859004117973012, 1.0737008375716857, 1.0607628310548125, 1.0473216832370873]}