{"x": [2.192367669428674, 2.1941251497828476, 2.200764597114926, 2.216911841176886, 2.2313740953375087, 2.2502265694206476, 2.2643986444725943, 2.27716582834023, 2.288112223853088, 2.2974717812607146, 2.311935211589687, 2.3223738095723983, 2.329441676670359, 2.3341128944012683, 2.3376385508016204, 2.3349061155740967, 2.3267991903467706, 2.3201084878516696, 2.3110047205171087, 2.297476009404628, 2.2876730223330135, 2.2750882056238453, 2.2586772507425166, 2.246538718972482, 2.2297179337937827, 2.2178932030592207, 2.208775376233476, 2.2018744303418076, 2.1967715310797984, 2.193502064395906, 2.192367669428674], "y": [1.0270688435350181, 0.990876466728152, 0.9552549196639096, 0.9208355065982442, 0.9076842151035343, 0.9025172542627798, 0.9051231507861724, 0.911804275246817, 0.9209938645314184, 0.9317952908759765, 0.9556323299863315, 0.9814863610566495, 1.0073888975931056, 1.03382894050622, 1.0873557700686056, 1.1360618278631707, 1.184166131532579, 1.2083569081459695, 1.2317466621710784, 1.2537836141124763, 1.2626600195965667, 1.26672345634898, 1.2606641972163024, 1.248066971020753, 1.2183988261709184, 1.1874045755515616, 1.1555089165620358, 1.1238109382362726, 1.0917743138313503, 1.0594942352948458, 1.0270688435350181]}