{"x": [2.246338234462452, 2.24873085914556, 2.2571537836112667, 2.2705325468871074, 2.2857397307663687, 2.3042402692880533, 2.321845408707552, 2.3381771053197675, 2.3530153660417104, 2.366085800203789, 2.3767313478194483, 2.384151675774072, 2.3870868718963245, 2.384283602979101, 2.3749865913962442, 2.359988938644759, 2.342272949576399, 2.3327799164219964, 2.3235012752222546, 2.314577080965659, 2.306064941130617, 2.298039512010482, 2.2904724840047406, 2.2833764190424004, 2.276760689494505, 2.2650979063576084, 2.255654871634696, 2.2519052503757853, 2.248961843351256, 2.2469958874000437, 2.246338234462452], "y": [0.8975616994103355, 0.8823355332040916, 0.8694275847358268, 0.8619144568470269, 0.8598699627954824, 0.8622617532307367, 0.8684301933170574, 0.8773405342202909, 0.888563034297944, 0.9019871772071044, 0.9174052243595007, 0.934695880169004, 0.9532811611461854, 0.9710194378714828, 0.9863840190058231, 0.9963320650457275, 0.9995001779534288, 0.9986231746027229, 0.9964337384117855, 0.9931066738502373, 0.988834194809345, 0.9837982088254944, 0.9780965639266802, 0.9718218096496679, 0.9650425175232192, 0.950254667873238, 0.9339595734276513, 0.9252731321625834, 0.9162814539808032, 0.9070132572622901, 0.8975616994103355]}