{"x": [2.2272884938975768, 2.229291929510107, 2.236863211742608, 2.244211815272189, 2.254900284709048, 2.2697903344853807, 2.2877030892548955, 2.3012261311309263, 2.3138779220314984, 2.335237925833756, 2.351307837940122, 2.3631938967602233, 2.371339763082975, 2.376749703112265, 2.379800488505848, 2.3808292304490273, 2.377797866163209, 2.368815783989027, 2.361404747212308, 2.35137412885445, 2.3367525595291454, 2.31468973179019, 2.2989254957725183, 2.2863295195017836, 2.2681904401619106, 2.2553010643998084, 2.245322849063488, 2.237771155189434, 2.2321656065883864, 2.228557848242667, 2.2272884938975768], "y": [0.9318196925017533, 0.8975568291564413, 0.8640809685367515, 0.8475681574541574, 0.8329931265868916, 0.8222735504094922, 0.8183041534361545, 0.8201326220056483, 0.8252461477852572, 0.8418913691413596, 0.8631468296867862, 0.8869954833978368, 0.911337364183175, 0.9364294913786769, 0.9618969538912803, 0.9875258560988058, 1.0332023874735556, 1.0780895447424013, 1.1005473877765155, 1.1219638504912077, 1.1414171775489008, 1.1516862503069183, 1.1470994021961038, 1.1365688896444928, 1.1100394713481352, 1.081570704468622, 1.0519558110215952, 1.0224478954848266, 0.9925092417980994, 0.9622584261590139, 0.9318196925017533]}