{"x": [2.1984418605377627, 2.200202898580418, 2.2067738988469197, 2.2190921957790453, 2.234421737493871, 2.24421962113688, 2.253737366603927, 2.262845420808152, 2.271514521736969, 2.2796714817187818, 2.2873515260179094, 2.301196224095032, 2.3127757283438433, 2.3218461585327272, 2.327934416747733, 2.330309516081939, 2.3282861901159144, 2.3210562414231544, 2.307489219688569, 2.289724937436916, 2.279677237279305, 2.2700284838715126, 2.260977320601278, 2.252543815558045, 2.244792944901585, 2.2376188882317276, 2.224924435733675, 2.214512908561744, 2.206287886845524, 2.2006114358280207, 2.1984418605377627], "y": [1.0233366772454275, 1.0080829414216979, 0.9942049132092518, 0.9846486241070268, 0.9818081573272954, 0.9826906561421002, 0.9851785969099984, 0.9888429304397721, 0.9934506067186036, 0.9988068795882524, 1.0048270602136542, 1.0185587292263012, 1.0341174534112239, 1.051260560279564, 1.0697134934516361, 1.0889991496213962, 1.1067827051569386, 1.1231557481652057, 1.1353782177764942, 1.139607061380745, 1.1383600654442931, 1.1352920310575223, 1.1308083537881568, 1.1252493151045333, 1.1189250389922998, 1.1119532834619739, 1.0965134392622913, 1.0797837655725802, 1.0618775963121332, 1.0429640955628507, 1.0233366772454275]}