{"x": [2.269709235717985, 2.2711130827454094, 2.2762662431895455, 2.281162415444808, 2.288183293840015, 2.2979087714985957, 2.309630263004765, 2.3182039138046218, 2.326180038321942, 2.3395611936254084, 2.3496387476221736, 2.357182928041701, 2.362460502651351, 2.366043749827746, 2.3681183996722472, 2.368803214350207, 2.3670192496315616, 2.36135932183251, 2.3565340186765003, 2.3499117798249, 2.340340346046168, 2.3269516106473573, 2.317396508157707, 2.3092650888195165, 2.297026452625778, 2.2882549174797195, 2.2815236266254963, 2.2765206760913554, 2.272867969206932, 2.2705569189727464, 2.269709235717985], "y": [0.8806293749008861, 0.8582286764141729, 0.8363836079408073, 0.825641831691077, 0.8161515457990614, 0.8091328000398856, 0.806592259823655, 0.8078828118995958, 0.8112819956814478, 0.8220909442061382, 0.8356802187417235, 0.8508232309506222, 0.8662805222992978, 0.8822160483110464, 0.8984082688335616, 0.914718486682625, 0.9414775414950481, 0.9676919413905476, 0.9807559370536267, 0.9930073649632504, 1.0036307582728081, 1.0086517735497063, 1.0065127039525663, 1.001057832563099, 0.9862019657694017, 0.9696431668361456, 0.9521553603880405, 0.9346663537579487, 0.9168463481639278, 0.8988016767255066, 0.8806293749008861]}