{"x": [2.163309746418324, 2.1650851471253785, 2.17182101854342, 2.1882784169775307, 2.2025126094510936, 2.220137944884281, 2.2349619736257793, 2.248506171984535, 2.2603626962415215, 2.270688883781016, 2.2870494090984126, 2.2991220294898675, 2.3074446903426886, 2.313007762270849, 2.316169822557639, 2.317248317598635, 2.3145179320864706, 2.306342685356275, 2.299505931000353, 2.2901488660634657, 2.276259184130883, 2.254442388962456, 2.2373574338463347, 2.224270606284322, 2.2057330254999, 2.192521643178405, 2.182226089967324, 2.174354081492723, 2.168462320505879, 2.1646374471936443, 2.163309746418324], "y": [0.9699113665760892, 0.9363551025766955, 0.9034339401198924, 0.8721998967662439, 0.8610429477209081, 0.8569886539177561, 0.8595619494971151, 0.8661139239389304, 0.8752102220936071, 0.8860125208524116, 0.9102573232329693, 0.936898063988761, 0.9638745300011582, 0.9915521135826636, 1.0195889203929418, 1.0477828560852267, 1.0936401476800999, 1.1388453635114912, 1.161555962491963, 1.1833494902454469, 1.2034540711827029, 1.2144606550046664, 1.208714684621215, 1.1963192495207624, 1.1663892451510844, 1.1347864786714406, 1.1021172721293557, 1.0695819236296755, 1.03663037477543, 1.0033672964684468, 0.9699113665760892]}