{"x": [2.2644333571236, 2.266882971629941, 2.275922396927081, 2.2844153578730735, 2.2960604033822514, 2.310607541171339, 2.3267127077794383, 2.3504335518094086, 2.371420125047257, 2.388570651090398, 2.4019160347693287, 2.4114137863768295, 2.417815274229953, 2.4214475860059386, 2.422604414334097, 2.419275336307794, 2.4151460145230605, 2.4092711894792034, 2.4010697660690257, 2.3901266960751637, 2.3749005038634134, 2.354601002071495, 2.3404939911252436, 2.328197824931667, 2.309203089413838, 2.2952788058538753, 2.284385135340317, 2.276106329869676, 2.2699172060332007, 2.2659051341132637, 2.2644333571236], "y": [0.7803156431172397, 0.7494180878925848, 0.7197710252996785, 0.7059562289591055, 0.6946703130170628, 0.6873339623891253, 0.6848712673377458, 0.6894819176465193, 0.7014610779466567, 0.7182085488806811, 0.7381213352428303, 0.7593657796840836, 0.781738858562092, 0.804699114076177, 0.8279161072132998, 0.8681839998832714, 0.8879806315686014, 0.9073311962939667, 0.9266057794587144, 0.9444669698232229, 0.9595596218709912, 0.966455657116265, 0.9635381216444726, 0.956033185401787, 0.9349392122738065, 0.9110110971973915, 0.8855598043714771, 0.8599665499661177, 0.8337893072309681, 0.8071827317575486, 0.7803156431172397]}