{"x": [2.2088498543012896, 2.2100802365048087, 2.214587135799088, 2.2252871320337726, 2.2346852751844684, 2.2468284691801146, 2.2563025257373273, 2.264811523280002, 2.272109140787442, 2.278379130705113, 2.288193479173708, 2.295436822839177, 2.300481867767218, 2.3039076244660053, 2.3058980461551464, 2.306560791900259, 2.304968825952565, 2.2998491780166224, 2.2954453472532133, 2.289326823453906, 2.2801870997825677, 2.266350839685685, 2.2559030785879286, 2.24753544910476, 2.2354617574867994, 2.2269251503462386, 2.2203853167132435, 2.2155048723491233, 2.2119365890675957, 2.2096759295836415, 2.2088498543012896], "y": [0.9757497534074231, 0.952434117087387, 0.9295251538606029, 0.9075176848338472, 0.8991661167999419, 0.8959078008407362, 0.8977016833260647, 0.9022373996795412, 0.9084134200950892, 0.9156304607552533, 0.931501115939203, 0.9486980082274843, 0.9659970682498839, 0.9836881435994846, 1.0015905826030338, 1.0195911345071766, 1.0479595900106509, 1.0759076280141175, 1.0899565827628748, 1.1033480173926178, 1.1154547281797127, 1.121672838937988, 1.118611810037399, 1.1116470137935421, 1.0940753871399238, 1.0751752808831474, 1.055494878091475, 1.0358928900273703, 1.0160101329831537, 0.9959349374722543, 0.9757497534074231]}