{"x": [2.168553681236381, 2.1704003677085355, 2.177418897291298, 2.1944873095107806, 2.209213853328846, 2.2274792052757775, 2.242063712563014, 2.255436867665274, 2.2671702990912923, 2.277388570175516, 2.293547148914452, 2.305422393929584, 2.3135661340062343, 2.318987666047731, 2.3220572146078022, 2.3231117679424296, 2.3202480004056767, 2.3117420380837546, 2.304673429379371, 2.2950386656728345, 2.280793465733294, 2.258397523104296, 2.2414885268269518, 2.2284962487619, 2.210124473269543, 2.1970884169663822, 2.186971165571047, 2.179272712131553, 2.1735380315520048, 2.1698340521973294, 2.168553681236381], "y": [0.9882756772966439, 0.9534575631330174, 0.9193042094567875, 0.8869134382074088, 0.875298609231195, 0.8710380619392595, 0.8734852937615433, 0.8797984165240387, 0.8886431187028844, 0.8992019588717125, 0.9229920283174136, 0.9491845010323797, 0.9756938118482389, 1.0028907060218557, 1.0304350674493084, 1.0581298664569416, 1.10532858521546, 1.1518427639347308, 1.1751957413318679, 1.1976122109612741, 1.2183188846610666, 1.229725628753304, 1.2241214161596239, 1.211934453265499, 1.1823863569174164, 1.1511566028225022, 1.1188629884541546, 1.086717923690499, 1.0541651233091152, 1.021312069864496, 0.9882756772966439]}