{"x": [2.201068291240128, 2.2029920291198692, 2.2098912872935297, 2.222908966502391, 2.239242323144004, 2.249076589202936, 2.258635339926781, 2.267784047669566, 2.2764859978954077, 2.292350290367477, 2.306153506102032, 2.3176100026565285, 2.3265007522733407, 2.3323900740664887, 2.334637486036838, 2.3324655239321035, 2.3248640875979634, 2.3106290766276874, 2.301514217644443, 2.291823370767919, 2.281711374327624, 2.2720006118419738, 2.2629001368134047, 2.254437275925842, 2.24668120323983, 2.2395233862598274, 2.226919809359246, 2.2166741656763156, 2.208651753979151, 2.203181887141852, 2.201068291240128], "y": [1.0693040047604834, 1.0530633810895875, 1.0382357426632298, 1.0278869640301402, 1.0247598804048748, 1.0256364643245597, 1.0281086036583167, 1.0317703504723472, 1.0363945590922021, 1.0478599769687913, 1.0617381187071333, 1.077458202409692, 1.0947592693181165, 1.1133303789517273, 1.132682881726365, 1.151529909651914, 1.168912258361707, 1.182051118681072, 1.1855405158539347, 1.1866998405410616, 1.185469796119897, 1.1823930164342733, 1.177869748607948, 1.1722431525524235, 1.1658327709038185, 1.1587606204195415, 1.1430968843710954, 1.1261642247888124, 1.1080719865202, 1.0890162582223322, 1.0693040047604834]}