{"x": [2.299256852723313, 2.3015311310930815, 2.309913098409038, 2.3180136066366392, 2.329663583070522, 2.345466993139604, 2.364012553473118, 2.377684916220842, 2.3906006124576153, 2.4128338992393137, 2.429919799126689, 2.4426860613818913, 2.451485870233534, 2.4573356870429186, 2.4606326338762416, 2.461678340265881, 2.458416045398268, 2.4486005113613505, 2.4405359736410612, 2.429672531807337, 2.4140048788847666, 2.39104805696173, 2.3749846701796518, 2.3618523527869186, 2.342676306050738, 2.329000726069828, 2.3184109553848207, 2.3104071117019283, 2.3044673337246553, 2.3006470482838957, 2.299256852723313], "y": [0.9390424119440026, 0.9036402352666292, 0.8691695364121904, 0.8523417980195545, 0.8377449126652606, 0.8273648422817249, 0.8236830189705544, 0.8254234753266688, 0.8302346583571009, 0.8462199584198832, 0.8671406284744355, 0.8909445138405743, 0.915467955235927, 0.9408572336225489, 0.9666812309296462, 0.9926938277528277, 1.039682643939266, 1.085750492879457, 1.1087283837178796, 1.1305230130459896, 1.1500491649122153, 1.1600356699064078, 1.1557254129219214, 1.1455198776552393, 1.119149883371697, 1.0905380492016779, 1.0606463229346, 1.0308286217256593, 1.0005321556501157, 0.9698902435460275, 0.9390424119440026]}