{"x": [2.2402291870318747, 2.2414556743268754, 2.245872075354247, 2.254558402392805, 2.2658672961699753, 2.273139880938332, 2.280155347679478, 2.286799163246483, 2.2930577960437755, 2.2988795802240105, 2.3043121080364335, 2.3139888903135053, 2.3219394349165854, 2.328106379061098, 2.332212680550969, 2.333776433872577, 2.33241495792412, 2.32759393512798, 2.3182122077533434, 2.3055839679351675, 2.2981819976577498, 2.2911215756065375, 2.2845454321311958, 2.278451166366057, 2.2728822049792017, 2.2677480285840526, 2.2587149509455386, 2.251378623868142, 2.245640631595045, 2.2417348200665037, 2.2402291870318747], "y": [1.1291708998438519, 1.1179140463102746, 1.1074873294479712, 1.0998389354983638, 1.0973774056964207, 1.098167036990961, 1.1002400138837747, 1.1032594767364063, 1.1070127362152409, 1.1113187057189917, 1.1161064176960975, 1.1268634835630293, 1.1387796808556048, 1.1517093257586792, 1.1654561617563797, 1.1797177145267677, 1.1923257653882335, 1.204054972628394, 1.2130542674448062, 1.2161416085045769, 1.2151821674154024, 1.2127613965360893, 1.209280843695187, 1.2050123737268663, 1.2002000124331045, 1.194926267568829, 1.1833206566763186, 1.1708427134225656, 1.1575537628430694, 1.1435911390021856, 1.1291708998438519]}