{"x": [2.271388905427073, 2.2734330630208444, 2.2808918887943683, 2.2947939700018494, 2.312206639596383, 2.3216519123221753, 2.3308578004955134, 2.339693296961721, 2.3481091055424232, 2.3634598262526447, 2.376769125926791, 2.3877355231534816, 2.3961506476532737, 2.4016300193150406, 2.403723317114131, 2.401258088352514, 2.3931428778574344, 2.386489035984036, 2.378206890832363, 2.3686670671858474, 2.3585067666945427, 2.348778689901907, 2.339405926554688, 2.330594256381723, 2.322388935912707, 2.3079348657792, 2.295775865271707, 2.285973259142659, 2.2783782979327882, 2.27327525523358, 2.271388905427073], "y": [1.1117779186520793, 1.0944377718301423, 1.0786509041815329, 1.0676359630260848, 1.0642602070886678, 1.0650628094042502, 1.0673231125435594, 1.0707156884139406, 1.075045784807051, 1.0859173866777887, 1.0992102003657491, 1.1143398500881507, 1.1310237899258848, 1.1489096328739605, 1.1674984735073979, 1.1872486862739426, 1.2054226130865895, 1.2131898180873482, 1.219190581112716, 1.2229013705422864, 1.224144948977137, 1.223048187583877, 1.220221586997627, 1.2160027368956674, 1.2107001956727568, 1.1978583971125278, 1.1828254120348853, 1.1665259007080633, 1.1490879615914416, 1.130734236065509, 1.1117779186520793]}