{"x": [2.2509649512338563, 2.252382622053743, 2.2572743820420507, 2.265429770741963, 2.274933051669501, 2.2810520907121123, 2.2870440150594575, 2.292840310822419, 2.2984167708322922, 2.3087929984684825, 2.3180826902451797, 2.326118690149191, 2.3326103086516805, 2.3371265379240516, 2.338915902096417, 2.3373871488839613, 2.332147385674694, 2.323311879862444, 2.3127392727562612, 2.3065466785110624, 2.3005189412049845, 2.294744900193809, 2.289252199105346, 2.2840867521639003, 2.279221919308897, 2.2746634751142367, 2.27041646499486, 2.2629432803021086, 2.256909385151492, 2.252656670825907, 2.2509649512338563], "y": [0.9039675901248538, 0.8944745392933193, 0.8862163016568471, 0.8811211898413256, 0.8796521150060622, 0.8801575140269695, 0.8814972563869103, 0.8834998489504388, 0.8860514200949514, 0.8924773850515781, 0.9003932395396158, 0.9096027514477552, 0.9199589714754278, 0.9313635057661781, 0.9434984925848017, 0.9540548145382995, 0.9633455573009264, 0.9694386012804798, 0.971285579047908, 0.9706864769577077, 0.9691458505367132, 0.9668541064187596, 0.9639520596490287, 0.9605682477119569, 0.9567649035751158, 0.9526013203410505, 0.9481205007878064, 0.9383914397090953, 0.9277099029171997, 0.9161593484794386, 0.9039675901248538]}