{"x": [2.2680010528835477, 2.269865406830301, 2.2768543126469387, 2.2836907955974044, 2.29394678564296, 2.309774502966674, 2.3314621258573154, 2.346822988650865, 2.360423744644348, 2.3814928248733147, 2.3961412792368466, 2.406580078619035, 2.413588831827322, 2.418194232009687, 2.42159532103429, 2.418670766957947, 2.4098667135741647, 2.4026717315021586, 2.3929253259051393, 2.3784561914647124, 2.367764995622838, 2.3534348238334446, 2.335644014207289, 2.3229912466726117, 2.3057711497493716, 2.29376153659463, 2.284550093087809, 2.2776032219899767, 2.2724880039482214, 2.2692166179283517, 2.2680010528835477], "y": [1.177057886074956, 1.1350947126313784, 1.0936756477387382, 1.0726659384074044, 1.0530965732285182, 1.036802185143488, 1.0300441727065142, 1.0331521603603426, 1.0409390165568049, 1.0636010297858398, 1.090021967789317, 1.1183711238205374, 1.1466012776929504, 1.1753215579554244, 1.2333445973499653, 1.2897229663364718, 1.34548641449151, 1.3735398639795506, 1.4008120361177012, 1.4268838462456492, 1.4378000068512387, 1.4431019317264893, 1.4358089088376678, 1.421331044225633, 1.3881007689502654, 1.353718405114683, 1.3184830952739914, 1.2835056025838005, 1.2482136976008222, 1.212700609931556, 1.177057886074956]}