{"x": [2.2797569069564707, 2.2817921568099973, 2.2892879424246138, 2.3075119029453677, 2.323670246910571, 2.3444725083969575, 2.3598757934454024, 2.3738933887398015, 2.386038476290318, 2.396492344203556, 2.412751458034365, 2.4245196484929097, 2.4324844516795503, 2.437742100688799, 2.441635782618025, 2.43855408578293, 2.4292505182623736, 2.421610621416003, 2.411257639566125, 2.395962845433, 2.384972542683823, 2.3710005926308755, 2.3530627093851897, 2.3396524689206095, 2.3210278408396454, 2.307955344716986, 2.2978895192337854, 2.2902845589014276, 2.2846650547156813, 2.281065978894654, 2.2797569069564707], "y": [1.112934645162752, 1.0730111690698936, 1.033744906409398, 0.9959731485472887, 0.9817338407999131, 0.9761556796446326, 0.978767357421664, 0.9856658408243486, 0.9953115552313445, 1.0067684136001827, 1.032319734686293, 1.060225620895839, 1.0882659473264198, 1.1169374510022128, 1.1750399824197064, 1.2290035337921357, 1.2822483022064943, 1.308994198138573, 1.3348113772999157, 1.35903778693217, 1.3687151852468915, 1.373099635540631, 1.3666931667488134, 1.3531663064923272, 1.32102341153951, 1.2873495195501348, 1.2526580175081243, 1.21818636832723, 1.1833359566852744, 1.1482151266913396, 1.112934645162752]}