{"x": [2.141803136258646, 2.1432127953678064, 2.148714873636107, 2.1599438863995304, 2.174662494290015, 2.185907993166456, 2.196676482581449, 2.2068233141713223, 2.2163703698663597, 2.2252516659228503, 2.2335561563499993, 2.248415736272322, 2.2607302049472375, 2.2703544413544123, 2.276805628054294, 2.279225231524825, 2.2773966482692147, 2.2710701015329633, 2.2585232858511106, 2.2413043350259176, 2.2298317482185905, 2.2190132088936347, 2.209061865598013, 2.1999103549229195, 2.191594111284913, 2.183933840385096, 2.170413285007618, 2.1593152459310745, 2.1504699486544623, 2.144261453977447, 2.141803136258646], "y": [1.0459288639693134, 1.0313369118928406, 1.0177487060165806, 1.0077695808081408, 1.0047635453238186, 1.0061160296202485, 1.0096274530454894, 1.0145761606745864, 1.0206012437501457, 1.0274146836535676, 1.034920402919965, 1.0516411224297213, 1.070087163801263, 1.0900690719835393, 1.1113321684424944, 1.133420233090737, 1.1506271240207233, 1.1667328875416856, 1.1793326277833407, 1.1837692673214535, 1.1819790640941739, 1.1777619225835045, 1.1718692501199135, 1.16479799319387, 1.1569694388511607, 1.1484979324275755, 1.1301094691952456, 1.110581602284052, 1.089935421680024, 1.0683014296064437, 1.0459288639693134]}