{"x": [2.265643826818762, 2.2675528032047927, 2.273876781355514, 2.2835585272934003, 2.2944345482978163, 2.3073596711853614, 2.3196952442717893, 2.331171344030751, 2.3416289703434225, 2.3508914726460444, 2.354930390534817, 2.358490713492666, 2.361504883037861, 2.363846777420942, 2.3653871919643223, 2.3659671161595983, 2.3638609646133295, 2.3570387955964125, 2.346463581564549, 2.33428781106034, 2.321252559171895, 2.30901311503611, 2.297905691503724, 2.2880177048302737, 2.2794935540900525, 2.2758025851009682, 2.272548497813018, 2.2697828547355785, 2.26761313639109, 2.2661685994188074, 2.265643826818762], "y": [0.8835342680146513, 0.8726430271027641, 0.8635727117944423, 0.8584116899681744, 0.8569679040392701, 0.8586298916437931, 0.8628316342686017, 0.8689416096611474, 0.8766662919769239, 0.8859381720831588, 0.8911067151268464, 0.8966158707193588, 0.9024816128727742, 0.9086466497547427, 0.9150669817327531, 0.9216440044331135, 0.9338182915181229, 0.9441191240217943, 0.9504394848279123, 0.9523190393411081, 0.9503778070725492, 0.9454908671544899, 0.938489057600516, 0.9298503126625297, 0.9198847566321566, 0.9144592218726689, 0.9087609242824066, 0.9027776801070696, 0.8965535082907491, 0.8901134506134937, 0.8835342680146513]}