{"x": [2.229199157789397, 2.231199069356005, 2.2390802112885604, 2.2467232315745154, 2.257680073392722, 2.2724133047085147, 2.289569004380097, 2.3019599882983655, 2.3136966674882053, 2.3340158229631336, 2.349730505081386, 2.3615112834762924, 2.369650358643278, 2.375066810559734, 2.378120652554899, 2.3791530321310552, 2.3760583978774243, 2.36694124979383, 2.3594445958893635, 2.3493510111687312, 2.3348495460142495, 2.3138997965984482, 2.2993970297530546, 2.287378559898941, 2.269651607250852, 2.25695644596085, 2.247110438889363, 2.2396607893256544, 2.234115121947122, 2.2305193190685477, 2.229199157789397], "y": [0.858878949899368, 0.8261443340915441, 0.7943097252483525, 0.7788317755249144, 0.7654927236806641, 0.7561200051568467, 0.7528645595176351, 0.7544361514285352, 0.7587089426932684, 0.7729719319503522, 0.7917781922429252, 0.8132686533985131, 0.8354746400537584, 0.8584966390230812, 0.8819281154031677, 0.9055351954575227, 0.9481699750540016, 0.9899333418151463, 1.010738018699245, 1.0304142466787773, 1.0479079636537725, 1.0567074309469104, 1.0530115383254646, 1.0440926678360554, 1.0206776428685964, 0.9950798007935638, 0.9682568109560069, 0.9414720905704161, 0.9142294016781091, 0.8866552316263974, 0.858878949899368]}