{"x": [2.2330209736336064, 2.2342952354263277, 2.238835713704807, 2.249524771780942, 2.259431482909062, 2.2736018549842556, 2.2838599478835744, 2.292659162056479, 2.305862871662062, 2.3149602788637016, 2.321516115614012, 2.326012893730805, 2.3290303940113146, 2.330765892506958, 2.3313358219374525, 2.3296787838040003, 2.324432191504633, 2.3199828443272272, 2.3138207814137015, 2.3044965955471115, 2.297665885515893, 2.2888758098857265, 2.2775479852678275, 2.2691397772428465, 2.257555159650942, 2.2495382429529296, 2.2434730017092055, 2.2389872828870265, 2.2357502006720678, 2.2337337651973628, 2.2330209736336064], "y": [1.1629273262159536, 1.1351419467712942, 1.1077004615526926, 1.0806746949770005, 1.0693827596090262, 1.064397653293098, 1.066809153424057, 1.0726072248924015, 1.088614725363759, 1.106668763482111, 1.1257928873751066, 1.144796629432936, 1.1640906160010172, 1.1835360260378833, 1.2030504080925244, 1.2369554940441492, 1.2704931430077693, 1.2874042507463075, 1.3037691899731816, 1.3192050429057793, 1.3254088281897236, 1.3282159836531466, 1.3240681585088119, 1.3154179503141796, 1.2949460848135597, 1.273527668221224, 1.251476990877407, 1.2295965585583521, 1.2074968687289904, 1.1852520119522902, 1.1629273262159536]}