{"x": [2.3867835155489443, 2.387510527629531, 2.3896910457438225, 2.3934135227897637, 2.3985158662283586, 2.4111622115844207, 2.4251382638425696, 2.4379621758047345, 2.450365047832925, 2.4620661656739147, 2.4728197250518966, 2.482421532396813, 2.490232336621105, 2.4955909943490044, 2.497580892169469, 2.4967962547922586, 2.494395436771879, 2.4904181739334272, 2.4850481698685547, 2.47862811773316, 2.4714413521650402, 2.4638061447075295, 2.455970570449979, 2.4429591823421255, 2.4305702100561994, 2.4191957164799747, 2.4090482373851647, 2.4003324934108323, 2.393353541810014, 2.3885610808360256, 2.3867835155489443], "y": [0.93934366275469, 0.9322052013974158, 0.9253691559127909, 0.9192170144718947, 0.9141502826750671, 0.9079433231864938, 0.9061751715428056, 0.9074890902964213, 0.9110030433349218, 0.9163845816401368, 0.9234724638318382, 0.9323248366604808, 0.9427914763483631, 0.9547695352210523, 0.9677398634230098, 0.9756280805923463, 0.9831829266369293, 0.9900449872745687, 0.9958819001764392, 1.0004303552382294, 1.0036328407634412, 1.0054843279428964, 1.0060571924550925, 1.0044745999588225, 1.000195092370207, 0.9937384086460352, 0.9854863460644772, 0.9757044369639368, 0.9646164176083086, 0.9523719235347803, 0.93934366275469]}