{"x": [2.2350246670449367, 2.237002541116607, 2.2442917925881964, 2.2573571160093, 2.2731453496064313, 2.2830140088867252, 2.292646516868396, 2.3019249892536524, 2.3108128290504824, 2.319237898873907, 2.327218373991428, 2.3417303598862116, 2.354045524274908, 2.3637811122441037, 2.370359532244398, 2.372917349346488, 2.370591364332064, 2.362490328428194, 2.3479612267312184, 2.329561622185471, 2.319453460968792, 2.3096863728214823, 2.3004491473906024, 2.2917823556838313, 2.2837606700008943, 2.2763015806206393, 2.2630323420773863, 2.2520671331675866, 2.2433658209364613, 2.2373346297538204, 2.2350246670449367], "y": [1.0091324667491512, 0.9933967435759635, 0.979311581787382, 0.9700508727540498, 0.967368506675289, 0.9681744167765864, 0.9704667337409183, 0.9738773026485326, 0.9782049271497378, 0.9832833997325738, 0.9890353300349014, 1.0022958653504135, 1.017576094226582, 1.0346162525393081, 1.0531556577077061, 1.0726605987578743, 1.0910737303041322, 1.1077718390866058, 1.119764273060347, 1.1238099894735087, 1.1226702280154475, 1.1198280512992045, 1.11561330968733, 1.1103239711627881, 1.104237374305849, 1.0974730496453897, 1.08234929717169, 1.0657745064196773, 1.0479070314899332, 1.0289200029917989, 1.0091324667491512]}