{"x": [2.303010016389171, 2.3051264405400134, 2.311934701549202, 2.322009297550114, 2.3332238991726517, 2.3450769657144774, 2.3564647650128, 2.3671291880884318, 2.3768852650963783, 2.385559994803026, 2.392658250594168, 2.3954565630139917, 2.3976139887167505, 2.3990146729515605, 2.3995241846859257, 2.398967466075426, 2.3971901392078334, 2.3941559665459633, 2.389964959505329, 2.3791479905528483, 2.3668175241079243, 2.3548551704981384, 2.3435247704611077, 2.3331562738128455, 2.3238883418178307, 2.3158793131270383, 2.3093804798150646, 2.3068103207045048, 2.3048080798179034, 2.303488004485242, 2.303010016389171], "y": [0.8907261920667439, 0.8794921572423537, 0.8703090002877636, 0.8651750340881482, 0.8637301105717818, 0.8651006541653375, 0.8686631818252869, 0.8739714641393257, 0.8808071603055265, 0.8891546930642893, 0.8988782214036073, 0.90425257493118, 0.9099147072658529, 0.9158166177412175, 0.9218610251875605, 0.9281394595650065, 0.9341867550802684, 0.9397218504483191, 0.9444419081239, 0.9506524813930023, 0.9525333415420909, 0.9509453074528766, 0.9467929838678313, 0.9406866009254692, 0.9330120278481201, 0.9240175468567888, 0.9138780007892112, 0.908396881836446, 0.9026837903563474, 0.8967683035183837, 0.8907261920667439]}