{"x": [2.2229011023134992, 2.2241410885898207, 2.2285502197717375, 2.2365481385129127, 2.2462909630017185, 2.253000255043233, 2.2595196562883753, 2.2657616485431404, 2.2717097163435738, 2.2773185218147405, 2.282614867104935, 2.292224122189628, 2.300376825586068, 2.3068816587030523, 2.3113612967553174, 2.3131396947551965, 2.311827134535324, 2.3071354830739566, 2.2985480967480143, 2.287708125241302, 2.2808724440454053, 2.2742779906049613, 2.2680417324268554, 2.2621775263977075, 2.2567325564709737, 2.2516488845491556, 2.2425458258186968, 2.2349436321149074, 2.228856720279285, 2.2245948390425894, 2.2229011023134992], "y": [0.9772857268585933, 0.9675799083157458, 0.9588449188038579, 0.9530162292358367, 0.9512790771840216, 0.9519378443653623, 0.9536542304822883, 0.9561680348038729, 0.9593148059930786, 0.9629602816099988, 0.9670464678336044, 0.9763396440754267, 0.9868693888139921, 0.9984895972049743, 1.0110685552917529, 1.0243023999403147, 1.0351324810271867, 1.04498143413115, 1.0519810433349286, 1.0542685639687743, 1.0535422103819798, 1.0516012542344058, 1.0487485619008907, 1.0451933042082073, 1.041120578065317, 1.0366049302126452, 1.0265179688856383, 1.0154308662216192, 1.003444761812855, 0.9906575885983273, 0.9772857268585933]}