{"x": [2.269832592756119, 2.271193218831176, 2.276055881738609, 2.2806854070356883, 2.287512832890589, 2.297940374544686, 2.3122939832136744, 2.3225909324622536, 2.3316032995566056, 2.3454437494898057, 2.355120560905162, 2.362127924384897, 2.3669396416605535, 2.3701705388340666, 2.3726374570245894, 2.370871766993904, 2.3652934989020458, 2.360563315799188, 2.3540243168045185, 2.3441971017061674, 2.3371350898265186, 2.3282994429762893, 2.3168315222308067, 2.308064088954127, 2.295832924130582, 2.2873458172977363, 2.2809174686034885, 2.276165786733531, 2.2727331904079544, 2.270591251692072, 2.269832592756119], "y": [1.1459416871343977, 1.1180898723453385, 1.0906320974935981, 1.0767442165604344, 1.06379462206926, 1.052933416733845, 1.048386623967123, 1.0506333409130848, 1.0560970521261455, 1.0716129261161402, 1.0894482132460526, 1.108491191039393, 1.1274774318006764, 1.1467955907409186, 1.1858574007132368, 1.2197529536832916, 1.2532329342317567, 1.2700920097944546, 1.2863353023536321, 1.301474531179405, 1.3073972427219838, 1.3100205742951796, 1.3062166899222898, 1.2979031553980365, 1.277736350986074, 1.2564468953862513, 1.2344480718905706, 1.2126098088552846, 1.1905257536240266, 1.1682787178233374, 1.1459416871343977]}