{"x": [2.2465264453182723, 2.248260612420948, 2.2548951182220693, 2.2711305797294097, 2.286087799228685, 2.306284844776326, 2.3216062252738454, 2.335167647858898, 2.346596424139751, 2.3562679915912987, 2.3710666453865676, 2.381691265405146, 2.3888775941236187, 2.393625040819605, 2.39715177337994, 2.3944331520263384, 2.3861627179688627, 2.3793413891119917, 2.370049612436264, 2.3561828312577515, 2.345959908332544, 2.332447311184481, 2.31479461062416, 2.302163909555068, 2.2848646686728324, 2.272725116685865, 2.2633680319304244, 2.256276729698453, 2.2510331686024596, 2.2476734491750903, 2.2465264453182723], "y": [1.11984055464273, 1.080919347556137, 1.0425285800541404, 1.005017798710878, 0.9901747597920758, 0.9841653030245202, 0.9873033677661953, 0.995093102559006, 1.00554486352444, 1.0176410206657192, 1.0439286072408553, 1.0721625373880792, 1.100336270937479, 1.1290218828785081, 1.1870129366945117, 1.2398506826578035, 1.2921079139377571, 1.3184122547813928, 1.3439487338025924, 1.3682651994250785, 1.378315755422358, 1.3831044449407273, 1.3759433307724673, 1.3616827282709452, 1.3288694592441146, 1.2948673894046494, 1.2599968511138278, 1.2253566545983752, 1.190389028871041, 1.1551854672526505, 1.11984055464273]}