{"x": [2.3211851816793243, 2.3232396928558443, 2.3299348858671243, 2.3400866700286436, 2.3514984069726865, 2.3634695222116915, 2.3749384243845437, 2.3856316173867462, 2.395362023405728, 2.4039422254657556, 2.4109079666652637, 2.415724602984738, 2.4170767375008726, 2.417569205112473, 2.4170289793226636, 2.4152955798778994, 2.412317573927486, 2.4081671753707243, 2.4030602766939633, 2.39725935134504, 2.384689210709311, 2.3726010232974013, 2.3611992571067733, 2.350828074586997, 2.341614923179169, 2.3337192139619707, 2.3273567757612974, 2.3248566338662022, 2.3229173448617217, 2.3216444447172893, 2.3211851816793243], "y": [0.9063218653174967, 0.8948957504449359, 0.8854114735722847, 0.8799737472833632, 0.8784246027532274, 0.8798544090358583, 0.8835714278710186, 0.8890920376083368, 0.8961730479288987, 0.904761214767075, 0.9147037962514147, 0.9259044983726913, 0.9318647622375011, 0.9379566001161221, 0.9443461566931768, 0.9505197782818593, 0.9562102484925064, 0.9611116934303784, 0.9649689432994666, 0.9676722848878554, 0.9696756694353703, 0.9680006011136345, 0.963649755618538, 0.957291699562286, 0.9493478878317999, 0.940109190780775, 0.9297547169947358, 0.9241843498451017, 0.9183948025541269, 0.9124167021776087, 0.9063218653174967]}