{"x": [2.2826211530004676, 2.2846128547796836, 2.291941270186329, 2.3060256458466686, 2.324116362309908, 2.3338640584009394, 2.343336746519049, 2.3523892160475985, 2.360972929390277, 2.3765092975652964, 2.389851721381833, 2.400715156089658, 2.4089759612727746, 2.414309220284309, 2.4162686209632565, 2.4139076321836326, 2.4058850295162055, 2.399207913455119, 2.3907756909772404, 2.3809081924251734, 2.370308973153071, 2.3602525756348345, 2.3506059368163075, 2.341596771850485, 2.333260610582971, 2.3187097691564498, 2.3065763954232135, 2.2968837765810886, 2.289421407791879, 2.2844409969563086, 2.2826211530004676], "y": [1.1606229616571657, 1.1426185805325215, 1.126052985364028, 1.1140960687676633, 1.1103459394258033, 1.1112001754135368, 1.113652822559556, 1.1173194093056364, 1.1219789080107085, 1.1335883387880326, 1.1476644655899317, 1.1635175543971827, 1.1808696071895284, 1.1993517207081648, 1.218487888578959, 1.2390631676311654, 1.258156470711939, 1.2664826085003873, 1.273025243554323, 1.2771421170019965, 1.2785466544636204, 1.2773244111433693, 1.2742312947078656, 1.2696511582424348, 1.2639370424976006, 1.2502465393981164, 1.2343739812178371, 1.2173206224465043, 1.1991801440223737, 1.1801802643372006, 1.1606229616571657]}