{"x": [2.288321497208239, 2.2902283090859235, 2.2974736010926087, 2.3120613096240454, 2.331410033988127, 2.3423378183016856, 2.352906082702331, 2.3629431719546465, 2.372410013099331, 2.3894154170124264, 2.403921036276647, 2.415653314579985, 2.42454829023788, 2.430286582363201, 2.4324085832578604, 2.4300436490114743, 2.4218806956540724, 2.414947221577745, 2.406035973202278, 2.395406020807717, 2.383867585044535, 2.372572818995289, 2.3618268257211903, 2.351896208848143, 2.342785074310415, 2.327048896062654, 2.314018805366026, 2.303656902277344, 2.2956754573010825, 2.2903236662115725, 2.288321497208239], "y": [1.2201041644810389, 1.200858442956614, 1.1829269212066216, 1.1695063292818515, 1.1652004735838317, 1.1662720377144202, 1.169251384496465, 1.1736418191495994, 1.1791552569014656, 1.1926855636759601, 1.2088670337396143, 1.2268739691550918, 1.2464386180221065, 1.267168597813504, 1.2885732041137923, 1.310903211285608, 1.3318218232560035, 1.3411406988150563, 1.3485908100117394, 1.353361374442963, 1.3549796058979817, 1.3534729787422561, 1.3496828212195908, 1.3441677576475708, 1.3373839309164348, 1.321420113229973, 1.303180389618867, 1.2838091809014736, 1.2633419070506904, 1.242007890914213, 1.2201041644810389]}