{"x": [2.2039951917193923, 2.2056390195086193, 2.2118511797201155, 2.22412227358551, 2.240042690105678, 2.25016896807337, 2.2599487197388726, 2.2692335454260353, 2.2780029684103176, 2.2938252598339863, 2.307458922283536, 2.3186605322549676, 2.32731844012908, 2.333052786016275, 2.3352641003406633, 2.3333553308100745, 2.32649061228222, 2.313066943939359, 2.304202954594384, 2.2946887280898873, 2.284274261642493, 2.274354866877231, 2.2651525497209537, 2.2566609466952525, 2.248935935540429, 2.2418358884341805, 2.229383471419152, 2.2193032012740455, 2.2114144425661966, 2.206026469665889, 2.2039951917193923], "y": [1.0948233256558821, 1.0790005766534678, 1.0643557611441914, 1.0536880220454774, 1.0503833677585788, 1.0513981540590978, 1.0542137808233871, 1.0583178898219117, 1.0634314912177478, 1.075883760830246, 1.0907002102230525, 1.1072068749994428, 1.125178705157654, 1.144313512680126, 1.1641663127505144, 1.1826051738871057, 1.1998246582193597, 1.2132959217972321, 1.2169627952969913, 1.2181858089486737, 1.2167713018787076, 1.2132974640693412, 1.2082872558777964, 1.2021490553905816, 1.1952494094212935, 1.187708173253879, 1.171177633643384, 1.1535066032968362, 1.1347544128712816, 1.115100708529868, 1.0948233256558821]}