{"x": [2.3036640497959158, 2.305231096379539, 2.3108235061796916, 2.316131725618622, 2.3238324036055134, 2.3349333872224936, 2.3489359846699553, 2.358639741220501, 2.3675066918612884, 2.3819309774296604, 2.3924504208956336, 2.4001815515996388, 2.405516270222502, 2.4091047067452314, 2.4111655189798786, 2.4118384496490264, 2.4098404337206407, 2.403575099359551, 2.3982739408963982, 2.3909980202557075, 2.380305371034077, 2.364468426860242, 2.3535845806945273, 2.3446615897684175, 2.3316734821425125, 2.3225411088039443, 2.315603864184805, 2.3104872960845038, 2.3067876853631537, 2.304479381042219, 2.3036640497959158], "y": [1.0506335641039664, 1.0238333843622092, 0.9975763810714128, 0.9844872765397764, 0.9726466089237108, 0.9634369992034829, 0.9599763615183561, 0.961679786278736, 0.9659741702206259, 0.9791189357437273, 0.9951076474589517, 1.0126155659869764, 1.0302824519993532, 1.0483849713677116, 1.0667154251030142, 1.0851490803434451, 1.1174507112528562, 1.1492018216649609, 1.1651057079946077, 1.180208583888561, 1.1937504793521863, 1.2005993390645338, 1.1976738889519687, 1.1907893701850094, 1.1729048700439029, 1.1534466130727208, 1.1331021139575848, 1.1128440252521077, 1.0922799228492681, 1.0715127328108272, 1.0506335641039664]}