{"x": [2.172162006651455, 2.1738668663624403, 2.180362777000088, 2.1921305832074047, 2.2063282156128157, 2.216510280443384, 2.2264164677939964, 2.2359287352014907, 2.24502620179167, 2.253641010520927, 2.2618066858417816, 2.2766963827508584, 2.2894240764248233, 2.299586735983867, 2.306535204611233, 2.309172072320227, 2.3069690907228035, 2.299572421626861, 2.28636269575518, 2.269827540437048, 2.2595037383779895, 2.2495579639388623, 2.240172003550455, 2.231364829732193, 2.223201055860447, 2.215586503538905, 2.2019515096803657, 2.190536181485587, 2.1813303380593543, 2.1747915151678128, 2.172162006651455], "y": [0.9426153434028952, 0.9284657377753308, 0.9157802724296119, 0.9074958614914197, 0.9051421491881347, 0.9060454067069559, 0.9085668686903647, 0.912253669692016, 0.916870143941704, 0.9222288438095255, 0.928249835444585, 0.9420113378920874, 0.9577641689139373, 0.9752817664132588, 0.9943701433496956, 1.0145119972618422, 1.0310152177307235, 1.0459316080463532, 1.0564517966318039, 1.0598810624546346, 1.0586276897976348, 1.0555890383240478, 1.051163111657183, 1.0456750547507594, 1.0394138874232153, 1.0324952160858114, 1.0171085118521739, 1.0002819012574795, 0.9821518988109353, 0.9628368964289488, 0.9426153434028952]}