{"x": [2.219980983383664, 2.2222253062585513, 2.2307761040319347, 2.2389527706312338, 2.2504491996272153, 2.265355820679349, 2.2822374151410045, 2.294884806844224, 2.306965001855184, 2.328288780173729, 2.3452293593637106, 2.358161618694331, 2.36722779044586, 2.3733016389993917, 2.376739776778176, 2.3779142128666084, 2.3746235132093156, 2.3649423685138653, 2.356976241423152, 2.3462800978921163, 2.331108051299364, 2.31000834093096, 2.295176090285065, 2.282603654563692, 2.2636924880478864, 2.2500125367666897, 2.2393561164004625, 2.2312725899300943, 2.2252439761832195, 2.2213440936797313, 2.219980983383664], "y": [0.8409647112259951, 0.8087148910585137, 0.777538429690354, 0.7626555739155617, 0.7501579984295037, 0.7417464800471626, 0.7389228722272714, 0.740397151226894, 0.7444219374274974, 0.7580963566475278, 0.7765724773656368, 0.7980458778575892, 0.8205462769220959, 0.8440318425324671, 0.8680204715129581, 0.8922257563000402, 0.93458108713838, 0.9759462680523501, 0.9964607319349643, 1.0156933844504124, 1.0324113706984286, 1.040441581428603, 1.036977058578755, 1.028378661179721, 1.005164470243341, 0.9794149762745773, 0.9522742649412024, 0.9250961424183095, 0.8973896529193218, 0.8692954898055608, 0.8409647112259951]}