{"x": [2.277492086264594, 2.2787716443328834, 2.2833092821155496, 2.2876057604757167, 2.2939416885530783, 2.3037369818723747, 2.317676533686642, 2.3275369558363472, 2.3360366433393076, 2.348829384620823, 2.357638648440026, 2.3639764172347566, 2.3683129623426007, 2.3712189325188033, 2.373435946199161, 2.371785915045724, 2.3665710413952508, 2.3621607252917087, 2.356064783769873, 2.346871850527428, 2.340166552305316, 2.3315801529185864, 2.3206584648395236, 2.312484030945634, 2.3012145651905365, 2.2934343453026003, 2.2875604074719953, 2.2832281561287595, 2.280109717721871, 2.278172736921796, 2.277492086264594], "y": [1.1342305454369577, 1.1068929594228187, 1.0799042447204863, 1.0662266951066723, 1.0533662477918928, 1.0423119106259933, 1.0374297966775263, 1.0396818999431174, 1.0451641628373338, 1.0604370085726935, 1.0777331847502878, 1.0960796701387001, 1.114308713246588, 1.1328197632826238, 1.170201220212564, 1.2034609600148805, 1.236350745470774, 1.2529233284662125, 1.2689527043815816, 1.284046466166514, 1.2900997155518088, 1.2929062432889964, 1.2889917603388457, 1.2807585909747563, 1.2611314038928478, 1.240554692853849, 1.2193549354719992, 1.1983237085615566, 1.177078562081432, 1.155692929039549, 1.1342305454369577]}