{"x": [2.0960890149991545, 2.0980491353033757, 2.105540513709129, 2.12317528221931, 2.1369347164222376, 2.152701606795724, 2.1657995677625452, 2.178167137105555, 2.189449876372093, 2.199602194503217, 2.216363387189745, 2.2291173352980387, 2.238087953583511, 2.244135185553319, 2.247585649696762, 2.2486884253952084, 2.2458829867733394, 2.237282790791479, 2.2300967116636756, 2.2203359921533528, 2.206268033248169, 2.186318308267801, 2.171137279190321, 2.1585526646707986, 2.139849084731746, 2.1262967475526824, 2.1156781959915727, 2.1075528981157197, 2.1014472881956743, 2.097466664753945, 2.0960890149991545], "y": [0.8223324338085529, 0.7923230599321607, 0.7631977472017891, 0.73714673064974, 0.7289889585235287, 0.7262914701364668, 0.7280796680709872, 0.7327484432730326, 0.7395456388124455, 0.747938046638697, 0.7677391275514578, 0.7903302141397466, 0.8137879203199978, 0.8381634604610074, 0.8630205014566884, 0.888091641750362, 0.92823970592584, 0.9675560405969786, 0.9871429928581388, 1.0055825369618527, 1.0217509928805462, 1.029582653480979, 1.025647904063542, 1.0162898394012125, 0.9918397684815097, 0.9651024622036397, 0.9370704135315265, 0.9090184767657649, 0.8804588347969677, 0.8515156094250869, 0.8223324338085529]}