{"x": [2.237800045620149, 2.240511608776821, 2.2495906370382377, 2.2635196740669783, 2.279150084990873, 2.2973900955565245, 2.3148472614022535, 2.3311510819516017, 2.346053531946442, 2.359289712230819, 2.3701233529503725, 2.374396773926089, 2.3776984308310003, 2.379857219248837, 2.3806776431283434, 2.3799696055016812, 2.3775906262628537, 2.367632487189154, 2.3520712399009747, 2.3339475342626876, 2.3154445270224175, 2.298127116450545, 2.282514961912052, 2.26870938525052, 2.2569008850829406, 2.251804528410922, 2.2473179935028083, 2.243509957338016, 2.240522453327305, 2.2385314019151514, 2.237800045620149], "y": [0.8708944174564833, 0.8552466062886165, 0.8422167246726445, 0.8348495487858726, 0.8328536511319753, 0.8350332176062752, 0.8407512466448225, 0.8491273575319975, 0.8597993199687235, 0.872733275592104, 0.8877371386062665, 0.8960106638391037, 0.9047176959566707, 0.9137857453673919, 0.9230710451582551, 0.9322871682901844, 0.9412190606229925, 0.9567018124657701, 0.9664985110669281, 0.9696064065900262, 0.966787182567437, 0.959686718349641, 0.9494974905871698, 0.9369688919116652, 0.9226255207334999, 0.9148507498161572, 0.9067088262925747, 0.8981863831413733, 0.8893428546326951, 0.8802115816871616, 0.8708944174564833]}