{"x": [2.302743796168448, 2.3058112560499815, 2.3159737673184964, 2.331683339432985, 2.349453597852756, 2.367172215209513, 2.384170214020824, 2.400039290964475, 2.414467482689882, 2.4271405496728904, 2.437315520640269, 2.4442063869027817, 2.4467793263543585, 2.4459288748222217, 2.443225971615192, 2.4386269869438397, 2.432223838493431, 2.424244017964278, 2.4150608966383307, 2.405125620405161, 2.3948502467345882, 2.376800139607614, 2.3598879701779123, 2.3446977399050333, 2.3313881460486434, 2.320180235088662, 2.3112616830853705, 2.307792794960581, 2.305117664356896, 2.303371733120761, 2.302743796168448], "y": [0.9476454036100658, 0.9298681888120015, 0.9149630876443259, 0.9063146852186927, 0.9039056530000328, 0.9059031243070663, 0.9112889695581184, 0.9193527409927075, 0.9297776772672235, 0.9425161108997279, 0.9573263871962233, 0.9739927770149039, 0.9918430590859127, 1.0021182203347447, 1.0120679198654559, 1.0213095961821348, 1.0294064431654755, 1.0359726586726696, 1.0407121738881053, 1.0434986633593326, 1.0444425560082833, 1.041804545312069, 1.0349675874425468, 1.024987020465286, 1.012609236967881, 0.9984178443645695, 0.9826865913225271, 0.9742983212648276, 0.9656242255980487, 0.9567086228621012, 0.9476454036100658]}