{"x": [2.224073930199862, 2.2263010815976827, 2.2347420231322195, 2.242788966438016, 2.254042235998383, 2.268489475387935, 2.284730698251084, 2.297207262361488, 2.3091393281982397, 2.330284213655739, 2.3471975319580287, 2.3601870084681016, 2.3693476819916244, 2.3755066994872087, 2.379001596775681, 2.3801946106091756, 2.376976010046668, 2.367489696807287, 2.3596638691913348, 2.349150809875651, 2.3342892834077387, 2.3138706385082575, 2.2992781857183906, 2.286832261320413, 2.2679873564075352, 2.2542927513639417, 2.243596441458236, 2.2354631211545524, 2.229382970472141, 2.2254427909677093, 2.224073930199862], "y": [0.8126166118836082, 0.7815809253473972, 0.7516322267423943, 0.7374169990436373, 0.7255768166423429, 0.7177128951619494, 0.7151077719521314, 0.7165524213384131, 0.7204738329105039, 0.733795606256999, 0.7518546083960054, 0.7729131314744518, 0.7950644021390905, 0.8182303952097907, 0.8419202672262818, 0.8658368108981376, 0.9066517555130443, 0.9464792454493085, 0.9662039485693605, 0.9846371543370419, 1.0005270063088423, 1.0080390835921964, 1.0047146616506184, 0.9964025965913236, 0.9737895200757706, 0.948594668496455, 0.9219880582688279, 0.8953133072829148, 0.8680970436340971, 0.8404798552326365, 0.8126166118836082]}