{"x": [2.371802272938564, 2.373419454933444, 2.3791083224793934, 2.384447430675399, 2.3921372529518807, 2.403173457979878, 2.417176362312623, 2.4262796047931787, 2.434640956024741, 2.448254905131344, 2.458120154232806, 2.465314083967264, 2.470232094760092, 2.473520278057913, 2.4760106961447206, 2.473975354791951, 2.467649540900233, 2.462347349439408, 2.4551114517401746, 2.444537432374051, 2.4373264041609564, 2.4288148382387638, 2.4185502579841955, 2.410093822194418, 2.3978120481877725, 2.3892372521748753, 2.3827667391753913, 2.3780324271005964, 2.3746357580218365, 2.372536091085057, 2.371802272938564], "y": [1.036390199895831, 1.0094175510719088, 0.9830021039201413, 0.9698595960180945, 0.9579391000703521, 0.9485609892605145, 0.9448643077717253, 0.9463151526423148, 0.9501961035671216, 0.9623657572045918, 0.9773000841838008, 0.9936892463689615, 1.0101946943107176, 1.0271004475478949, 1.0614144068563955, 1.0937128922630364, 1.1254511791196493, 1.1413310696083028, 1.1564282859313575, 1.1700219972671804, 1.1749908649888627, 1.177050432875043, 1.1744096658322105, 1.1680203034140688, 1.1512519490802564, 1.132964179833128, 1.1138303853264833, 1.0947996741587724, 1.0754853189394085, 1.0559872555218388, 1.036390199895831]}