{"x": [2.2759107468920563, 2.2774002262674684, 2.2827513899604264, 2.2878237578389866, 2.295108925991087, 2.305277637103018, 2.317629153425442, 2.32653867312016, 2.3347975920410713, 2.348567668546438, 2.3588676245464373, 2.3665453360268742, 2.3718978154419093, 2.375522606161072, 2.377615841391671, 2.378303560678363, 2.3764403551843336, 2.370554950459894, 2.36555057063391, 2.3586854821295433, 2.3487329008408535, 2.334654026568129, 2.3246838409429715, 2.3162570237296163, 2.303674932075321, 2.294705397835614, 2.2878456430151877, 2.282761386631551, 2.2790637323576846, 2.276740235940839, 2.2759107468920563], "y": [0.9265212695547124, 0.902928733603117, 0.8799028492863687, 0.8685478692337817, 0.8584686424337871, 0.8509468846258184, 0.8482229957263671, 0.8496211661083314, 0.8532439661118326, 0.8646610770049914, 0.8789122157474913, 0.8947310904066783, 0.9108359180108646, 0.9274152847144275, 0.9442476216377588, 0.9611956670180932, 0.989498858918318, 1.017246006838122, 1.0310868757296394, 1.0441054789166988, 1.055481454425445, 1.0609816355403159, 1.0586457609996824, 1.0528277146847782, 1.03712334878349, 1.0197133258571103, 1.0013692476143097, 0.983046307987884, 0.9643940391607639, 0.9455198439409934, 0.9265212695547124]}