{"x": [2.284848821552299, 2.2854189361792807, 2.2872867665231342, 2.2950227071719165, 2.3060647008010484, 2.31820563366717, 2.3304009522003697, 2.342187895957692, 2.3533159806915727, 2.3635801714644544, 2.3728165548308238, 2.380434070692611, 2.3857853442796153, 2.387297280633073, 2.38784292487453, 2.3871774112959048, 2.3850893530031323, 2.381593439595253, 2.3768618682248284, 2.3712433173562024, 2.364993766422048, 2.3516440209294114, 2.3393585502119443, 2.3276425560961536, 2.3168303838438082, 2.3070975905628686, 2.2986149446623134, 2.2916957724758795, 2.2868002996575965, 2.285377542657, 2.284848821552299], "y": [0.8674053965669505, 0.8611868905850564, 0.8552281946588213, 0.8455131010272248, 0.8402546918809551, 0.8387801617199536, 0.8400615555046059, 0.8434432297969146, 0.8485607187873625, 0.8552442321740223, 0.8635503469411971, 0.8733623687670715, 0.8846505589835176, 0.8907307587812134, 0.8969723173588904, 0.903787914963514, 0.9103098235490026, 0.9162045237999827, 0.9211624602629546, 0.9249530509773018, 0.9275759892054042, 0.9295175064416442, 0.928013336687914, 0.9240219961516372, 0.9180534571852969, 0.9104508746531829, 0.901418395653468, 0.8911389980734069, 0.8796968565804602, 0.8736220982676404, 0.8674053965669505]}