{"x": [2.2498442510163126, 2.2514261488015324, 2.2571654501583307, 2.2625765277356167, 2.270199579392025, 2.280325974571082, 2.2920550086368037, 2.300785341045805, 2.3090209690756125, 2.323230621745186, 2.33428208377134, 2.342708390274615, 2.348683796791035, 2.3527670320874208, 2.355139422899805, 2.3559239430938756, 2.353963183243228, 2.347746439267053, 2.342454793468241, 2.3352354138998064, 2.325033553230466, 2.3114663437813463, 2.30174194711223, 2.2932273375719823, 2.2800315238976663, 2.270410913996201, 2.262977868749106, 2.2574288083205403, 2.253360544377685, 2.25078086604647, 2.2498442510163126], "y": [0.8605527698838684, 0.8381776656521099, 0.8164933830972091, 0.8060221663268712, 0.797032437485435, 0.7907415746581735, 0.7886088312795664, 0.7898117605496713, 0.7929486656733855, 0.8031840819906181, 0.8164690067955841, 0.8315561337156437, 0.8471772265891314, 0.8633960802820702, 0.8799413937663705, 0.8966375060241851, 0.9234003454718231, 0.9495048709190835, 0.9624159079332418, 0.9743564669941871, 0.9843531331343657, 0.9888187935332929, 0.9868231562351539, 0.9817194435491597, 0.9672649418567745, 0.9507689185173491, 0.93317844498064, 0.9154969703604544, 0.8974172622633806, 0.8790633772852526, 0.8605527698838684]}