{"x": [2.2582212421396624, 2.260387503408393, 2.2684952681085617, 2.2763342527733665, 2.2876253390017895, 2.3030546920812265, 2.3213012188412323, 2.3340200197312586, 2.3460144819234956, 2.366559639008605, 2.382206820108791, 2.393807334540647, 2.401747496509965, 2.407004072435502, 2.409957747850912, 2.4108944078694643, 2.407759124912319, 2.3983609541763053, 2.3906677994157635, 2.380320090644162, 2.3653808913955796, 2.343256216053251, 2.3282534924242926, 2.316016161153354, 2.29820956788766, 2.2855597188614944, 2.2757970307017112, 2.2684455227478817, 2.263007387305757, 2.259515343963171, 2.2582212421396624], "y": [0.9126138453529063, 0.8777981015681339, 0.8438703422147958, 0.8272605976247404, 0.8127745813433661, 0.8023600804441953, 0.7986734794859761, 0.8003549405698176, 0.8049077511496247, 0.8199911206570483, 0.8396552464032975, 0.861947401585393, 0.8848227996026867, 0.9084596017571169, 0.9324738513076546, 0.9566509282183308, 1.0021754693281135, 1.0468295646531156, 1.0691152536177155, 1.09029924488411, 1.1093930878818643, 1.119305365905018, 1.1152547004099311, 1.1056767397394487, 1.0809646925077774, 1.0541837948918118, 1.0262208716290981, 0.998346441167907, 0.9700364566104388, 0.9414167496302407, 0.9126138453529063]}