{"x": [2.2067811227045198, 2.2095749639496343, 2.2188878978516784, 2.2329460260591434, 2.248607406064076, 2.2672477232006765, 2.2851242878059757, 2.3018765470450204, 2.317256550199594, 2.3310139534618557, 2.342358206785262, 2.346867260239684, 2.3503702103611723, 2.35267664115273, 2.3535678029696725, 2.3528468714720145, 2.3503880293496797, 2.3401196049601314, 2.3242770471312078, 2.305960152262268, 2.2870556840153426, 2.269322395983034, 2.253280016274307, 2.239040241520916, 2.2267961345560936, 2.2214910970217185, 2.216806373214421, 2.2128143168200927, 2.209668416904083, 2.2075604870461465, 2.2067811227045198], "y": [0.8426451645079588, 0.826954228117441, 0.814020539708857, 0.8068538782699676, 0.8049269166153684, 0.807121779700521, 0.8128408080120597, 0.821219194613741, 0.8319098940588066, 0.844921973799028, 0.8600840409476971, 0.8684838679408409, 0.8773505469705539, 0.8866121220307029, 0.8961148703808932, 0.90543877454521, 0.9144614696252352, 0.9299942776348332, 0.9396766988128591, 0.9427143427669211, 0.93989042839681, 0.9327571326906231, 0.9224983525404616, 0.9098559899503039, 0.8953352071296639, 0.8874496265257793, 0.8791804568243621, 0.8705089947487696, 0.8614959995472623, 0.8521723271094859, 0.8426451645079588]}