{"x": [2.252810030238417, 2.2552487851367786, 2.26360853392808, 2.277071712201808, 2.29247845833766, 2.3108784428511213, 2.3283597254067607, 2.3445322313451227, 2.359173592884964, 2.371998904448467, 2.382383594539043, 2.389565336559299, 2.3923759368646444, 2.3895914253771604, 2.380372992921857, 2.3653521465547587, 2.34748056517059, 2.3380278480412486, 2.328795021841872, 2.3199260662961283, 2.311479528689322, 2.303531099728079, 2.296049920012872, 2.2890477196184436, 2.2825322728468413, 2.271094457678614, 2.261879057094582, 2.258239097441292, 2.2553932901508706, 2.2535028886297983, 2.252810030238417], "y": [0.9240788080427718, 0.9086805289778782, 0.8955211549896916, 0.8877300874799663, 0.8855876412900523, 0.8879934950579064, 0.8942186314144714, 0.9032116946360594, 0.9145278630111544, 0.9280228828918025, 0.9434748209580351, 0.96072968948516, 0.9792069304117017, 0.9970977533057408, 1.0126815766850281, 1.0229085964786828, 1.0261986326901527, 1.0253145121417868, 1.0231030758113675, 1.0197420796203553, 1.015428071005949, 1.0103482244422468, 1.0046024160455578, 0.9982851335393862, 0.9914669356841656, 0.9766342444236422, 0.9603275360516752, 0.9516554711047007, 0.9426913538816888, 0.933468185261533, 0.9240788080427718]}