{"x": [2.2908063623363124, 2.2921437933009345, 2.296890272967083, 2.3013862801955947, 2.3080171187075122, 2.3182673122815465, 2.332831349798207, 2.343048434181821, 2.351866557067629, 2.365158756820383, 2.3743179615031007, 2.3809050445717177, 2.3854097993647265, 2.38842565544884, 2.3907213030527736, 2.388984419252349, 2.383515257241179, 2.3788953016702514, 2.372515067965633, 2.3628952109330315, 2.3558750703644757, 2.3468729581334857, 2.3355402280676096, 2.3270686258548867, 2.3153856156034665, 2.307320300230952, 2.30123299570568, 2.2967450007194636, 2.293515342285591, 2.291510610508175, 2.2908063623363124], "y": [1.1767492928300667, 1.1482262459287211, 1.1200691179341915, 1.1057986174986278, 1.0923861887734077, 1.0808725827648193, 1.0758210084716455, 1.0781616288936349, 1.0838280233409472, 1.0996320996708049, 1.1175505505907357, 1.1365656038495893, 1.1554621308388984, 1.174652653501993, 1.2134071750610103, 1.2481122159137643, 1.2824275899146853, 1.2997213682870459, 1.31644594235469, 1.3321978963089225, 1.3385120894535925, 1.3413604897153444, 1.337304101731226, 1.3287532532251942, 1.3083900201718468, 1.2870438429874116, 1.2650517235792231, 1.2432346907433576, 1.2211962169496022, 1.1990123862488273, 1.1767492928300667]}