{"x": [2.245243154170914, 2.2474956917027633, 2.255435535284187, 2.269598850226919, 2.286752411455735, 2.296436323631417, 2.3059046845690596, 2.315041158257257, 2.323799273463594, 2.339959075263183, 2.354194710873069, 2.366176179471158, 2.3755329790515156, 2.38173999335793, 2.384081331221025, 2.3815046185677775, 2.3727957042648566, 2.3658244884867328, 2.3573252437124803, 2.3477366580952688, 2.337637418034071, 2.327686592578724, 2.3180521573693, 2.308927516174627, 2.3003676700879914, 2.2851106789133735, 2.27211073086611, 2.261471275414679, 2.253124666266419, 2.2474344441365997, 2.245243154170914], "y": [1.0338658627608623, 1.0167873999318535, 1.001499931147364, 0.9913836369801442, 0.9884350381579924, 0.9891737024308905, 0.9913356277508114, 0.994587507947378, 0.9987522761642758, 1.009290586014448, 1.0223114096244512, 1.0373801623827736, 1.05420494175938, 1.0724678462796833, 1.091614095132359, 1.1113408213375537, 1.129227631744569, 1.1366303343852175, 1.1422125108494987, 1.1455818751279698, 1.1467215856025745, 1.1456399558064414, 1.1429258245542584, 1.1388501906179211, 1.1336927780992598, 1.1210622125261196, 1.1061187083464359, 1.0897268347863291, 1.0720569268397746, 1.0533224331326885, 1.0338658627608623]}