{"x": [2.204133274146428, 2.2052979447636845, 2.209495586038611, 2.2174851168563987, 2.227513742594519, 2.23481639876439, 2.2418693426468232, 2.2485721839945154, 2.2549195291857766, 2.260864791313822, 2.266452450211977, 2.2765290983678423, 2.2849979770305215, 2.2917220798806905, 2.296340917197605, 2.298187961343716, 2.296968011686993, 2.292487037256875, 2.2838770451137003, 2.2726155353888062, 2.2651597148967686, 2.25802391442845, 2.2513408874629843, 2.2451050282497866, 2.2393595240581656, 2.234020629947931, 2.224508120314019, 2.2166154510913603, 2.210308443656983, 2.205892538969067, 2.204133274146428], "y": [1.00195648641123, 0.9919794812576651, 0.982853863623335, 0.9764888700916929, 0.9745466005040844, 0.9753440784742403, 0.9773985226422546, 0.9803616684056007, 0.9840249352495731, 0.9882196190401137, 0.9928800462642692, 1.003362527860822, 1.0150652684403065, 1.0278505132066087, 1.0415731549191607, 1.0559339690205098, 1.067184296486261, 1.0775755915647482, 1.0852820434588952, 1.0878704337344245, 1.0869801720780206, 1.0846430420639452, 1.0812714185694388, 1.0771307961182828, 1.0724516534461577, 1.0673134237664201, 1.0559663163784538, 1.043662295042382, 1.0304749971493512, 1.0165033655213624, 1.00195648641123]}