{"x": [2.2051095906055584, 2.2064069131544, 2.2109891346837807, 2.2190518265279495, 2.228699155779074, 2.2353883348787833, 2.241908010976286, 2.2481751939619405, 2.2541704261000044, 2.2598490612903688, 2.2652317147968173, 2.2750523159655494, 2.2834656195508702, 2.2902311036799876, 2.29493058314232, 2.296811639357129, 2.295429953477976, 2.290523385105671, 2.2817902755436266, 2.27099576994482, 2.2641963220605272, 2.257614111964459, 2.2513592208928515, 2.245451038434558, 2.2399377491615278, 2.2347711983257885, 2.225472770168298, 2.217644670425498, 2.2113380094067168, 2.2068898933774688, 2.2051095906055584], "y": [0.9377754488286671, 0.9281497942704653, 0.919585944824962, 0.9140379779500563, 0.9123899565486501, 0.9129952009951324, 0.9146092832271246, 0.916993918316923, 0.9199974593434281, 0.9234961605634708, 0.9274350498843184, 0.9364475774639083, 0.9467567006315887, 0.9582148820843253, 0.9707082272703276, 0.9839230072030477, 0.9947099531455463, 1.0044152530091743, 1.0111120840590895, 1.0132553053754998, 1.01257075911604, 1.0107334770571899, 1.0080164785934516, 1.0046107300693898, 1.0006862254542837, 0.9963153162189164, 0.9864963493944746, 0.9756157606510915, 0.9637881495744606, 0.951101186611821, 0.9377754488286671]}