{"x": [2.2765562957672265, 2.278598436953802, 2.2863964889540354, 2.2939422702456063, 2.304835175705643, 2.3197443441202075, 2.337363793989343, 2.3503807575728106, 2.3626179390368396, 2.3835022356620867, 2.3994011619288695, 2.4112243801512157, 2.419355965301838, 2.424760328740463, 2.4278087553162884, 2.4287766348082007, 2.4257800864426966, 2.4167302507347452, 2.4092728012878246, 2.3991997135168974, 2.384597338611358, 2.3629583372370764, 2.3476749792077314, 2.33527619715486, 2.317253581027897, 2.304411868519274, 2.2944670061829484, 2.286947038657089, 2.281367007733031, 2.277779883399111, 2.2765562957672265], "y": [0.903477916486375, 0.8698782364563885, 0.8371322561878877, 0.8210872478397221, 0.8070970470251657, 0.7970651489271856, 0.7935328311935839, 0.7953118917619162, 0.800092873591576, 0.8157342339164375, 0.8359459568557044, 0.8587823556847025, 0.8822086630334878, 0.9064100557389672, 0.9310007320419091, 0.9557607295159278, 1.0002315144426377, 1.0438747325614195, 1.0656738538515336, 1.0863945716005323, 1.1050557668000303, 1.1147109819027374, 1.1104953428454005, 1.1006149152777154, 1.07531303230888, 1.0479667698041661, 1.0194391101342535, 0.9909904897936043, 0.9620986714748667, 0.932885275794454, 0.903477916486375]}