{"x": [2.210586909187252, 2.2119304188116784, 2.2166133653809905, 2.224634570312908, 2.2341084940581513, 2.240342093019524, 2.246432034028722, 2.252304323120065, 2.257936077230243, 2.263284607131441, 2.2683627549242913, 2.2776447928714765, 2.285616715931068, 2.2920268351669115, 2.2964690402924948, 2.2982300166731995, 2.2967936829022384, 2.2917910512705024, 2.2831168305340372, 2.27257649983438, 2.2662626837341002, 2.2601345481420028, 2.254287266355396, 2.2487445158298267, 2.243551841798482, 2.238674418093371, 2.229875843631904, 2.222446231551439, 2.2164639956901, 2.212258118602824, 2.210586909187252], "y": [0.9192637102165786, 0.9098082562125775, 0.9014847569507484, 0.8962144816879276, 0.8946781552984387, 0.8952219560868527, 0.8966593474090727, 0.8987949971503493, 0.9015020480608815, 0.9046757814863221, 0.9082662927248144, 0.9165315443940684, 0.926058839248628, 0.9366998578040119, 0.9483439683012581, 0.9606816122350257, 0.9712002077502687, 0.9805638386203986, 0.9868548291146146, 0.988783584030382, 0.9881387478366712, 0.9864876749643431, 0.9840484217100411, 0.9809794516316754, 0.9774238171384878, 0.9734467405430767, 0.96446154760068, 0.9544283703059576, 0.9434704217574001, 0.9316747587757735, 0.9192637102165786]}