{"x": [2.226221519501886, 2.2274195766354734, 2.231747460490374, 2.239742271668394, 2.2495952095531546, 2.2563134322947906, 2.2628329566156133, 2.269062852200153, 2.274987069812438, 2.2805598433853587, 2.2858107466328077, 2.2953058550804952, 2.3033136776524934, 2.3096708526592233, 2.314023339011821, 2.315740190010297, 2.3144550243777755, 2.309854773348882, 2.3013122015726735, 2.2903957855946895, 2.283552842624363, 2.2769634199182347, 2.270747773838664, 2.2649167305987454, 2.2595164340761853, 2.254484249793971, 2.2454962112022425, 2.2380205624702048, 2.2320522666060687, 2.227884662044001, 2.226221519501886], "y": [0.974436734438411, 0.9646226420888934, 0.9557332567963838, 0.9496931208676607, 0.9478710717879971, 0.9485438667585703, 0.9502997063038778, 0.9528685752526737, 0.9560801686815886, 0.9597936680866476, 0.9639498560290226, 0.9733799607169262, 0.9840182135125322, 0.9957179558525002, 1.0083363153630982, 1.021573367785646, 1.0324796296334722, 1.0424513841765566, 1.0496535824023137, 1.0520366589915942, 1.0512898766989862, 1.0492991329466035, 1.0463821590638132, 1.0427569794057037, 1.0386165934824547, 1.0340358599740684, 1.0238324418136466, 1.0126627070015968, 1.0006199604621038, 0.9878072069891309, 0.974436734438411]}