{"x": [2.3137659535892334, 2.316243221254765, 2.325408606573835, 2.3342181349990323, 2.3468428360059423, 2.363986360127565, 2.3841930489013063, 2.3975532771046937, 2.410205360791587, 2.43201310108508, 2.4486826997479, 2.461018287763729, 2.469423704868226, 2.474961898874912, 2.4790324841559515, 2.475451976248364, 2.4710588509868683, 2.464849043396681, 2.456246987458128, 2.4447422040997804, 2.428222154118177, 2.4037936975618823, 2.3878781575529326, 2.3748437118783654, 2.35587699823084, 2.3424534198273865, 2.332136519936509, 2.3244064156993702, 2.3187175062432983, 2.3150898049444124, 2.3137659535892334], "y": [0.980629962041829, 0.9420459044531931, 0.9044844605639758, 0.8861481867392331, 0.870196896718159, 0.8587581583136085, 0.8547041622112962, 0.8563944781762648, 0.8610072478527008, 0.8765247129089428, 0.8970088478866851, 0.9203606909332112, 0.9443642346647766, 0.9691865946556809, 1.0198010540581637, 1.070120593354037, 1.0949758279224833, 1.1194405070478781, 1.144027365719978, 1.1673971955355604, 1.1884750429048905, 1.1994494773503033, 1.1952185716449242, 1.1851533740402544, 1.1590240033180155, 1.1306482812516636, 1.10100143257289, 1.0714616535062786, 1.0414618307064378, 1.0111396600094922, 0.980629962041829]}