{"x": [2.2512555869532456, 2.252994848202498, 2.259865736397594, 2.2767191375169546, 2.2921824395508805, 2.3129917065728764, 2.328025537098833, 2.341428923303427, 2.352785715842082, 2.3624129834234315, 2.37714427564479, 2.38769557821432, 2.3948045485325156, 2.3994867829953743, 2.402954148094245, 2.4001062551085575, 2.391497251229818, 2.3844343063311184, 2.3748499613735103, 2.360612151042144, 2.3501619584710305, 2.3363979638171988, 2.319004813894419, 2.3064389058785855, 2.289221164145932, 2.27717610741121, 2.2679158298528574, 2.2609178362846847, 2.2557491609650953, 2.2524288059201054, 2.2512555869532456], "y": [1.126801520760688, 1.086681211239598, 1.0471153779844808, 1.0085132967866304, 0.9932792868765903, 0.9871016519133633, 0.990044053735803, 0.9974618045416992, 1.0075348049693655, 1.0192718315646714, 1.0449172336216555, 1.0725463420267716, 1.1001235505049525, 1.1282147691839073, 1.1850125127271962, 1.238811919602411, 1.2919943577450788, 1.3187462669908923, 1.344701809186575, 1.3693858653679698, 1.3795679763954931, 1.3844088813645508, 1.3775662363943504, 1.3637300009900897, 1.3316564820727943, 1.298352351819249, 1.2641690848128606, 1.2302229744529498, 1.1959506077709114, 1.1614458288519842, 1.126801520760688]}