{"x": [2.1627859513535013, 2.1644723454647328, 2.170856919081665, 2.1865721661719446, 2.2011145288863014, 2.22072802508176, 2.2365783962147625, 2.2505463472651344, 2.2622978349677543, 2.2722551379264853, 2.287547800123662, 2.298585985209604, 2.306097012559206, 2.311080103669191, 2.3148617097605095, 2.3121775312074737, 2.3041590313628193, 2.297500850718498, 2.2883905996694693, 2.2747310491104487, 2.2646469315111246, 2.251367324594888, 2.2332551438498127, 2.220344309975256, 2.202613587229754, 2.190106938228613, 2.180421780575649, 2.1730412478650143, 2.167554450645991, 2.1640177030525884, 2.1627859513535013], "y": [1.1100458080771032, 1.0722949003742384, 1.0350496029902927, 0.9986289676872425, 0.9842503832273973, 0.9784594617657004, 0.9817900517481334, 0.9899890418163936, 1.000893709885021, 1.0134579992282273, 1.0406908728657733, 1.0699082203436672, 1.0990909729649803, 1.128809946456553, 1.1889033386933847, 1.2407081325420293, 1.2919589387839454, 1.3177734741144864, 1.3428279134346515, 1.3666617658248803, 1.3764697694540293, 1.3811107179666329, 1.3736432265887246, 1.3589080683783425, 1.3251292798306094, 1.2901509819477828, 1.254288810886137, 1.2186457106074529, 1.1826624100800363, 1.1464297899214355, 1.1100458080771032]}