{"x": [2.326237702339857, 2.327816750150359, 2.3334905436911275, 2.3388458070210905, 2.3464593498030935, 2.356819777641959, 2.3690935417692214, 2.3779416055216847, 2.386226672434699, 2.4002964113113654, 2.4110215439738494, 2.4190914343627283, 2.4247512877165573, 2.4285935849367664, 2.430814284207803, 2.4315437893000755, 2.429582670715511, 2.4233989767716237, 2.418146595871615, 2.410966873028963, 2.4006831362058554, 2.3865744633763715, 2.376685646351914, 2.3681716971227944, 2.3552193912190766, 2.3458937369014015, 2.338735356296292, 2.3334204440657245, 2.3295468991581907, 2.3271086490112314, 2.326237702339857], "y": [0.9031661783426894, 0.8797452344118606, 0.8569671292787374, 0.8458467181567056, 0.8361319687948919, 0.8291062574535629, 0.826645810542057, 0.8279380712989102, 0.8313019732413329, 0.8421309374311744, 0.8559443377062937, 0.8714593422792885, 0.8873777057052596, 0.9038296048728245, 0.920567582209275, 0.9374364651861725, 0.9654780156414617, 0.9928994756180493, 1.0065259326429128, 1.0192428275497658, 1.030134011530684, 1.0351657589949084, 1.0329832835531902, 1.0275001667642758, 1.012345600396126, 0.9953032871473696, 0.9772432246769931, 0.9591531503817103, 0.9407006510963343, 0.9220025047492135, 0.9031661783426894]}