{"x": [2.2768939563644004, 2.2789169014390485, 2.286184327631337, 2.2998575998855317, 2.3169384361689005, 2.327355087715642, 2.3374839211938307, 2.3471872733458534, 2.356428374866488, 2.3733140708339153, 2.3880522785303846, 2.4003333920071444, 2.409890182787884, 2.416235149158337, 2.4186606624677176, 2.416338953650193, 2.4082289729104898, 2.3931249968806507, 2.3834875661580694, 2.3732535754453132, 2.3625393576971683, 2.352248101698234, 2.342601905684615, 2.333630105593323, 2.325405562694563, 2.3178132033479213, 2.304436397898041, 2.293546823957444, 2.285003133942362, 2.279160042619014, 2.2768939563644004], "y": [1.0750994444066062, 1.0581212902090715, 1.042644386666375, 1.031919644877079, 1.0287222252228692, 1.0296310193713396, 1.032227029506458, 1.0360679186009096, 1.0409165797261455, 1.0529454586471627, 1.0675264699391354, 1.0840912709359718, 1.102363822215611, 1.122020851559232, 1.1425336350379358, 1.1624497998617946, 1.1807875250622146, 1.1945903918757685, 1.1982439999435666, 1.1994664388732725, 1.1981477200916495, 1.1948883442090483, 1.1900974272722429, 1.1841385023901498, 1.1773491908046905, 1.169859602214556, 1.1532727862807726, 1.1353414231446877, 1.1161809960760636, 1.0959932566788706, 1.0750994444066062]}