{"x": [2.243608972980285, 2.2455383926669823, 2.252689335898973, 2.265705371035087, 2.28159271635359, 2.2914631304166244, 2.3010854692551, 2.310336474249276, 2.3191794731819066, 2.327541245475491, 2.3354437837419764, 2.3497628685589103, 2.3618379939356644, 2.3713349740929566, 2.3777176161466294, 2.380185188785724, 2.3779189367087596, 2.37001046677929, 2.3556283200730816, 2.3371959324649705, 2.327072732244687, 2.317309802713498, 2.3081009910419312, 2.2994821533691874, 2.291526623241346, 2.2841440220519336, 2.2710452716836613, 2.260265913222706, 2.2517395181226054, 2.245851568607065, 2.243608972980285], "y": [1.0092216346425875, 0.993392725532396, 0.9791399701903938, 0.969610266401391, 0.9668130027918348, 0.9676571242425547, 0.9700125881197689, 0.973509534681988, 0.977937976681017, 0.9831230812066669, 0.9889843467507635, 1.0024570561931012, 1.0178981115187473, 1.0350457705521545, 1.0536238749302114, 1.0731122090595842, 1.0915588516610624, 1.1083776097935074, 1.1206406073081687, 1.1248208392380763, 1.1236633292667608, 1.1207471298561087, 1.1164353292510085, 1.1110400096097428, 1.1048514063276216, 1.0979894481612849, 1.0826924495924488, 1.065995695953378, 1.0480436281752483, 1.0290143572253339, 1.0092216346425875]}