{"x": [2.3112791152937846, 2.3129487374210376, 2.3186797591674053, 2.328549679436031, 2.340354231423516, 2.3466859552123, 2.3528899273695703, 2.3588880620862986, 2.364644226438055, 2.375282226624994, 2.384665313925005, 2.392583428453191, 2.3987889891074246, 2.4029235163154774, 2.404464982529495, 2.4026163264502243, 2.3965022424333204, 2.391717814204807, 2.385995855362919, 2.3796558049124186, 2.3730362139904475, 2.3665951257199076, 2.360327316345021, 2.3543386897045404, 2.348670036106238, 2.338433870570802, 2.329615699436042, 2.3223347743750713, 2.3166232288425155, 2.3127512410958784, 2.3112791152937846], "y": [1.0403520757689662, 1.0285735699436789, 1.0181487808682685, 1.0113593137648065, 1.0093185438040333, 1.0098289410777506, 1.0111934779905087, 1.0132651151685794, 1.0159364205860044, 1.0227448071230525, 1.0311993235453887, 1.0410140097523304, 1.0519919704003207, 1.0639347543521058, 1.076478608849994, 1.089422806129731, 1.1009808227913571, 1.1056066570149847, 1.1090049334531242, 1.111004220148862, 1.111616104968423, 1.111013886945852, 1.1094123719457105, 1.1069897306234848, 1.1038914720161888, 1.0961650634620037, 1.086852903033128, 1.0764505882713726, 1.0651104705570082, 1.0529902789435055, 1.0403520757689662]}