{"x": [2.268706561758513, 2.2703437536737994, 2.276245187853298, 2.281795757393843, 2.2896233233492365, 2.3000792709783053, 2.312265536453229, 2.321089290289074, 2.3294065681424905, 2.3437128705197656, 2.3547757498374393, 2.3631661689508556, 2.369083218643258, 2.3731099844674413, 2.3754402000829242, 2.3762052747802707, 2.3741709345517976, 2.36776759228217, 2.3623336467202503, 2.354927959204375, 2.34442934459217, 2.330343508324379, 2.320502078388688, 2.311920492241371, 2.2986841058830776, 2.2890765667902118, 2.281678425838015, 2.276173999089923, 2.272153919240895, 2.2696170390815675, 2.268706561758513], "y": [0.8877484573904265, 0.8644874595036316, 0.8419280380863611, 0.8310062203306798, 0.8215815645530553, 0.8149152499345343, 0.8126214484632606, 0.813835590454166, 0.8170223853391148, 0.8274393390707714, 0.8409426128324595, 0.856250341866569, 0.8720589097391168, 0.888451208304007, 0.9051584384238995, 0.9220100289660759, 0.9498174121083478, 0.9769538508054999, 0.9903917659981207, 1.002852148075376, 1.0133545825486787, 1.0180568432048533, 1.0159863176121784, 1.0107425404806416, 0.9959877235685219, 0.979208255110926, 0.9613442443744808, 0.9434080206547026, 0.9250819246940656, 0.9064902817368953, 0.8877484573904265]}