{"x": [2.331037493888068, 2.3326671468276508, 2.3384538403064274, 2.343886209084115, 2.3516173789983434, 2.3622615177985193, 2.3750848557825552, 2.3838572527857296, 2.3920615900014113, 2.4058971763048915, 2.4163123811783893, 2.4240682400448033, 2.4294503857841594, 2.433078116594418, 2.4351609150248033, 2.4358401060742447, 2.4338047467288217, 2.4274549023329066, 2.4221057163323625, 2.4148184700969106, 2.4043560751805546, 2.3897279863933756, 2.379877354765128, 2.371451556072941, 2.3587757635352946, 2.349747770591714, 2.3428692374319167, 2.33780144793772, 2.334135123407707, 2.3318473078433675, 2.331037493888068], "y": [0.9367681619193287, 0.9122048777646843, 0.88827738571583, 0.8765438180521851, 0.8661796368297512, 0.8584865026765615, 0.8556503068364303, 0.8568829690004506, 0.8602241149181403, 0.8710733442338533, 0.8848860181087086, 0.9003493005989924, 0.9161359291757617, 0.932415508523793, 0.9489537303392734, 0.9656087454890117, 0.9949600632891616, 1.0236884816309024, 1.0379806904047888, 1.0513887873916348, 1.0630423113172518, 1.068635641783541, 1.0664510154296343, 1.0609000288344097, 1.0456294068268097, 1.0285496265678327, 1.010496667479255, 0.9924587570174218, 0.9740846783023616, 0.9554877642803711, 0.9367681619193287]}