{"x": [2.2165260434818888, 2.218134381829367, 2.2242651221694203, 2.2392017923156677, 2.2535456674114935, 2.2746915859993373, 2.290449214107628, 2.303805793041413, 2.314612798273133, 2.3235454899000496, 2.336903610226836, 2.3463607814331624, 2.3527225563996166, 2.3569087420284376, 2.3600110858604237, 2.3574366046808852, 2.3496243607620175, 2.3432174759298765, 2.3344965136889027, 2.3214128663283353, 2.3115565517596357, 2.2974716213703053, 2.2796144768546265, 2.2676706332313725, 2.251659987495076, 2.2404762620175265, 2.2318885598095397, 2.2253885841391576, 2.220605481611371, 2.2175574690965787, 2.2165260434818888], "y": [1.2201340057381345, 1.178499192060504, 1.1372868336580315, 1.096363840291844, 1.0789542273092576, 1.0710998333769186, 1.0749648909701086, 1.084175933961183, 1.0959778984150648, 1.10925512505874, 1.1373014019082657, 1.1668918553782508, 1.196197077294202, 1.2258912528535273, 1.285745775138091, 1.342483908520854, 1.3987405754862556, 1.4270798286769204, 1.4547945587360143, 1.4816500102975283, 1.4934164686891866, 1.499516568351281, 1.4908022747891847, 1.4749226928663663, 1.4397571297608067, 1.4037820278779876, 1.3671004924436123, 1.330679609791874, 1.2939937500219854, 1.2571195681723257, 1.2201340057381345]}