{"x": [2.2734676329852967, 2.2759457532444527, 2.284767190196417, 2.2991030730627133, 2.3155589638142016, 2.3254831485124816, 2.3352395441352862, 2.3539317629503604, 2.3712219634510228, 2.3868734469404496, 2.4005781378009243, 2.411660899877824, 2.419304881436042, 2.4222843970767243, 2.4192930029417177, 2.4094157223766235, 2.3932589520675167, 2.373948192837395, 2.363830263425055, 2.3539560079695176, 2.3444843656795213, 2.335478863996753, 2.327021095540495, 2.319074004206815, 2.3116474613580125, 2.304747359966252, 2.298430379036238, 2.292666588674911, 2.2829520312365825, 2.2761218682630218, 2.2734676329852967], "y": [0.9421292127398181, 0.9256666821891203, 0.9115479626206178, 0.9031448418292817, 0.9008353751884638, 0.9014897652365159, 0.9034211928721986, 0.9101004630896382, 0.9197357313108168, 0.9318526819019242, 0.9463028278106402, 0.9628496599277314, 0.9813222410503007, 1.001090629804552, 1.020420547679368, 1.037303482630273, 1.0484825779672688, 1.052103072040061, 1.0511368251032422, 1.0487274251914793, 1.0450696812665432, 1.0403801143641853, 1.03486742099471, 1.0286410757762292, 1.0218060648167069, 1.0144399590419226, 1.0066608924902818, 0.9984635243055721, 0.9809472782563767, 0.9620483966456216, 0.9421292127398181]}