{"x": [2.228592539794895, 2.230853147739091, 2.2395450908318417, 2.247909127386552, 2.2597830499441343, 2.2754318394505075, 2.2933545607575807, 2.3066851010340117, 2.3193750556599997, 2.3416102963767766, 2.359102093859797, 2.3723684481837757, 2.381620320085597, 2.387802723889931, 2.3912969568568423, 2.3924096948361893, 2.3890783086248626, 2.3790420761784783, 2.3707960011606466, 2.3597182133892094, 2.3439198294271097, 2.3215583470277132, 2.3058909951168864, 2.2927749729922553, 2.2732680702228167, 2.2592414559292204, 2.2483422135500137, 2.240086946824893, 2.2339397619796006, 2.229968063637251, 2.228592539794895], "y": [0.8954272500962042, 0.8612206190159972, 0.8280595864113403, 0.8120884415924033, 0.7985221400546771, 0.7892314372852326, 0.78607266665191, 0.787682343788378, 0.7920708989191239, 0.806857345942166, 0.8266306245738532, 0.849454939897296, 0.8732436637486162, 0.8980081221388626, 0.9232692978457097, 0.9487467089447318, 0.9939304657582979, 1.0381112766625655, 1.0600649637358401, 1.0807348632857166, 1.098903202405739, 1.1078274159338615, 1.103983809637152, 1.0945918349306287, 1.0696289831363741, 1.0421709016176282, 1.013328248050546, 0.9844930839760789, 0.9551361727900884, 0.9253979614210006, 0.8954272500962042]}