{"x": [2.227556149631347, 2.2294800534802164, 2.2365188814162935, 2.2535826563451704, 2.268601802545357, 2.287762130942161, 2.301971664536788, 2.3149047230267343, 2.335790085874809, 2.3508476731773804, 2.361761019022647, 2.369160139628202, 2.37405028911694, 2.3768033073839345, 2.3776762698653053, 2.37485682202399, 2.366320571375386, 2.3592874824922263, 2.3497381477219883, 2.3356131584447786, 2.325490632332174, 2.312709103418359, 2.2961387742850596, 2.2836586320919263, 2.2662486294543274, 2.2540024690115117, 2.2445621982948536, 2.237426154890227, 2.2321516932068963, 2.2287756009108084, 2.227556149631347], "y": [1.0296726889024053, 0.9930151972062996, 0.956988429314133, 0.9224464438640255, 0.9095763718084513, 0.9046676730985168, 0.9071478503992747, 0.913535191200864, 0.9330070889273127, 0.9565910595557254, 0.9823560258556839, 1.0082629139570871, 1.0347582017421249, 1.061545551755915, 1.088459844740235, 1.1377184762401478, 1.1863136867884958, 1.210725826597373, 1.2342678552850739, 1.256298534078376, 1.265033760477422, 1.2689583284496018, 1.2631627836606067, 1.2508173311445465, 1.2213229676886472, 1.1903526669668285, 1.1584150831323043, 1.1266684644564147, 1.0945600392883048, 1.0621927344334086, 1.0296726889024053]}