{"x": [2.2661195100297125, 2.268164454453091, 2.27553331171045, 2.2894475011822903, 2.3068428647017076, 2.317566518151144, 2.327991410340427, 2.33797708089729, 2.3474878762007343, 2.3648739219746973, 2.3800633866075174, 2.392738191041043, 2.402614048547723, 2.409180270515493, 2.411697955242673, 2.409328068427465, 2.4010307236669983, 2.3855649478521173, 2.3756885173507842, 2.3651968602324946, 2.3541569784031666, 2.3435595659954513, 2.3336347621815294, 2.3244102367403947, 2.315960019864072, 2.3081622241204314, 2.2944272448548477, 2.2832471357174713, 2.274469322061794, 2.268457266106174, 2.2661195100297125], "y": [1.0922658174147484, 1.0749784000670441, 1.0592070165205996, 1.0482726278948504, 1.0450219585323193, 1.0459711443971869, 1.0486580236187921, 1.0526241153660778, 1.0576229425199288, 1.070005979806211, 1.0850024582013573, 1.1020407029796242, 1.1208401681597828, 1.1410737674305504, 1.1621966241027566, 1.1826122999986, 1.2014157639275405, 1.2155851913473021, 1.2193408841156885, 1.2205955707420626, 1.2192296080272775, 1.215847346179855, 1.2108811717868804, 1.2047108598634737, 1.1976884073293472, 1.1899479043488288, 1.1728221017632607, 1.1543297294176036, 1.1345835231308183, 1.1137871629082101, 1.0922658174147484]}