{"x": [2.261287329137569, 2.2631768854114047, 2.2694066326066893, 2.2789959425436295, 2.289822278738928, 2.3020351611930625, 2.313696683415751, 2.3245346761386805, 2.3343834203916702, 2.3430623761109595, 2.346827791989949, 2.3501327534804433, 2.352914523955107, 2.3550616904163313, 2.3564618634163477, 2.356980241510348, 2.3548905325778646, 2.348189987606294, 2.3377861611514303, 2.325763863386722, 2.31345543129008, 2.3018894826598566, 2.2913997950206793, 2.2820850601493596, 2.274093215941834, 2.270649396866627, 2.2676256888570854, 2.2650703154875, 2.2630783778714725, 2.261763213001835, 2.261287329137569], "y": [0.9041641636957527, 0.8933242956600571, 0.8842543776986793, 0.8790092942549713, 0.8775072256864495, 0.8790283213110481, 0.8829624195797023, 0.8887355076497111, 0.8960698698418544, 0.9048876131060511, 0.9098038686636417, 0.9150407718511787, 0.9206077282222678, 0.9264488690696637, 0.9325191596428496, 0.9387272347249135, 0.9507452492580003, 0.9609384947580335, 0.967257820772779, 0.9691651337099341, 0.9673686869510908, 0.9627911817443169, 0.9561893094319186, 0.9480128811729703, 0.9385647237298386, 0.9334183533611193, 0.9280144466569071, 0.9223458281699787, 0.9164555520183717, 0.9103710060830641, 0.9041641636957527]}