{"x": [2.2317989104026865, 2.234401111735776, 2.2440296647525915, 2.2529576224805985, 2.2649696009583615, 2.2795946796938433, 2.295538758372988, 2.3187969606487164, 2.3397022945343653, 2.357137284420517, 2.3709136678451466, 2.380851448343488, 2.3875839812967254, 2.3914107059410092, 2.3926295049818784, 2.3891243223671426, 2.3847899413426896, 2.3786423638893863, 2.3700960900139294, 2.358767935585742, 2.3432595982498055, 2.3231577803228256, 2.3093557432665888, 2.297112848735695, 2.2778440475779695, 2.2635763115676073, 2.2523790571026643, 2.2438571439183415, 2.237475128700929, 2.233328399097972, 2.2317989104026865], "y": [0.75504872267913, 0.7243944539934262, 0.6951755113836118, 0.6818376915629344, 0.6711925875328321, 0.6644776796222637, 0.6622938134771664, 0.6665135769353883, 0.6775461374664518, 0.6932886544972697, 0.7123153981633156, 0.7329221458753039, 0.7547869699663484, 0.777314974503688, 0.8001331545107687, 0.8397645762188659, 0.8592024346134574, 0.8781450978182174, 0.8969182071308707, 0.9141559954945292, 0.9284212888950749, 0.9347398360983012, 0.9321284041401556, 0.9252416532894882, 0.9053100893771404, 0.8823030734108885, 0.8576553033904577, 0.8327829030607371, 0.8072774294472609, 0.7813052969954213, 0.75504872267913]}