{"x": [2.325034991464654, 2.326813908003027, 2.332962412015959, 2.3431590413394052, 2.3550721390928118, 2.3615152473079544, 2.3678445813644333, 2.3799156816621023, 2.3909628017883997, 2.4008216007842162, 2.409276788466202, 2.415989830072537, 2.4205237106261777, 2.422231797679064, 2.4202182223121373, 2.41364615297203, 2.408642226408894, 2.4027646925626045, 2.396341871194796, 2.3896776748310473, 2.383138422104919, 2.376753109818377, 2.3706191436405306, 2.3647791794588855, 2.3592891428762846, 2.3541316071013454, 2.3448553531066505, 2.3370898913698204, 2.3309280221355957, 2.3266892978038167, 2.325034991464654], "y": [0.9812628771006493, 0.9693574480092221, 0.959008550275431, 0.952567364969569, 0.9506863493869665, 0.9511738176823846, 0.9524741250355021, 0.9570150457521647, 0.9635974746876079, 0.971854066971055, 0.98157871714154, 0.9925784485958765, 1.004680486616201, 1.0174905543654293, 1.0305631685357457, 1.0420416541324207, 1.0464949604255007, 1.0497083408690484, 1.0515737626985564, 1.0521402604921815, 1.051573585444549, 1.0500534756363082, 1.047739088589246, 1.0447597016000003, 1.041241336255443, 1.0372514463940168, 1.028102905244023, 1.017756952197519, 1.0063827485784975, 0.9941259603797679, 0.9812628771006493]}