{"x": [2.2622925803706284, 2.2647895213155573, 2.2736618653842475, 2.289719393751969, 2.309302727683277, 2.320145868502806, 2.330748064105926, 2.3409790814020304, 2.350785819590395, 2.3688752387533456, 2.3847861800480006, 2.3981392039690355, 2.408506219667875, 2.4153191035575707, 2.417850918382921, 2.4148711978607933, 2.404933767306837, 2.396975434062592, 2.387226582311242, 2.3761472210516725, 2.36442471366998, 2.3532341328567843, 2.3424206725440038, 2.332213890840929, 2.3226756794495174, 2.3057819783201965, 2.291486620445232, 2.2798748894930965, 2.270809237244962, 2.264656379704722, 2.2622925803706284], "y": [1.0817267924120089, 1.0622376749387172, 1.0447065048495017, 1.0329844525550955, 1.0295575356597102, 1.030395654248363, 1.0328183787465126, 1.0364607625180369, 1.0411264415208303, 1.0529414361172453, 1.067558656444116, 1.0844854890865194, 1.1033890838938483, 1.1238832025246803, 1.1453311441284622, 1.1681952088833893, 1.1890012576551476, 1.197714627650384, 1.20436427231988, 1.208433260943211, 1.209808664528716, 1.2085647096333407, 1.2054269399186675, 1.2007193410391723, 1.1947727114561917, 1.1802742942764357, 1.1632084224325552, 1.144609894278536, 1.1246461397589949, 1.1035624050339408, 1.0817267924120089]}