{"x": [2.2421708704118193, 2.2439125424705613, 2.2498194133144778, 2.258778262186997, 2.2687743623303915, 2.281644718015775, 2.2939295889582794, 2.305383188920208, 2.315869506869204, 2.3252354482694244, 2.3293540989833565, 2.3330117620575375, 2.3361392671741013, 2.338597337111913, 2.3402375561247557, 2.340867113224257, 2.3389422568816776, 2.332631998659208, 2.3229147878440624, 2.311796035123879, 2.2988057608286296, 2.2865854500338365, 2.2754471596904167, 2.2654612986408775, 2.2567586558688166, 2.2529529574368103, 2.249569241418401, 2.2466607787827013, 2.2443465258407613, 2.2427733035925974, 2.2421708704118193], "y": [0.813815332365149, 0.8037874538786485, 0.7954988686354653, 0.7908846497993786, 0.7896079468146683, 0.7912773072085209, 0.7954623717861409, 0.8014972877303779, 0.809089540256108, 0.8181909260442036, 0.8232661647208905, 0.8286830671719674, 0.8344685383995524, 0.8405686087073582, 0.8469474087935421, 0.8535035560469264, 0.8646409357594953, 0.8740178723577274, 0.8796871851889333, 0.8814014290314137, 0.8795407375798354, 0.8747581229160296, 0.8679147418154799, 0.8594781574496972, 0.8497273596326297, 0.8444090888008631, 0.8388128569344949, 0.8329177251847258, 0.8267650049268954, 0.8203717190672681, 0.813815332365149]}