{"x": [2.2723826627246653, 2.275607694235698, 2.286036016791696, 2.301149227924609, 2.3177749139230595, 2.3360474987481545, 2.3536862053738834, 2.3703473553974588, 2.385754707661191, 2.3996822172852816, 2.4112252923476944, 2.415822084433942, 2.4193824476383696, 2.4217042770920556, 2.422564607505808, 2.421673569475039, 2.4188034921611954, 2.4139575995138145, 2.407338130447127, 2.390428895721709, 2.371184275451242, 2.352675314808257, 2.335154842324292, 2.3191532601869596, 2.304865822833737, 2.292514290582691, 2.282436679065298, 2.2784174287130727, 2.2752603875537663, 2.2731555574376054, 2.2723826627246653], "y": [0.8747343601018781, 0.8580659461215545, 0.8446686724610415, 0.8374788544785903, 0.8355581258539048, 0.837495917567466, 0.8426455215800985, 0.8503305527656891, 0.8602938414121574, 0.8726479948801235, 0.8872547758513956, 0.8954331007418027, 0.9041129227071311, 0.9132147386065179, 0.9225685493945075, 0.9323909538772319, 0.9418268552547941, 0.95042734786518, 0.9577508564482569, 0.9674367414665445, 0.9704999388536448, 0.9680081625405306, 0.9615410443866085, 0.9520152166416477, 0.9400711319549833, 0.9261368097819572, 0.9104789865145031, 0.9020242603045667, 0.8932112097658887, 0.8840765077992611, 0.8747343601018781]}