{"x": [2.261480449929269, 2.2632027807476742, 2.2689290678659204, 2.2776279669073065, 2.2873738889307003, 2.298985947734489, 2.3100762031019815, 2.320402652752012, 2.3298229069507186, 2.3381823841451226, 2.341834479280451, 2.3450594003574254, 2.3477958036802655, 2.349927282598447, 2.351332702060255, 2.3518602166888987, 2.3499620091422395, 2.34383430747991, 2.3344223580024464, 2.323649034150211, 2.3119645971953657, 2.300963491701494, 2.290939618554947, 2.2819792449503975, 2.2742137172657926, 2.270840370015977, 2.2678592525242744, 2.2653184315382684, 2.263318084041819, 2.2619793588608252, 2.261480449929269], "y": [0.8429602966565078, 0.8331937875537793, 0.8250968276711371, 0.8205183905145945, 0.8192338924637735, 0.8207038179520872, 0.8244463874554685, 0.8298994144640569, 0.8368008546588829, 0.8450926021748986, 0.849717526480808, 0.8546498289614115, 0.8599063468190983, 0.8654358748961385, 0.8712005538293474, 0.8771105838955296, 0.8878849315292421, 0.8969481004650927, 0.9024346862440827, 0.9040542261946266, 0.9023546204492163, 0.8980662169520754, 0.8919047765830099, 0.8842789595679946, 0.8754410450865826, 0.8706163306473244, 0.8655398870507806, 0.8601984331900682, 0.8546319701728102, 0.8488622453987752, 0.8429602966565078]}