{"x": [2.2321594804937854, 2.234824654090023, 2.2437488463334074, 2.257462655719611, 2.2728647059315783, 2.2908031078064157, 2.3079625401334254, 2.3239759178439687, 2.338600016281595, 2.3515721488018047, 2.3621794503941187, 2.3663605986411755, 2.3695900630883386, 2.371701552038364, 2.372503760533971, 2.3718127143937124, 2.3694903621419505, 2.3597501294619345, 2.344494753035837, 2.326713930749437, 2.3085123633487745, 2.2914781955466537, 2.276122145455826, 2.2625437384440232, 2.250930818546872, 2.245919871590145, 2.2415094561404727, 2.237767194884452, 2.2348323699686032, 2.2328772204169076, 2.2321594804937854], "y": [0.8667208044451779, 0.8513044084922763, 0.83845422533102, 0.8311720240047895, 0.8292033002291093, 0.8313604997065474, 0.8370167929824833, 0.8452968863737044, 0.8558384212313276, 0.868597342479702, 0.8833808280793092, 0.8915248590332989, 0.9000909433329028, 0.9090082088017069, 0.9181368708371193, 0.9271780421882909, 0.9359431436815967, 0.9511507664353394, 0.9607844304078271, 0.9638465130742799, 0.9610712535313517, 0.9540829598440005, 0.9440566762998883, 0.931729409809673, 0.9176166709803003, 0.9099668000500698, 0.9019556609167373, 0.8935703555392783, 0.8848695125746645, 0.875886279573433, 0.8667208044451779]}