{"x": [2.323151671321859, 2.3267518183739475, 2.3378217668030143, 2.3529090063657296, 2.3692172592775242, 2.3861560598208067, 2.4026225917290978, 2.4183263131638957, 2.4330023939767482, 2.446493361124814, 2.457838394117691, 2.462418000586022, 2.465989276885577, 2.4683275473975628, 2.469186564727327, 2.4681841084527023, 2.4650367058596716, 2.459865920877207, 2.4530048773349042, 2.4362242042210327, 2.417547497250267, 2.4004482575569073, 2.3840846851232964, 2.368916594971171, 2.3551915946351087, 2.3431275515847902, 2.3331825466293528, 2.329184619188812, 2.3260326985439232, 2.323925737759809, 2.323151671321859], "y": [0.818124794798113, 0.8017668430157197, 0.7891970424170798, 0.7827711889505224, 0.7810515153299253, 0.7826201418211941, 0.7868906078177181, 0.793389299476796, 0.8019597435817486, 0.8128232787250962, 0.8259119309395705, 0.8333604443528969, 0.8413416180175604, 0.8497812018013958, 0.8584964856555665, 0.8680662943905453, 0.8771591495375272, 0.8852723919449959, 0.8920168564313616, 0.9006472961244968, 0.9033410103223347, 0.9013115581499659, 0.8959509451793395, 0.88786869055215, 0.8775237321425279, 0.8651702562865204, 0.8510547904110628, 0.8433386139876271, 0.8352399598608145, 0.8267945616081829, 0.818124794798113]}