{"x": [2.201481848420387, 2.2035741920520766, 2.2115981507820055, 2.219330466445857, 2.230355534416179, 2.245023426308418, 2.2619476325263936, 2.2747146779429808, 2.2868191968347324, 2.3078519621687823, 2.3242313677417688, 2.336586932189674, 2.3451762007818937, 2.350914115293162, 2.3541597585115004, 2.3551922295761614, 2.352149576069498, 2.3429480242471197, 2.335354575188031, 2.3251147186167804, 2.310418418537513, 2.2893899478835698, 2.274438941265307, 2.2620159068685037, 2.243624278066245, 2.2304061400150927, 2.2201287537255854, 2.2123353173785336, 2.206529479156972, 2.2027783654752926, 2.201481848420387], "y": [0.8574105265518555, 0.8251198642259507, 0.7937721232926863, 0.77860395836334, 0.7656305313257729, 0.7566422295822484, 0.7535587470240886, 0.7551668956816645, 0.7595331541684338, 0.7740903185308023, 0.7933234578217931, 0.8153583982819959, 0.8382033396750731, 0.8619255490844809, 0.886094574199351, 0.9104586867094467, 0.9530692239203723, 0.9947854925193897, 1.0155535436150702, 1.035152465838651, 1.0524724367478901, 1.0610611531987353, 1.057277152280669, 1.0481382531006196, 1.0240948037133053, 0.9977679162967747, 0.9701599553862287, 0.9425689531217185, 0.9144923917474902, 0.886059986589489, 0.8574105265518555]}