{"x": [2.2659599927597776, 2.2679975011660427, 2.2745881286326415, 2.2843271727190024, 2.295138016207582, 2.307468380845602, 2.319300932476421, 2.3303817008071706, 2.340540151370435, 2.349613470627396, 2.357098582433731, 2.360079725591209, 2.362398970708162, 2.363923628610615, 2.364493052450919, 2.363969450916309, 2.3622555619805565, 2.355198343286197, 2.3446128914679942, 2.332586520454696, 2.320161177764196, 2.308410418956961, 2.29765618478883, 2.2880180953578892, 2.2796447947571576, 2.2760071417268923, 2.2727944048640474, 2.270059066481257, 2.2679112910607775, 2.266481512471862, 2.2659599927597776], "y": [0.850601113655421, 0.8397670495774815, 0.8309300809486467, 0.8260424611480697, 0.8246773713720804, 0.8261416949635145, 0.8299063805534349, 0.8354584778109546, 0.8425588364575575, 0.851192192519979, 0.861233759155019, 0.8667910649494996, 0.8726555311917276, 0.8787831549648373, 0.8850718838757051, 0.8911962166500942, 0.8970991138382897, 0.9070919256786995, 0.9130677509359911, 0.9148365578648788, 0.9131252472466277, 0.9087392020504745, 0.9023593453574262, 0.8943929562075028, 0.8850873864821925, 0.8799875470387566, 0.8746098892058763, 0.8689401476236687, 0.8630227912527407, 0.856883290805497, 0.850601113655421]}