{"x": [2.1466216559916522, 2.148524931363198, 2.155536268845887, 2.1675619913564272, 2.181668474048049, 2.191488984154212, 2.201085724117923, 2.2103549743629864, 2.219268800496669, 2.227762649839159, 2.235854226010185, 2.250716721941376, 2.2635838691614683, 2.273950100200066, 2.281097291748221, 2.283821050911087, 2.281426949499369, 2.273529777675916, 2.260030905749337, 2.2436083057259313, 2.233654322043804, 2.224006576516206, 2.2148295839458756, 2.2061594031761644, 2.1980649161950705, 2.1904786537787677, 2.1768157976463742, 2.1652816726086503, 2.1559390434785075, 2.149281933856169, 2.1466216559916522], "y": [0.9013297913242138, 0.8872462534268482, 0.874884633648263, 0.867211683715365, 0.8650905263321826, 0.8658744656257862, 0.8681014729518236, 0.8713915591053198, 0.8755493675017626, 0.8804202431973616, 0.8859336180044456, 0.8986621376615851, 0.9134601645852262, 0.9301060749679815, 0.9484437454808815, 0.9679356320721894, 0.984335479667224, 0.9989067321837654, 1.0087790961235357, 1.0119384190764311, 1.010837214498928, 1.0081510557358841, 1.0041829944957519, 0.9992039716938496, 0.9934590525354685, 0.987058002764186, 0.9726796570592784, 0.9567535495058952, 0.9394505953325647, 0.9208786409251297, 0.9013297913242138]}