{"x": [2.3242577341028405, 2.326005397815735, 2.33200360096022, 2.3418751732834884, 2.3533772110685227, 2.3595400284127757, 2.365597140937241, 2.3771601837706187, 2.3877557272963177, 2.3972213631417816, 2.4053500665522916, 2.4118101430546464, 2.4161779351543684, 2.4178259731193186, 2.4158626774313747, 2.413235193813034, 2.4094669182551756, 2.4046208308371133, 2.398946602050107, 2.392760431991595, 2.3863484692105095, 2.380100623792014, 2.3739950257244145, 2.3681224535829206, 2.3625242983111563, 2.3522973025282754, 2.343370566137787, 2.3358841084736706, 2.3299400979176155, 2.3258524472925903, 2.3242577341028405], "y": [0.9747069234721281, 0.9632094939131299, 0.9532462226654435, 0.9470720171146177, 0.9452631829295688, 0.945717746678144, 0.9469418110907069, 0.9512360536238259, 0.9574831195052551, 0.9653376158463951, 0.9746085075419587, 0.9851105389431037, 0.99667945469392, 1.008935122376342, 1.0215195007589601, 1.0273578791642064, 1.0325338266028448, 1.0367821246249989, 1.0398375668223334, 1.041606892778816, 1.04214163348896, 1.0416084855318921, 1.0401796778630772, 1.0380012618186096, 1.0351917676340525, 1.0280905818347281, 1.0194112005253069, 1.009563768068508, 0.9987153712810867, 0.9870061638971969, 0.9747069234721281]}