{"x": [2.3067079867520244, 2.308805326470469, 2.316538640014512, 2.324069090796507, 2.3352671202527553, 2.3520777737343357, 2.374198524851651, 2.389304468483729, 2.402965882558706, 2.4247037599748786, 2.4400803565357707, 2.4510801883919067, 2.4584544677772304, 2.463291208295347, 2.466852864639174, 2.463662519075035, 2.4541215931215565, 2.446355295269266, 2.435878217016738, 2.420429183124188, 2.409212101047733, 2.3946016979253857, 2.3768622113518623, 2.3638026943361594, 2.3458483609714142, 2.3333368786194253, 2.3237595895398675, 2.3165664733717826, 2.3112866473166895, 2.307929151222224, 2.3067079867520244], "y": [1.1614134258372448, 1.1188634510564557, 1.0769695965027164, 1.0558431687501535, 1.0364102643130577, 1.0207368311938, 1.0144976849198768, 1.0172123522353163, 1.0242069728198107, 1.0454035722265296, 1.0708205557102393, 1.0984152376316592, 1.1260129440520965, 1.1541664400567115, 1.2111280076528537, 1.2679958718549205, 1.32414836971275, 1.352359428844176, 1.3796799352622078, 1.4055485400815875, 1.4161312861836823, 1.4210662194125971, 1.4144603623654126, 1.4007572332871105, 1.3685287450668735, 1.3349116425014977, 1.30034399419529, 1.2660265558687922, 1.2313631611947486, 1.1964582118460023, 1.1614134258372448]}