{"x": [2.244271144939512, 2.2462168412813117, 2.253524201408951, 2.2606706543697563, 2.2712610720776847, 2.2868379230202693, 2.306707181939514, 2.32080051774792, 2.3336821335343125, 2.354566481476758, 2.369627995600549, 2.3805191219101576, 2.387877112870733, 2.3927269013005423, 2.39631391803336, 2.3933610805009473, 2.384468109803182, 2.377176010731811, 2.3673074395806113, 2.352762959936379, 2.3423653979494365, 2.3292459665474157, 2.312770419423609, 2.3002822799791525, 2.2828489562180048, 2.2706164842892926, 2.2612082617514817, 2.2541155351062017, 2.248878973130602, 2.245520764933183, 2.244271144939512], "y": [1.0395518148677196, 1.0015042018360458, 0.964114242226179, 0.9453511040039024, 0.9282932554103412, 0.9149381462445862, 0.9098185978155994, 0.9121967389753093, 0.9183888019849827, 0.9374922159224313, 0.9607905698213955, 0.9863061703397197, 1.0119660397467514, 1.0382157727196395, 1.0914207537631864, 1.1419829860988664, 1.191844531005024, 1.2168779325451033, 1.2410120827262732, 1.2635874976714385, 1.2725391835060822, 1.276554466091671, 1.2709061824582917, 1.2587656250473784, 1.2295865704368756, 1.198890198936438, 1.1672139311408367, 1.1357352202712792, 1.1038950816417197, 1.0717989496448086, 1.0395518148677196]}