{"x": [2.2743721529083474, 2.275953422495827, 2.281320420224929, 2.2899164490217347, 2.299754301385341, 2.3118628045510916, 2.323322098068267, 2.333870801951514, 2.3433877676708486, 2.3517028710327867, 2.358462724707429, 2.3631894431340856, 2.365056845021991, 2.363341550599287, 2.357612742125897, 2.348324398456506, 2.3374228660218317, 2.331244708391401, 2.3252084367176864, 2.3193962486755497, 2.3138400521711304, 2.3085865336527913, 2.3036190160731524, 2.2989476366458015, 2.294581802841721, 2.286851569598641, 2.2805817964693547, 2.278094118480567, 2.2761449309921846, 2.2748478987124163, 2.2743721529083474], "y": [0.8786773062204496, 0.8688376920223477, 0.8604404450656606, 0.855450423244351, 0.8540331407303318, 0.85574142239162, 0.8600097554663125, 0.8661211829287873, 0.8737403733544528, 0.8827268062537721, 0.8929347099793719, 0.9042829356525375, 0.9164335283624852, 0.9273264110442315, 0.9367486125677644, 0.9427311794915676, 0.9445259011118343, 0.9439811906737969, 0.9425564923026094, 0.9404137334326189, 0.93767482382908, 0.9344519946195448, 0.9308037273551648, 0.926785124718268, 0.9224365102144625, 0.9129052880479195, 0.9023558498217534, 0.8967148462028834, 0.8908659034147262, 0.8848313310781848, 0.8786773062204496]}