{"x": [2.2812767110148626, 2.2825466786430684, 2.287100248312871, 2.2978867177489883, 2.3080590862013697, 2.323008292650081, 2.3340820872379657, 2.3434145255637686, 2.3572264516220645, 2.366698725174489, 2.3735261962150633, 2.378221727365677, 2.3813776583261435, 2.383195682835545, 2.3837941701400287, 2.382114338927617, 2.3767766909371253, 2.3722434220705924, 2.3659515070308954, 2.356386241593741, 2.3492862272929793, 2.339998631341714, 2.3278320599057616, 2.319004833577002, 2.306933861290637, 2.298578041542135, 2.2922476625322847, 2.2875512634517383, 2.284155164560245, 2.282032805975418, 2.2812767110148626], "y": [1.2478529907162195, 1.2184304731686377, 1.1893347284647002, 1.160522542938909, 1.1482643014888032, 1.1427631388904134, 1.145620915659724, 1.1522316198228957, 1.1699882290559847, 1.1897449737138326, 1.2105641611359557, 1.2312342913794347, 1.252194787481425, 1.273307732447737, 1.2944903543632054, 1.3306002258723169, 1.3663529064324698, 1.384393146376466, 1.4018977911596786, 1.4185225354265196, 1.4253041363934202, 1.42848861063438, 1.4236606892988748, 1.4139955788355218, 1.3915216129333916, 1.3681493230713173, 1.3441491156001744, 1.3203335449261533, 1.2962980694123996, 1.2721161195986754, 1.2478529907162195]}