{"x": [2.2743291762248203, 2.276872054921743, 2.28584893868209, 2.3003254025814734, 2.3169067799618315, 2.3360171652452486, 2.3541914831719675, 2.3710127516371315, 2.3862292901368316, 2.3995302619421763, 2.4102515697556424, 2.41760810833704, 2.4204537072438694, 2.417439459577836, 2.4075568545960544, 2.4001239362679407, 2.391441848443013, 2.3819816089183905, 2.3721778012410355, 2.3623380134546648, 2.3527277031059257, 2.3434998801748894, 2.334719014361586, 2.3264664091471556, 2.318709909611206, 2.3114615044465694, 2.3047287592367427, 2.2929495521595573, 2.283499438676796, 2.2768827850756135, 2.2743291762248203], "y": [0.9251835149655885, 0.9085930680161394, 0.8944112232841247, 0.8860007423348205, 0.883685116933572, 0.8861639158131053, 0.8925705871379319, 0.9018687918550333, 0.913610539588034, 0.9276515541092211, 0.9437487432588729, 0.9617125157101861, 0.9809145558998016, 1.000197516552861, 1.0170276199189632, 1.0235103159965424, 1.0281895225860103, 1.0309162005268333, 1.031819671324169, 1.030911668188433, 1.028612140329015, 1.0251053127619563, 1.0205945532693204, 1.0152770676474716, 1.0092589399392375, 1.002641340037554, 0.9954997612324819, 0.9799835548839898, 0.9629483638378311, 0.9445592445231105, 0.9251835149655885]}