{"x": [2.2830913025610227, 2.284883271999353, 2.2909496707912296, 2.300947471946066, 2.3126097164276764, 2.318912867008198, 2.325104174126307, 2.336909250403664, 2.3477077290439876, 2.357338597647577, 2.365591566421589, 2.3721395712319544, 2.3765592469733288, 2.3782216459613674, 2.3762529328424726, 2.3698317181466626, 2.3649410630803978, 2.3591965579076333, 2.3529196253247693, 2.346406762527154, 2.33999848615333, 2.3337403663173215, 2.3277277113918204, 2.322002447684763, 2.3166192699114916, 2.311561949345998, 2.3024649601563105, 2.2948507393116673, 2.288815655184394, 2.2846776577157693, 2.2830913025610227], "y": [0.9748653278818906, 0.9632176873212254, 0.9531143467451444, 0.9468376460052013, 0.9450086971919216, 0.9454883771611287, 0.9467641186250796, 0.9512175613020025, 0.9576720235557934, 0.9657660703725311, 0.9752930098521877, 0.9860632328042575, 0.9979057987723653, 1.0104364145582092, 1.0232127211965205, 1.0344322507985568, 1.0387844568111828, 1.0419246581540267, 1.0437485637478194, 1.0443045605502599, 1.0437538189250053, 1.0422688076323716, 1.04000601269185, 1.0370916318518342, 1.033649087075838, 1.0297435491908318, 1.0207856972140805, 1.0106477231670419, 0.9994972686280489, 0.9874777933733178, 0.9748653278818906]}