{"x": [2.3798182584887124, 2.3812478294233923, 2.3862551199691944, 2.3909512888174813, 2.3978543845481313, 2.408610308216695, 2.4159985398126933, 2.4244865232373547, 2.435004186300538, 2.4439597426646804, 2.457173068518801, 2.466103354747309, 2.472457738805894, 2.4796336450624015, 2.4818031666722855, 2.479943040709617, 2.4741415979053945, 2.469291747165811, 2.4626302897906767, 2.452619547251792, 2.445219793792519, 2.435400715946352, 2.4237046670779, 2.4151826162038077, 2.4036245950489827, 2.3957265342951435, 2.3898088473112242, 2.385474589325245, 2.382380756167032, 2.3804776250244037, 2.3798182584887124], "y": [1.2781485948358944, 1.2465504242128858, 1.2153187879898513, 1.1994776420116573, 1.1844662071339533, 1.1712451389819405, 1.1667372515245522, 1.1650457572658413, 1.1675099839204013, 1.1735508166050863, 1.1901926412977597, 1.2088304241881833, 1.2284960990159037, 1.2676963017159792, 1.3074887972184408, 1.3458743251652596, 1.3838644829135809, 1.4030045378886722, 1.4215918384534405, 1.4392996188926468, 1.446637935401381, 1.450129775989279, 1.4457033958941952, 1.4365510711196494, 1.4151136055483509, 1.3928053977602661, 1.3698921596838165, 1.34718974585454, 1.3242853012562992, 1.3012514882654247, 1.2781485948358944]}