{"x": [2.1963185427181107, 2.1982004922680294, 2.2050331783642694, 2.218344513509268, 2.235366795621919, 2.2462846952721742, 2.2568521435189473, 2.2669172019855806, 2.2764547434861333, 2.293755116811856, 2.308752503245577, 2.3211597005733617, 2.3307874427420328, 2.337179086742935, 2.3396390785944083, 2.3374890664355723, 2.329829284775709, 2.3150837651341414, 2.3054576369940682, 2.2951646615085837, 2.2839255181404234, 2.2732000326606334, 2.263226182107064, 2.254005560877184, 2.245600912381036, 2.2378658749857983, 2.224274459334454, 2.2132386564137714, 2.2045748638710734, 2.1986343451400963, 2.1963185427181107], "y": [1.0836435724888642, 1.0667400029749987, 1.0511648048340834, 1.040029701252904, 1.0366497475870393, 1.0376992914354808, 1.0406371669629046, 1.0449302708117834, 1.0502941728167838, 1.0634198885976722, 1.0791254841651032, 1.0967481613074113, 1.1160303778793264, 1.1366473597460771, 1.158091741164502, 1.1780659842778987, 1.1966380246924424, 1.2109875918751254, 1.2148533488578097, 1.216142176105155, 1.2146383815135575, 1.210958204473443, 1.2056323551770871, 1.1990884641535813, 1.191713891418779, 1.1836397576659259, 1.1659077128485131, 1.1469100762590403, 1.1267200331469782, 1.1055291714442916, 1.0836435724888642]}