{"x": [2.197832782612183, 2.199668673071357, 2.2066309430584514, 2.2235299963779953, 2.238263710761784, 2.2568207295419267, 2.2710345700622163, 2.284024314818411, 2.3051659474049084, 2.32055087469654, 2.331769197641664, 2.339411419057639, 2.344479116514167, 2.3473404033521557, 2.3483180989702674, 2.3454802863558046, 2.3370485910791627, 2.3300721949505983, 2.320581267571403, 2.306541268953682, 2.296551343026902, 2.2841043389741977, 2.267592115411646, 2.255024161655181, 2.2373723934057663, 2.2249048902886566, 2.2152639522272732, 2.2079546531238337, 2.202532218567652, 2.199045195880322, 2.197832782612183], "y": [0.999099758295373, 0.9636312006722618, 0.928804258942204, 0.895577812383917, 0.8833973598915569, 0.8788057570717197, 0.8812095923583111, 0.8874608496390674, 0.9066435775686874, 0.9300310256089909, 0.9556789873975152, 0.9815403895943683, 1.0080268788718714, 1.0348254887097916, 1.0617586757267907, 1.1095278595957614, 1.1566325793455292, 1.1802911370451838, 1.203057773881866, 1.2242361812592717, 1.2325105034327453, 1.2361622314572491, 1.2305456000468402, 1.2184523534291847, 1.1893368666507815, 1.1586622479133317, 1.1269853922935005, 1.0954771599724027, 1.063589987616301, 1.0314277489310177, 0.999099758295373]}