{"x": [2.2784430449799538, 2.2798768848008284, 2.2849718402717003, 2.28978443687061, 2.2967326527793688, 2.3066702724961714, 2.3191433596548197, 2.3277827455201656, 2.3357073779078954, 2.3486435262387975, 2.3580919805780383, 2.3650376519566496, 2.3698278292586106, 2.373050788107696, 2.374902880984649, 2.3755094064598303, 2.3737177447434203, 2.368088018290783, 2.36332199145116, 2.356782377655389, 2.3472017188677117, 2.3331303834507073, 2.323448650366835, 2.3154408633718635, 2.30372334864895, 2.295473698772221, 2.289206794250005, 2.28458951247963, 2.2812537926284975, 2.279175066822314, 2.2784430449799538], "y": [0.944937495790188, 0.9210035745548238, 0.8975743212358985, 0.8859270042931954, 0.8754130433995602, 0.8672548359110094, 0.8641347827392216, 0.8655594859146435, 0.8692835923561602, 0.8808392406512834, 0.8949847475731121, 0.9105129897330144, 0.9261898243192273, 0.9422622067650502, 0.9585415063139293, 0.9749145930319232, 1.003608049517501, 1.0318007910809646, 1.0459094079155917, 1.0592885533376464, 1.071238719476803, 1.077287935388102, 1.0748229818491177, 1.068849097108025, 1.0531381785844174, 1.0359600062741976, 1.0179635556597668, 1.0000375616543677, 0.9818294995635412, 0.9634347993765887, 0.944937495790188]}