{"x": [2.239016532871733, 2.2405327123263543, 2.2457794630598062, 2.254356125424468, 2.264243089782941, 2.2706284447039806, 2.276890176384085, 2.2829607326514982, 2.2888147219013706, 2.299752090967226, 2.3095953450935878, 2.3181714061666376, 2.325139772789841, 2.330019587847663, 2.3319649942143785, 2.330313900652504, 2.3246893838696985, 2.3153801177378344, 2.304358239128851, 2.2978994595630837, 2.2916022830538973, 2.2855557735215113, 2.279789740798757, 2.274351862070819, 2.2692181455984195, 2.2643961283975997, 2.2598927867962777, 2.251930137053559, 2.245464925575806, 2.240872517715738, 2.239016532871733], "y": [0.8670009786429383, 0.8571145174041663, 0.848599088894374, 0.8434679528941194, 0.8420065734961504, 0.8425165123007828, 0.8438668868482632, 0.8458895221814945, 0.848472837289927, 0.855005239517165, 0.8630928021379435, 0.8725670437454259, 0.8832792771339522, 0.8951446584590932, 0.9078259542547875, 0.9188367808569486, 0.9284455905320783, 0.9346325081581264, 0.9364922332867995, 0.9358892417326964, 0.9343320004843182, 0.9320075222929997, 0.9290551769495017, 0.9256017373633678, 0.9217105003857665, 0.9174411558381852, 0.912836911364575, 0.9027984455255617, 0.8917360937017323, 0.8797252260476421, 0.8670009786429383]}