{"x": [2.2271925561121075, 2.229444536959592, 2.237919357131429, 2.246026303581658, 2.2574207898514143, 2.2721669197361254, 2.2888404322713867, 2.3017590059944446, 2.314095594556353, 2.3358744984219078, 2.3532062044490796, 2.3664744440186847, 2.3758085112272447, 2.382078749455992, 2.3856366573976313, 2.38682911447678, 2.383592596178418, 2.3739741341050737, 2.366030557700066, 2.3553434608782133, 2.340176763532332, 2.319169017303934, 2.304089463013438, 2.2913042287388206, 2.272039452233454, 2.258065431690688, 2.2471538217086002, 2.238853525316395, 2.2326469412203616, 2.2286212039993627, 2.2271925561121075], "y": [0.8336824848927596, 0.8018164531075382, 0.7710155956108842, 0.7563258830302392, 0.7440102052536335, 0.735741609539685, 0.7329466137625897, 0.7344348297380592, 0.738547361377076, 0.7525069796489376, 0.7713424076263627, 0.7932311078990756, 0.8161876546238854, 0.8401628910301662, 0.8646633973403844, 0.889392157206027, 0.9314747537688255, 0.9725710452256775, 0.9929510831410838, 1.012035954454665, 1.02856997334348, 1.0364488747517022, 1.0329189134551338, 1.0241786978457545, 1.0006017584922249, 0.9744459329985663, 0.946871719954797, 0.9192456991126752, 0.8910753199596237, 0.8625023109088905, 0.8336824848927596]}