{"x": [2.317606550147041, 2.3192090383233843, 2.324900671107748, 2.3302393327906548, 2.3378125805123875, 2.34815547275984, 2.360500363454034, 2.3689314028441952, 2.37683015411179, 2.390212855057324, 2.400345226663135, 2.407915118275128, 2.4131833631112753, 2.4167389669000072, 2.4187829313711657, 2.4194501667330495, 2.4174739126411375, 2.4113014480249233, 2.406095342205272, 2.3990054933788674, 2.3888595277383105, 2.3748145475679516, 2.3653357538774844, 2.3571754071226856, 2.344815233682175, 2.3359766924089285, 2.3292308418106407, 2.324256218553133, 2.320653626395084, 2.3184034411001213, 2.317606550147041], "y": [0.8989515017601866, 0.8753521897315499, 0.8523935135321645, 0.8411716328696311, 0.8313188244824784, 0.8241002959332369, 0.8215145178671529, 0.8227209457848443, 0.825906479010491, 0.8362435337657456, 0.8494562087347609, 0.864286464133026, 0.8794621965835199, 0.895127921614942, 0.9110515962882115, 0.9270920452479924, 0.9551756334913414, 0.9826436911114091, 0.9962931522185062, 1.0090659894107004, 1.020093802199513, 1.0253179581790652, 1.0232705886072027, 1.018031505401939, 1.003489917378562, 0.9871401419780597, 0.9698216989997966, 0.9524991220314336, 0.9348401334102875, 0.9169575125909667, 0.8989515017601866]}