{"x": [2.3065125802865416, 2.307956857679961, 2.313095956890469, 2.3179703017070605, 2.3250763202411444, 2.33553097481508, 2.349118688217029, 2.3585251845984008, 2.367011034367629, 2.3805363408967244, 2.390225395367085, 2.3972914908388825, 2.402147480744068, 2.4054077949659067, 2.407890419510123, 2.406052398114689, 2.400280542806255, 2.3953986102636993, 2.3886841653638595, 2.3787418960180045, 2.3718372542563273, 2.3635540480516917, 2.3530018093060283, 2.344529907271852, 2.3323997971920343, 2.3239323186918814, 2.317517668911771, 2.3127925149273527, 2.3093833083911126, 2.307260695805875, 2.3065125802865416], "y": [1.0417047273905236, 1.0155734183171605, 0.989911756048685, 0.9770470365219666, 0.9652671915957624, 0.9558288764358773, 0.9521200167965663, 0.9538744424331044, 0.9582960413725148, 0.9715378469000714, 0.9873276585534299, 1.0044526760238321, 1.0216377631916125, 1.0391956164230967, 1.0747875098209145, 1.1062830025080246, 1.1372996120672971, 1.1528665950909125, 1.1677353696031108, 1.181276152665126, 1.1863237441461032, 1.1884546483174385, 1.1854716932990796, 1.1785093202043408, 1.1607980832870661, 1.141735615308449, 1.1218879921312301, 1.1021574960671419, 1.0821575744196774, 1.0619799213581897, 1.0417047273905236]}