{"x": [2.137500625291392, 2.139379729313867, 2.146548495496409, 2.1637465487780094, 2.1780542258442956, 2.1952872612779677, 2.208648213595259, 2.2210728356982012, 2.2321518815437016, 2.2419093487157182, 2.2575302719066324, 2.269091469293626, 2.2770392762478484, 2.282331940543608, 2.2853258917757757, 2.286354389878207, 2.283502685328069, 2.2750553746448987, 2.268048549757574, 2.258528275280815, 2.2445832547976323, 2.2234123508664476, 2.2078451988994003, 2.1954946969766396, 2.177747297081908, 2.165110284974788, 2.1553028529511624, 2.147856330014833, 2.1423133285344673, 2.1387361879922318, 2.137500625291392], "y": [0.9121641857762178, 0.8793277863384191, 0.8472284257312981, 0.8173317521076413, 0.8070481033290954, 0.8033758363214515, 0.8053910068412369, 0.8107018188928762, 0.8183175533283239, 0.8275661479364241, 0.8488102491456299, 0.8725096962383864, 0.8966623981312325, 0.921532226211834, 0.9467639074245177, 0.972151772093536, 1.016045361372162, 1.059212737257476, 1.0808334302196527, 1.1014711222673, 1.1202543864383225, 1.1302076490155564, 1.1255593862544009, 1.115004403103407, 1.0886308579880282, 1.0604157229903723, 1.0310967496960461, 1.001879651956588, 0.9722424348344119, 0.9422970989846445, 0.9121641857762178]}