{"x": [2.3021843355444425, 2.3042313784694914, 2.311877281653198, 2.3193474805187684, 2.3304172974347894, 2.346718923509269, 2.3675503966205267, 2.3821103622998243, 2.3954228514162836, 2.417004471786965, 2.432551130530826, 2.4437749419124497, 2.451343826010081, 2.456325249212863, 2.4600044892666997, 2.456895197900008, 2.4475572169584883, 2.439922621200688, 2.4296084336083132, 2.4144263680574127, 2.4035593472524783, 2.389792110609219, 2.3727043822006517, 2.359791014677777, 2.3418080958720604, 2.329212989910955, 2.3195394384078836, 2.312256123855699, 2.3068876438983232, 2.303453339490228, 2.3021843355444425], "y": [1.0848739690899378, 1.0449806754820714, 1.0057734641029668, 0.9860921279895588, 0.968186318436627, 0.9541418192139021, 0.9487528769146912, 0.9512099423773028, 0.9575980097528111, 0.9773298057542219, 1.0014103983864446, 1.0277846206060066, 1.0542991088551568, 1.0814190556927243, 1.1363792779724093, 1.1895111889428742, 1.2419084194814456, 1.2682115917513341, 1.2935840464641477, 1.3173566545241646, 1.3268265078743122, 1.3310965733137041, 1.3251923298004977, 1.3125394450366434, 1.2821906823237113, 1.250295350675034, 1.2173959391838234, 1.184709935905827, 1.1516554217798787, 1.1183409447177768, 1.0848739690899378]}