{"x": [2.31862481489394, 2.320594388152954, 2.3278249508086413, 2.3348305101331546, 2.3453484377938225, 2.3619820808182874, 2.3733314403014227, 2.386190804527256, 2.4025817524259954, 2.4167231084772816, 2.4378681582464043, 2.4521606245895553, 2.462215230567058, 2.473300191000852, 2.476524881074058, 2.4734323280355537, 2.4641878640003934, 2.4567009052386326, 2.446598650754666, 2.431579251351722, 2.4203790253128754, 2.4044413232128496, 2.385537750807132, 2.3727140694115096, 2.3555847246540575, 2.343717633371387, 2.334668662522642, 2.327873353697608, 2.322907434835891, 2.3197643270777437, 2.31862481489394], "y": [1.329460494304176, 1.2818728315203858, 1.234796469811684, 1.210831335216394, 1.1881867169739817, 1.1685133073593932, 1.162033018514112, 1.1597008830328233, 1.163403677851393, 1.1724808972228935, 1.197945327659415, 1.2268289498246228, 1.2574466427845725, 1.3184897864973002, 1.3804473777681308, 1.4446081523053576, 1.508174721807065, 1.5401607894447897, 1.5714195086886518, 1.601655633164762, 1.6148980797052537, 1.621738920696673, 1.6129057285679476, 1.5964459737597871, 1.559663677111711, 1.5219624430084946, 1.483487424684973, 1.4453158390164773, 1.406863455158858, 1.3682174030915406, 1.329460494304176]}