{"x": [2.299956692148916, 2.3012886642870454, 2.3059912409215833, 2.3104368262817427, 2.3169976956425513, 2.327211572581094, 2.341985814065228, 2.35225240781927, 2.361030939199006, 2.3741266898405304, 2.383087917816419, 2.3895139529842417, 2.393902210304906, 2.3968363903318646, 2.3990673991510874, 2.3973403442119348, 2.391910580920601, 2.387334636689018, 2.3810186708868235, 2.371493242331512, 2.364495950067307, 2.3553955912802182, 2.343993172225462, 2.3355779802873653, 2.3240602004772337, 2.3161334736953796, 2.310160664895168, 2.3057618216681863, 2.302601923670697, 2.300643788545933, 2.299956692148916], "y": [1.2005348170739953, 1.1714725630206015, 1.1427623813172918, 1.1281939987446958, 1.1144478722646147, 1.1025119160764238, 1.09717224185316, 1.0996270831051602, 1.1054893846751968, 1.1216260810910814, 1.139773604120806, 1.158965849194589, 1.1780124176209117, 1.1973364740972408, 1.2363357759343045, 1.2717099045304616, 1.30670746677843, 1.324345344245527, 1.3414375226655062, 1.3576201184224401, 1.3642050605651783, 1.3672884080967036, 1.3630745910241202, 1.3543021364493473, 1.333596540466418, 1.311975267044363, 1.2897348080360254, 1.2676809827573807, 1.245415851367649, 1.2230127909301087, 1.2005348170739953]}