{"x": [2.298868678273658, 2.300827492368329, 2.3084853933509004, 2.315932987971105, 2.3267677771107396, 2.3418972920557857, 2.3601396885092947, 2.373040825187012, 2.385112476758637, 2.4054834840740984, 2.420754931033272, 2.43199504024082, 2.4396605796576676, 2.444732372775455, 2.447584213568682, 2.4484891976535152, 2.4454954686651993, 2.436488263066605, 2.4290954345284, 2.4191198477538642, 2.4046072989617224, 2.3826123463285573, 2.3674715932956105, 2.3553465886181955, 2.337903125249062, 2.3255495153162387, 2.3160169960161276, 2.3088293495564294, 2.303507820291478, 2.300083577424633, 2.298868678273658], "y": [0.9247565168072226, 0.889926127988507, 0.8558915941961729, 0.8390900176195765, 0.8242452547253499, 0.8133088805628769, 0.8093438491724643, 0.8111608987871084, 0.8160615339717061, 0.8319923061740155, 0.8523547514776877, 0.8751912620687189, 0.8984705418786101, 0.9224489129156261, 0.9467738277894066, 0.9712486206043167, 1.0169413866381185, 1.061837505940124, 1.0842933545637699, 1.105727129772704, 1.1252517835885332, 1.1356464090140634, 1.1312836389929672, 1.1212208150238059, 1.0957798069623783, 1.0684530878144338, 1.0400190882091025, 1.0117007673589955, 0.9829732390336852, 0.9539529064015511, 0.9247565168072226]}