{"x": [2.2220384949098784, 2.2242194121387104, 2.2324284176798, 2.24028775335238, 2.2513718077995204, 2.2658208915997204, 2.282252437987848, 2.294896437574946, 2.3069531794754203, 2.3281553243553317, 2.34493065996933, 2.3577200481792926, 2.366684061658795, 2.3726954348135205, 2.376101689824399, 2.3772453492738586, 2.3740889055692853, 2.364738413877322, 2.3570197847003436, 2.346630602738308, 2.3318482129158915, 2.3112147863539194, 2.296457126558517, 2.284001371527575, 2.2653147135835776, 2.2517968159779653, 2.241256956376022, 2.2332502369479026, 2.2272723946951083, 2.2234026454930853, 2.2220384949098784], "y": [0.8278194478437502, 0.7964129749854038, 0.7660199632000044, 0.7514672431876466, 0.7391914721737679, 0.7308633985319473, 0.7280108353786412, 0.7294763301552533, 0.7335571848750597, 0.7473903940205752, 0.7659747670973245, 0.7874973681676636, 0.8099977800182543, 0.8334602066596221, 0.8574164142564425, 0.8815865300750471, 0.9230311179318206, 0.9635303192152593, 0.9836338501454462, 1.0024963550266226, 1.0189199736894636, 1.0268266801565078, 1.0233143696634455, 1.0146553273234604, 0.9914277447720786, 0.965738829615482, 0.9386913662007741, 0.9116120521725879, 0.8840138238555665, 0.8560333205875593, 0.8278194478437502]}