{"x": [2.217999431297398, 2.2198704217776135, 2.2270355998776625, 2.2443409173763325, 2.2592622308174453, 2.2778920599554593, 2.2917753554999067, 2.3045403629175194, 2.3254791710780167, 2.340790778318241, 2.351960619684052, 2.3595587835067375, 2.364589017125095, 2.367423368950178, 2.368322790114924, 2.3654743497169015, 2.35684934746351, 2.3497362261780244, 2.3400856835233843, 2.3258695839092396, 2.3158190175656075, 2.3033852544131395, 2.287191222812981, 2.2747298894167916, 2.257165874107256, 2.2447733297637007, 2.2352065713699605, 2.2279720388914055, 2.2226151114885266, 2.2191772804954293, 2.217999431297398], "y": [0.9886568929161268, 0.9530436859729434, 0.9181085841847756, 0.8849391399696199, 0.8729042178817616, 0.8683859869495099, 0.8706238787500696, 0.8765237635382485, 0.894906412188099, 0.9175589310080196, 0.9425152241828557, 0.9677226937331413, 0.993565398010165, 1.0197246477786284, 1.04602162365582, 1.0936876061254235, 1.14065321943583, 1.1642199689426977, 1.1868662755557515, 1.2078586409198826, 1.2160030259194625, 1.2195732394589385, 1.2142600954952072, 1.202632914915407, 1.1743555404807022, 1.1444573929180688, 1.1135389272895844, 1.0827841524048565, 1.0516473900941432, 1.0202349425122006, 0.9886568929161268]}