{"x": [2.2648193440975226, 2.2670664338312805, 2.274996560152664, 2.2893604113719985, 2.306970388991708, 2.316546275731253, 2.3259027895832394, 2.334918893873616, 2.343544611058945, 2.3593966551350536, 2.37326929409392, 2.3848359477244787, 2.393784064535164, 2.3996544621321996, 2.4018397300244403, 2.3992667461697232, 2.3906149599714874, 2.3836400817183048, 2.375071255341708, 2.3653219049739764, 2.3550044300936404, 2.345143893296889, 2.335609771989867, 2.326601708707475, 2.318175084155345, 2.3032292816574977, 2.290573251211107, 2.2802962517285783, 2.272291515967513, 2.2668828257190174, 2.2648193440975226], "y": [1.0629065758985095, 1.0453779925098268, 1.0295851541198333, 1.0189152977076534, 1.0157443757689968, 1.0164912503520571, 1.0186617519136836, 1.0219324592918346, 1.02612586678064, 1.036736933035033, 1.0498301342006362, 1.0649081595868266, 1.0816731687218748, 1.0997784984108696, 1.1186858815014407, 1.1388071628845002, 1.157154718743331, 1.1648530696243193, 1.1707257817287275, 1.1743149886437467, 1.1755323427275057, 1.1744523915532623, 1.1717143244682873, 1.1676011836993943, 1.162399729119977, 1.1496933413280868, 1.134704872548302, 1.1183362477727825, 1.1007444087330123, 1.0821557962989627, 1.0629065758985095]}