{"x": [2.260270312710715, 2.2624169110555004, 2.2701808956302805, 2.283459083557355, 2.2990781634936446, 2.308784906280877, 2.3182901955001016, 2.3274905459231086, 2.3363478730627194, 2.352836706955872, 2.3675774665248515, 2.3802657605317195, 2.390404227502623, 2.3973253892102067, 2.4000211389276904, 2.3975091562551114, 2.388939125274683, 2.3741737178272504, 2.356009052128351, 2.34608620363476, 2.3364501912596056, 2.327272293543815, 2.3186031610551727, 2.3105195438553428, 2.3029616581002794, 2.295929110177433, 2.289419641900502, 2.278104680431242, 2.269054969972797, 2.2627269903849414, 2.260270312710715], "y": [0.9569473300438807, 0.9413589247086075, 0.927672186277806, 0.9191053767991393, 0.9167085369600421, 0.917437926061487, 0.9195361016636957, 0.9226738248435155, 0.9266787606234258, 0.9368001929002359, 0.9493315552291915, 0.9639817164519661, 0.9804993287533217, 0.9986646443424708, 1.0179159846411772, 1.0360950484257265, 1.0523228944326537, 1.0635312504616887, 1.0672311723540449, 1.0661943313861493, 1.063608750808146, 1.0597337292333744, 1.054824987991381, 1.0491223928071889, 1.0427393824060092, 1.035785836918671, 1.0283403451361741, 1.0123660876182567, 0.9950078619912553, 0.9764243588284018, 0.9569473300438807]}