{"x": [2.2244882545193336, 2.2256943564704468, 2.2300544356493677, 2.2403864683043815, 2.2497348277324, 2.26240377421757, 2.272031789327859, 2.280494119793726, 2.293590677525477, 2.3028354685776806, 2.3095794645239653, 2.314243148582387, 2.317394591360189, 2.3192189224934463, 2.3198240450129513, 2.318269162080235, 2.3132880152711683, 2.3090255621563505, 2.3031024680815673, 2.2941808119844085, 2.287823774304842, 2.280013584695369, 2.2693874064635087, 2.2611594417122105, 2.2495629361358893, 2.241453332959313, 2.235275452776319, 2.230682960674696, 2.2273445170972512, 2.225244692505654, 2.2244882545193336], "y": [1.0326210909697195, 1.0080930747720902, 0.9839255765552457, 0.9603821367545518, 0.9509903211663003, 0.947104987333149, 0.9491343802665273, 0.9541549453471204, 0.9684882173616478, 0.9850382653409254, 1.002755171628192, 1.020456978612272, 1.0384895138726462, 1.0566980265971746, 1.074987694348653, 1.1048730972563376, 1.1343814544514716, 1.149241966471196, 1.1635220323192812, 1.1767223271657345, 1.1817791143387932, 1.1840115934175575, 1.1805510352455804, 1.1729885143214251, 1.1544815416136236, 1.1348574977517278, 1.1145424157282724, 1.0943515445531047, 1.0739158635760513, 1.0533149367233938, 1.0326210909697195]}