{"x": [2.234413219081269, 2.236705178645016, 2.2453745540476118, 2.253684898525117, 2.2653759209995745, 2.280505005291383, 2.2975887116613327, 2.310693661117282, 2.3232019459484885, 2.345284342169968, 2.3628639657351367, 2.3763222935923403, 2.385790009153742, 2.392146532627452, 2.3957499717366892, 2.3969611091387866, 2.393637016489453, 2.3837982686094525, 2.3756840228193092, 2.3647752757329132, 2.3492984639203156, 2.3278410221913615, 2.3124965492578737, 2.2994962601882842, 2.2799237912970507, 2.265737523490438, 2.2546643700221534, 2.246244041496512, 2.2399481564329102, 2.2358637146501676, 2.234413219081269], "y": [0.8485350126724429, 0.8159319131988437, 0.784419104627469, 0.7693878501399493, 0.7568053054726286, 0.7484002759763418, 0.745628870374949, 0.7472017924831404, 0.7514156499537749, 0.7656245332899232, 0.7847626719403243, 0.8069929424511172, 0.830311302049794, 0.8546624445620663, 0.8795452953817704, 0.9046585226638797, 0.9476607712633878, 0.9896541280797826, 1.0104785658514643, 1.0299849091852251, 1.0468982310682071, 1.0549710468996534, 1.0513682936754385, 1.0424562139794162, 1.018436117444759, 0.9918014646789014, 0.96372941105779, 0.9356095849122629, 0.9069392450782058, 0.87786193770065, 0.8485350126724429]}