{"x": [2.205608955498323, 2.206912706563767, 2.211659976635939, 2.220267851969696, 2.2307330667602034, 2.2377594689059674, 2.244596713627192, 2.251154189388138, 2.2574116798555925, 2.263320665962055, 2.2689058235631783, 2.2790480314042356, 2.2876611981662185, 2.2945279918642383, 2.299245330477882, 2.3011101491138892, 2.29967304734085, 2.294572501601825, 2.2853167015893865, 2.2736729869833456, 2.266521326205839, 2.2596135677114235, 2.253072050026749, 2.2469159590503485, 2.2411955088176745, 2.235853735908339, 2.2262875044195893, 2.2182997663685464, 2.211904038176032, 2.2074198127419598, 2.205608955498323], "y": [0.9721004388865204, 0.9616672540108806, 0.9522856475198901, 0.9460510625747447, 0.9441950327828852, 0.9448637175687893, 0.9466157310045172, 0.9491937768064879, 0.9524326997080373, 0.9561977585811374, 0.9604283377016481, 0.9700813779794198, 0.9810631568507252, 0.9932135993594078, 1.0063887138370984, 1.0202580821194254, 1.0318938107200255, 1.04245031936337, 1.04992625399606, 1.0523723412135515, 1.0516290895737608, 1.0496337080414686, 1.0466885750402852, 1.0430051247686174, 1.0387749005518656, 1.034075559111453, 1.0235590416853808, 1.0119819599694149, 0.999454891632501, 0.9860852764909075, 0.9721004388865204]}