{"x": [2.3239901959165423, 2.325629986223132, 2.3314523922662196, 2.336932929074876, 2.344760078516556, 2.355612685630447, 2.368748824400554, 2.377683410801592, 2.3860040489692174, 2.399954103584445, 2.4104028876386154, 2.418166032018641, 2.4235492648766384, 2.4271761801610956, 2.4292585111853855, 2.429937895902163, 2.4278943996799387, 2.421512487873011, 2.4161281535123793, 2.4087811104058, 2.3981786307443795, 2.3832218917290353, 2.3731811344523797, 2.364652635019643, 2.3518839563312754, 2.342802926866967, 2.3358867361011253, 2.3307886263180353, 2.3271018355721607, 2.3248018592074398, 2.3239901959165423], "y": [0.9570107146940494, 0.9319090249503231, 0.9074369321074685, 0.8954011528911898, 0.8847413219041786, 0.876804206841377, 0.8739373732394524, 0.8752971931488075, 0.8788246461714508, 0.8900951469526492, 0.904307783430064, 0.9201479132649074, 0.936286649625756, 0.9529084272938567, 0.9697834901652703, 0.9867729659021932, 1.0167781204339894, 1.046167852943419, 1.060811693652599, 1.0745759257348102, 1.086592914983784, 1.092347614246793, 1.089999028865492, 1.0842027061167339, 1.0684509548572818, 1.0509233536303806, 1.0324342161115185, 1.0139684075579896, 0.9951698867945847, 0.9761509820134008, 0.9570107146940494]}