{"x": [2.3108220376091198, 2.3127032458932697, 2.319061084018854, 2.329027471192972, 2.340362424472991, 2.352703801317782, 2.364469219497722, 2.37537176153631, 2.38523688753025, 2.3938697568870686, 2.4008455416212797, 2.40356618540335, 2.4056528265736015, 2.4070027042378355, 2.40749542953442, 2.406993776677375, 2.405370305082028, 2.402550917706814, 2.3985687505967173, 2.3878630998690182, 2.375376150265559, 2.3629248998482475, 2.351253290759975, 2.3407111976754127, 2.3313934983959044, 2.323450781014154, 2.3170591440514685, 2.314545974109709, 2.3125913785185905, 2.3112998392091697, 2.3108220376091198], "y": [0.915968974526104, 0.9046196271201072, 0.895031899260013, 0.8893974186562413, 0.8877864937298384, 0.8893603939859351, 0.8934053512777269, 0.8993400443622565, 0.9068743189812505, 0.9159059196209427, 0.9262709893644963, 0.9319321491203841, 0.9378563841762555, 0.9439962864052518, 0.9502634860089133, 0.9565978317573094, 0.9627411152139234, 0.968448842067483, 0.973415675677906, 0.9801679506285016, 0.9822368305458918, 0.980396487720593, 0.9756854326413389, 0.9688965544857752, 0.9605057813776924, 0.9508515938005845, 0.9401074291463374, 0.9343535873561403, 0.9283868231930482, 0.9222358710356504, 0.915968974526104]}