{"x": [2.2843188546086806, 2.2871932025163724, 2.2969123199634893, 2.3115091102935446, 2.3277825017609834, 2.345723500271048, 2.362962125921583, 2.3791324933220066, 2.3939636985190575, 2.4071941405432553, 2.418032120699961, 2.4255918540148143, 2.427730997513515, 2.428532006488704, 2.4277440033060715, 2.425153521458789, 2.420710744512461, 2.414536610835834, 2.4069440569383596, 2.398307128719916, 2.3795420643544647, 2.3613426769635493, 2.344223827888407, 2.328717458359341, 2.314974981201114, 2.3032031117983287, 2.2936670312971605, 2.2898877915665237, 2.286931416430208, 2.2849680178930756, 2.2843188546086806], "y": [0.8807451205507398, 0.8644248211102926, 0.8510027197185781, 0.8435288066182276, 0.8415033695990486, 0.8435226069402388, 0.8488879151940981, 0.856844269380466, 0.8670824189303888, 0.8796217581833086, 0.8942784225779906, 0.9109637483225608, 0.9198952078490228, 0.9290442672980879, 0.9385994058626218, 0.9478303877065093, 0.9563409676363073, 0.9636927232823711, 0.9695145594215171, 0.9736308832263917, 0.9767987645663936, 0.9741771991150616, 0.9674663636109884, 0.9577022717779844, 0.9455808318119205, 0.9315906244565476, 0.9159904327988214, 0.9076147862529497, 0.8989145590112984, 0.8899243259384549, 0.8807451205507398]}