{"x": [2.3153281125284892, 2.317020299524774, 2.3231028402267953, 2.3288333541023167, 2.336936128875785, 2.347817519136111, 2.3605447230966194, 2.369625342084648, 2.3781692093247653, 2.3928241129993015, 2.404120205378659, 2.4126687372485116, 2.4186885365885225, 2.4227816610678703, 2.425151387189335, 2.4259365511158615, 2.4238485557620195, 2.417249528133182, 2.411659439825817, 2.4040440778888144, 2.3932346469842396, 2.378630081299007, 2.3684330724964706, 2.3595559813937084, 2.3459349113538344, 2.336093086680944, 2.3285327801033233, 2.3229199005753145, 2.318826929826349, 2.3162492334113147, 2.3153281125284892], "y": [0.9200752625777873, 0.895814656350072, 0.872268038546767, 0.8608389202174574, 0.8509490983771328, 0.8439293979808, 0.8415421135403929, 0.8428435203270501, 0.8461832259148743, 0.8570181803295785, 0.8709999459588185, 0.88681177937636, 0.9031154314727535, 0.9200060616495939, 0.9372121722002311, 0.9545629462400249, 0.9836021334379287, 1.0119585604354615, 1.0260063330850009, 1.0390675453666283, 1.0501538499396033, 1.0552974485545088, 1.0531400303968026, 1.0476782820339192, 1.032304946786335, 1.014865006992518, 0.9963216853548974, 0.977725064281463, 0.9587359536547654, 0.9394805686894817, 0.9200752625777873]}