{"x": [2.16856053929776, 2.1699018017147607, 2.1746032359084473, 2.182765319608072, 2.192475007670858, 2.1989160934890792, 2.205203619672365, 2.2112586746304337, 2.217058596480334, 2.222558787491976, 2.227774676094433, 2.2372913877344227, 2.2454385723477825, 2.251973501958308, 2.2564921274960894, 2.2582888193055957, 2.2568572545379246, 2.251816315021, 2.2429474194742762, 2.232071563416461, 2.2255432928208196, 2.2192170673699274, 2.2131939131754566, 2.2074960521868796, 2.202169947170974, 2.197175522681593, 2.1881838333973644, 2.180614102559763, 2.1745294654438063, 2.1702572254230947, 2.16856053929776], "y": [0.9107035520276485, 0.9010140140358298, 0.8924359811675909, 0.8869317001690683, 0.8853072995553762, 0.8858733899022794, 0.8873817198705025, 0.8896225883184454, 0.8924591511119091, 0.8957792132386291, 0.8995301357620329, 0.9081478724590604, 0.9180488255935252, 0.9290806062784606, 0.9411218085209108, 0.9538568164414397, 0.9647083717467755, 0.9744240579817002, 0.981042721624416, 0.9830871706073425, 0.9824005131241081, 0.9806487462978223, 0.9780696804186372, 0.9748348160606779, 0.9710987035072646, 0.9669295722222002, 0.9575404437625853, 0.9471011266651158, 0.935731986082716, 0.9235248855721974, 0.9107035520276485]}