{"x": [2.300600324187254, 2.3025822463895875, 2.3089663077825753, 2.318436910354784, 2.3289765466746255, 2.340803935555775, 2.352146408019046, 2.362753035585227, 2.3724562058658862, 2.3810930468816927, 2.3881908048779126, 2.3910058795212144, 2.393188478766239, 2.3946167052091845, 2.395142660023995, 2.394632275414111, 2.3929821684768715, 2.386195580490729, 2.3759760506943643, 2.364336520588525, 2.3524106380948906, 2.341134096942803, 2.3308212302274063, 2.321590280436698, 2.313587310544416, 2.310117866166331, 2.3070593672869184, 2.3044623172629555, 2.302429753103717, 2.3010834032814453, 2.300600324187254], "y": [0.8536612494713938, 0.8431034298787305, 0.8344640242106369, 0.829644713862555, 0.8282904127301095, 0.8296990570564498, 0.8333349510323518, 0.8387050402112493, 0.845574311833591, 0.8539155976178041, 0.8636003228432981, 0.868949203987741, 0.8745858195751618, 0.8804666054946073, 0.8864954399868996, 0.8924202789767656, 0.8981335404447466, 0.9078317531408303, 0.9136694442030618, 0.9154126496161165, 0.9137796146130842, 0.9095685463141415, 0.9034325438327128, 0.8957647336953234, 0.8868077481211571, 0.8818994234114679, 0.876725036457151, 0.87127243658953, 0.8655852407003485, 0.8596894683999596, 0.8536612494713938]}