{"x": [2.3118137234689717, 2.3134566376522123, 2.3191851474186285, 2.329442588404104, 2.341979687289529, 2.3488730742577464, 2.355605843030223, 2.3620863078981564, 2.3682777597961637, 2.379638156863643, 2.3895768926997616, 2.3978793225401773, 2.404341249486935, 2.4086201579316295, 2.4102113365107876, 2.408369950519485, 2.402198538663624, 2.3972523076090146, 2.3912362424488185, 2.3844785520396434, 2.377378865014128, 2.3703492856602075, 2.3635394664097156, 2.357075586417182, 2.3509961418613026, 2.3401234510441165, 2.330842942409779, 2.3232528752628965, 2.3173285888704225, 2.3133283001470497, 2.3118137234689717], "y": [1.1153652223492985, 1.1028714151014454, 1.091647397887628, 1.084081582018577, 1.0817842320513418, 1.0823889594882155, 1.083987178441568, 1.0863887819229519, 1.0894596201767472, 1.0971955039056458, 1.1066888725689639, 1.1175712214653768, 1.1296376774029357, 1.1426662233854321, 1.1562868040861707, 1.1701288168094952, 1.1826550171235166, 1.1878016236653353, 1.1916434618360747, 1.1939308510046855, 1.1946329713751775, 1.19391784275742, 1.1920329670032557, 1.1892099560462435, 1.1856334368846457, 1.1768372844033603, 1.166374977603799, 1.1548373417489246, 1.1423622068336698, 1.1291176016018, 1.1153652223492985]}