{"x": [2.2417491949459842, 2.2440053717878703, 2.2523417314828347, 2.260335158332914, 2.271651001113043, 2.286532545776388, 2.303567303387592, 2.316035949146989, 2.3279073386884335, 2.34870022209712, 2.3650285183263, 2.3773866399547066, 2.3859870396460097, 2.391727094911698, 2.3949685210834026, 2.3959982740555965, 2.392847167515629, 2.3833663748352634, 2.375577897743164, 2.3651147698078154, 2.350193252052389, 2.3290855117461375, 2.314420405573002, 2.3021116707797007, 2.2837697699371087, 2.270576683160674, 2.26033168136546, 2.2525815756962, 2.2468196934842473, 2.2431061585765786, 2.2417491949459842], "y": [0.8501301830430036, 0.8176189024062529, 0.7861136836382521, 0.770958290345504, 0.7580923461189476, 0.7492787307426342, 0.7462858691193308, 0.7477948488114515, 0.7518953679419818, 0.7657358807590823, 0.7842611218856834, 0.8056404260456433, 0.8279033957444024, 0.8510692857597867, 0.8746930751807839, 0.898515960796311, 0.9411564622388042, 0.9828488644944361, 1.0035655347200885, 1.0230684512830313, 1.0402040738956648, 1.0486150520558992, 1.0450558111200112, 1.0363249129475887, 1.013039503583251, 0.9873815568769175, 0.9604106891472424, 0.933442952397914, 0.9059816400359502, 0.8781628827078138, 0.8501301830430036]}