{"x": [2.2727892000673364, 2.2748446871846135, 2.282436517657359, 2.2968229153755506, 2.315013572884697, 2.3250696493917644, 2.334857679301333, 2.3442367528546524, 2.353158918994256, 2.3694061740583563, 2.383475793086871, 2.3950583845894124, 2.403942432215291, 2.4097275023441673, 2.4118697208983377, 2.4093889403489843, 2.4009675755403204, 2.394027072542821, 2.3853450450481732, 2.3752901837357374, 2.3645503411905877, 2.3541775806834067, 2.3442085729585247, 2.3348692991456175, 2.326200772368997, 2.310998296291064, 2.298255856853418, 2.2880131020429597, 2.2800834605902183, 2.2747532245476747, 2.2727892000673364], "y": [1.1627571753907597, 1.1446518492941489, 1.128087068268521, 1.11638907244136, 1.112795811378872, 1.1136779305885156, 1.116147197586111, 1.1198336156764068, 1.1245188745200956, 1.136221642463411, 1.1504685331784223, 1.166633059793714, 1.1844241262145991, 1.2034755072008165, 1.2232702805903806, 1.244143277758501, 1.2634024806930422, 1.2716911523210217, 1.2781328180836133, 1.2821391273591183, 1.2834832003216832, 1.2822673307288095, 1.2791542318888351, 1.2745326234080816, 1.2687500682786568, 1.254834638545651, 1.2386363454030915, 1.2211612581077727, 1.2025222267885984, 1.1829484398344654, 1.1627571753907597]}