{"x": [2.1606085116254437, 2.162608982696058, 2.169819802490147, 2.1814796269781094, 2.1947698961535544, 2.2139282061156944, 2.2320231010046396, 2.2487215044138305, 2.263879405572512, 2.27725519522568, 2.288231789383207, 2.292590709736013, 2.2959797174985193, 2.298202297702191, 2.2990016853055923, 2.2965086178284113, 2.2883919828501793, 2.2751629976966212, 2.2595769115690487, 2.2498035635142193, 2.2402906783357595, 2.2311810747490735, 2.2225132391837357, 2.2143538714328956, 2.2066537177675856, 2.199416588890542, 2.192645393786166, 2.180615886243501, 2.170725803721618, 2.1635414615325335, 2.1606085116254437], "y": [0.8288106716749633, 0.8155053206712264, 0.8041458168205216, 0.7975226906886681, 0.7957377391227334, 0.7985108978885058, 0.805388835741064, 0.8150472274758058, 0.8269786666086787, 0.8410377260373254, 0.8570403283746001, 0.865777527673415, 0.874934681413251, 0.8844551085366162, 0.8941987923796291, 0.909766840673635, 0.9232834878082025, 0.9319438479933214, 0.9346050142701524, 0.933598905840786, 0.9311421596280247, 0.9274981923369594, 0.9229012366337597, 0.9175606109888131, 0.9115768665170366, 0.9050440483637336, 0.898029444720936, 0.8828259217774588, 0.8661513174546499, 0.8480569430605308, 0.8288106716749633]}