{"x": [2.2114436859874362, 2.2136564781106727, 2.221793871417461, 2.2295798344482347, 2.240556921297151, 2.2548615267598096, 2.271134854130234, 2.283836627323025, 2.2959516790747876, 2.3172576406965963, 2.3341203350576913, 2.3469858973641164, 2.3560123009320697, 2.3620714147254898, 2.365509028130454, 2.366603225384097, 2.363540122576381, 2.3542593245486567, 2.346585761873199, 2.3362472119232307, 2.321528445936857, 2.3010064460887296, 2.286222138895501, 2.273742185030276, 2.255004152442387, 2.241432823905846, 2.2308408684062195, 2.2227861923292473, 2.2167665487535655, 2.2128665718317015, 2.2114436859874362], "y": [0.8225094537212171, 0.7913804445487956, 0.7612524759613187, 0.7468287887985579, 0.734656379998443, 0.72638102183655, 0.7235031569257325, 0.7249369843389271, 0.7290133091964498, 0.7428802691280676, 0.7615221609029388, 0.7831172505439012, 0.8056987356144525, 0.8292505204597984, 0.8533031844348853, 0.8775756083474356, 0.9187694588887925, 0.9590209521431163, 0.9790023075209651, 0.9977440393460147, 1.0140450061160495, 1.0218687591817395, 1.01834468096512, 1.0096702577576395, 0.9864102168549989, 0.9606831400306002, 0.9335930326319726, 0.9064656138880498, 0.8788153237334267, 0.8507794743514532, 0.8225094537212171]}