{"x": [2.2184988417152445, 2.220744914691769, 2.229002876687806, 2.236918098520345, 2.2481228381027, 2.2628426632437186, 2.279696507848743, 2.2926466864377257, 2.304987735775382, 2.326627867250408, 2.343671376544322, 2.3566217120421165, 2.365669801624175, 2.3717285089838516, 2.3751594596514334, 2.376252483987902, 2.3731061730675287, 2.3635920795578214, 2.3557458619488494, 2.3451843526693885, 2.3301169854488086, 2.308898098167718, 2.2937826552049905, 2.281098317640018, 2.26216980504834, 2.248517249721143, 2.2378868715512725, 2.229819934755887, 2.223803846828375, 2.2199151282488185, 2.2184988417152445], "y": [0.8559853007548526, 0.8237391402800394, 0.7924874879580374, 0.7774620202433009, 0.7646999973787042, 0.7559276338774444, 0.7528331976428264, 0.7542902353527575, 0.7584769507264437, 0.7727318750913658, 0.7918513096277876, 0.8139493366107289, 0.8369966602432003, 0.861003724137701, 0.8855024848177167, 0.9102161651413744, 0.9529849464435257, 0.9948006127800492, 1.015576580025926, 1.035112661196646, 1.0522198881040454, 1.0605530501673581, 1.0568763604408595, 1.0478706820187613, 1.0238835673462647, 0.9974563955989068, 0.9696754176914951, 0.9418845585389853, 0.9135788345994031, 0.8848959369239882, 0.8559853007548526]}