{"x": [2.23746962556441, 2.2392080463275996, 2.245824300271455, 2.261992825135597, 2.277018677172041, 2.2976381550520344, 2.313086553867438, 2.326669107972462, 2.338033356935365, 2.347604109331114, 2.3621719911688444, 2.3725914601846805, 2.379623395983383, 2.3842616948420785, 2.3877035687662187, 2.384975280724996, 2.3766892513083318, 2.369870903027099, 2.3605905789459896, 2.346739879626276, 2.33646919830549, 2.322694380880904, 2.3049079909069823, 2.292347253383255, 2.2752318727819882, 2.2632457999173345, 2.254021092111312, 2.2470384633114477, 2.2418849188675374, 2.238590749554337, 2.23746962556441], "y": [1.1470649713205598, 1.1072001428509126, 1.0678497700519831, 1.0292597657607265, 1.0137548239885699, 1.0073504051440876, 1.0106143637191, 1.0186654925544412, 1.0293905406492885, 1.041742605646968, 1.0684411718747984, 1.0970151335407614, 1.1254748792135563, 1.1544212335355544, 1.2129003597043098, 1.2670519501800803, 1.3206353433462248, 1.347611126207725, 1.3738419919811717, 1.3989264715948804, 1.409422115235326, 1.4145113032982386, 1.40704546722889, 1.392405718276847, 1.3589891238457812, 1.3244599128888142, 1.289092737175718, 1.253968027879982, 1.2185287377102945, 1.1828639838660613, 1.1470649713205598]}