{"x": [2.293315205039949, 2.2949181984130758, 2.3006627306662955, 2.3060463475146418, 2.313624455141126, 2.3237491762664733, 2.3355720523925507, 2.343944015129144, 2.3518400695482207, 2.3654185027756, 2.3758979391644006, 2.38382690010806, 2.3894033177481386, 2.393191333812248, 2.3953795418577686, 2.396097624612566, 2.394122931192066, 2.387919356312133, 2.382667591889669, 2.3755194143892733, 2.3653946344127488, 2.351792725288037, 2.34244240866266, 2.3342756511028386, 2.3216793925082255, 2.312552284312206, 2.305539406636305, 2.3003365679554344, 2.296547168682437, 2.2941648676696555, 2.293315205039949], "y": [0.8581478206536624, 0.835563628473574, 0.8136634989448891, 0.803062018295369, 0.793899758359449, 0.7873898501158737, 0.7851296547010396, 0.7862662291019412, 0.7892718714696688, 0.7991426613582789, 0.8119620926797988, 0.8264978411912453, 0.8414970752986303, 0.8570445635781813, 0.8728861319213979, 0.888861985550564, 0.9157591807355668, 0.9420055934739618, 0.9549998519760902, 0.9670553628317954, 0.9772346942126002, 0.9818301294581829, 0.9798831030852099, 0.9749309920554612, 0.9609388423160895, 0.9450046992087497, 0.9280335305015013, 0.9109985241279724, 0.893594460647419, 0.8759410123158388, 0.8581478206536624]}