{"x": [2.237417413897619, 2.239854561596532, 2.248191632553074, 2.260664909206142, 2.274500159890853, 2.2922993116359134, 2.3093455290891356, 2.325317949980207, 2.3400138925112763, 2.3532216965611665, 2.3590427735219404, 2.364215671985174, 2.368639015490292, 2.3721123237817205, 2.3744313994555095, 2.375345541228503, 2.3725510724247063, 2.3633622262930207, 2.349248962826632, 2.33306922525266, 2.315081044556412, 2.2981899239843893, 2.282848169025726, 2.2691441508939705, 2.257244649456163, 2.252048251773226, 2.24743001960379, 2.2434609298954395, 2.2403033438258713, 2.2381607885319696, 2.237417413897619], "y": [0.8100360452120159, 0.7961515420228601, 0.7847843803022906, 0.778577526853096, 0.7769363386570165, 0.7790880279492177, 0.7846437493417394, 0.7926961066323094, 0.8028935553416695, 0.8152392440078302, 0.8221672491072194, 0.8295917567090396, 0.8375524219252429, 0.8459711087564203, 0.8547910594058699, 0.863864867110376, 0.8800820450636914, 0.8937338223631163, 0.9020475529935382, 0.904600671616781, 0.9018760043169463, 0.8951166772441485, 0.8854651866067814, 0.8736026150567593, 0.8599553003481205, 0.8525338703556773, 0.8447395067741424, 0.8365422652773421, 0.8279995437272112, 0.8191301873127175, 0.8100360452120159]}