{"x": [2.271772871121185, 2.2729714752170276, 2.277307993827403, 2.286214278998629, 2.2984306600796485, 2.305526067505046, 2.3123337895616984, 2.3187262917019797, 2.3246912560351265, 2.330176729505573, 2.335242569048596, 2.3441214232648377, 2.351222776127986, 2.3566034207959854, 2.3600938005992984, 2.3613874958158276, 2.3600571088400746, 2.3553867280030225, 2.345989766713914, 2.339581316436387, 2.3326088299540926, 2.3253528122364466, 2.318481033444157, 2.3121505234189432, 2.306347784837641, 2.296329595505075, 2.288035218637475, 2.2814496195293303, 2.2763991003912976, 2.2730405181162654, 2.271772871121185], "y": [1.238181254016347, 1.2260095218180627, 1.2145735119008234, 1.2056837993442102, 1.2026656975941503, 1.2035062102756464, 1.205675585415982, 1.208823802831193, 1.212721822458032, 1.2171676711517236, 1.2220863355564693, 1.2330494673939387, 1.244998771599837, 1.2578153135066372, 1.2712818443102598, 1.2851330737049032, 1.298561601595966, 1.3112218872824424, 1.321480152668624, 1.3243746504941183, 1.3252861245066698, 1.3242956718726437, 1.32176398354884, 1.3181373396401723, 1.3137151085090946, 1.3033820642038798, 1.2916202941629855, 1.2791419941166164, 1.2659673842894992, 1.2522483834414537, 1.238181254016347]}