{"x": [2.269764398062959, 2.271111120232391, 2.275901847214566, 2.280452745623993, 2.28715706379857, 2.2974070460958966, 2.3115927266002254, 2.3216611373735425, 2.33045671713704, 2.3439182235492617, 2.353296764096316, 2.360074512656161, 2.3647217472948983, 2.367838919470379, 2.37021530341243, 2.3684758147491776, 2.362989594148779, 2.358343281114616, 2.3519233349504503, 2.3422758990641857, 2.335331751964829, 2.3266294128272125, 2.3154397531776234, 2.3068896039913285, 2.2949809441051165, 2.286730234158881, 2.2804897764464567, 2.2758836081099276, 2.2725617129869002, 2.2704937347351395, 2.269764398062959], "y": [1.132492511931836, 1.104910702679401, 1.0777147692109277, 1.063958150410993, 1.0511126315443347, 1.0402892956582601, 1.035709644424006, 1.0379131223142577, 1.0432858299125753, 1.058518576567198, 1.0759933798220263, 1.0946317245995862, 1.1131992804361768, 1.1320840403541848, 1.1702588326642782, 1.2037789524193356, 1.2368927808408081, 1.2535656358846525, 1.2696391112827639, 1.2846388355881138, 1.29052531047434, 1.2931975864813405, 1.289408560435052, 1.2812562509251533, 1.261496712280305, 1.2406473261917843, 1.2191106643700313, 1.197733369941826, 1.1761192422331672, 1.1543487934555887, 1.132492511931836]}