{"x": [2.2399447547695637, 2.242035235163743, 2.250031995127466, 2.2577980969920497, 2.2689839956571807, 2.2841805008496054, 2.3020494722152365, 2.315145687574355, 2.327525666207524, 2.348841724527069, 2.3652150440049295, 2.3774446140665075, 2.385871344653412, 2.391474322990664, 2.394633152620003, 2.3956349418775296, 2.392518849222093, 2.383132671960278, 2.3754105657698226, 2.3650008724229257, 2.349986587670082, 2.328049293978485, 2.3127693017283417, 2.300223371060248, 2.2818386769632752, 2.2687023986683954, 2.258518896257324, 2.250812183630519, 2.2450766039429575, 2.2413593482248446, 2.2399447547695637], "y": [0.898036885124983, 0.8638844822623489, 0.8306157497999795, 0.8143673628450547, 0.8002536075736367, 0.7901783426521578, 0.7865527950196444, 0.7881750298571073, 0.7927443439897285, 0.8080085962380157, 0.8280233635925754, 0.850807439590741, 0.874276000558808, 0.8985739382500697, 0.9232885283604344, 0.9481840216721571, 0.9930137599217042, 1.0369604906461842, 1.0588787290545965, 1.0796556004111852, 1.0982370710084775, 1.1076951332670044, 1.103654981048428, 1.0940424570934466, 1.0690888886930674, 1.0419509387728312, 1.0135726651826793, 0.9852547471315298, 0.9564727904935352, 0.927355947866129, 0.898036885124983]}