{"x": [2.2771160548067946, 2.2789492415165435, 2.2850217476642234, 2.2945701357635726, 2.305476036342471, 2.3169462459573595, 2.3278700540776978, 2.337966639128419, 2.3470663336411497, 2.354978042532368, 2.361328056700329, 2.365666334806763, 2.3673142938978, 2.366840379224095, 2.3653128362104607, 2.362659693368479, 2.3589045357685787, 2.3541815627897815, 2.348739688132146, 2.3428724728386157, 2.336820426590819, 2.3252237539637832, 2.3143579939573624, 2.3045593967078455, 2.295923005568277, 2.28859515574327, 2.2827356044301412, 2.2804493368410697, 2.278683775972182, 2.277530347037711, 2.2771160548067946], "y": [0.9169786349034293, 0.906069793710406, 0.896823818436061, 0.8913195266792726, 0.8897288426745645, 0.8912006048274062, 0.8949956290162688, 0.9005799619326198, 0.907673717185097, 0.9161574719883875, 0.9258655383874408, 0.9366684845530233, 0.9481927430376071, 0.9542366008690368, 0.9601034079176778, 0.965567001190914, 0.970340763836377, 0.9741723230834148, 0.9768877089183546, 0.9784451553077754, 0.9789169505717229, 0.9772064641652102, 0.972808300997664, 0.9664551651178604, 0.958594656759626, 0.9495525989486945, 0.9394966628449348, 0.934118484863869, 0.9285476130556944, 0.9228132044723689, 0.9169786349034293]}