{"x": [2.213895811768855, 2.2161704849928325, 2.2248770303629843, 2.2330923819991675, 2.2444209413501786, 2.258686164808827, 2.274546916168816, 2.286377686286067, 2.297756058194379, 2.3181469144669404, 2.3346783382175844, 2.3474681764439875, 2.356529738111349, 2.3626258323111657, 2.3660819437759883, 2.3671803406946124, 2.363987796317499, 2.354387242878248, 2.346501973958066, 2.335957288814143, 2.321206960258578, 2.301351638268708, 2.287515044007577, 2.2755220268453655, 2.257095845268749, 2.24362486714743, 2.2330943724624612, 2.225094151218222, 2.219116348837349, 2.215241952925115, 2.213895811768855], "y": [0.7744025335222734, 0.7440159486981377, 0.7148146688757094, 0.7011320328767879, 0.689890579526987, 0.6825437861820651, 0.6801130375165794, 0.6813712231906004, 0.684847256198742, 0.6969008896992681, 0.713579741720468, 0.7332747185955725, 0.7541725693344451, 0.7761195440886693, 0.7986099308663165, 0.8213377932399449, 0.8608152647608858, 0.8992404189043192, 0.9181975816684966, 0.9358146501314002, 0.9507992934676809, 0.9577186805135979, 0.9547809476091682, 0.9472810039619259, 0.9263862737510881, 0.9028003713384092, 0.8777629847764035, 0.8526074104811269, 0.826896083467976, 0.8007750272518654, 0.7744025335222734]}