{"x": [2.221322739623127, 2.2239499832856144, 2.232718194079294, 2.2453664801053166, 2.259233572442938, 2.2766189573141857, 2.293350474656871, 2.309123692683439, 2.3237250943334695, 2.336968676574603, 2.34283818485941, 2.3480744085017564, 2.3525726426150575, 2.356116007868474, 2.3584855841232626, 2.3594126865782377, 2.3564055156170753, 2.346791354572661, 2.3325133690570112, 2.3163683126143066, 2.2988217555036523, 2.2822326285718657, 2.267041653145864, 2.2533804270674764, 2.2414210208912797, 2.236177193167149, 2.2315045569874634, 2.2274762360404727, 2.2242638556488696, 2.222079325772813, 2.221322739623127], "y": [0.7834213224798342, 0.7694894043239358, 0.7583485231988933, 0.7524555163151186, 0.750902963698244, 0.7528577489848055, 0.7579694140803884, 0.7654601194625783, 0.7750363475243415, 0.7867669215690763, 0.7933974603980252, 0.8005386882080696, 0.8082409806760016, 0.8164265766885415, 0.8250403350340116, 0.8339258403938319, 0.8501099838797904, 0.8634717758619993, 0.8713860316832017, 0.8738012890298261, 0.8713218318008237, 0.865090440124081, 0.8560742360192507, 0.8448747461697749, 0.8318438475364954, 0.8247143904517951, 0.8171981840512735, 0.8092598808627298, 0.8009577944150438, 0.7923093016943419, 0.7834213224798342]}