{"x": [2.2718558501569226, 2.2741634051724566, 2.2821315388265595, 2.2952518904477204, 2.310426633159611, 2.319532018191217, 2.328473059377969, 2.337159682812589, 2.345552914815846, 2.3612705437658574, 2.3754188430244136, 2.3877091376693973, 2.3975926677997053, 2.404379545529134, 2.407028798226228, 2.404427599315677, 2.3957014270367902, 2.381164225556856, 2.3636450108868448, 2.354351859060586, 2.345290831079945, 2.3366103067368242, 2.3283658898364066, 2.32063231010839, 2.3133717619623737, 2.3065919102526666, 2.3002979084529436, 2.2892989426063335, 2.2804766859986674, 2.274301121992863, 2.2718558501569226], "y": [0.9292209178854764, 0.9140680536358785, 0.9009744310971456, 0.8930378662871167, 0.8908333547143162, 0.8914599080107856, 0.8932924985553234, 0.896058589765295, 0.8996170084894303, 0.9087073604905757, 0.9200873423624991, 0.9335545606761494, 0.9488755640287798, 0.965864907978136, 0.9839668685705878, 1.0015043461773951, 1.0169375335973907, 1.027276945964007, 1.0306400981016892, 1.0297428280754324, 1.027492153443248, 1.0240836103226152, 1.0197247963728298, 1.0146125838447397, 1.008848261424773, 1.0025290905236088, 0.9957258669179333, 0.9809962446950358, 0.9648684175359705, 0.9474957265052174, 0.9292209178854764]}