{"x": [2.3060026333716332, 2.3075880471774464, 2.313245555568912, 2.318584814737578, 2.3262199342190657, 2.336801052064059, 2.3495812512469567, 2.358477180535739, 2.3667563742317137, 2.380638233450452, 2.391055937610705, 2.3988156446275983, 2.404212958995575, 2.407858206413337, 2.4099560666756115, 2.410642387151476, 2.4086648860548214, 2.402461784303932, 2.3972104704512933, 2.39003068834562, 2.3796615993057526, 2.365078458907265, 2.355107451856368, 2.3466366086871884, 2.3339328641088093, 2.3248754505101625, 2.3179610251980005, 2.3128512121148943, 2.309145731154874, 2.3068268728849124, 2.3060026333716332], "y": [0.9380185253818835, 0.9136124466554328, 0.8898182705919954, 0.8781166872510708, 0.8677658567695014, 0.8600867250193931, 0.8573307083048907, 0.858696956954095, 0.862226708365596, 0.8734627953520462, 0.8876079464676745, 0.9033686827152767, 0.9194370101235557, 0.9359909921022134, 0.9528015909636413, 0.9697286762403295, 0.9989332240314798, 1.0275398255587667, 1.0417951214050605, 1.0551831939235126, 1.0668420735623438, 1.072390000929157, 1.0700546904856685, 1.064299738489373, 1.0486738286095727, 1.0312822541568105, 1.012933021866454, 0.9945980283780869, 0.9759284920470027, 0.9570354677889843, 0.9380185253818835]}