{"x": [2.278352537184265, 2.2799896555647727, 2.2856612633311597, 2.2949161575925965, 2.3056074059788503, 2.3119230769689225, 2.318126290592647, 2.3241506462681123, 2.329966285066494, 2.3408407120005816, 2.350612709786621, 2.3590933308097375, 2.365929323538851, 2.37064976757274, 2.372486135417948, 2.370651576380576, 2.364557254275348, 2.3545788995765293, 2.342756484420441, 2.336369384640108, 2.3301310294124535, 2.3241303832919797, 2.3184034981712056, 2.313000867824791, 2.3079050341716143, 2.3031265233591647, 2.298674250784495, 2.29084146308268, 2.284537586214523, 2.2801179354704226, 2.278352537184265], "y": [0.9244360063291263, 0.9137422995819047, 0.9045298956648138, 0.8989406092764447, 0.89733113791447, 0.8978089878459056, 0.8990881208922502, 0.9010241459670247, 0.9035180184099174, 0.9098890067788071, 0.917848322905898, 0.9272299463835729, 0.9378697300008317, 0.9496515646431518, 0.962210305525626, 0.9740208223148231, 0.9843025124369398, 0.9909625536549951, 0.9930007419188022, 0.9924346656591807, 0.9909519620511611, 0.9887137146980608, 0.9858466095569336, 0.9824695587579365, 0.97864524625264, 0.9744332062538197, 0.9698776914138479, 0.9599222854927384, 0.9489348469073867, 0.9370204767921333, 0.9244360063291263]}