{"x": [2.3039386847657513, 2.305461576197786, 2.3109354139351153, 2.3161455856234876, 2.3236981491229596, 2.3345021088188282, 2.347966361065766, 2.3574957172144595, 2.3662347565233772, 2.3805571605429123, 2.391095838385644, 2.398885354416664, 2.4042864073728984, 2.4079318460364187, 2.410031691021063, 2.41072109423627, 2.408779936615405, 2.402662290689843, 2.3974738232598645, 2.3903501995601037, 2.379926246639831, 2.3647088243400365, 2.3539992794001083, 2.3451375251033237, 2.3321545838199054, 2.322993281501739, 2.3160163615553566, 2.3108592754772226, 2.307118914261671, 2.304774877972384, 2.3039386847657513], "y": [1.0137810241231135, 0.9880635560713699, 0.9628892743193196, 0.9503682091852412, 0.9391040294236878, 0.9304634199711092, 0.9272854350352151, 0.9289340546781942, 0.9330760067895852, 0.9458091814502645, 0.9613893494359779, 0.9785103542294593, 0.9958369507871604, 1.0136159580220963, 1.0316340477158878, 1.0497609787407447, 1.0807260530269551, 1.1111427972115164, 1.1263582677505244, 1.1407695384571475, 1.1535982213396698, 1.1600529837314308, 1.1573391806202813, 1.1507415756813777, 1.1333869996474075, 1.1144085267806003, 1.0945229923250537, 1.0747090895972287, 1.0545796093232078, 1.0342390845336515, 1.0137810241231135]}