{"x": [2.217991671438117, 2.219896075612911, 2.226746321218297, 2.239500968447643, 2.255285956574683, 2.2653659771294152, 2.275167439414333, 2.2845599508196415, 2.293511974103972, 2.3019487126728446, 2.309902589059396, 2.324267521914923, 2.3363176279390423, 2.345771458029464, 2.3521215984103505, 2.354595023237281, 2.3524591081095423, 2.344870069985944, 2.3307444097807917, 2.3123461490944583, 2.3020008412076156, 2.292058193619094, 2.2827220850324594, 2.2740163632343133, 2.2660097076381307, 2.258595453345639, 2.245469473636562, 2.234696576936815, 2.226180177113198, 2.2202993383684344, 2.217991671438117], "y": [1.0248054740864105, 1.0091077490564955, 0.9948557505467538, 0.985120567370841, 0.9822415107123439, 0.9831346958070569, 0.9856518233514193, 0.9893649174705403, 0.994041199920639, 0.9994866118730379, 1.0056157977437956, 1.019625518563319, 1.0355547199661002, 1.0531493103035963, 1.0721280574895553, 1.091987546335722, 1.1104049382767063, 1.1273214674626622, 1.1398800673340486, 1.1442109691660844, 1.1429455772131032, 1.139819817945547, 1.135241156087062, 1.1295545511307579, 1.12307533023691, 1.1159258078393355, 1.100074758594096, 1.0828817301286626, 1.064466343487027, 1.0450047728348701, 1.0248054740864105]}