{"x": [2.217973992468689, 2.219272155496988, 2.2238834525073283, 2.2320832168188267, 2.2419981147747037, 2.248147823787164, 2.2541451837824114, 2.2599104535376098, 2.2654186102622496, 2.2706248870093293, 2.275544260665578, 2.284463718671348, 2.2920097017352785, 2.297987941749893, 2.3020531764969263, 2.303626643619161, 2.3022049580678945, 2.2972799485652367, 2.288510634570946, 2.2775968489259704, 2.2713614369419592, 2.2653231569806853, 2.2595844002682215, 2.254169561245275, 2.2491255499540994, 2.24441189466794, 2.235975896798267, 2.228950700190976, 2.22336497756836, 2.2194975099674896, 2.217973992468689], "y": [0.9881241237704124, 0.9782370339570736, 0.9693953309476137, 0.9635545257886302, 0.9618092641481113, 0.9623659009587939, 0.963835743999515, 0.9660216446638458, 0.9687923316835824, 0.9720359707190325, 0.9757001588405241, 0.9841079017602337, 0.9937180800226868, 1.0043744411729536, 1.015929666903106, 1.0280776534209823, 1.0389673257499108, 1.048783151473549, 1.0556357915062904, 1.0578149716833993, 1.0571633642118639, 1.0554769093454108, 1.0529822491390612, 1.049845981212757, 1.0462212829805673, 1.042176293360902, 1.0330729912829633, 1.0229902931481014, 1.012044339930906, 1.0003483640806914, 0.9881241237704124]}