{"x": [2.200096521860646, 2.201859763529225, 2.208385503734321, 2.220167819979272, 2.2344207596823678, 2.2440072150270174, 2.253342368973695, 2.262311798732219, 2.2708887381514034, 2.2790064630002447, 2.2866923235769474, 2.3006752318496586, 2.312568489083986, 2.3220289847396756, 2.328491993726582, 2.331116978954617, 2.32903518328441, 2.321839849236139, 2.3087352921677167, 2.292117913600773, 2.2823183963080598, 2.27286903239183, 2.26394803116223, 2.255580948362313, 2.247833570541693, 2.240618902221877, 2.227741536165615, 2.217028881148486, 2.20845950496186, 2.202450986810536, 2.200096521860646], "y": [0.9563810242529861, 0.9421840878926238, 0.929453151635711, 0.9210820278031964, 0.9186836116309574, 0.9195205077216059, 0.9218561921894501, 0.9252924525429973, 0.9296161853758743, 0.9346534924745011, 0.9403279498690761, 0.9533269301020499, 0.9682047324475456, 0.9847364471868643, 1.0027022731596817, 1.0216139320134943, 1.0382192450619512, 1.0533287606922925, 1.0641638911532707, 1.0677683602721335, 1.0666159180495605, 1.0637754631871832, 1.059607746405595, 1.0544167877726092, 1.0484768260087127, 1.041900081381845, 1.0272472930112255, 1.011216068493416, 0.9939439253482087, 0.9755692429718983, 0.9563810242529861]}