{"x": [2.3083634388978367, 2.3098781759837013, 2.315314372556392, 2.3204719080119864, 2.327909393741241, 2.338416857856538, 2.351354079148401, 2.36053326715249, 2.369002154608996, 2.383000582456586, 2.39337182093032, 2.4010593902258632, 2.4063952072384556, 2.4099983146660935, 2.4120739942424456, 2.4127548089214907, 2.4108407097810773, 2.404812151054815, 2.3996949826827048, 2.392672761298222, 2.3824322703536374, 2.367696723138617, 2.357428079388409, 2.34884597830014, 2.336149130472629, 2.3271433812898854, 2.320272556600124, 2.315189123332122, 2.311499705941088, 2.309187136148686, 2.3083634388978367], "y": [0.9722237843210935, 0.9474946819601904, 0.9233229898630619, 0.9113517883450151, 0.9006469462729176, 0.8925312720746195, 0.8895481067971776, 0.8910415040556774, 0.8948841168432432, 0.9068829329711104, 0.9217267524470162, 0.9381219603578221, 0.954755306553981, 0.9718479004395807, 0.9891833229192176, 1.0066292912106019, 1.0363671453896055, 1.0655503636215797, 1.0801341610308448, 1.093902275130107, 1.1060516519535817, 1.1119962848487905, 1.1094328848682806, 1.1032390488323904, 1.0867821408950724, 1.0686715041171524, 1.049648085630277, 1.0306685028763696, 1.011369434126366, 0.9918562518903721, 0.9722237843210935]}