{"x": [2.2450233746046355, 2.2465774650497217, 2.25219805382086, 2.257478906753575, 2.2648990096673454, 2.27472562011415, 2.286094328606269, 2.294479317175687, 2.3024005639931255, 2.316092726149787, 2.326754341301294, 2.33488327936593, 2.3406447780491013, 2.3445799265440734, 2.3468653159506583, 2.347621246722067, 2.345705890417837, 2.339639805302456, 2.3344810193566, 2.32745125594549, 2.3175365329712543, 2.3043894643264005, 2.2950540815183476, 2.2868594123747172, 2.2741272034500923, 2.2648378380055663, 2.257664338937923, 2.252314472184634, 2.248397385523121, 2.245918006089151, 2.2450233746046355], "y": [0.8341069411091695, 0.8123994045003109, 0.7913746256762137, 0.7812383534454731, 0.7725450517032286, 0.7664616545593764, 0.7643826016730124, 0.7655080567935358, 0.768479341262381, 0.7782364557554233, 0.7909509476857058, 0.80541637919069, 0.8204035321145827, 0.835970298836123, 0.8518529579718306, 0.8678813838031355, 0.893792549983742, 0.9190563528246467, 0.9315429087652377, 0.9430802211938967, 0.9527188386800554, 0.9570036099397417, 0.9551154365460044, 0.9502613693272556, 0.9364537125454165, 0.9206538118585443, 0.903787570925737, 0.8868281944072578, 0.8694817838777076, 0.8518699381916754, 0.8341069411091695]}