{"x": [2.287799006561596, 2.2891525611558614, 2.2939619603893866, 2.2985270890101246, 2.3052407010775773, 2.315443235973253, 2.329418942610725, 2.3392716434704677, 2.347928726269873, 2.3612610737335458, 2.370582504756789, 2.377324626637569, 2.381946229513096, 2.385046275447944, 2.387408800688158, 2.3856699227394413, 2.3801879229125085, 2.375547375739999, 2.3691403257449513, 2.3595310789051496, 2.3526471186214044, 2.3440675808078066, 2.3330848061603913, 2.3246337665181214, 2.3128195389810906, 2.304629025767885, 2.2984336746319745, 2.2938644706028133, 2.2905701390904896, 2.2885205164362854, 2.287799006561596], "y": [1.1093039010240873, 1.0821784122439415, 1.0554483929657212, 1.0419444643498519, 1.0293697317326496, 1.0188513555476506, 1.0144459520644302, 1.0165410455900228, 1.0216908075764437, 1.036433552694173, 1.0534472059397852, 1.0716377877234369, 1.0897744921728674, 1.1082322541343543, 1.1455578124924, 1.1784680585479972, 1.2109650687159799, 1.2273227553746267, 1.243072622080212, 1.257726622250804, 1.2634387319347085, 1.2659702605508163, 1.2623854653549065, 1.254508154613459, 1.2352863691066849, 1.2149512674322889, 1.1939222757515997, 1.1730470588644042, 1.1519330898998903, 1.1306616627919617, 1.1093039010240873]}