{"x": [2.274391622073982, 2.276747961645609, 2.285505923840838, 2.2939580954734633, 2.3060976388576013, 2.3225766065114897, 2.3419445453084515, 2.3552270819441734, 2.3677953111376326, 2.389472825766932, 2.4061097788553885, 2.4184849060007116, 2.4269651843164306, 2.4325744706982775, 2.4367147335990005, 2.433281321426669, 2.429051271202524, 2.423055172208471, 2.414725611613634, 2.4035634594376782, 2.3875302740612323, 2.363955675841028, 2.348197009222294, 2.3352841827287882, 2.316465320724721, 2.303114224576848, 2.2928268775893716, 2.285095979682374, 2.2793875434184536, 2.275732353957123, 2.274391622073982], "y": [0.9590157333832694, 0.922074702231887, 0.8861095772231906, 0.8685502247220719, 0.8533055026193069, 0.8424415658781984, 0.8386383510262828, 0.8403504930457499, 0.8449761632366288, 0.8604201043484455, 0.8807454224276174, 0.9039135684739478, 0.9277708736649597, 0.9524613989241671, 1.0028426047245749, 1.0512747772707307, 1.0751973297007613, 1.09873939070909, 1.1223972569983562, 1.144857946566236, 1.1650481656892202, 1.1754859001323605, 1.1713151268203144, 1.1613657632442103, 1.1355339376041744, 1.107473888027891, 1.0781517352670091, 1.0489250478222578, 1.0192370065116165, 0.989222372966103, 0.9590157333832694]}