{"x": [2.277720080194296, 2.2798314547856053, 2.286590999110467, 2.2965012740382402, 2.3074905953186793, 2.319355912654747, 2.3307630291600416, 2.341460260384319, 2.351267067917172, 2.360018689407078, 2.367212233611717, 2.3700624531368293, 2.3722680680619757, 2.3737069097992443, 2.3742340299568574, 2.373683706096191, 2.3719186864209174, 2.368903791366854, 2.364746235253027, 2.3540790555099, 2.3419721901774264, 2.3300068466819788, 2.3186621791610116, 2.3082587949548543, 2.298932831964652, 2.2908379450120475, 2.2842394356291758, 2.2816175235170606, 2.2795681336171385, 2.27821181172459, 2.277720080194296], "y": [0.8512625579821892, 0.8402512528658793, 0.8313061255023632, 0.8263582340147573, 0.8249689906550673, 0.826329850354252, 0.8298675597319554, 0.8351346236480266, 0.8419168979107818, 0.8502092146297985, 0.8598842503944331, 0.8652435037746399, 0.870898643997177, 0.8768031119464634, 0.882857461758664, 0.8890255812332688, 0.8949613423260451, 0.9003807731996364, 0.9049823544866541, 0.9109845879873126, 0.9127844053363742, 0.9112019140108014, 0.9070821758397178, 0.9010296466460982, 0.8934211036261823, 0.884487599954281, 0.8743982810201076, 0.8689329529406601, 0.86322819745267, 0.8573121442777234, 0.8512625579821892]}