{"x": [2.278993738493166, 2.2810386447150197, 2.2884068729418243, 2.303120498398088, 2.3225688489206533, 2.3333667086643874, 2.3438166373928406, 2.3537499902509555, 2.3631248197800363, 2.37997592490387, 2.3943502423707894, 2.405968339632216, 2.4147634540488787, 2.4204230848567043, 2.422507265721611, 2.4200958844195886, 2.41181825017452, 2.4048166430033455, 2.3958376671997232, 2.385138830474528, 2.3735269730243638, 2.3623415799532066, 2.3516886182687884, 2.3418362958788568, 2.332795929299186, 2.31718936104958, 2.3042878541418776, 2.294055821857067, 2.286201350985937, 2.2809673806187174, 2.278993738493166], "y": [1.237002850840612, 1.2176750855420206, 1.1996902762382962, 1.1862676861353991, 1.1819760243256745, 1.1830101162200442, 1.1859190869420695, 1.1902166630320263, 1.1956252886017502, 1.2089329147928078, 1.2248838287508106, 1.2426611407696007, 1.2619914012175923, 1.2824778081798653, 1.30362917885004, 1.3261162622950096, 1.347162983012253, 1.3565271874225986, 1.3640164344298848, 1.3688214693291743, 1.370470176159644, 1.3689928093495738, 1.365276623374935, 1.3598481272829535, 1.3531542047855698, 1.337365705546189, 1.3192993611380897, 1.3001058010085638, 1.2798229382308959, 1.2586872889146232, 1.237002850840612]}