{"x": [2.3273169226388317, 2.329875192267332, 2.3396624363311167, 2.3489098873991505, 2.3617541136264983, 2.378197482756527, 2.3967190408934034, 2.4209955042874243, 2.442244663365264, 2.4592788265739185, 2.472267201920578, 2.481318690881609, 2.48733326790844, 2.4907068777268466, 2.491771569089398, 2.488075419056357, 2.483545683450506, 2.4771545048085244, 2.4683100960806863, 2.456556603286007, 2.4400664281429094, 2.417309274707235, 2.4026091369599265, 2.389981906697348, 2.37084856609647, 2.3570536684451557, 2.346381123651988, 2.3383605017135753, 2.332429888303679, 2.3286287703200323, 2.3273169226388317], "y": [0.8705444392517924, 0.8350857262700387, 0.8009086151655233, 0.7847291169862526, 0.7712266222090123, 0.7621728774653835, 0.759122210913386, 0.764079330083936, 0.7768226790894744, 0.7945112676998944, 0.8153523566614156, 0.8373147262446855, 0.8602951525530054, 0.8837828862175705, 0.9074877656352539, 0.9531713137200158, 0.9756560174706805, 0.9976840278887901, 1.019690111272602, 1.0402897879391366, 1.0581617148574636, 1.0667316399171838, 1.0634909645392088, 1.0552965101588931, 1.032680973190084, 1.0073395849626265, 0.9805332061295432, 0.9536878417963814, 0.9263047852277388, 0.8985387395229107, 0.8705444392517924]}