{"x": [2.234513934192308, 2.2360486258976726, 2.2412928875880582, 2.249848360283321, 2.2597185109139026, 2.265901560864415, 2.271966556843365, 2.2778479042725195, 2.283519285227004, 2.2941119136439307, 2.3036325937208457, 2.311908848230946, 2.3186101770920944, 2.323276565795427, 2.3251152306091862, 2.3234517062884614, 2.3178489370696274, 2.3086046472403337, 2.2976530797964574, 2.291393269607397, 2.285286990492801, 2.2794211812013496, 2.2738268905134396, 2.268551434370739, 2.2635736674515, 2.2589020345117063, 2.2545440142791384, 2.246856099469442, 2.2406406270657464, 2.2362572633440005, 2.234513934192308], "y": [0.9043744062501502, 0.8945096446202395, 0.8860145566296287, 0.8808798487034503, 0.8794164741593942, 0.8799099970993497, 0.8812098029918248, 0.883159895718854, 0.885655601489882, 0.891981181722398, 0.8998280532601579, 0.9090279926992711, 0.9194312357462269, 0.9309432462853956, 0.9432282323206813, 0.9541671063918626, 0.9637083461536178, 0.969868561579459, 0.9717309039386887, 0.9711593021493694, 0.9696675556617742, 0.9674317635743589, 0.9645838877693086, 0.9612454379093772, 0.9574774780530927, 0.9533380455417593, 0.9488696324573889, 0.9391204029806606, 0.9283724072461085, 0.9167104073380681, 0.9043744062501502]}