{"x": [2.215936339388523, 2.2178421479172874, 2.2247169894456404, 2.238115010694617, 2.2553604545469916, 2.2656128481878595, 2.2755471700766625, 2.2850144195609015, 2.29398041248393, 2.310208581290579, 2.3242020416092846, 2.3356890629543523, 2.3445188895571345, 2.350307338190532, 2.352487855867908, 2.3502942854818567, 2.342643645996792, 2.3280182879821854, 2.318446316174421, 2.3081813001271443, 2.297614273778195, 2.2875135290556647, 2.2781117362481327, 2.2694240643239696, 2.261516767467494, 2.2542558175943936, 2.241553810753569, 2.2313281035601333, 2.223378187747095, 2.2179993292619007, 2.215936339388523], "y": [1.147931268455501, 1.130797893866445, 1.1149889981138232, 1.103572737408233, 1.100046741347458, 1.1010179840212007, 1.1037316782390996, 1.10772756314494, 1.1127482085100044, 1.1251031323476952, 1.1399416185966713, 1.15658477599526, 1.1747776457452765, 1.1941802529160073, 1.2143101472342057, 1.2342263022780193, 1.2527447443895294, 1.2671422343870318, 1.2710794317426657, 1.2724036722249772, 1.2710468799926613, 1.2676589769433777, 1.2627100641067226, 1.2565937087541705, 1.249674103056973, 1.2420790458800022, 1.2253634792005363, 1.2074530817711688, 1.1884229408823217, 1.1684818116605857, 1.147931268455501]}