{"x": [2.198907354305884, 2.2008361241880836, 2.2082281727273236, 2.2154049794649175, 2.2258409784421374, 2.2403594140890193, 2.257793471619348, 2.271097898457524, 2.283540984627665, 2.304550310456035, 2.320371420213833, 2.3320883210961414, 2.3401311574644046, 2.345479221016515, 2.3484989495088153, 2.3494575850055455, 2.3465732707277573, 2.337833408784479, 2.3306081316280376, 2.3208182063875014, 2.3065387073082655, 2.285044579320974, 2.26956069239752, 2.257172010103358, 2.2393027804056578, 2.2265865944230905, 2.216731767180886, 2.2092653430277442, 2.2037167354907874, 2.2001410326883377, 2.198907354305884], "y": [0.9094826144892124, 0.876145466125843, 0.8435810187536963, 0.8275257089260322, 0.8133705171591037, 0.8029875006268299, 0.7991605378661917, 0.8009730821151212, 0.8060191396563279, 0.8224076439464247, 0.8433165789686327, 0.8667730346140483, 0.8907244873911356, 0.9154177561747999, 0.9404847901927571, 0.9657148510846583, 1.0101472919044892, 1.053807066059577, 1.0756508279191592, 1.0964717771278343, 1.115356167391014, 1.1252822316479036, 1.120792535802834, 1.1104761084147379, 1.084460881527446, 1.0565263136668703, 1.0274587398512478, 0.9984884649187776, 0.9690905521748707, 0.9393810647771095, 0.9094826144892124]}