{"x": [2.2593772657862567, 2.2617834738474847, 2.2702655601961284, 2.283664473946139, 2.298839724903402, 2.3179025593222895, 2.336052047961666, 2.352914424953636, 2.3682743446977685, 2.381863389582712, 2.3929893689481134, 2.3973892074193817, 2.400802850363363, 2.4030521748842397, 2.4039269045260507, 2.401092204428926, 2.3916446089426247, 2.3764694700588564, 2.358617980249926, 2.3392947613848682, 2.3213423629542485, 2.3052670150681083, 2.297939575885173, 2.291099064361363, 2.2790057360021003, 2.273780103206806, 2.269171182763118, 2.265247126329704, 2.262154647651664, 2.2600785578910805, 2.2593772657862567], "y": [0.8929187480501091, 0.8777162195482927, 0.8648725081977289, 0.8574692074598096, 0.855456371182216, 0.8579322546781245, 0.8642661095309288, 0.8733874226428446, 0.8848596053540265, 0.8985911100304652, 0.9143844296537977, 0.9230496414744613, 0.9321486258310379, 0.9416132850068104, 0.951302148829132, 0.9691741729323318, 0.9846075040605496, 0.9945103026559177, 0.9976207000201974, 0.9944547783004292, 0.9866367709947995, 0.9756177231461373, 0.9691839530631241, 0.9622346966602198, 0.9470707442503089, 0.9388933814750468, 0.9303532203282502, 0.9214324986546935, 0.9121905253970201, 0.9026537022640433, 0.8929187480501091]}