{"x": [2.263040534712815, 2.2643227141791966, 2.2689383389027786, 2.279863680094589, 2.2898661171995816, 2.3037196184991093, 2.313977847112971, 2.3229106368128187, 2.3365699816110204, 2.34611609120481, 2.3530413752817294, 2.3578113726264336, 2.3610232287421806, 2.362875650786855, 2.363486839018547, 2.3618172398057595, 2.3565055421079553, 2.3519821779037278, 2.3457108729924725, 2.3362492061027207, 2.329425125215765, 2.3208651084073875, 2.3094991535158242, 2.300862030099345, 2.2888202312818797, 2.2804443320014682, 2.2740839012779013, 2.269367368050879, 2.2659495425972827, 2.2638075946448537, 2.263040534712815], "y": [1.1263465554906968, 1.0994244982842891, 1.072870079502848, 1.04686853183414, 1.0362929738784818, 1.0318240057809442, 1.0341000908722962, 1.0396333616785742, 1.055212306544541, 1.0730300667341328, 1.092020622992558, 1.1109503740849458, 1.1302058234793375, 1.149632869585585, 1.1691384594713412, 1.20198094737495, 1.2344340279806056, 1.2507863082568755, 1.266551099047363, 1.2812634396622529, 1.28702989244866, 1.2895884408515388, 1.2857384140677033, 1.2774072835368673, 1.257320003567639, 1.2361537442786779, 1.2142971401953844, 1.192594539559826, 1.1706499040149627, 1.1485433681026926, 1.1263465554906968]}