{"x": [2.279773501925893, 2.2816679369783865, 2.2885607665917465, 2.30248657881469, 2.320916937564659, 2.332208817790537, 2.343102504341346, 2.35342706258116, 2.3631587466196886, 2.380652437547033, 2.3956353133867285, 2.4078443230285114, 2.4171848346240936, 2.4232863433326823, 2.425589395738485, 2.423372225975957, 2.415552021801177, 2.400199654517893, 2.3898898166129277, 2.378720010706061, 2.36703926481231, 2.3559583121764014, 2.345743406072366, 2.3363773552967526, 2.3279180465930236, 2.3201858263543946, 2.306725292016951, 2.2959520179503636, 2.287593696340847, 2.2819423123457288, 2.279773501925893], "y": [1.1926254481507648, 1.1743258994041699, 1.1572686057026969, 1.1445440245173015, 1.1405234413805148, 1.1416941730526724, 1.1448886628423727, 1.1495393932314724, 1.1553290496784192, 1.1694071481377526, 1.1861324436527616, 1.2047013412832044, 1.22486613036655, 1.2462596637206809, 1.2683867427757982, 1.2899955891975525, 1.3102613853106981, 1.3264736012931175, 1.3310365703152254, 1.3325691759156015, 1.3309452234167105, 1.32690919380411, 1.3210969056020097, 1.3139973215489007, 1.3060535669578708, 1.2974004801717092, 1.2785210000797849, 1.2584954860262851, 1.2373478358709462, 1.2152911248863394, 1.1926254481507648]}