{"x": [2.256318052065247, 2.2584723199855588, 2.2661821926347967, 2.2806030189886255, 2.298587318475417, 2.3089930123983624, 2.319129551506541, 2.3288594075181153, 2.3381381468531126, 2.3551170209479735, 2.369931271500393, 2.382257073908965, 2.391801553745518, 2.398084957677729, 2.4004445008617115, 2.3979152304764257, 2.3892713774761503, 2.3821866021487854, 2.3733851132836734, 2.363279170441832, 2.3525411235856355, 2.341823718648523, 2.3315118774975616, 2.321831102651948, 2.312822715118045, 2.2969514404505507, 2.2835675715899613, 2.2727248363775456, 2.264265769625473, 2.258524873460424, 2.256318052065247], "y": [1.1177900464969872, 1.099904482098997, 1.0836228314505014, 1.0723568290445866, 1.068973337518553, 1.069856035628216, 1.0723676480344562, 1.0761108605177365, 1.080863410786185, 1.0927379115441553, 1.1072232114841052, 1.1237483994778161, 1.1420216079506669, 1.161690250702868, 1.1822029109070433, 1.2031023533677594, 1.222297866102779, 1.2304621155681847, 1.236737687616207, 1.24058912202457, 1.241876746751973, 1.2406113713226492, 1.2374286247665265, 1.232711679622356, 1.2268111773434294, 1.2125923248203123, 1.1960108538069267, 1.1780640204730726, 1.1588781422475734, 1.1386758944434998, 1.1177900464969872]}