{"x": [2.2965317016245614, 2.297865580660533, 2.302573908579904, 2.313604688536682, 2.3240913352916768, 2.3315108746493873, 2.340191002226702, 2.3515148021674936, 2.3608615606719088, 2.3743718923847585, 2.383471915891525, 2.3899680032753747, 2.3944053679653505, 2.3973696697032674, 2.3996204785857036, 2.397859828040733, 2.392327961533762, 2.387676342776699, 2.381252095232598, 2.371516212329043, 2.3641910369101162, 2.3542050374528496, 2.3417064226095667, 2.332936604828126, 2.3211416489572003, 2.313048073636519, 2.3069548629320895, 2.3024596213108492, 2.2992322729742734, 2.2972333023863762, 2.2965317016245614], "y": [1.3474894365440044, 1.315287629257291, 1.2834039771136467, 1.2516856351359704, 1.2377907845368474, 1.2329476629944467, 1.231169805914524, 1.2342943694535968, 1.2414098067464787, 1.260107414627807, 1.2806146876798492, 1.30208931281176, 1.3233438526539654, 1.3448533525203572, 1.3881948063201899, 1.4276363846658386, 1.4667277704904231, 1.486445838883308, 1.5056596053464364, 1.524118283916256, 1.5319217663087792, 1.5357730449546256, 1.5305070379256056, 1.5201611933921346, 1.4965612961142951, 1.4722042744876447, 1.4472714999267562, 1.42255577986174, 1.3976427664293998, 1.3726010307704637, 1.3474894365440044]}