{"x": [2.2482699248836733, 2.2500999727142865, 2.256117135372848, 2.2649649995053447, 2.2747391819858467, 2.2871097510777494, 2.298965438385707, 2.310074930132193, 2.320297650945413, 2.329496298473805, 2.333559805126241, 2.33718040832823, 2.3402882853500753, 2.342737947687884, 2.3443761647759724, 2.345001783648841, 2.3430026409296243, 2.3365879791302597, 2.3269890957329817, 2.316133415145776, 2.303649757463438, 2.2918409212239634, 2.2810077649346403, 2.271244355350613, 2.262681050418355, 2.258925526914175, 2.2555809523688417, 2.25270133010954, 2.250408975442339, 2.2488538764480936, 2.2482699248836733], "y": [0.8086108339289626, 0.7988037257316345, 0.790846201003627, 0.78652547498551, 0.7853343705112544, 0.7868554252113328, 0.7907008465814923, 0.7962919381216325, 0.8033755170652456, 0.8119418455599146, 0.8167445003325584, 0.8218892852292613, 0.8274086383732911, 0.8332499835216413, 0.8393793387927351, 0.8456929235346152, 0.8565702796275314, 0.865579472775848, 0.8708967876355556, 0.8724988484272742, 0.8708163249123789, 0.8664318088413341, 0.860086648098299, 0.8521939823041335, 0.8429838710571961, 0.8379344055640737, 0.8326038446491805, 0.8269683004044283, 0.8210694281926759, 0.8149235005569416, 0.8086108339289626]}