{"x": [2.229362025187392, 2.2311153906362984, 2.2369518979531513, 2.24573913107307, 2.2555364253712114, 2.2677083900629444, 2.2793413070210438, 2.290194608916597, 2.300129133597364, 2.308994898025095, 2.3128879340300807, 2.3163403028692118, 2.3192865294365355, 2.3215960180483184, 2.323131863435777, 2.3237181373419604, 2.3218129690658285, 2.315616685455338, 2.3061330417334562, 2.295296529247201, 2.2830024039526893, 2.2714129135612837, 2.260832933849089, 2.251346580620169, 2.2430858240340243, 2.2394809880009756, 2.2362829403068263, 2.233543164399069, 2.231373278197415, 2.229909904962973, 2.229362025187392], "y": [0.8258423603786115, 0.8160186060119987, 0.8079244338743874, 0.8034131512520049, 0.8021561066074437, 0.8036944356725549, 0.8075929512638198, 0.8132525041003194, 0.8204030229424996, 0.8290009282508759, 0.8338020561856496, 0.8389292101896534, 0.8444058747798974, 0.8501799866918784, 0.8562152174475598, 0.8624151460145216, 0.8732704987514978, 0.8823850156680942, 0.8878888773748843, 0.8895627916696736, 0.8878522656580168, 0.8834075914898448, 0.8770023703248178, 0.8690668847505422, 0.8598580306868937, 0.8548256125887751, 0.8495253705485105, 0.843938893736581, 0.838107368287196, 0.8320499270229775, 0.8258423603786115]}