{"x": [2.2588788030411635, 2.26015914301381, 2.264700048209897, 2.2734540201073856, 2.284776864226248, 2.2912280215603027, 2.297474491571051, 2.303412034283763, 2.3090147127162393, 2.319092668490331, 2.3277201947286246, 2.3347512233552594, 2.3401432840547263, 2.3436757441768377, 2.3449831417350597, 2.34358044164893, 2.338738044800069, 2.3295052025331984, 2.3235270856379375, 2.317150501130759, 2.310572880349932, 2.3042649031398286, 2.298358865067657, 2.29287114566647, 2.287849015100429, 2.283223090137012, 2.275112413448706, 2.2685801882796395, 2.2635304015718747, 2.2601514180928026, 2.2588788030411635], "y": [1.151691176638858, 1.1404165258638699, 1.1300176220493496, 1.1224321985084338, 1.1199900938143115, 1.120652932844914, 1.1223960332247098, 1.1249725641241706, 1.1282133849034515, 1.1361718805914451, 1.1456833808520726, 1.1562685247224036, 1.167775319050861, 1.1799983715616271, 1.1926542792264299, 1.2050080965264638, 1.2164595401984377, 1.225219887291763, 1.227553779814248, 1.228277731430536, 1.227504587133428, 1.2254866003254128, 1.222528769383648, 1.2188524960853413, 1.2146649265837197, 1.2100434168751817, 1.1998012600862955, 1.1887334805678424, 1.1769154704419986, 1.1644975406780547, 1.151691176638858]}