{"x": [2.269712701365137, 2.27111253298354, 2.2760818726800203, 2.2850980637126543, 2.2961615550107535, 2.3027314735072197, 2.30913321531096, 2.315277633780903, 2.321136195457731, 2.3266589520765826, 2.3318625820235472, 2.341250444221486, 2.3491166488649213, 2.3552846433778316, 2.359421537121256, 2.3609940702831875, 2.3594378078366023, 2.3540917643509753, 2.3444458969754893, 2.332238951790373, 2.3255613444890226, 2.319105979301032, 2.312990152117978, 2.3072412459625067, 2.301910815214905, 2.2969504831065293, 2.2881303173007823, 2.2808655998662095, 2.275145589543755, 2.2712328084085325, 2.269712701365137], "y": [1.0679138640559702, 1.0568897112156828, 1.046950036302141, 1.0402220708891028, 1.03818335079236, 1.038789964122276, 1.0403866828390484, 1.0427631371190371, 1.0457762199850504, 1.0493030790107722, 1.053285767880549, 1.0624135672706883, 1.0728051973182589, 1.084286442643863, 1.0966742924911899, 1.1096396252342755, 1.121823061091977, 1.1328809940430835, 1.1407961670353257, 1.1433813575834597, 1.1426673424787348, 1.1408157169414022, 1.1380737393503482, 1.134628182608919, 1.1306535074131094, 1.126225568813514, 1.116290359006378, 1.1053558211186691, 1.0935396576070662, 1.0809803945533938, 1.0679138640559702]}