{"x": [2.275009748614742, 2.2763645972565505, 2.2811708839982856, 2.290143406039713, 2.3013933611395254, 2.3080994331666247, 2.314615503233948, 2.32084376704246, 2.3267574707309677, 2.3375103290952315, 2.346846279875698, 2.354591121782586, 2.3606197152076076, 2.36463442339444, 2.366154315358709, 2.3646563784830987, 2.359466413456412, 2.34984651671971, 2.3437867681166495, 2.337389360493843, 2.330563791294068, 2.3239914609663614, 2.3177991992659197, 2.3120090167398697, 2.306671288623357, 2.3017257150638586, 2.292981101790161, 2.2858408879780665, 2.280254609176745, 2.2764617619698195, 2.275009748614742], "y": [1.0929344885710197, 1.08173047767908, 1.071519450176172, 1.0643791622785255, 1.0621591682926386, 1.0628075794429777, 1.0645200834372113, 1.06705855053046, 1.0702621725332018, 1.0781862040296952, 1.0877389136549294, 1.098507480237454, 1.110322752715088, 1.122989390284569, 1.1361898265485324, 1.1486257820096748, 1.160025828769956, 1.1684227053717713, 1.1705750354267077, 1.1712279163540809, 1.1704525917727355, 1.1684540930434766, 1.1655166105987866, 1.1618496371335651, 1.157648589725772, 1.1529922560891088, 1.1426128904524222, 1.1312909380533076, 1.119126944113645, 1.1062650843482602, 1.0929344885710197]}