{"x": [2.241017598053515, 2.2440090269004593, 2.253821118389497, 2.2682800491044546, 2.284258696111798, 2.302936922144663, 2.3209106027978743, 2.3378294623286764, 2.3534348974314225, 2.367491181934656, 2.3791428922385465, 2.383793958076636, 2.3874127242238137, 2.3897949168391617, 2.390707923259307, 2.389921792517356, 2.3872815319291156, 2.3764475811086436, 2.3601153960531542, 2.341416648457309, 2.322501379048305, 2.304675484449482, 2.2884617764851805, 2.2740090400670594, 2.261520269493432, 2.2560970173648403, 2.251301348561685, 2.2472085737278595, 2.243980182511384, 2.24181578189647, 2.241017598053515], "y": [0.8397200824141667, 0.8237042208908014, 0.8106973255082478, 0.8036416769576119, 0.8017639938893669, 0.8038352921640362, 0.8093228424420609, 0.81742465857448, 0.8278341555709986, 0.8406180712487592, 0.8556262450579252, 0.8639918049014191, 0.8728529299144949, 0.8821356300588239, 0.8916755348226524, 0.9012096610251449, 0.9104045828853172, 0.9260616231069175, 0.9356498489331734, 0.9386550413611061, 0.9359359732296393, 0.9290498836230199, 0.9190555320580792, 0.9066502993241236, 0.8922964180280623, 0.8844716147842222, 0.8762472138829086, 0.8676014785535247, 0.8585971998273004, 0.8492658485000729, 0.8397200824141667]}