{"x": [2.1335095586831776, 2.135069227461678, 2.1410259615991847, 2.1523742574785594, 2.1665337870245454, 2.1769078363432706, 2.186939747821134, 2.1964989173169744, 2.2055769072632434, 2.2141051561687055, 2.2221374816593364, 2.2366511623392085, 2.2488666658443632, 2.2585159891463293, 2.2650511064687655, 2.26753231719271, 2.265575083303146, 2.2588399435175037, 2.2461736905092633, 2.2296773003507764, 2.2191212307880757, 2.2090320239322816, 2.1996067913340873, 2.1908372272348697, 2.182778180660626, 2.1753042983475344, 2.1620135432047105, 2.1509977972797762, 2.1421755935242266, 2.1359617739451915, 2.1335095586831776], "y": [0.9845571007624095, 0.9704814919904241, 0.957633431926131, 0.9487807282914054, 0.9461996618361435, 0.947231786389613, 0.9500684979473001, 0.9541626665681779, 0.9592351449251373, 0.9650612502543566, 0.9715540370145428, 0.9862292133256358, 1.0027396702515816, 1.0208698736040567, 1.0403922058179695, 1.0608292507812653, 1.0773024439247836, 1.0924627456668328, 1.1036924913466144, 1.1074885768356826, 1.1060639171645041, 1.1026480476101646, 1.0977503966313065, 1.0917573389684363, 1.0850054221724919, 1.0776109853937206, 1.061339936656365, 1.0437801536838516, 1.0250221858509534, 1.0051924373944514, 0.9845571007624095]}