{"x": [2.2855874295722174, 2.2870006462759216, 2.292072725324376, 2.30157153110816, 2.313538544924972, 2.3202269490646983, 2.326733250141958, 2.332958555682355, 2.3388706148051908, 2.349613148886143, 2.35891028987761, 2.366578389451923, 2.372500863823335, 2.376398952855447, 2.3778433496135256, 2.376226294362157, 2.3707368099611017, 2.3606361576931887, 2.3542624594363595, 2.347519363691576, 2.3407133834271803, 2.334151288204853, 2.327962992300691, 2.322177190980171, 2.316847921501559, 2.311917953069987, 2.303228436436927, 2.296177545205804, 2.2906970408355494, 2.287004530457183, 2.2855874295722174], "y": [1.1437938245725714, 1.1318708612559005, 1.1209883868208952, 1.1133231615990693, 1.1109203363187772, 1.111552845619806, 1.113227021310778, 1.115724604491859, 1.1188931858377928, 1.126775503356539, 1.1363199330058966, 1.1470959589391596, 1.1589216421463107, 1.1715810141967393, 1.1847479620898045, 1.1978523662526743, 1.2098609397383302, 1.2187586199207858, 1.2210716470683534, 1.2217821284763928, 1.221038463673842, 1.2190856935923926, 1.2161915846311637, 1.2125590406250424, 1.208381417326287, 1.2037393207239226, 1.1933695703741918, 1.1820551617603563, 1.1699021793576054, 1.157070659770835, 1.1437938245725714]}