{"x": [2.206807951810716, 2.2085595465703047, 2.2152723547338784, 2.2317939163030696, 2.247084900056401, 2.2679673566831586, 2.283639139819721, 2.2975383042674875, 2.30923946159877, 2.319126149156901, 2.3342074771086287, 2.3450059959856877, 2.352286247539205, 2.357087207322263, 2.3606476291308627, 2.357828527886807, 2.349276636039977, 2.3422429642801763, 2.332678282852496, 2.3184261710230833, 2.3079084830867416, 2.2939424687061054, 2.2760265779948305, 2.263226243925586, 2.245721459400921, 2.233453622385725, 2.2240037851940984, 2.2168414449830474, 2.211536404324186, 2.208113102064436, 2.206807951810716], "y": [1.1487171851438227, 1.1081757533478158, 1.0681555836476366, 1.0289781521295258, 1.0132796358842893, 1.0066327868805747, 1.009635854623542, 1.0174739940840427, 1.0280866516411062, 1.0404073250173, 1.0671957378377226, 1.095978675566293, 1.124667924381726, 1.1538745305768616, 1.2129101900659252, 1.2676161334895681, 1.3217229974121352, 1.3489541378445598, 1.3754026617516144, 1.4006218411012568, 1.4110893352616605, 1.4161033791230786, 1.408811392682677, 1.394309542664797, 1.3609622745445629, 1.326420581351077, 1.291004074313312, 1.2558299867212916, 1.220328267061002, 1.1845926564882456, 1.1487171851438227]}