{"x": [2.267266660905812, 2.269045269778974, 2.275028304554626, 2.2843101061756697, 2.2947706428373507, 2.3080001339217304, 2.3205885340025287, 2.3322713546754317, 2.3429092197311605, 2.3523305714854708, 2.3564464930312674, 2.3600830490043134, 2.3631718037193266, 2.365582674121056, 2.3671793883418455, 2.3677881300225048, 2.365847362076201, 2.3594391531138843, 2.3493402219048463, 2.337635433470264, 2.3242464621018715, 2.311712621898291, 2.300369187206695, 2.2902747356862623, 2.2815652381775937, 2.2777832076214883, 2.2744390023174637, 2.2715848881377907, 2.269333169859201, 2.2678222183853203, 2.267266660905812], "y": [0.8552781040104196, 0.8448024646832353, 0.8360214759171405, 0.8309976597177473, 0.8295948969839526, 0.831368893535794, 0.8358072132092051, 0.8421892960223742, 0.850192739466634, 0.8597327210610344, 0.8650326048453917, 0.8706722004828248, 0.8766708615429524, 0.8829726108326236, 0.8895367358195904, 0.8962647865561424, 0.9079831461787887, 0.9179842156397189, 0.9242017088165502, 0.9261105201405112, 0.9241176518274291, 0.9190050274359801, 0.9117236618297964, 0.9027909218137058, 0.8925403265876003, 0.8869729771840926, 0.8811321360295513, 0.8750023936515043, 0.8686266996370695, 0.8620263545562494, 0.8552781040104196]}