{"x": [2.2512970428711565, 2.253569256237159, 2.2615849683807205, 2.2756404676625537, 2.2924378454111363, 2.3024030884108937, 2.312153860841928, 2.3215766525003727, 2.3306280444853447, 2.3474025946008275, 2.3622881609428203, 2.37495573590765, 2.384957281986101, 2.3916803309071897, 2.394251287873373, 2.3916353569040116, 2.3827634168274683, 2.3672161640908205, 2.357706299464637, 2.347738962869861, 2.3375241156195266, 2.327623508002157, 2.318225293716284, 2.309383204733265, 2.3011782827271583, 2.2935403205034586, 2.279945127744186, 2.2687147775213092, 2.2598249339428427, 2.253692571565737, 2.2512970428711565], "y": [0.9996928124053224, 0.9829566709760627, 0.9680902745615855, 0.9584891261178023, 0.9557346366419467, 0.9564926811368499, 0.9586842870545865, 0.961972235057283, 0.9661760318936305, 0.9768046360898831, 0.9899489380270551, 1.005237338493089, 1.0223887734283943, 1.041121636099519, 1.060857636477726, 1.0803551805526237, 1.097913255591399, 1.1103804601158487, 1.1135455431858894, 1.11459791063837, 1.1135037711240174, 1.1107618348681205, 1.1066527525566, 1.1014538630961086, 1.0954291611290923, 1.0887001707154413, 1.0735732283972477, 1.0569055850234255, 1.0388805529037373, 1.019693280613385, 0.9996928124053224]}