{"x": [2.2599895987503786, 2.2623752692826704, 2.27076883461386, 2.2839655687664857, 2.298875589270407, 2.3179235921240364, 2.336060926069303, 2.352923938317385, 2.3683050585961904, 2.3819444510344283, 2.3931477619365853, 2.397594666055238, 2.401055426554588, 2.4033455723904162, 2.404244682784464, 2.4014559808481066, 2.3921086300308505, 2.377133322920025, 2.3595682792433452, 2.3402655349018953, 2.322318400756554, 2.306224134777275, 2.298878094097679, 2.2920129012841177, 2.2798497943467333, 2.274582972081754, 2.2699297816631177, 2.265959761518163, 2.2628232031186926, 2.260711355027257, 2.2599895987503786], "y": [0.8707120664461989, 0.8557749819322881, 0.8431910247368981, 0.8359859134004208, 0.834047174057763, 0.8365216003865154, 0.8428450737774759, 0.8519326147838446, 0.8633503957674836, 0.8770157535671433, 0.89274028391646, 0.9013769563929982, 0.9104538613982088, 0.9199052058759913, 0.9295884016752295, 0.9471799316122751, 0.9623412579630588, 0.9720077797161355, 0.9750360971536822, 0.9718746535962901, 0.9640970549664386, 0.9531404220915171, 0.9467429458262919, 0.9398320020511608, 0.9247386189567018, 0.9165945434286192, 0.908084948731696, 0.8991893084355631, 0.8899667557717806, 0.8804416971072596, 0.8707120664461989]}