{"x": [2.1472778296774253, 2.149156362358531, 2.156148498860311, 2.168454446101129, 2.1830732249735743, 2.19327458127556, 2.2032292811484626, 2.2128243681903554, 2.222032698573625, 2.2307868426438455, 2.239109607065858, 2.254350013789719, 2.2674680008965034, 2.2779825640149367, 2.285184665483512, 2.287981423492057, 2.2854945757748393, 2.2775116994077926, 2.2636276724687523, 2.246515593419341, 2.236165607426736, 2.2261599400183423, 2.2166762612907163, 2.207746652195813, 2.1994417025885316, 2.191680493857948, 2.177755877702771, 2.166070672821072, 2.1566439740024137, 2.1499545000335454, 2.1472778296774253], "y": [0.9398839989867437, 0.925299557031688, 0.9123633729221892, 0.9041388472012439, 0.9018214208039624, 0.9026833597244057, 0.9050738742177837, 0.9085940894401959, 0.913028529890372, 0.918206985988001, 0.9240536122230977, 0.9375036399920931, 0.9530509030777743, 0.9704647750658649, 0.9895574157473304, 1.0097707118268133, 1.026834958578064, 1.0421204619608337, 1.0526883635466813, 1.0560976887847364, 1.0549238583164318, 1.0520278770098561, 1.0477677319185104, 1.0424431587130443, 1.0363258504296813, 1.0295319349420184, 1.0143356785630997, 0.997609490302502, 0.9795140009131951, 0.9601731924298813, 0.9398839989867437]}