{"x": [2.196245333890679, 2.1982412705268946, 2.2054694795208953, 2.2185741924016877, 2.2344369448702626, 2.2451148435115247, 2.2555162019606767, 2.265514290771382, 2.275078728415834, 2.284134693374256, 2.2927102042061023, 2.3083072821470805, 2.321560691358223, 2.332052634118493, 2.3391366057048826, 2.341796282869076, 2.3393540082000306, 2.331173301991293, 2.3165076727846836, 2.297949038224253, 2.287060445205996, 2.2765697361910706, 2.2666789311302034, 2.2574158749541238, 2.2488530742371977, 2.240889261043084, 2.2266969923423128, 2.214916712281658, 2.205499679387961, 2.1988965660233633, 2.196245333890679], "y": [0.9680511087838712, 0.9522610464401344, 0.9380813840106572, 0.9287510515049285, 0.9260749183848854, 0.9269997092813872, 0.9295851492840896, 0.9333920746977389, 0.9381854027187723, 0.9437751492906067, 0.9500772427553527, 0.9645346269482646, 0.9811250863528402, 0.9995862709326031, 1.019663608945396, 1.040787251446134, 1.0593273348034487, 1.0761432630377612, 1.0882088081587795, 1.092238093746259, 1.0909432535680916, 1.0877521576171045, 1.0830726668485153, 1.0772484545512013, 1.070592039884425, 1.063229493331558, 1.0468514668885602, 1.0289804526676969, 1.009758911650682, 0.9893434422584122, 0.9680511087838712]}