{"x": [2.3070500679622374, 2.3078393373807997, 2.310415682012487, 2.3150206303735428, 2.3216148732359367, 2.338882417726474, 2.3583780790960405, 2.3771895099004734, 2.395267775049994, 2.4121851980302513, 2.4275953380051103, 2.4411585554712514, 2.45203741736428, 2.4593744624364122, 2.4620930294026513, 2.461133724661447, 2.45810820451094, 2.452998454217463, 2.445923937404774, 2.437134317975568, 2.4270251759693364, 2.4160754152585753, 2.4047395529868076, 2.3855244277983574, 2.36751933457236, 2.351367420928958, 2.3372480023642566, 2.3253992026172075, 2.316000163540285, 2.309546104542124, 2.3070500679622374], "y": [0.9675391609123022, 0.9576321827425016, 0.9480335572674266, 0.9391905612720078, 0.9317125877059442, 0.9222982673509699, 0.9197066060609925, 0.921795413497828, 0.9273998202105664, 0.9358236315228105, 0.9467638044315201, 0.9602096690112689, 0.9759068823385828, 0.9936152031309934, 1.012589560809911, 1.0239247615653722, 1.0348907667437397, 1.0450669133481842, 1.0539896214373137, 1.0612492744430673, 1.0665185456803508, 1.069638271475975, 1.0707004274053573, 1.0679169551443015, 1.0606516009368978, 1.0500031396572433, 1.036777556064714, 1.0216237635522827, 1.0048401540660616, 0.9866645064938397, 0.9675391609123022]}