{"x": [2.2637073605825035, 2.2663584557335965, 2.2753571835877904, 2.2895802368037934, 2.305733469661072, 2.3245938670202593, 2.3425716017482854, 2.3592663612282228, 2.3744284811903853, 2.387763930675476, 2.3985816386969345, 2.4060666138058986, 2.4089896008061356, 2.405975799631297, 2.3961098760207618, 2.3802547997768047, 2.3615018947960995, 2.351812093177147, 2.342334981347899, 2.3332141699755686, 2.3245123583291565, 2.316307771394364, 2.3085751774566248, 2.3013289443369542, 2.294579882284445, 2.2827089276485237, 2.2731337128828812, 2.2693492352778546, 2.266390368516947, 2.2644259381445395, 2.2637073605825035], "y": [0.8878370032634816, 0.8716830987725671, 0.8580083105545404, 0.850047933281907, 0.8478717169860327, 0.8502354604294162, 0.8564082171605144, 0.8653964360939138, 0.8767812150527106, 0.8904572661221868, 0.9062003845866716, 0.9238586448891943, 0.9428137274870072, 0.9615888467299379, 0.9778446657317237, 0.9884206439205427, 0.9918211309645903, 0.9909397364915579, 0.9887366788419077, 0.985373475022252, 0.9810400221157883, 0.9759183086759036, 0.9701084733662828, 0.9637057266735076, 0.9567809002462363, 0.9416651214674727, 0.9250001403919226, 0.9161209092048347, 0.9069335197656143, 0.8974727809575573, 0.8878370032634816]}