{"x": [2.286711349080891, 2.288347302797588, 2.2939718033675, 2.303442805550615, 2.314569752611616, 2.321121144197768, 2.3275420221897583, 2.3337573808008947, 2.3397359522346037, 2.3508443883093535, 2.360741657859472, 2.3692279491855586, 2.3759962198541285, 2.3806124981877135, 2.3823879054564485, 2.3805883347949734, 2.374549963110953, 2.364335856177558, 2.3519765030539, 2.3453266561578467, 2.3388516080220545, 2.332652739528381, 2.326766479371427, 2.3212463779584254, 2.3160654081954832, 2.311230456562622, 2.306746837572376, 2.298932586737623, 2.292704144225925, 2.2883913532748856, 2.286711349080891], "y": [0.9734002518370112, 0.9622913268767677, 0.9525728109574231, 0.9464667187695158, 0.9446847835121421, 0.9452131412997913, 0.9466174986185861, 0.948733269926816, 0.9514469122219235, 0.958332823837395, 0.9668684659488694, 0.9768223059019167, 0.9880154548082367, 1.0002959595878786, 1.0132947576987064, 1.0256356467734173, 1.0365477531294596, 1.0438750449425092, 1.0461692934306053, 1.045542856896943, 1.0439037601606802, 1.041441815341487, 1.0383050838803543, 1.034633699829102, 1.0304975019642637, 1.0259640542300987, 1.0210828590485048, 1.0105105024946368, 0.9989327763323453, 0.9864754876783081, 0.9734002518370112]}