{"x": [2.337664942069312, 2.3395348176337643, 2.3457826472922068, 2.355656570196983, 2.3669486875979815, 2.378876252204369, 2.39023091476644, 2.4007227198756365, 2.410177092792363, 2.418396116826617, 2.4249916158211033, 2.4294958982490313, 2.431205817550602, 2.430716055907948, 2.4291378318787085, 2.4263966738567015, 2.422514508145675, 2.4176238897632496, 2.411981816432529, 2.40589310507814, 2.399609671698149, 2.387549537395041, 2.3762615276482557, 2.366096101704798, 2.3571456475625725, 2.349560152378701, 2.3434953970209866, 2.341127941679624, 2.339298058032924, 2.3380999529703828, 2.337664942069312], "y": [0.9281987151162013, 0.9169033983993187, 0.9073093774007845, 0.9015887662934573, 0.8999432178824972, 0.9014861694752311, 0.9054509059303528, 0.9112735828173831, 0.9186625186901322, 0.9274930131488451, 0.9375939725822223, 0.9488310032478862, 0.960815810061253, 0.967087895404207, 0.973177897861468, 0.9788534657408963, 0.9838188264979554, 0.9878124207885377, 0.9906468434900874, 0.9922747633282349, 0.9927656746397006, 0.9909724468490329, 0.9863633969171377, 0.9797169388947734, 0.9715071484283311, 0.9620810899371192, 0.9516116554578664, 0.9460171355375965, 0.9402244657065782, 0.9342634051088372, 0.9281987151162013]}