{"x": [2.2422416990356386, 2.2442414376155613, 2.2513848101103235, 2.2647528691716308, 2.281444932429599, 2.29125369262224, 2.3007985662854633, 2.3099470736972245, 2.318658884974542, 2.3345654317772935, 2.3484175984910673, 2.3599196213493907, 2.368834024327915, 2.374719386150377, 2.376941082295949, 2.374663806292818, 2.366807577744798, 2.3522486931465645, 2.342971270058891, 2.3331163761931504, 2.323025343714201, 2.3133189991157184, 2.3042064411435224, 2.295722213340046, 2.287939278287242, 2.280754535674786, 2.2681058936884746, 2.2578327201350525, 2.2498027291037084, 2.244342608571072, 2.2422416990356386], "y": [1.08032091619617, 1.0637213839707067, 1.048604649736974, 1.0381231030702627, 1.034969874917236, 1.0358297243119035, 1.0382476788713115, 1.0418405331565335, 1.0463911522403813, 1.0577203895706242, 1.071485829157027, 1.0871288401303931, 1.104378006535838, 1.1229132021523789, 1.1422330113274581, 1.161410987676709, 1.1790535622010843, 1.1923289078027048, 1.1958558707865683, 1.1970353257167075, 1.1958465347348415, 1.1928416994606075, 1.1883979794358184, 1.182847912856572, 1.1765039799168096, 1.1694897774123816, 1.1539179113347853, 1.1370504693724748, 1.1190069681255672, 1.0999922141618625, 1.08032091619617]}