{"x": [2.2138528154970225, 2.216001953213188, 2.2241691530352403, 2.2319925739503517, 2.243085697958284, 2.2577455274670712, 2.2746264471772584, 2.2872318005660857, 2.299232108470913, 2.3201985512197116, 2.3366004270228373, 2.3489893484872897, 2.3575958511757555, 2.363340698404762, 2.3665873674857942, 2.3676990173414896, 2.364524770119287, 2.355171659294523, 2.34746951492651, 2.337104696479351, 2.3222825840303645, 2.301223876115145, 2.2864860439783006, 2.274157420552743, 2.2558221341697826, 2.2426353219410244, 2.232390181405633, 2.224633905333087, 2.218864285106881, 2.215144259653696, 2.2138528154970225], "y": [0.8485506549018356, 0.8162372944244285, 0.7848993157829691, 0.7697914225467285, 0.7568919282699246, 0.7479360872509911, 0.7447498293641708, 0.7461794805553821, 0.7502942644834986, 0.7643152347406486, 0.7830757330693857, 0.8046973068407683, 0.8271670135104975, 0.8505327220738093, 0.8743511983375268, 0.8983642136884847, 0.9409362151086245, 0.9825891918119013, 1.0033042297856853, 1.0228236141171252, 1.0400098353107021, 1.0484710431031163, 1.0448398623270994, 1.0359858115957827, 1.012484932979058, 0.9866436088326757, 0.9595013328447448, 0.9323646427483724, 0.9047372785898886, 0.876752273319239, 0.8485506549018356]}