{"x": [2.2303421085581348, 2.2325986095999295, 2.241102479668928, 2.2492584956611767, 2.2607906198828243, 2.27588623563022, 2.2930974968377122, 2.30611147440285, 2.31851515324338, 2.340305810012581, 2.3575154369932654, 2.370609705076492, 2.3797676182614964, 2.3858978353929565, 2.389365915403325, 2.3905351095641114, 2.387232249243599, 2.3774804366486126, 2.369453165207905, 2.358663498545428, 2.343304579776024, 2.3217443130697943, 2.306492914192187, 2.2936627852785016, 2.2744892111493704, 2.260661588046048, 2.2499001731921116, 2.2417395633489448, 2.235656439318596, 2.231725317231713, 2.2303421085581348], "y": [0.8641773322009573, 0.8313055893806426, 0.7994727844956481, 0.7841953319812086, 0.7712751437808277, 0.7624815978062234, 0.759485508146684, 0.7610195044654744, 0.7652462653994484, 0.7795434979585386, 0.7987286503140252, 0.82092733214611, 0.844111502725319, 0.8682733233783888, 0.8929339736555512, 0.917809830144629, 0.9612293738931796, 1.0036683632395504, 1.024741604834302, 1.0445431626368136, 1.0618557448140453, 1.0702686389037623, 1.066598906544645, 1.0575733929653712, 1.033446322533093, 1.0068219849721685, 0.9788175128009762, 0.9507999137109082, 0.9222591181050468, 0.8933347888434651, 0.8641773322009573]}