{"x": [2.2064337331602477, 2.208514994315818, 2.215870503109798, 2.2289111589259853, 2.2446064896234073, 2.2540761294415392, 2.26332957471294, 2.272254331775932, 2.280810917849052, 2.296619454138549, 2.3106034151164874, 2.3224621320907786, 2.331818220455656, 2.33811738967752, 2.3405438546537263, 2.338191001757174, 2.330099181477897, 2.315735767432242, 2.3069074297728327, 2.2976471921355115, 2.287953157307951, 2.27856807785169, 2.2696707997859793, 2.2613075979416895, 2.2535529993104975, 2.24633652121572, 2.233493920505108, 2.2228865215483014, 2.2144894118236538, 2.208696499787526, 2.2064337331602477], "y": [1.0082228566992995, 0.9925891766895175, 0.9786378294775948, 0.9695118381996554, 0.9668662730010962, 0.9676098777126096, 0.9697548198706503, 0.9729643833010826, 0.9770555226070325, 0.987349675080751, 1.000011753509508, 1.0146481889290848, 1.030998051943079, 1.0487980118909426, 1.067523138719631, 1.0856272353787175, 1.1019923408523233, 1.1136728400390599, 1.1166349484141185, 1.1176155761490227, 1.1165554858304325, 1.113906262109943, 1.109954209148284, 1.104970522310009, 1.0992111848673525, 1.092790420768208, 1.0783836300467717, 1.0625361909509465, 1.0454146610310773, 1.027201070473347, 1.0082228566992995]}