{"x": [2.2862476214481022, 2.288343376397726, 2.296078978009993, 2.3036266982560636, 2.3147793142239323, 2.331020069262567, 2.3514843408019805, 2.366292748412495, 2.379907195581585, 2.402188832982312, 2.4184081903988415, 2.4301898450308115, 2.4381682828413056, 2.443432548659341, 2.4473278831731546, 2.4441885521661475, 2.4347356777831584, 2.4269853895203566, 2.416505272363916, 2.401095512775166, 2.3901509490517885, 2.376474792916199, 2.3591344267808756, 2.3458950576145163, 2.327345039416003, 2.314311802495586, 2.30427979549483, 2.296713439588249, 2.2911263658448395, 2.2875503254139407, 2.2862476214481022], "y": [1.0725329803691133, 1.0333459207437001, 0.9948728353645571, 0.9756190237103554, 0.9582036138328458, 0.9447280160842844, 0.9395736539251907, 0.9419269316899468, 0.9482097400172251, 0.967855841196696, 0.9920644124553241, 1.0187161495754857, 1.0455958564715964, 1.0731360383539623, 1.1290083916521754, 1.1815839229997096, 1.233397869592751, 1.2593955443481029, 1.2844177985476923, 1.3077221714807603, 1.3168712286703714, 1.3209272705721287, 1.3151078181766531, 1.3024874604968124, 1.2719744529169368, 1.2398000163473857, 1.2065672242779766, 1.173532833396052, 1.1401067159183889, 1.1064019142560553, 1.0725329803691133]}