{"x": [2.2284110999038136, 2.2302766413231683, 2.23710869540068, 2.253775932025789, 2.268801698279985, 2.288488825156779, 2.3034063523202977, 2.316803530623658, 2.3282629054285664, 2.338050684901331, 2.353169568544022, 2.364084612976469, 2.3714827062286754, 2.3763752315049516, 2.380011080992282, 2.377242091779177, 2.368822044430223, 2.361872645820177, 2.3524145090623936, 2.338347978249111, 2.3281163988953484, 2.3149340257374513, 2.2976552246412183, 2.284966506460162, 2.267428304853297, 2.2551011575522932, 2.2455928203943927, 2.23839084344721, 2.233062351352643, 2.229647147189667, 2.2284110999038136], "y": [1.0733437755814743, 1.035574181250901, 0.9983808278424575, 0.9623567574634332, 0.9485290427256418, 0.9431071997057401, 0.9459297215062354, 0.953072190231863, 0.9628363404446212, 0.9742755394239728, 0.9994526541378249, 1.0267167248711797, 1.0540255555296922, 1.0818925110886448, 1.1383035675140794, 1.1894333681951184, 1.2399410569324427, 1.265344540486075, 1.2899245072633518, 1.3131275573261845, 1.3225030668556408, 1.3268401664550524, 1.3203203334741225, 1.3069016293509903, 1.2754690195662188, 1.2426941931033297, 1.2089934611417708, 1.175504883472842, 1.141667618834078, 1.1075798719475114, 1.0733437755814743]}