{"x": [2.2688793482525393, 2.2703786496740475, 2.2757618408561777, 2.2808577221139985, 2.2881654934846893, 2.2983409279735074, 2.3106800041552646, 2.319493310953736, 2.3276741169760053, 2.341338599881763, 2.351569262977547, 2.3591936268334517, 2.364505415605626, 2.36810006057599, 2.3701743433784825, 2.370855865305448, 2.368982110190071, 2.363070026858933, 2.3580502329761033, 2.351169374398596, 2.341211439033238, 2.327171751005368, 2.317315333821759, 2.308956829185959, 2.2964517411789593, 2.2875353850653566, 2.2807195674640535, 2.275672419192481, 2.2720041058516984, 2.269701076648013, 2.2688793482525393], "y": [0.9205907663029583, 0.8970172560805656, 0.8740177008315086, 0.8626865458024326, 0.8526386824633704, 0.8451511670910422, 0.8424401612873113, 0.8438063027519309, 0.8473580814684818, 0.8585949723369865, 0.8726618595981489, 0.8882955687034914, 0.904218350346905, 0.9206143438441307, 0.9372619425634697, 0.9540244220974741, 0.9822717080639215, 1.0099568555872478, 1.0237591309918608, 1.0367342965864583, 1.0480547045690716, 1.0535500911536118, 1.0512260603723496, 1.0455089388043826, 1.0300148663272093, 1.012803634576953, 0.9946577663108335, 0.9765286754285692, 0.9580711263191544, 0.9393926947301631, 0.9205907663029583]}