{"x": [2.1984698615602793, 2.199561978506971, 2.203523463900961, 2.211608431163515, 2.222435762776388, 2.229927473896975, 2.2370980203498148, 2.243829768347433, 2.2501304486993456, 2.2559545039513313, 2.261368880785832, 2.2709778700358036, 2.278841390997186, 2.2849498909350534, 2.28904445716026, 2.2906418793250314, 2.2894736919820313, 2.285176628263621, 2.2764369052139193, 2.264264364020365, 2.256624231759719, 2.2494048952112036, 2.2427475818853946, 2.2366188759164145, 2.231050589780119, 2.22593052052737, 2.2169368735235144, 2.209635718493786, 2.2039092958378186, 2.1999901376694377, 2.1984698615602793], "y": [1.1257618523897197, 1.1149972664095928, 1.1049287181417444, 1.0973127136485477, 1.0948349908589996, 1.0957656247066068, 1.0981267851078302, 1.1014921099585384, 1.1056083302584314, 1.110266197013279, 1.1153945364889888, 1.1267848619340093, 1.1392375561187014, 1.1526387046842774, 1.1668078210765405, 1.1814699346464734, 1.1936233320692309, 1.2050515853908783, 1.2140916000149529, 1.2172434033527557, 1.216126328384331, 1.2133875956035525, 1.2095371407292932, 1.2048911977031156, 1.199723244145026, 1.1941108965683624, 1.181881009118001, 1.168858057029093, 1.1550699378882037, 1.1406385054029684, 1.1257618523897197]}