{"x": [2.263503146064974, 2.2654770430330515, 2.272734208701651, 2.2798164950512505, 2.2903135623327513, 2.305766285872423, 2.3254807531730974, 2.3398245111646045, 2.3529054316835705, 2.374064517488337, 2.389316239992032, 2.400354918502409, 2.407822953276105, 2.4127506533007064, 2.4163978548354326, 2.4134763735858917, 2.40466057767728, 2.397417628524334, 2.3876007649004625, 2.373104798489248, 2.3627216278514345, 2.349599147527071, 2.3328368368127603, 2.3201942816913386, 2.302565559534735, 2.2901825898959047, 2.2806478890411985, 2.2734506264357717, 2.268136507198596, 2.2647370196838685, 2.263503146064974], "y": [1.0503892715696492, 1.0126481793530773, 0.9755588297039003, 0.9569407122666168, 0.9400113101704453, 0.9267585624916107, 0.9216829576130732, 0.9241406262853814, 0.9305181686802423, 0.9500749330831487, 0.9738379943191363, 0.9998273324288223, 1.0259590043605207, 1.052686398430923, 1.1068568056729706, 1.1574515256267004, 1.20735786272316, 1.2324222844098427, 1.2565948874039419, 1.279223303233264, 1.2882077025793446, 1.2922487636083928, 1.2864124302622675, 1.2739543546720327, 1.2441456363454515, 1.2128335243428736, 1.1805399371350485, 1.148444195183522, 1.115983490059272, 1.083262866757021, 1.0503892715696492]}