{"x": [2.3028537479537996, 2.3042585237630013, 2.309286157551449, 2.3189253231153297, 2.3313605038559198, 2.337978832525984, 2.344404519902858, 2.3505316581696825, 2.356326194514004, 2.36677334344775, 2.3757156218065494, 2.3829842923405655, 2.3885264249751375, 2.392123065923849, 2.3934389899949067, 2.391844643281221, 2.386434761767527, 2.3819305968305122, 2.376273467840078, 2.3697198158570534, 2.362726253150567, 2.3559738442685, 2.3494816770365197, 2.3433884721600657, 2.337721464869643, 2.327759815534465, 2.3194096559398023, 2.312718451778565, 2.3075734086373907, 2.304151244452187, 2.3028537479537996], "y": [1.1983918753605927, 1.1860020822022068, 1.1745914175383512, 1.1662908376465266, 1.1636113938129433, 1.1642608819013305, 1.1659739641809141, 1.1685302962018334, 1.1717706673682744, 1.179805974138608, 1.1894881605389511, 1.2003227232207188, 1.2121339926570678, 1.2246898782302438, 1.2376842782733335, 1.2512428621732268, 1.2637772277663346, 1.2691767208644609, 1.2733527140495762, 1.275923967148711, 1.2767312945202574, 1.2759679667232147, 1.2739606153169192, 1.2709886897158693, 1.2672678677885383, 1.2582852497747727, 1.2477877872908223, 1.2364244107954632, 1.2242824558631593, 1.2115308211876206, 1.1983918753605927]}