{"x": [2.2886271036179995, 2.2906007137408038, 2.2978560168702726, 2.315543706507925, 2.331871876491, 2.354166741582151, 2.3703123576083533, 2.3846381304783146, 2.3967009038490006, 2.406883753959778, 2.422385946316262, 2.4334490091230383, 2.440882072520285, 2.445768373188186, 2.449378944010244, 2.446330926342868, 2.4371480076464076, 2.4296402012410057, 2.419468322355522, 2.404367124660012, 2.393217094177505, 2.3783048088173246, 2.359623988450105, 2.3463472136832904, 2.3282729572239402, 2.315659218228746, 2.305979630641744, 2.298676420212033, 2.2933007208794183, 2.2898721617691, 2.2886271036179995], "y": [1.214539795035331, 1.1713410624362712, 1.1287102495003039, 1.0869867775156972, 1.070273221321652, 1.0632810052054915, 1.0664399633631547, 1.0745289784568304, 1.0854792838702652, 1.098196565563358, 1.1258589838310757, 1.1555765879338447, 1.1851827093524823, 1.2153140372804956, 1.276201584149722, 1.3348069992160507, 1.3927687028746862, 1.4219277734493208, 1.4502676999442246, 1.4773438108993506, 1.4886589268355963, 1.4941342143849483, 1.4864478152293197, 1.4712234586464201, 1.436301948531549, 1.4001746029520252, 1.3631530268887782, 1.326398885511233, 1.2893137719524674, 1.251995021457119, 1.214539795035331]}