{"x": [2.095906948884693, 2.097410477158312, 2.1031437173068905, 2.1138789560085067, 2.1270803421888873, 2.1372388943432483, 2.147069858539187, 2.156452009998138, 2.1653802369371586, 2.173789607950218, 2.181731183719279, 2.196146393967052, 2.208381767530463, 2.2181294167671743, 2.224798629413833, 2.227405344388917, 2.2254387588396405, 2.218939820745343, 2.206890051920108, 2.1914724748318006, 2.181179125934747, 2.1713257338987915, 2.1620938875764297, 2.1534754464720116, 2.145522721357638, 2.1381209887660066, 2.124886067188222, 2.113813813173401, 2.104865830351338, 2.0984853850503375, 2.095906948884693], "y": [0.9167775607381817, 0.9036475370219291, 0.8917400571266005, 0.8837223574724995, 0.8814305763659115, 0.8824225615021576, 0.8851670759148655, 0.8891209270907656, 0.8940142356693469, 0.899633710759304, 0.9058968885011695, 0.920065608009504, 0.936062042485243, 0.9536851414332391, 0.9727445634974972, 0.992768174655042, 1.008133931214054, 1.0221958562956324, 1.0323806191042804, 1.035730938333273, 1.0343388886086735, 1.031052325154546, 1.0263526619755425, 1.0206049412581213, 1.0141232941490737, 1.007018933471786, 0.9913608419582666, 0.9743945676068854, 0.9562181301740131, 0.9369296565286299, 0.9167775607381817]}