{"x": [2.2319321271970134, 2.233963501564278, 2.2405842534900433, 2.2502949171917632, 2.2610141807494335, 2.2743225218120884, 2.287088551432681, 2.299061738476451, 2.3100829910926373, 2.320000075055456, 2.3243768319426716, 2.3282719568143913, 2.331609808563747, 2.334235651196767, 2.335989050681788, 2.3366662155721674, 2.334477984474631, 2.327429340747137, 2.3168439517122175, 2.3048334110441644, 2.291361041701209, 2.278622009342222, 2.266951827507183, 2.25645514131607, 2.247275454203785, 2.2432582851605902, 2.239686933149325, 2.23661890338879, 2.2341836656768574, 2.2325396224240457, 2.2319321271970134], "y": [0.7980994669481714, 0.7873488459237068, 0.7786386232991633, 0.7739178842359828, 0.7726218303745483, 0.774241536978595, 0.778335908609175, 0.78430683771072, 0.7918924288604585, 0.8010917698165758, 0.8062571099186001, 0.8117946853314568, 0.8177371750586537, 0.8240268005582473, 0.8306239420350165, 0.8374164476941838, 0.8494545292501553, 0.8594555484225856, 0.8654141845576494, 0.8672315228507992, 0.8654277168915295, 0.8606868829766595, 0.8538073560301962, 0.8452434425512254, 0.8352580274320213, 0.8297873352734009, 0.8240157181146124, 0.8179195193434614, 0.8115440928200593, 0.8049085739603687, 0.7980994669481714]}