{"x": [2.2097759844421128, 2.2118946671915687, 2.219591082037768, 2.2329067271725314, 2.248699499682119, 2.258155739990688, 2.26741346074, 2.2763683513892135, 2.2849804599650145, 2.3009755253635875, 2.315216714195197, 2.32739698973651, 2.3370638261164194, 2.3436061747299237, 2.346132109505568, 2.3436401591958944, 2.3351593927028014, 2.3204413238018744, 2.311514658354927, 2.3021861475039715, 2.292511981023127, 2.283120639355339, 2.2741843988822406, 2.2657558133700197, 2.257911551156341, 2.250592159764332, 2.2375219420455306, 2.2266680903897877, 2.2180425272033144, 2.212063216758163, 2.2097759844421128], "y": [0.9782944136402897, 0.9625389413335049, 0.9486289117606423, 0.9397749874223045, 0.9372676545755588, 0.9379695314330796, 0.9400208038246216, 0.9430984047504568, 0.9470345551384214, 0.9569977518344014, 0.9693385762059687, 0.9837336769747564, 0.9999241159067277, 1.0176631324204124, 1.0364006532212706, 1.054675863321391, 1.0710548046864201, 1.0825161234510994, 1.0853908528619736, 1.0863543415702959, 1.0853347875029729, 1.0827987099658756, 1.0789904963989976, 1.0741616424327656, 1.0685506277550048, 1.0622703057058123, 1.048110161334719, 1.0324343777973402, 1.015430379885326, 0.9972733288701148, 0.9782944136402897]}