{"x": [2.2709548728635163, 2.2722760447718473, 2.276984679706469, 2.2814603377997207, 2.2880499247681625, 2.2980805460129177, 2.311841763939555, 2.321702208748194, 2.3303519796093353, 2.3436575657112497, 2.3529641552767524, 2.359703343827992, 2.364329749170345, 2.3674372763231237, 2.369811138315794, 2.3681117887208054, 2.362736869677127, 2.3581769915317605, 2.351873139315832, 2.342403382465669, 2.3356115118794087, 2.3271405943220285, 2.3161697492111695, 2.307748246513416, 2.2959752044594213, 2.2878033385668926, 2.2816138544769, 2.2770417680199624, 2.273740432358785, 2.27168208906305, 2.2709548728635163], "y": [1.1009644547877508, 1.074243474808389, 1.0479074723911417, 1.0345979134077294, 1.022198186826633, 1.0118165272702369, 1.0074552087911275, 1.009559313855074, 1.0147397669234917, 1.0295267290797327, 1.0465627561074775, 1.0647677599224075, 1.08291973541793, 1.101392448152571, 1.1387494592620762, 1.1712172913380448, 1.20328219667134, 1.2194269859276277, 1.2349739520647962, 1.2494432207094064, 1.255084037641179, 1.2575723859798056, 1.2539771287947346, 1.2460800654807556, 1.2268568486641567, 1.2065343707204794, 1.1855231168636424, 1.1646630144413812, 1.1435644592659862, 1.122307977371146, 1.1009644547877508]}