{"x": [2.3474753313831185, 2.3480400757061535, 2.3498754134066555, 2.3572623184481256, 2.36740312317109, 2.378418054430425, 2.389595763066864, 2.400439913584398, 2.4107388212930796, 2.4203115266534905, 2.429037416738828, 2.436334965112955, 2.4392714903841446, 2.4415613256620934, 2.443061446203478, 2.4436063490891122, 2.4429534875637233, 2.440916140171211, 2.4375487179279864, 2.4330694193068925, 2.422172014821972, 2.4101165922105614, 2.3988950237645166, 2.388126440017896, 2.3780907494604606, 2.3689591341129765, 2.3608787130630553, 2.3542039699061545, 2.3494105566900476, 2.3480010613230524, 2.3474753313831185], "y": [0.826898166880252, 0.8212347515458864, 0.8158472897200315, 0.807284818485727, 0.8028047926570816, 0.8015486711634513, 0.8026444757993604, 0.8055678912187416, 0.8100213739559333, 0.8158749472718807, 0.8232242275220909, 0.8319934273547319, 0.8369429826110047, 0.8422229383213394, 0.8477884256716157, 0.8535267261107699, 0.8597013736556676, 0.8655666712676622, 0.8707848020457656, 0.8750864651246952, 0.8804852987851547, 0.8820876767248369, 0.8808125057516372, 0.8774084987757077, 0.872270569173631, 0.8656579292540454, 0.8576847300602383, 0.8485025237067771, 0.838145434064872, 0.8325978316182512, 0.826898166880252]}