{"x": [2.2946001249458923, 2.2966709208166893, 2.30468807111936, 2.312449825803401, 2.3236613593072835, 2.3390732251532538, 2.357394542943341, 2.3702219744452755, 2.382297152071353, 2.4029061629938218, 2.418540629413381, 2.430110229928507, 2.438021126885422, 2.443256720592919, 2.4461986519293886, 2.447131738489182, 2.444012703763123, 2.434659184511273, 2.4270006251371723, 2.4166944178030403, 2.4017867116151175, 2.3795680751528896, 2.364451657647876, 2.3521875659082188, 2.334406850734438, 2.3217908489324297, 2.3120567889965806, 2.3047254543072673, 2.2993024694873703, 2.2958199158236434, 2.2946001249458923], "y": [0.9191197742796666, 0.8841463962088816, 0.8500414014098061, 0.8333057432191661, 0.8186555347789937, 0.8080498166804962, 0.8042635018925272, 0.8059785743117771, 0.810634168542245, 0.8259962648751656, 0.8459285096081406, 0.868464597650211, 0.8915508526241425, 0.9153866663907065, 0.9395938556668483, 0.9639612995646268, 1.0098012690813742, 1.0547850757291444, 1.0772482625236512, 1.098626531467544, 1.117954792443701, 1.1280618973658454, 1.1239005419737458, 1.1141324812303592, 1.0890811920762666, 1.0620070382968643, 1.0337683878067239, 1.0056273305933627, 0.9770570872437591, 0.948180256648097, 0.9191197742796666]}