{"x": [2.2879922215501542, 2.2897910922845197, 2.295822923445719, 2.3053763578357613, 2.316285784834914, 2.328748125131244, 2.340587728378718, 2.35151816400909, 2.3613831738420363, 2.369992140310882, 2.3769516708437095, 2.379671807936733, 2.3817642679105715, 2.3831251734280374, 2.3836281905438264, 2.3816573389242173, 2.3752250707014517, 2.364928360305523, 2.3528541830111216, 2.346493707501868, 2.3402688294387386, 2.3342641052663957, 2.3285174871615406, 2.317939020733698, 2.308602287306805, 2.300647779973571, 2.294239271821484, 2.2917164230338525, 2.289753063706157, 2.288458711291604, 2.2879922215501542], "y": [0.899222236343335, 0.8883086911178983, 0.8790373148366012, 0.8735393869872032, 0.8719646737332511, 0.8736259888562393, 0.8778560820634619, 0.8840017336111684, 0.8917428599511397, 0.9009492753898516, 0.9114581917780676, 0.9171803200216788, 0.9231605799407009, 0.929354347387551, 0.93567588144143, 0.9477403268064734, 0.9581355672357773, 0.9647559352063191, 0.9667723081148785, 0.966239812351054, 0.9648291055985815, 0.9626849808147938, 0.959922669494301, 0.9529291112973579, 0.9443477817305506, 0.9345292057397278, 0.9236384002292678, 0.9178145077338482, 0.9117789704790703, 0.9055586493759584, 0.899222236343335]}