{"x": [2.168409909904214, 2.170201593937541, 2.1770318472513446, 2.1936816219119986, 2.2082439701107592, 2.2265790417784572, 2.241083127740074, 2.2543020940278202, 2.2658134598945714, 2.2757808152290746, 2.291432966536389, 2.302878526646117, 2.31070367382397, 2.3159062066939557, 2.3188508659609455, 2.319862757566657, 2.3170732537127896, 2.308772742559364, 2.3018769722024035, 2.292471793274851, 2.2785230461645307, 2.2562364511913713, 2.239453225981394, 2.226711531853673, 2.2088008913429955, 2.1961180743233473, 2.18628585568666, 2.1788091930023796, 2.1732461136753054, 2.1696559120365335, 2.168409909904214], "y": [0.9936503608006854, 0.9586478031359963, 0.9242714040457131, 0.8914488342058258, 0.8794374601684519, 0.8749474447711513, 0.8774714001993413, 0.8839519704573423, 0.8929633406537485, 0.9036576458939516, 0.9275741738506978, 0.9537655713664377, 0.9801848269930842, 1.0072429800704445, 1.0346228294580255, 1.0621419727234613, 1.1095113427133323, 1.156231146432739, 1.1797060175723098, 1.2022928241898052, 1.2232904857681588, 1.2350708517306028, 1.2292987721140667, 1.2169439033448712, 1.1872872670525698, 1.156065732566272, 1.1238327441861458, 1.0917621122495547, 1.0593047854017152, 1.0265639117338377, 0.9936503608006854]}