{"x": [2.2746373906884356, 2.276032340888455, 2.2810356610043, 2.292837408147662, 2.303424441744374, 2.317609741633684, 2.3278080491116566, 2.3368502623985212, 2.3509759440626716, 2.3609810933571156, 2.3682666934289536, 2.3732865479286738, 2.3766668611059147, 2.3786170216013214, 2.3792647143782815, 2.3774708766031507, 2.3717581684261733, 2.366903280426241, 2.360192742345178, 2.3501552668284047, 2.3430480835616265, 2.3343457876902316, 2.3229557421544125, 2.314056262414804, 2.3014983266909956, 2.292749967488444, 2.286112848311264, 2.2812034382492112, 2.277650483195649, 2.2754284255045762, 2.2746373906884356], "y": [1.1163049139018268, 1.0889502837854692, 1.06202096031306, 1.0358714637178164, 1.0255561080489124, 1.021400496180094, 1.0235123261526986, 1.0286798865174465, 1.0436348950600305, 1.061072967230646, 1.0798108808024645, 1.098553147427542, 1.1176592977532258, 1.1369566878124029, 1.156341550028074, 1.189630323562326, 1.2224742767754042, 1.2389940995414268, 1.2548510589086979, 1.2694766680033607, 1.2750664270266683, 1.2775215250884409, 1.2739501504976947, 1.2659948306336188, 1.2463268929859208, 1.2254046311497513, 1.2037199942354284, 1.1821774605305349, 1.1603701320382314, 1.1383864482276864, 1.1163049139018268]}