{"x": [2.1989701058114193, 2.2002383821153693, 2.2048684610851472, 2.2093019938050595, 2.2158044206299614, 2.2254055742435854, 2.23786899143122, 2.247191971392122, 2.255572679747839, 2.268914132988463, 2.278518354109462, 2.2855729981340405, 2.2904614998457262, 2.2937676393082307, 2.295680249458018, 2.296313388958389, 2.2946724023091005, 2.2894353854869993, 2.2849569946362016, 2.278756373798136, 2.269521543419502, 2.255470617088644, 2.245127047784353, 2.236840167985521, 2.2249283730343437, 2.2165488370058153, 2.2101544787124507, 2.205404280569003, 2.2019455568440582, 2.1997643152513398, 2.1989701058114193], "y": [0.9855932112608738, 0.9616299161616103, 0.9380839949536567, 0.9262663569918598, 0.9154482598966481, 0.9068036281012846, 0.9034014168208392, 0.9051541814435748, 0.9095987136608622, 0.9227832763598517, 0.9384253040832502, 0.9553706896594798, 0.9723952465179962, 0.9897964656439221, 1.0073983082110276, 1.0250924336122815, 1.0540913718467464, 1.0826606719906857, 1.097013524877258, 1.1107107023901117, 1.123140324862248, 1.1296479416431275, 1.1266841151342608, 1.1198210752300306, 1.1024495445454303, 1.0837663476946224, 1.0643140817434402, 1.0449557098597508, 1.0253254226844766, 1.005511252745987, 0.9855932112608738]}