{"x": [2.0862504474955323, 2.0879819447594716, 2.0942646846137722, 2.1095962438919194, 2.1230065873029185, 2.13984179793009, 2.153974243624855, 2.1668066465297247, 2.177955847223794, 2.1876119661599116, 2.2028108683166416, 2.21397679507861, 2.221656799174722, 2.2267874376073764, 2.2297058279903803, 2.230640513499005, 2.2281762727008925, 2.220574845459994, 2.2142126866580116, 2.205493936178425, 2.192505867973012, 2.171796139591858, 2.1555359355450086, 2.143221049411201, 2.1258690612461852, 2.1135229053758686, 2.103911382553721, 2.096568273502728, 2.0910821889458124, 2.087530948983332, 2.0862504474955323], "y": [0.9443797412384858, 0.912274806166732, 0.8807430425202161, 0.8506476568532941, 0.8396857974286426, 0.835614513161298, 0.838142697375605, 0.8445806452182043, 0.8534559051843777, 0.8639360904248851, 0.8872870622436735, 0.9128134523370272, 0.9385789225013591, 0.9649705587708053, 0.9916836817033997, 1.0185394874488893, 1.0624235955094024, 1.1057145382905338, 1.1274799307818653, 1.1484129851456713, 1.1678387843451576, 1.1786627734723722, 1.1730129260519202, 1.1609855160634424, 1.1322117482348206, 1.1019391746147045, 1.0706905761277508, 1.0395827205529562, 1.0080942654426874, 0.9763231031847579, 0.9443797412384858]}