{"x": [2.290733264332783, 2.2934358489367197, 2.302625595255124, 2.3172663734811954, 2.3339609999900577, 2.352872339116771, 2.370897797074245, 2.38762487851128, 2.4027913358348334, 2.4160892177647555, 2.4268270060252655, 2.4342027603108183, 2.437053152207564, 2.4363372755623978, 2.43394138089044, 2.4297622167615702, 2.4238253997509362, 2.416287392323543, 2.4075241920037223, 2.3980038835959503, 2.388149849614492, 2.3784206897206235, 2.3689063066161586, 2.359754598408007, 2.351032144753748, 2.3350924845275265, 2.321146517696755, 2.309379642591741, 2.2999390961146937, 2.2933381226642964, 2.290733264332783], "y": [0.9200369102440951, 0.9033475703143593, 0.8891564958858643, 0.8808130547283004, 0.8785207102637134, 0.8808829886754928, 0.8870718473977196, 0.896107866796024, 0.9075718744818453, 0.9213495813186158, 0.9372038795615083, 0.9549537105857444, 0.9739624853675326, 0.9837959285517994, 0.9933598593833238, 1.0023080944882867, 1.0102005293528875, 1.0166390924729676, 1.0212740650922392, 1.023973035707451, 1.0248778720756129, 1.0239964867041529, 1.021780655809219, 1.0183876407980648, 1.0140075590359987, 1.0029456713368594, 0.9894568560904865, 0.974185279945113, 0.9573758638364064, 0.9391990034639361, 0.9200369102440951]}