{"x": [2.2643290875086053, 2.2662321825906435, 2.272615819604584, 2.2826386382339647, 2.2940498595280516, 2.3064483663449247, 2.3182606555514536, 2.32919553176987, 2.3390773675621697, 2.347707731575786, 2.3546687196275946, 2.359455784488194, 2.3607985629313273, 2.36128960348589, 2.3607918560081433, 2.359176459048991, 2.356366387837124, 2.3523886521061463, 2.3473929199561785, 2.3416447269359586, 2.329075624347458, 2.3165462739090126, 2.3048128502922336, 2.2942286094615603, 2.284884710573797, 2.2769317343564692, 2.270540591826649, 2.268031797116954, 2.2660835612470835, 2.2648003242268966, 2.2643290875086053], "y": [0.9029695984242959, 0.891549611841661, 0.8818910900648523, 0.8761987764235605, 0.8745729361959557, 0.8761686147220502, 0.8802599451838926, 0.8862583321928001, 0.8938676347886187, 0.9029765725844227, 0.9134169066843417, 0.925067867498824, 0.931236129589998, 0.9375297287468026, 0.9439038277494577, 0.9500898913856978, 0.9558462217968514, 0.9608671239540968, 0.9648845187784791, 0.967722665690022, 0.9698317035453905, 0.9679675200150012, 0.9631939916686344, 0.9563243415869085, 0.9478443769771774, 0.9381014339955394, 0.9272696259368474, 0.9214731483441747, 0.915465022149336, 0.9092743164851116, 0.9029695984242959]}