{"x": [2.306845607230754, 2.308273800151086, 2.3133882340920473, 2.325448647126054, 2.336226713003871, 2.3505726849837325, 2.3608984355667157, 2.3700804261502215, 2.384482432459741, 2.3947146156132737, 2.402173206678982, 2.407312255417905, 2.410770712699043, 2.4127610669336126, 2.4134141318414994, 2.411563036638381, 2.4057137103171415, 2.400745609286459, 2.39388446561564, 2.383628299532246, 2.3763851000529193, 2.367545554905827, 2.3560160112999515, 2.3469895025560064, 2.3342153662132166, 2.325305111767166, 2.318540715717475, 2.313536629278963, 2.309914630158492, 2.307649529706796, 2.306845607230754], "y": [1.1256222898127952, 1.0979995758255374, 1.0708169227448852, 1.044467794537353, 1.0341439167052384, 1.0300278207986753, 1.03214340813585, 1.0373191094224012, 1.0523622829397732, 1.069964868882087, 1.0889100007966057, 1.1078758116645566, 1.1272187917104146, 1.1467599726976143, 1.1663913957377219, 1.1999871625189067, 1.23312154768982, 1.249788176727031, 1.2657688919439243, 1.280474070232391, 1.286055814473881, 1.2883972347837012, 1.2848344091574284, 1.2768252742416908, 1.2569939102016094, 1.2358709633690963, 1.213966295755424, 1.1922002902382949, 1.1701621188162579, 1.1479425456473193, 1.1256222898127952]}