{"x": [2.1902923382927697, 2.191615829651246, 2.1965160081048465, 2.2080526633273445, 2.2177022382992315, 2.2295035221637827, 2.2387228007355686, 2.24720287108709, 2.254679023822292, 2.2612260381445615, 2.2716989929015523, 2.2795411591713517, 2.285050914136913, 2.288808560984235, 2.2909957383390616, 2.291722027738961, 2.2900187398655687, 2.2845561146703606, 2.2798587215356227, 2.2733636506646513, 2.263865307371424, 2.250360493341325, 2.240152908926441, 2.231605195342431, 2.2188849800475654, 2.209773252286748, 2.2027564943475277, 2.1975084864809498, 2.193655392197071, 2.191200314544288, 2.1902923382927697], "y": [0.9142178552964687, 0.8917029115515276, 0.8696878582393802, 0.8490593044976984, 0.841771743406087, 0.8391349758868827, 0.8406719058755991, 0.844602002313048, 0.8501157569252105, 0.8567059733941285, 0.8715856393065745, 0.8880047643504008, 0.9047026998366915, 0.9218799679389151, 0.9393186330125196, 0.9568789088656608, 0.9840493592997073, 1.0107194603933534, 1.024050669906838, 1.0366045817965939, 1.0475863844238342, 1.052919161587011, 1.05037875479202, 1.044248090981571, 1.0279648237626104, 1.0100304635500728, 0.9911776131808926, 0.97233697858557, 0.9531623922025039, 0.9337569236888517, 0.9142178552964687]}