{"x": [2.2682105026678094, 2.270964799284211, 2.2802143021933, 2.2945426126724024, 2.3106937217977808, 2.3290078056981223, 2.346527853720279, 2.3628685287052247, 2.3777694354747325, 2.3909490638838196, 2.4016773985705027, 2.4091168560578615, 2.4112190968566636, 2.4120109786012467, 2.4112821678656027, 2.4088536095302837, 2.4046409113269047, 2.398708531278593, 2.391287515775568, 2.3827530826839847, 2.364062540201067, 2.345462698772961, 2.328079964258986, 2.3124538003208475, 2.2986859177022443, 2.286970765392416, 2.277514016897553, 2.2737764628552495, 2.270856100383042, 2.268919110488974, 2.2682105026678094], "y": [0.896645396268099, 0.8804818961648568, 0.8669433740382221, 0.8591950966384007, 0.8570789780523408, 0.859271139919461, 0.8650382154401854, 0.8735070472225925, 0.884309905555867, 0.8973962923512285, 0.9125573925491017, 0.9296639432147151, 0.9387752182026697, 0.9480922816662763, 0.957591729942057, 0.9668043727249167, 0.9753668606286677, 0.9828414771550875, 0.9888439889909464, 0.9931177544549193, 0.9964104488975432, 0.993560830862388, 0.986355626846289, 0.9760091243977864, 0.9632940734525957, 0.9487696305180654, 0.9326831721102674, 0.9240881258125887, 0.915182194412151, 0.9060014535424816, 0.896645396268099]}