{"x": [2.2347587377059868, 2.2369978787373976, 2.244883975211387, 2.258386699396549, 2.2742577137947593, 2.2842825579375505, 2.2941004207309796, 2.3036054797971817, 2.312760199900623, 2.3298217889587858, 2.345105817165497, 2.358305536449423, 2.368886441027039, 2.3761382543550456, 2.378980055541023, 2.3763913549617035, 2.367538819197324, 2.352334521628248, 2.333672581997572, 2.3234230589593046, 2.3134730088163757, 2.3039983627309897, 2.295050544125175, 2.2867085824026305, 2.2789097154342532, 2.2716530803223134, 2.2649355787077616, 2.2532571408541906, 2.2439084226390476, 2.237361837908862, 2.2347587377059868], "y": [0.9781840505012812, 0.962355372846273, 0.9484496088878407, 0.9397598265758178, 0.9373212247176396, 0.9380862889906145, 0.9402524823334252, 0.9434871700917088, 0.9476103305995278, 0.9580167482672217, 0.9708926882966173, 0.9859584269584254, 1.0029658820566971, 1.0217050694589827, 1.0415965276021555, 1.0602688883538656, 1.0769119360697066, 1.0883647786053106, 1.0921158152534036, 1.0910465399007383, 1.0883646423551605, 1.0843510765477338, 1.0792703117301794, 1.0733712871304084, 1.066770946940793, 1.0595828944437795, 1.0518886092978965, 1.0353898130938697, 1.017467825073129, 0.9982851813471297, 0.9781840505012812]}