{"x": [2.292168721241657, 2.2934137600893068, 2.2979785292425743, 2.3068271792075765, 2.3181598031392356, 2.325327803483133, 2.332261540421826, 2.338853861735444, 2.345087181188251, 2.3509100794751876, 2.3563608887945886, 2.3661138109814916, 2.3741836796785174, 2.3804719272187542, 2.3846752854082984, 2.386279529173843, 2.384854717003861, 2.3798401194104066, 2.3702866085864063, 2.3576801636358136, 2.3503919481152304, 2.343412363154837, 2.33687910646881, 2.3308000118373458, 2.3252221402159323, 2.320066143018972, 2.310966288045654, 2.3035430772871455, 2.2977176564253563, 2.293732554759293, 2.292168721241657], "y": [1.1314730056570876, 1.120195341743017, 1.1098079114704107, 1.102352630688101, 1.1000177960965738, 1.1007781425446654, 1.1027483323112213, 1.1056256523950765, 1.109214997706719, 1.1133512808152304, 1.1179668696376124, 1.1283866707059715, 1.1400154963506248, 1.1526965968365328, 1.166238282387208, 1.1803262868436126, 1.1929068676335406, 1.204532482185355, 1.2132677170683968, 1.216209050649254, 1.2153083059116936, 1.2130247077996423, 1.2097162655180187, 1.205632903947198, 1.2010013200291116, 1.195904270458999, 1.1846324077547985, 1.1724429295929815, 1.1594140421652042, 1.145683949136854, 1.1314730056570876]}