{"x": [2.2797550503293933, 2.2811370021044457, 2.2860130214541936, 2.295543321536755, 2.308003766514957, 2.315159259773243, 2.3220760276546106, 2.328636883268789, 2.3348161847106343, 2.3458999523703326, 2.3553587965336167, 2.3630378549883995, 2.3689074887347403, 2.3727397761523505, 2.3741622570925136, 2.3726494318989313, 2.3674074713492583, 2.3572805857905688, 2.350634116718747, 2.343507824689549, 2.336183335262206, 2.3291841208986264, 2.3226624187462557, 2.3166284780590307, 2.3111314175598836, 2.3060833924599646, 2.2972643974445317, 2.290196135742687, 2.2847463094027054, 2.281110153196554, 2.2797550503293933], "y": [1.1678645495977853, 1.1554642919008908, 1.1439794925139248, 1.1354960852312508, 1.1327516126530335, 1.1335136662049248, 1.1354986426432236, 1.1384178538405085, 1.1420761121822967, 1.15102032233831, 1.1616682830794007, 1.1734739123096396, 1.1862757957631658, 1.1998438536339844, 1.2138707980343848, 1.227652719216168, 1.2404882885889268, 1.2504720428345772, 1.2531757324602404, 1.2540132589548625, 1.2531083246025712, 1.250767801189769, 1.2473599056948776, 1.2431482658181334, 1.2383776241993412, 1.2331341388911876, 1.2215709691130345, 1.2091531297957, 1.1959447063598416, 1.1821073570495844, 1.1678645495977853]}