{"x": [2.191970260616003, 2.1930711533216884, 2.1970190284250335, 2.2047775291478846, 2.2148693832203445, 2.2214914988292738, 2.2278704663653532, 2.2339022874546615, 2.2395783748403733, 2.2448528215799697, 2.249772128863305, 2.2585339970809706, 2.265738050175892, 2.2713406900209194, 2.275090112626165, 2.2765304732112894, 2.275354107483295, 2.271128093336318, 2.2628379093548228, 2.251670139770932, 2.2449323479956194, 2.2385089199453874, 2.2325261963278287, 2.2269784298785447, 2.221903653440961, 2.2172196398441457, 2.2089626894944137, 2.2022356779263803, 2.1969605327798916, 2.1933598318495, 2.191970260616003], "y": [1.0801301441048856, 1.0700898439288802, 1.0607928619163065, 1.0539818012404785, 1.0518047935747905, 1.0525489131099957, 1.0544763212645771, 1.057269351006781, 1.0607285290571313, 1.0646859930209323, 1.0690770891580883, 1.0789178585475, 1.0897892799099629, 1.1015662324105713, 1.1140790281858954, 1.1270618471930494, 1.1382073986420784, 1.1485875700211312, 1.156547343372929, 1.1592613928898219, 1.1583801478242028, 1.1561633927730872, 1.1529878214940747, 1.1491020111208856, 1.1447267708688873, 1.1399355184460853, 1.1293960050885, 1.1180561259662798, 1.1059723191643447, 1.093264722545341, 1.0801301441048856]}