{"x": [2.3249212707590012, 2.3266718014686876, 2.3327803011648123, 2.3438757530689323, 2.357599962282948, 2.364784606942216, 2.371800630418915, 2.3785491035670603, 2.384988266916008, 2.3967676877673987, 2.4070142492757363, 2.4154993866672227, 2.422039254011771, 2.426316484141563, 2.4278871309817034, 2.42590531994613, 2.4193027304408976, 2.41398538151968, 2.4074715500415054, 2.4000896429922998, 2.3922948832837054, 2.384947442082039, 2.377837570091738, 2.3711045313182852, 2.364791480736005, 2.35356562782559, 2.3440576132507767, 2.336357874061053, 2.3304000449618787, 2.326417948411783, 2.3249212707590012], "y": [1.1469452637257982, 1.1332707147569163, 1.120911755305152, 1.1124198035943198, 1.1097990444932846, 1.110431714549909, 1.1121034815357373, 1.1146234455844053, 1.1178528857840961, 1.1260041159665084, 1.1360143750209346, 1.1474596674693534, 1.1601175666196053, 1.1737299295995807, 1.1879117557156122, 1.2030857075810242, 1.216890858866684, 1.2226473984403445, 1.2270042260576635, 1.2296381029408856, 1.230457602913035, 1.229702117420538, 1.2277007751652387, 1.2246965290315905, 1.2208880256113572, 1.21153495270177, 1.2004400256959953, 1.1882682235149793, 1.1751555188226368, 1.1612917405440344, 1.1469452637257982]}