{"x": [2.2860277098247006, 2.2877090844468073, 2.2935323769443916, 2.303208368145841, 2.314478374978681, 2.321213794303431, 2.327821192824973, 2.3342267993965824, 2.3403996841492605, 2.3519079328255796, 2.362210667672069, 2.3711046011991086, 2.378240266397466, 2.3831395954440433, 2.3850342204580945, 2.38315132678706, 2.3768640019458176, 2.366377466222686, 2.3538062027339746, 2.3469777735687978, 2.3403223072544086, 2.333940350719814, 2.3278689401869586, 2.322162417999266, 2.3167956039431643, 2.311776772293845, 2.3071120989453098, 2.2989461005750504, 2.292400820255482, 2.2878326567261387, 2.2860277098247006], "y": [0.9346863608264194, 0.9234249241199856, 0.9136404342610066, 0.9076048354314692, 0.9058612170817733, 0.9063923348709074, 0.9078030950786263, 0.9099298301237314, 0.9126593523039811, 0.9195997231876422, 0.9282288709023181, 0.9383445833992581, 0.949768767181091, 0.9623638783748312, 0.9757448591739145, 0.9882978340700704, 0.9993247109470764, 1.0066151534316934, 1.008869331195624, 1.008239531162479, 1.0065876046860218, 1.004104209483808, 1.0009364665836717, 0.9972227152520261, 0.9930330074675667, 0.9884345569581048, 0.983477214851326, 0.9727079524265064, 0.9608834081183322, 0.9481209964875502, 0.9346863608264194]}