{"x": [2.2571926453702074, 2.258518947480233, 2.263248535908198, 2.2677406129478914, 2.27434189351467, 2.2843351503321205, 2.2979320691170426, 2.307572355661985, 2.316075419410625, 2.3292284547710613, 2.338455612645862, 2.345140034041864, 2.349725821862037, 2.352804160037944, 2.35515335426977, 2.3534448400477186, 2.348052084591782, 2.3434803991539974, 2.3371668655971205, 2.3277006720750366, 2.320943192003458, 2.3125734083947296, 2.301855963618057, 2.293563335280792, 2.281922737234037, 2.2738377577453144, 2.267717306975495, 2.263200468769035, 2.259941169640308, 2.2579104603167415, 2.2571926453702074], "y": [1.0812783236563677, 1.0549013840043346, 1.028918062122864, 1.015803064288947, 1.003612698453877, 0.9934653551139782, 0.9892277191888952, 0.9912220484041457, 0.996182933463686, 1.0104851649780686, 1.0270580033211987, 1.0448095644861974, 1.0625221324699103, 1.0805578844249595, 1.1170429840162863, 1.1490265574653589, 1.1805984782180095, 1.1964895292994029, 1.2117723662820998, 1.2259484033876755, 1.2314290501408984, 1.2338055492665974, 1.230347124481662, 1.2227276336985415, 1.2040568123388868, 1.184262098749469, 1.1637745986141577, 1.1434303474083463, 1.1228471660775126, 1.1021061490351727, 1.0812783236563677]}