{"x": [2.2743821254754573, 2.276835142608842, 2.285911013806152, 2.294632927150039, 2.307086307981915, 2.323812291162576, 2.343317638705944, 2.3566015172393247, 2.369219566318108, 2.3911397031796273, 2.4080959304059943, 2.4207555015515534, 2.4294462650460917, 2.4351956030235358, 2.4394361672641347, 2.435889906786167, 2.4315283326977912, 2.425354344700499, 2.416787922068364, 2.4053306640489494, 2.3889433088377463, 2.3651136252683806, 2.3493363315289386, 2.3362941755655955, 2.317171854491631, 2.3035820622063694, 2.2931110328622624, 2.28524851858392, 2.279446417931186, 2.2757357732874306, 2.2743821254754573], "y": [0.95579714971025, 0.9185562230140849, 0.8823549457402694, 0.8647659082615056, 0.8495883156439693, 0.8388741046358864, 0.8351198739426691, 0.8367415286431575, 0.8411997828196989, 0.8562789985138601, 0.876352501194525, 0.8993784519899508, 0.9231780583130225, 0.9478538712494247, 0.998256256290455, 1.0470060786382234, 1.0710709530478135, 1.094735766190685, 1.118494555040022, 1.1410022178013193, 1.1611248428570011, 1.1714015948211975, 1.1673593593983844, 1.1576041129749497, 1.1320059094596027, 1.1040633277114809, 1.0748087917626428, 1.0456335330309536, 1.0159796887463808, 0.9859875885344342, 0.95579714971025]}