{"x": [2.2468565278401558, 2.2489019095495792, 2.2564357581043355, 2.263751454038831, 2.2743908733964706, 2.289204981387518, 2.3069866875195157, 2.3202009852845458, 2.332549828343171, 2.353387018322451, 2.369057258555413, 2.380642092441546, 2.3885816285195496, 2.3938540572736975, 2.3968283934770263, 2.397774580390098, 2.3948511269070245, 2.386000434277763, 2.3786999377629003, 2.36882076161785, 2.3544189352693, 2.3326660937391694, 2.317188061948904, 2.304817597587847, 2.2870064823471203, 2.274355041917265, 2.2645658557765085, 2.2571624500290652, 2.251671066623629, 2.2481414449639714, 2.2468565278401558], "y": [0.9226011329181208, 0.888682450564882, 0.8555478504485208, 0.8392025665253245, 0.824798037054767, 0.8142569713908611, 0.8104645067652536, 0.8123497912745311, 0.8174171414910862, 0.8337763838992278, 0.8546165229966138, 0.8779758776620975, 0.9018162892444684, 0.9263846215562719, 0.9513181053182245, 0.9764105348276109, 1.021480867708267, 1.0657702199977637, 1.0879285523852338, 1.109063613829483, 1.1282714345028095, 1.1384285434693167, 1.1339316106260553, 1.1235989689217725, 1.0975563271004654, 1.0696074289524449, 1.0405321527312255, 1.0115639815433348, 0.9821733356347008, 0.9524779411543877, 0.9226011329181208]}