{"x": [2.2336362726939387, 2.234978750338132, 2.2397457521485347, 2.2484233566241842, 2.259090893261381, 2.2656565381619753, 2.272049995529566, 2.278181039365525, 2.2840232387896853, 2.2895275771796935, 2.294713627246305, 2.304074676712331, 2.3119295114816425, 2.318107308027881, 2.322271518088965, 2.3238692656297393, 2.3223856695356537, 2.317237542101756, 2.3078913016016376, 2.2960537707789803, 2.289390239846425, 2.282955248005943, 2.27686432437484, 2.2711411377708712, 2.26583499050007, 2.260895610300211, 2.2521025698538355, 2.2448422688282004, 2.2391082820170936, 2.235169700102039, 2.2336362726939387], "y": [1.0312680653291466, 1.0206338747029615, 1.011033668963561, 1.0045154839979937, 1.0025176810109027, 1.0031191066150493, 1.0047294198165164, 1.007125280365375, 1.0101581918669469, 1.0137006087335882, 1.0176945219869493, 1.0268296974053903, 1.0372093575466481, 1.048666695969444, 1.0610292885445383, 1.0739761624300197, 1.085786292138754, 1.0965183471624602, 1.1041973680204038, 1.1066858287585792, 1.1059596873290074, 1.104083306270216, 1.1013188411924035, 1.097856652153295, 1.0938736306796062, 1.0894439374441167, 1.079522897093504, 1.0686159384898535, 1.0568348047492224, 1.0443088207712765, 1.0312680653291466]}