{"x": [2.244968891867577, 2.2464740624346833, 2.252017405270147, 2.2572674603060716, 2.264713049864172, 2.2747348830767757, 2.286476618563223, 2.2951376586037546, 2.3032795310345264, 2.3172231276638824, 2.3279702259286137, 2.3361191473836342, 2.3418732855848137, 2.3457968091641326, 2.348073646435764, 2.348825977047761, 2.346913989090614, 2.3408530860335173, 2.3356910991609547, 2.328635967785561, 2.318599261060392, 2.30508299142583, 2.295466667291153, 2.287102646736772, 2.2742354260869355, 2.2648972230308657, 2.257695539382214, 2.252324469220559, 2.2483890799699378, 2.2458896224460205, 2.244968891867577], "y": [0.8673164900876182, 0.8449113754775406, 0.8231507217802062, 0.8125768913718818, 0.8034154415130138, 0.7968950045512843, 0.7946400351768891, 0.7958593814102543, 0.7990547426013507, 0.8094183144855851, 0.8227551371186496, 0.837820529187146, 0.8533522488172407, 0.8694441841834004, 0.885840224292819, 0.9023764910384118, 0.9291266028128122, 0.9552511053348445, 0.9682012454924334, 0.9802252780876, 0.9903853776670706, 0.9949977046847088, 0.9929251339323699, 0.9877470648373762, 0.9732453681752098, 0.9568016932799193, 0.9393164928806347, 0.9217648968828289, 0.9038367171593406, 0.885650529000575, 0.8673164900876182]}