{"x": [2.2558040626266944, 2.2578026304520495, 2.2650194593438955, 2.279238894635855, 2.2977190236323835, 2.3085226038857596, 2.3189845104285673, 2.3289447958446674, 2.3383666454261265, 2.3553804008865376, 2.369998189542947, 2.3819335227150584, 2.391057045374925, 2.396997996614822, 2.3992232931786477, 2.396902421169831, 2.3888287828078463, 2.3732911489269197, 2.363008884030375, 2.3519242376893414, 2.3407556440836848, 2.3301027879371365, 2.320221074754697, 2.311120823614369, 2.3028685668033604, 2.295311428477909, 2.2821377439755164, 2.2715867123115148, 2.2634137005118804, 2.2579063834453015, 2.2558040626266944], "y": [1.1535704493857837, 1.1352146339734326, 1.1182191165188013, 1.1057976797138853, 1.1019286663264147, 1.1029505378068503, 1.105833258588198, 1.1100792548778715, 1.1154144700119086, 1.1285375041843844, 1.144285588371205, 1.161910768441562, 1.1811425256342034, 1.201606312604571, 1.22279851716206, 1.244286526276637, 1.2643349014274903, 1.280144755016133, 1.2845479862527385, 1.286045995671918, 1.284572161074713, 1.2809079657375086, 1.2755661632721638, 1.2689806839288111, 1.2615533243578883, 1.253419747469421, 1.2355722335051378, 1.216531794760005, 1.1963559563659023, 1.175266001536842, 1.1535704493857837]}