{"x": [2.1538001702617655, 2.1549559718367735, 2.1591728798858862, 2.169209194401687, 2.178209799656142, 2.1901810553248997, 2.199676447249095, 2.2080800111802117, 2.2151787738658606, 2.221223519219308, 2.2306008801424224, 2.2374888704418314, 2.242278732568535, 2.2455304977333794, 2.247421443939838, 2.2480522628947583, 2.2465630157418226, 2.2417546753191426, 2.2376144973884062, 2.231846868361221, 2.223162906557165, 2.209620740995775, 2.1991661571102243, 2.190981793791929, 2.179336083021399, 2.171138541155513, 2.1648639028878236, 2.1601792448926758, 2.1567557877291845, 2.154589174505841, 2.1538001702617655], "y": [0.9863352326422397, 0.9632268045382443, 0.9404770130397789, 0.9184159279222505, 0.9097774051142218, 0.9062668483258228, 0.908188374217714, 0.9130086276138454, 0.9194576480991076, 0.9269036772756867, 0.9430702169963988, 0.9604439757739047, 0.9778494428161361, 0.9956066691047131, 1.0135536450452272, 1.0315889351845962, 1.0597918704023452, 1.0876217693306331, 1.101634677323109, 1.1150599191871693, 1.127364717200328, 1.1339547853841057, 1.1307078691850407, 1.1234375881658571, 1.1054821095912148, 1.0863558018514232, 1.0665153317206573, 1.0467767285307512, 1.0267807685020398, 1.0066083359809288, 0.9863352326422397]}