{"x": [2.2050557277266236, 2.2072320558613026, 2.2154945970165314, 2.2233932298675154, 2.234500839794211, 2.2489005017509585, 2.2652169481280398, 2.2779763285904595, 2.2901615602647363, 2.311656751794355, 2.328741781626093, 2.341813419395244, 2.3510039414357817, 2.357177836881753, 2.3606806671961436, 2.361874681139868, 2.3586852607429702, 2.349274361231215, 2.3414970300823743, 2.3310274953926315, 2.3161595064409246, 2.295546752291059, 2.280691351787822, 2.2681073913986354, 2.2491559181887952, 2.235410371370071, 2.224675015005029, 2.216506958798834, 2.2103982287879824, 2.2064361298757427, 2.2050557277266236], "y": [0.8229211562781998, 0.7917013473377067, 0.7615161972123747, 0.7471076492052728, 0.7349991539104818, 0.7268239969672285, 0.7240031756082528, 0.725431070517434, 0.7294759194269298, 0.7432650941904941, 0.7618745218534372, 0.7834926005915167, 0.8061501732494778, 0.8298084552908813, 0.8539824336547062, 0.8783796749095752, 0.9196797770302508, 0.9600196556620221, 0.9800294165146736, 0.9987715149179822, 1.0150164054076398, 1.0227667556478697, 1.0192795113464037, 1.0106488834519183, 0.987398012158163, 0.9616186822090523, 0.9344476308181624, 0.9072263207398782, 0.8794702352410154, 0.8513176492728217, 0.8229211562781998]}