{"x": [2.2799236980085573, 2.282042291496049, 2.2888699631945664, 2.299003703997783, 2.3102998234675427, 2.322303959082969, 2.3338353987195144, 2.3446305588272587, 2.3545021720208466, 2.3632731782131264, 2.370446409294304, 2.3732731445918365, 2.3754525390278505, 2.376868293675609, 2.3773862045295346, 2.3768307948761658, 2.375047772695806, 2.371997408337194, 2.367776128629315, 2.3568505683150933, 2.344379217414258, 2.332275738677218, 2.320819834965587, 2.3103448391744354, 2.30098739447051, 2.2929060880998757, 2.2863500449573197, 2.283757602785471, 2.2817378357842646, 2.280405998766818, 2.2799236980085573], "y": [0.863125948393104, 0.8518080028269531, 0.8425361513731784, 0.8373297712979649, 0.8358476170957112, 0.8372225418465601, 0.8408302543978543, 0.8462122498396393, 0.8531442488041097, 0.8616063529397369, 0.8714593987573127, 0.8769029074628508, 0.8826363583749853, 0.8886112025110571, 0.8947296085142893, 0.9010779419735171, 0.9071960012652329, 0.9128018600580515, 0.9175884217836702, 0.9238968615615849, 0.9258020353907974, 0.9241763602720248, 0.9199456053418001, 0.9137368388841866, 0.9059450132725073, 0.8968257489755019, 0.8865550726449172, 0.8810062151733046, 0.8752242503761539, 0.8692387932741427, 0.863125948393104]}