{"x": [2.376819558282438, 2.378422418503084, 2.384004403500253, 2.394195145496278, 2.4068687980683285, 2.4136041267949104, 2.4201765942563043, 2.426489777249883, 2.4325053434249533, 2.443484904396401, 2.4530155502091486, 2.46089162746959, 2.466961945929665, 2.470937189477445, 2.472398777447678, 2.470599426029011, 2.464576157777014, 2.4597010492117146, 2.4537146194665, 2.4469243291521723, 2.439753673973973, 2.4328848294101983, 2.4262414102368783, 2.4199532287808334, 2.414058705374544, 2.40357766443593, 2.3946977835155963, 2.387503555748384, 2.38193605011298, 2.3782152594045827, 2.376819558282438], "y": [1.1493058591701693, 1.1366722281292412, 1.125225864616902, 1.11729049110225, 1.11480053011269, 1.1153894881833026, 1.116975109869889, 1.119369951070083, 1.1224366280139262, 1.1301572775737692, 1.1396085197748564, 1.1503739864409588, 1.1622516587442624, 1.1750050653995256, 1.18828345774137, 1.202238255508299, 1.214954162310735, 1.2202654149395598, 1.2242827208672018, 1.2267067195431276, 1.2274587278204179, 1.2267456208581657, 1.224860275036181, 1.2220369157791613, 1.218463797067021, 1.2097042510546165, 1.1993249649355717, 1.1879423659471466, 1.175681723472236, 1.162719306241531, 1.1493058591701693]}