{"x": [2.2353111333285747, 2.2369834726729643, 2.2425359379157235, 2.2507190432400477, 2.2597495299611348, 2.2721699806407245, 2.2840476691133285, 2.295166317210244, 2.3054092691174475, 2.314652824851024, 2.31875629911689, 2.322430461079774, 2.325606979171851, 2.328134334330977, 2.329847066196267, 2.3305171121848582, 2.328711557725266, 2.3227863021143667, 2.3138708618620494, 2.303804045217086, 2.2912768494348987, 2.279447308283558, 2.2685939496483947, 2.25878552383054, 2.250137738306152, 2.246323000400458, 2.2429076945379767, 2.2399461537109993, 2.2375677048165556, 2.2359346477813733, 2.2353111333285747], "y": [0.7805462405990073, 0.7714811078811069, 0.764122882564912, 0.7601512516194512, 0.7590615843784076, 0.7606493226395902, 0.7646127838060356, 0.7703050363811417, 0.7774540231001499, 0.786040906501474, 0.7908398951903521, 0.7959750025268256, 0.8014847440311322, 0.8073208381473377, 0.8134579225979741, 0.8197941907717337, 0.8298902242804268, 0.8382616796772332, 0.8431605817810537, 0.844624658060538, 0.8428875620839031, 0.8384142978679151, 0.8320110886985822, 0.8240996245922786, 0.8149030057571105, 0.8098683628426624, 0.8045546503522427, 0.7989316417598771, 0.7930382615281096, 0.7868834334679204, 0.7805462405990073]}