{"x": [2.292508128085258, 2.2949512167436357, 2.3033153125396097, 2.3169783810498217, 2.3327598819717683, 2.3504105244616262, 2.3671565628930114, 2.3825883618101886, 2.3964697870191563, 2.4085007190389307, 2.418124315485028, 2.4246712590269843, 2.4271828073693675, 2.4244255463307454, 2.4153538479725736, 2.408467440836039, 2.4003786593724303, 2.391529268913717, 2.382341025009097, 2.3732442640739944, 2.36436237596517, 2.355839634246146, 2.3477370106848574, 2.3401309356790363, 2.3329912066300884, 2.3263291276697333, 2.3201517551139754, 2.309386345050575, 2.3007986965600655, 2.294839900428304, 2.292508128085258], "y": [0.9406333424801381, 0.9248709005253289, 0.9112891053535855, 0.9030621009677717, 0.9007583494773667, 0.9030844432822183, 0.9091281250696988, 0.9179069339170568, 0.9289755353086734, 0.9421404901147455, 0.9571553411547336, 0.9738060624402423, 0.9915204948046488, 1.0095776363646771, 1.0254321984416424, 1.0316009437083224, 1.0360784023456846, 1.038701263770298, 1.0395772132509813, 1.038739501414626, 1.036602942439661, 1.0333401851452682, 1.0291413516173258, 1.024191726297113, 1.0185903481709484, 1.0124320112307212, 1.005787579106699, 0.9913695050284674, 0.975557256378703, 0.9585258080082619, 0.9406333424801381]}