{"x": [2.2785447809884904, 2.2814106904464895, 2.291153665132287, 2.3069937923074835, 2.325289727153737, 2.344025575016876, 2.361870137421829, 2.3783663067153435, 2.3932099627969445, 2.406049940816242, 2.4162377903959777, 2.4230588524091363, 2.425595882901638, 2.4248017649695126, 2.422245566274422, 2.417839759527808, 2.4116006904053604, 2.4036221092043983, 2.3942680062608557, 2.3840114625302093, 2.373339830197895, 2.363663207733657, 2.3542032017054018, 2.3451166672563692, 2.3364790973519587, 2.32078893591872, 2.307201363704763, 2.295908635006037, 2.286992091004356, 2.2808916186496115, 2.2785447809884904], "y": [1.0023516805125061, 0.984077220927627, 0.9683532343334855, 0.9588106291328938, 0.9561218169337257, 0.958451760081635, 0.9646187871448894, 0.9737130980678798, 0.9853103376814889, 0.9992372793421107, 1.0152070151099655, 1.0329379210279312, 1.0517654378036303, 1.0623828487443896, 1.0727185096621195, 1.0824280720995503, 1.0910745021316615, 1.0982594314963579, 1.103530268818609, 1.1066626151694547, 1.1077230614548568, 1.1068623047848984, 1.104651827391743, 1.1012381123949937, 1.0968096877858444, 1.085588976010854, 1.0718972478559061, 1.0564647204128232, 1.0395477505951929, 1.021375944936051, 1.0023516805125061]}