{"x": [2.240839018981766, 2.242716952223387, 2.2501842493373525, 2.2574957892126384, 2.268216696305515, 2.283395277857884, 2.3018946172876187, 2.315386783175283, 2.327932696309829, 2.3489064923636858, 2.3645166850839203, 2.3759880852650617, 2.3838175409498907, 2.389004960666853, 2.391926907426922, 2.392854056295163, 2.389905107297425, 2.380995161864458, 2.373656620624834, 2.363723597449827, 2.3491947499174137, 2.3268784668020177, 2.3111163589386874, 2.298661105161938, 2.280857022618068, 2.2682457867790613, 2.258496365811801, 2.251120795728671, 2.2456431764795037, 2.242102323551833, 2.240839018981766], "y": [0.9555111669948826, 0.9202173061701603, 0.885671355336718, 0.868530414520305, 0.8532879534812996, 0.8419354907176994, 0.8378072720456431, 0.8398276051860348, 0.8451867422395963, 0.8622904850639473, 0.8838428193096567, 0.9078550704762121, 0.932263053258957, 0.9573656562419854, 0.9828145653465079, 1.0084138845260298, 1.0550271805727454, 1.1008759378177522, 1.1238391968388048, 1.1458050909248285, 1.165923770180266, 1.1767788230827982, 1.172023569491072, 1.161256808865255, 1.1344208801861926, 1.1057617382353617, 1.07600710031876, 1.0463824451329793, 1.0163488819695996, 0.9860199497943867, 0.9555111669948826]}