{"x": [2.2794366498599805, 2.282434261793961, 2.2920994182023353, 2.3060851796727047, 2.321471481107085, 2.338653503548804, 2.355226990810061, 2.37086523368599, 2.385313854073629, 2.398358297297529, 2.4091777525418347, 2.4134954904322212, 2.416849512562745, 2.419048334731418, 2.419874223421253, 2.4190762297624553, 2.4164650179283225, 2.412025005227963, 2.405935807195943, 2.390368161601865, 2.372679825256156, 2.3552944541325154, 2.338829532586793, 2.3237677095157805, 2.3102882630248507, 2.2985955371880626, 2.289026458931212, 2.285199391277078, 2.282187694442026, 2.2801759926734064, 2.2794366498599805], "y": [0.8410780390068622, 0.8256522281578987, 0.8132616644396333, 0.8066028405724255, 0.8048130955148998, 0.8066450736420704, 0.8115335866109695, 0.8188202434394494, 0.8282482536683602, 0.8399036215053666, 0.8536493294410794, 0.8613339002554697, 0.869485343357118, 0.878032832753779, 0.8868198858313177, 0.8958486255281433, 0.9045282860716093, 0.9124415949194598, 0.9191688407918559, 0.9280109354699186, 0.9307780612277646, 0.9284264711627005, 0.9223694534613854, 0.9134715399727613, 0.9023209390485201, 0.8892957524952834, 0.874639420636487, 0.8667132189181616, 0.8584427411397836, 0.8498611783328424, 0.8410780390068622]}