{"x": [2.2504349909500663, 2.2521826748431097, 2.258101967215208, 2.267476563801142, 2.2781594507639733, 2.2907341841387634, 2.3026802070703507, 2.3137206062736766, 2.323707503352374, 2.3324574984350317, 2.3395662291896504, 2.3423597189987, 2.3445177728823663, 2.345928495966352, 2.3464553952430856, 2.3445121724452385, 2.338140484416226, 2.3279746391880285, 2.316095432221824, 2.3034105882764586, 2.291565745499226, 2.280893721222515, 2.2760152091509065, 2.271456996165704, 2.2633930618446, 2.259919723231264, 2.256868759099575, 2.254287299013548, 2.252269528767817, 2.2509294157781152, 2.2504349909500663], "y": [0.9059722147159681, 0.8952818373457336, 0.8862098725573516, 0.8808677386517137, 0.8793520269528287, 0.8810437883309005, 0.8853191259930486, 0.8915026128437594, 0.8992735723045477, 0.9085132434216836, 0.919067857737598, 0.924824176546248, 0.9308475970840551, 0.937094976815122, 0.9434779440151013, 0.955349979909894, 0.9655540449229297, 0.9720016037224355, 0.9739509281004746, 0.9719777374516662, 0.9670281468789539, 0.9599906799192571, 0.9558541365083887, 0.9513670922914946, 0.9415021149664423, 0.9361558478221033, 0.9305577882146439, 0.924700913888162, 0.9186267459379489, 0.9123607803817516, 0.9059722147159681]}