{"x": [2.2352397589799526, 2.2377631101554036, 2.2465549187004696, 2.261574794023887, 2.2792991892036643, 2.2892234931669604, 2.2989602644582483, 2.3175044079150626, 2.3344560651969117, 2.349567885440045, 2.3624893373228324, 2.3726917425762806, 2.379523024421172, 2.3821051135319173, 2.3791806858136026, 2.3694953846217177, 2.3619597952126603, 2.3529447251729163, 2.3429255052594673, 2.332443511998997, 2.3222519616848856, 2.312343050776224, 2.302899259032177, 2.293986233702542, 2.28569052489289, 2.2779566981286137, 2.2641789262231007, 2.2527957435435857, 2.2438059290669186, 2.237632584643602, 2.2352397589799526], "y": [0.9965429880567097, 0.9788673796358521, 0.9633271564486184, 0.9535096575982445, 0.95071220269795, 0.9514205626932821, 0.9534672350803608, 0.9605568632121889, 0.9707682680472944, 0.9835457624122672, 0.9985819986888105, 1.0155809176887836, 1.0342453262593694, 1.0539521619961956, 1.0744804294993175, 1.0928150138955306, 1.100196982301104, 1.1056748539189218, 1.1089425866003926, 1.1100337611231335, 1.1090185492134976, 1.1064278277636412, 1.1024985163849919, 1.0974802826430667, 1.0916177918224605, 1.0850317834064005, 1.0701292955174342, 1.0536007831207992, 1.0356577676095753, 1.0165143462497164, 0.9965429880567097]}