{"x": [2.2551023144893407, 2.2566169134998817, 2.2620844345135205, 2.267268317386952, 2.274669395657876, 2.284801585861879, 2.296851880705976, 2.305773043994698, 2.3140988008072156, 2.3281735826782066, 2.3388731552588866, 2.3469273858967963, 2.3525870674306137, 2.3564378114246525, 2.3586696444281006, 2.3594055818029616, 2.3575180024698654, 2.3515333639912592, 2.3464285372411426, 2.339428742996945, 2.3293630313048928, 2.3155047041460297, 2.3055716697038275, 2.2970536158268082, 2.284132081595443, 2.2748242290451746, 2.267667657786613, 2.262339738191182, 2.2584471421237384, 2.255988451923427, 2.2551023144893407], "y": [0.8964849752487883, 0.8735042178626709, 0.8511320155980805, 0.8401804732294369, 0.8305870920567063, 0.8236231593063785, 0.8211843005873238, 0.8225289620396797, 0.8260041659681295, 0.8370761066540101, 0.851089169480377, 0.8667727963573562, 0.8828426916213112, 0.8994392364289242, 0.9163202542243003, 0.9333322569442438, 0.9609150674610278, 0.987906890186141, 1.0013341860315488, 1.0138782846602947, 1.0246399228458387, 1.0296477344099855, 1.0273757607924374, 1.0217838205659155, 1.0064437503503554, 0.9892554387598587, 0.971065945576961, 0.9528480232473268, 0.9342704260647067, 0.9154473030809007, 0.8964849752487883]}