{"x": [2.206116288144896, 2.2079865414496966, 2.2150707789170108, 2.2322244208765936, 2.246995688752479, 2.265359204508506, 2.279421039988389, 2.292346092805375, 2.3135801708019015, 2.3291679368369227, 2.340579611182102, 2.348369882967985, 2.3535396638581383, 2.356458946328641, 2.3574538954046225, 2.3545760499407287, 2.346029918645768, 2.3389599373003693, 2.3293504383847456, 2.3151808319494425, 2.3051826150422223, 2.2928672306089024, 2.276498940969425, 2.2638898836589556, 2.2460815901337146, 2.233486552301739, 2.2237421882162693, 2.2163556764952164, 2.210873014698397, 2.207345176979293, 2.206116288144896], "y": [0.9829972807405695, 0.9479401357791086, 0.9135553304171511, 0.8809481898467293, 0.8691987242414366, 0.864837349945495, 0.8671290704208944, 0.8731232517226912, 0.8917259999026377, 0.914634887172827, 0.9398850209261442, 0.9654197831614383, 0.9916111134533255, 1.0181308508780533, 1.04479222292743, 1.0919366596095283, 1.1383892542031109, 1.1617014657727776, 1.1840867594961983, 1.204792668611286, 1.2127822875494751, 1.2162650534561685, 1.2109048801857758, 1.199171848311969, 1.1706283905663122, 1.140436245191436, 1.1092072844515022, 1.0781339071880447, 1.0466687558363654, 1.0149188924667285, 0.9829972807405695]}