{"x": [2.312569282249296, 2.314105137568605, 2.319424745275734, 2.328919318332329, 2.3405405959872887, 2.3467761718417925, 2.3528689885156227, 2.3587346307585904, 2.364337929094158, 2.3746115268736934, 2.3835854699250723, 2.391063912555743, 2.3968718236243394, 2.40070801031689, 2.4021285880107075, 2.4004228121220046, 2.3947266391175344, 2.3901722505465086, 2.3846415169672075, 2.378436001457211, 2.371919191138328, 2.365573298372855, 2.3594191434207974, 2.353569118362247, 2.3480604671191707, 2.3381954633392885, 2.3297728204221055, 2.32289016216811, 2.3175317165830687, 2.313928742240002, 2.312569282249296], "y": [1.110045864471325, 1.098459895853137, 1.088053393355865, 1.0810109096159688, 1.0788454072677702, 1.0793787945960933, 1.0808086523716767, 1.0829686189881707, 1.0857388649103734, 1.0927371852880012, 1.1013390249490387, 1.1111980008701698, 1.1221247881113015, 1.1339127327895693, 1.1462275176879682, 1.158935476701999, 1.1704226655133625, 1.175132780002762, 1.1786454171650562, 1.1807363161697013, 1.18137777128125, 1.1807489725701688, 1.1790780088853412, 1.176566644748184, 1.1733753277007537, 1.1654947622495186, 1.1560883443501317, 1.145688308381254, 1.134426923310695, 1.1224647123722502, 1.110045864471325]}