{"x": [2.2724875594870935, 2.273905103104764, 2.2789933845674755, 2.2838387304655994, 2.2909030082136828, 2.3012067875488467, 2.3143898990222853, 2.3238884910300666, 2.332496751714, 2.3463400814173387, 2.356359244719912, 2.3637151238516183, 2.368797653937632, 2.3722226696564754, 2.374193280079913, 2.374835139742333, 2.3730155365158403, 2.367289967888927, 2.3624226323154276, 2.3557123431536247, 2.345785475340712, 2.330913303900498, 2.3203505133707676, 2.311775948382468, 2.299366954220271, 2.290639203773125, 2.2839964459533664, 2.279080359887247, 2.2755157352881232, 2.273282610189055, 2.2724875594870935], "y": [1.0145882749101156, 0.9892990611915882, 0.964486500820567, 0.9520748353957701, 0.9407778094425603, 0.9318673180765227, 0.9284365314537684, 0.9301611914345393, 0.9345310369898217, 0.9476977881021146, 0.963503905565921, 0.9807116952195345, 0.9980314782094075, 1.0157536750883838, 1.0336880022397152, 1.0517188483647784, 1.0822517376598082, 1.1122981375856384, 1.1273697588532277, 1.1417160734525835, 1.1546472533576364, 1.1613238269522854, 1.1583297232305574, 1.1514730450163746, 1.1338863129477132, 1.1148579038556932, 1.0950052529246725, 1.0752400140958662, 1.0551869340422542, 1.0349412360761256, 1.0145882749101156]}