{"x": [2.2713904409450505, 2.2727981395096934, 2.2778020366415554, 2.2825525299200584, 2.28952024446498, 2.299986582123985, 2.3140270112332724, 2.323826195675736, 2.332532727188674, 2.3461298128038264, 2.355726781777468, 2.362689008235986, 2.367464695053039, 2.3706688233467776, 2.3731097914539903, 2.3713000061821363, 2.365604871506495, 2.3607857205115295, 2.3541427210675776, 2.3442198152651574, 2.3371885488642397, 2.3285614163488777, 2.3176244583021357, 2.309073483557656, 2.2970081415817627, 2.288621817776793, 2.282276305636394, 2.2775989228092426, 2.274226528703628, 2.2721282269936065, 2.2713904409450505], "y": [1.099557710977498, 1.0724259566853453, 1.0457224977387518, 1.0322656265619994, 1.0198114898084023, 1.0095626151131, 1.0053852945676571, 1.007367893285539, 1.012282262261082, 1.0266052839101751, 1.0433458776744702, 1.0613424522319377, 1.0793284389323894, 1.0976597363234817, 1.1347631626839663, 1.1676415744131667, 1.2000735142501755, 1.2163854897698463, 1.2320435650045065, 1.2464972838093735, 1.2520246476741823, 1.2543832580822525, 1.2509535949696697, 1.2433207402415047, 1.224437246167134, 1.2043390154490456, 1.183506258055091, 1.1628142905879395, 1.1418700220218185, 1.120759462470637, 1.099557710977498]}