{"x": [2.203654367857628, 2.2055525786611567, 2.212710735244406, 2.230039438190012, 2.245092177468243, 2.2640167528984074, 2.2781100468003213, 2.29102540476064, 2.3121041537447478, 2.3274485117408963, 2.3386189647065847, 2.3462092828969983, 2.351231563676918, 2.354060426996922, 2.355015287717078, 2.3521027965443575, 2.3434540989313604, 2.3363229507319203, 2.3266447533023324, 2.3123646724860887, 2.3022200950706715, 2.2895850338339447, 2.273151258539409, 2.260598138345934, 2.242964815107364, 2.230533935369841, 2.220939825432368, 2.2136835499330476, 2.2083115219020426, 2.2048647368420067, 2.203654367857628], "y": [1.00501614138969, 0.9688388817783798, 0.9333260937778797, 0.8994907753863193, 0.8871082522391331, 0.8824421742225304, 0.8847793934743676, 0.8908848873605106, 0.9097643211923426, 0.9328928800446976, 0.9583015505617115, 0.9839263823616071, 1.010175603888584, 1.0367345703919633, 1.0634266930204843, 1.1119293062616646, 1.1597433850006056, 1.1837473928576006, 1.2068423741815801, 1.2283216215846382, 1.2367153862043678, 1.2404198379820233, 1.2348986333775611, 1.2229415499487393, 1.1940487035300942, 1.1635745995939117, 1.1320920514716637, 1.1007830027201466, 1.0690962328834939, 1.0371374552335075, 1.00501614138969]}