{"x": [2.2393649099566435, 2.241085493050527, 2.247712823177662, 2.254158946227117, 2.2638226764498435, 2.278886729236654, 2.3000696760661428, 2.3148903880322225, 2.3278486202277047, 2.3475622100873403, 2.3610688218983062, 2.370634197679955, 2.3770364863804723, 2.381236438979564, 2.384410278995275, 2.3815806139438287, 2.3732886761344942, 2.3665203658925726, 2.357349709981246, 2.343711471418903, 2.333538233310247, 2.3195850742174633, 2.3025146533260683, 2.2905770249980817, 2.274460236491266, 2.2632403054327654, 2.2546504827769844, 2.2481814341298176, 2.2434323578229813, 2.240408559390789, 2.2393649099566435], "y": [1.1639513974271822, 1.1226624308438482, 1.0818725097469817, 1.061152950280355, 1.0417244926719356, 1.025221785327435, 1.018112087747291, 1.021264591662022, 1.0291179987240475, 1.051571822229311, 1.0773779376075903, 1.104889530431072, 1.1321956649916247, 1.1599260577657842, 1.2158845566841288, 1.2712383186216953, 1.3260405971537992, 1.3536235018493583, 1.3805033404859879, 1.4063571607874605, 1.4173715642325286, 1.4228598433979507, 1.4154455551058305, 1.4011674610386624, 1.3687286648192862, 1.3352981435262328, 1.301097243631273, 1.2671515375306326, 1.2329228094312379, 1.1984954910465078, 1.1639513974271822]}