{"x": [2.238739851135013, 2.2405353712422413, 2.246494115567869, 2.2554789279293863, 2.265504749400717, 2.2777950259063453, 2.2895387870050494, 2.300489643639187, 2.310502875937288, 2.31942279984186, 2.3233323351041895, 2.3267936285120823, 2.3297408819835677, 2.332044853603856, 2.333571286476637, 2.3341486843766828, 2.332173798323114, 2.3257825833890027, 2.316004718394107, 2.3048427115562857, 2.2924688345614577, 2.2808178876873946, 2.27019335332417, 2.2606797055377355, 2.252409764510852, 2.2488068515736392, 2.2456148239309472, 2.2428852497524856, 2.240728613185375, 2.2392787419767175, 2.238739851135013], "y": [0.8261140492711576, 0.816064735562071, 0.807775829449628, 0.8031449383105868, 0.8018585053592334, 0.8034196103014267, 0.807365750248503, 0.8130983809925949, 0.8203454145383858, 0.8290593780992964, 0.833924281935817, 0.8391176626507724, 0.8446610670619943, 0.8505012169114801, 0.8565997300741741, 0.8628597997044324, 0.8740256066359278, 0.8833919181309619, 0.8890238511725926, 0.8906776096181512, 0.8888721050118604, 0.884330286465921, 0.8778196553472091, 0.8697723232554565, 0.8604486299768125, 0.855358455747419, 0.8500010482729954, 0.8443592157706219, 0.8384745094994507, 0.8323675664291907, 0.8261140492711576]}