{"x": [2.2819312810863512, 2.2836220778294236, 2.289610464493024, 2.2952223915453813, 2.3031786396923315, 2.3140383003032188, 2.32698981804059, 2.335669327542806, 2.343804363061788, 2.3576006126605216, 2.36805004148927, 2.3758500959182154, 2.381270900441847, 2.384923911748221, 2.3870194367106414, 2.3877010773741927, 2.385609830096603, 2.3791072482772058, 2.3736372912134334, 2.36619962012951, 2.355563440250658, 2.340832299108237, 2.331052827916482, 2.322636105520999, 2.3098918015178835, 2.3007879632018855, 2.2938494576174766, 2.2887396811445275, 2.285045582464106, 2.2827432211333396, 2.2819312810863512], "y": [0.9287763857075614, 0.9040387890100959, 0.8799774775504092, 0.8682191038080912, 0.8579015850303435, 0.8503544636635213, 0.8476806166582178, 0.8489423668474625, 0.8522206432000624, 0.8628509894916928, 0.8764544861895794, 0.8917320788062841, 0.9073689607490636, 0.9235106058626, 0.9399168341141625, 0.9564422967798879, 0.9858724251091624, 1.0146512749530257, 1.0289502842157892, 1.0423317320082919, 1.053889927222596, 1.0593409527838396, 1.0572016524515169, 1.0517819248919789, 1.0367545139636, 1.0198605213882899, 1.0019679531692334, 0.9840741457294313, 0.9658354013857127, 0.9473685182679439, 0.9287763857075614]}