{"x": [2.2816739336940985, 2.2839597529294817, 2.2925696497342125, 2.300880508146867, 2.3127535653913274, 2.328640615386873, 2.3470854020545517, 2.360256704255143, 2.3727662230533366, 2.39452186383549, 2.4114211754286417, 2.424106070312732, 2.432867055631256, 2.438689984709551, 2.4419682927142454, 2.4430088756496384, 2.4396760240363182, 2.429682034446352, 2.4214983389556806, 2.4105102063471935, 2.3947698039566254, 2.3720761033403215, 2.3565783294538103, 2.343719536584939, 2.3247565535015733, 2.311197800761289, 2.300699144333262, 2.292772860604236, 2.2868879763216614, 2.2830917397954917, 2.2816739336940985], "y": [0.9133916306048417, 0.8781712917149676, 0.8439431319907533, 0.8273387595402066, 0.8130626934258516, 0.8030597623324973, 0.7995602148184311, 0.801157078041608, 0.8055780635935482, 0.8204915194375073, 0.8403177995649848, 0.8630721740410106, 0.8866370802093917, 0.9110942501892798, 0.9359983960053475, 0.9610958255421779, 1.0072817612454674, 1.052496457183187, 1.07500315031655, 1.0962818967425427, 1.1151926814712758, 1.1246992054843443, 1.1207651522537307, 1.1112620361219465, 1.0862608827244284, 1.0589095724611766, 1.0302440502751928, 1.0016250833546072, 0.9725177066549576, 0.943059539766714, 0.9133916306048417]}