{"x": [2.2850632988991344, 2.2864273976848013, 2.2912838309664862, 2.2958962708878583, 2.3026705088489603, 2.312908785624508, 2.326789666277431, 2.3365332138870705, 2.3451424297429546, 2.3584928315891034, 2.367870849953948, 2.3746649707685057, 2.3793244619706497, 2.3824507354830047, 2.3848355644459542, 2.383079553047975, 2.3775431100210973, 2.372854158977536, 2.366383079884591, 2.356690707083757, 2.3497843699041683, 2.341258975573582, 2.3304217305169583, 2.322005876114754, 2.310175577195385, 2.301958616694146, 2.29574140044845, 2.291155498576257, 2.2878483602428883, 2.2857897989546445, 2.2850632988991344], "y": [1.0939964404296927, 1.0671132533471543, 1.0406371968244705, 1.0272774597971526, 1.0148731510492326, 1.004578963438175, 1.0003229368635778, 1.0023427131350522, 1.0073324644870663, 1.0217451039008671, 1.0384808418831648, 1.0564216355283935, 1.0743299260825563, 1.0925684606388502, 1.129467291088784, 1.1620587723436944, 1.1942245309237303, 1.2104105245884362, 1.2259700164880991, 1.2403834451796236, 1.2459364432202187, 1.2483553132012295, 1.2448376588779333, 1.2371569579309873, 1.2182855767677427, 1.1982556415459116, 1.1775176819783955, 1.1569224338361241, 1.1360835860256748, 1.1150840869251784, 1.0939964404296927]}