{"x": [2.247362414916992, 2.249174422680936, 2.2560789420991765, 2.262860222342311, 2.272987347373562, 2.2882215337761136, 2.3082267693948975, 2.3226933745866374, 2.335747821237716, 2.3565181128934514, 2.3712798486446, 2.3819029646026197, 2.38907193445501, 2.3937981081187023, 2.397299399287067, 2.394463569787986, 2.385890957729103, 2.37885121668289, 2.369301920905787, 2.355154205220478, 2.34489545322964, 2.3316555718514387, 2.3148810108409563, 2.3024837432582594, 2.2853490286702303, 2.273338681702658, 2.264095843044475, 2.2571114502187375, 2.251945853721831, 2.2486210870596297, 2.247362414916992], "y": [1.0730110833258122, 1.0345507594083665, 0.9966719064746437, 0.9775584878991594, 0.9599872082081693, 0.9458573481378737, 0.940242730716288, 0.9428591458550204, 0.9496200419928136, 0.9699654897845842, 0.9942825715656243, 1.0206715601039333, 1.0470955255342882, 1.074063717173879, 1.1286527072360177, 1.1800137305139784, 1.230733617773267, 1.2562293323782763, 1.2808951055747364, 1.3041779480325804, 1.3136117619852048, 1.3179642761084893, 1.311775015215301, 1.298890893049575, 1.2685397632391595, 1.2368436263900642, 1.2042328389267591, 1.1718382742249136, 1.1391044052480048, 1.1061293840344655, 1.0730110833258122]}