{"x": [2.1309951662991033, 2.1322294639517954, 2.1368105891340963, 2.147602726599509, 2.1567128849878703, 2.1679823790157062, 2.1767399721557243, 2.184766946056379, 2.1918064839081213, 2.1979459502065875, 2.2077136044060977, 2.214999378652672, 2.220103374043394, 2.2235803094183475, 2.2256040703516686, 2.226277964367355, 2.2246886656624736, 2.2195800124634624, 2.215184857611749, 2.2091007266618954, 2.2001627139289934, 2.1872976509102315, 2.177616867681739, 2.1695675122550977, 2.1576536759105864, 2.1491441526178185, 2.1425998472585746, 2.1377107916644227, 2.1341250382876877, 2.131842454897873, 2.1309951662991033], "y": [0.8807474976672556, 0.8591971116703384, 0.838103133397484, 0.8182296650562421, 0.8110836782872388, 0.8084268724756716, 0.8098912567376374, 0.8136869844506055, 0.8190024594513756, 0.8253362040957335, 0.8395689018020942, 0.8552179990984181, 0.8710889263847722, 0.8873937729733069, 0.9039343635133029, 0.9205846671316357, 0.9465385478306161, 0.9720342622980023, 0.9847953380799813, 0.9968429848157131, 1.0074553834845263, 1.0126516543245268, 1.0102102358976939, 1.0043038016884986, 0.988744079199993, 0.9716760773636881, 0.9537623747670937, 0.9358740855336047, 0.9176796872466347, 0.8992744105266699, 0.8807474976672556]}