{"x": [2.273932158147514, 2.2754159139912082, 2.28073351899806, 2.2857709506025388, 2.2930220353718678, 2.303228588877067, 2.315754975632344, 2.3246538613927386, 2.3328757568368834, 2.346493322574229, 2.3566006626830633, 2.36409875115377, 2.369305900603002, 2.3728236642076403, 2.374850740915336, 2.375515696305315, 2.373654075585309, 2.3677883565450886, 2.3628098002082765, 2.3559796871561423, 2.34604506153862, 2.331837049613445, 2.3218853156413894, 2.3135210002102395, 2.301111174381651, 2.2923012881718026, 2.2855795195406348, 2.28060711600075, 2.2769986688195885, 2.2747371288371494, 2.273932158147514], "y": [0.9400231289026757, 0.9160720499512837, 0.8926716484305701, 0.8810978152015391, 0.8707657726904368, 0.8629565013944416, 0.8600845530163955, 0.8615083947760092, 0.8651986425235897, 0.8767674351974342, 0.8911170883099954, 0.9069868563553055, 0.9230974480523823, 0.9396591783194296, 0.9564597421299587, 0.9733690832957133, 1.0021073250186363, 1.030302103066557, 1.0443795468545556, 1.0576577245344234, 1.0693427471770696, 1.0751193324533008, 1.0726752065774092, 1.0667549880243496, 1.0508982498234805, 1.0333949659153092, 1.0149885303812474, 0.9966192995601855, 0.9779342106692631, 0.9590375784885554, 0.9400231289026757]}