{"x": [2.3451814020521886, 2.3481462962905213, 2.358088430602367, 2.3655148028927346, 2.3740035169224463, 2.3830424939997656, 2.3923071379424536, 2.4101036477303093, 2.4271002133450295, 2.442851701242736, 2.4570387774737403, 2.4693152785938266, 2.479031936971533, 2.485503699883819, 2.4878860379290333, 2.4870649127791697, 2.484458107267321, 2.479999525078023, 2.4737295735529443, 2.4657707982675685, 2.4564817307893603, 2.4463203689880406, 2.435755832730366, 2.417572119835171, 2.4006555740115676, 2.3856190165674263, 2.372577173197444, 2.361736798232909, 2.353201279887844, 2.347394664078773, 2.3451814020521886], "y": [0.9883877744739674, 0.9701003139368835, 0.9544677909138678, 0.9488580308533952, 0.9450419926653002, 0.9429341084145235, 0.9423749525917006, 0.9444790160287443, 0.9501587696220678, 0.9586294273899223, 0.9695192520913303, 0.9826807097166226, 0.9978307261042307, 1.0146794166477546, 1.0325703795526013, 1.0430936351630138, 1.0533219155745595, 1.0629044012767401, 1.0714126734423663, 1.0784582954394355, 1.083625124133516, 1.086702144183541, 1.0877566107339118, 1.0849499714094901, 1.0777142878654011, 1.0672473828091718, 1.0543801965301163, 1.039789447260935, 1.0237411258475007, 1.0064720247927874, 0.9883877744739674]}