{"x": [2.259580959794378, 2.2610519083462526, 2.2663281100628456, 2.2713019541293735, 2.278371821381379, 2.288004656442646, 2.2994449677369153, 2.3077393356502878, 2.3155013674995244, 2.328659311725552, 2.3386677143222765, 2.346191906065516, 2.3514677403967688, 2.3550510397764475, 2.357125034848348, 2.357809418284173, 2.3560001445289176, 2.3502738106020398, 2.3454016519231304, 2.3387331648568184, 2.3291722018953545, 2.316039917386267, 2.3067865927996123, 2.2988185777501293, 2.2866991408682296, 2.2779729813183307, 2.2712740818812245, 2.266300487222482, 2.2626757603771877, 2.260394988302654, 2.259580959794378], "y": [0.8518873261242809, 0.8300317303240289, 0.808771616192819, 0.7983877741652374, 0.7893004050690177, 0.7826975301284268, 0.7803504582742073, 0.7815453539572863, 0.784703704214504, 0.7948834501493569, 0.807851579777521, 0.8224024232995284, 0.8373173163122309, 0.8527266779806059, 0.8684013765795848, 0.8841978714768672, 0.9103284806938436, 0.9358880446441477, 0.9485929366317749, 0.9604539437920533, 0.9706201237335298, 0.9753430815912032, 0.9733105721411613, 0.9681855505078703, 0.9540107827941573, 0.9380704129403051, 0.9211776334798544, 0.9042569007707066, 0.8869968545789696, 0.8695067348946236, 0.8518873261242809]}