{"x": [2.1638248910917355, 2.1650161861765067, 2.16926477814799, 2.17720443045354, 2.187117006775838, 2.193593715941676, 2.1998735526114785, 2.205863959940028, 2.211547204258721, 2.2168771977869577, 2.2218844675291254, 2.230893701918315, 2.2384234166889505, 2.244349821140683, 2.248364427547031, 2.249928692458555, 2.2486517585763917, 2.2440997181737257, 2.235563061357821, 2.2245543527514946, 2.21797619633768, 2.211653710042525, 2.205702385060248, 2.200132867506967, 2.1949887821558107, 2.1902086600264576, 2.1817097208947946, 2.1746962530320886, 2.1691458645855395, 2.1653188005511814, 2.1638248910917355], "y": [1.0118176125521687, 1.0019476458423158, 0.9929596041706028, 0.9867224707378611, 0.9848039445208204, 0.9854569910439207, 0.9871710163590189, 0.9896853741671702, 0.9928330255397628, 0.9964729776702741, 1.0005454870014645, 1.0097745047953868, 1.0201408711315685, 1.0315002674983447, 1.043695679404074, 1.0564392350866478, 1.0674167328903148, 1.0774872317032547, 1.0848389163713918, 1.0872326815798568, 1.0864525575361927, 1.084475968966032, 1.0816051116205903, 1.0780497543718401, 1.0739981471609774, 1.0695229301249485, 1.059574831839856, 1.0487217133450026, 1.0370524331351116, 1.0246810054455227, 1.0118176125521687]}