{"x": [2.1975362585858407, 2.1993506020017777, 2.206217188776968, 2.2228240723368797, 2.2372406303039925, 2.255345825918525, 2.269099918012386, 2.281685678743722, 2.3021983869265243, 2.317132400416012, 2.3280179891210477, 2.335427854575576, 2.3403378693011447, 2.343106466660935, 2.3440549543588816, 2.341262010716002, 2.3330056894697577, 2.3261797614780404, 2.3168983510250984, 2.303181993528266, 2.2934403855937346, 2.281330435538072, 2.265332470877416, 2.2531138836143905, 2.235932302342358, 2.223801010240741, 2.2144264859853453, 2.2073272261524504, 2.2020669660324756, 2.1986915355334022, 2.1975362585858407], "y": [0.9727988317395484, 0.9381957219502151, 0.9042322557669411, 0.8718843047958222, 0.8600644060489083, 0.8556204166513118, 0.8579291402879472, 0.8639377907995293, 0.8824363140536077, 0.9050383428642197, 0.9298452052979236, 0.9548631441221886, 0.9804892075042919, 1.0064182627133034, 1.0324774531546708, 1.0789350267943818, 1.124738300063443, 1.147738481294441, 1.1698621575172314, 1.1904198846837202, 1.1984334480506007, 1.2019640616848717, 1.196586533973835, 1.1849435617217687, 1.1568248048778342, 1.1271666000237792, 1.0965251957118873, 1.0660460935818254, 1.0351963801261075, 1.0040782089892668, 0.9727988317395484]}