{"x": [2.2919748955168133, 2.2935701556690504, 2.29910682675846, 2.3082313584119247, 2.3188326078785453, 2.3250584181536347, 2.33117125998572, 2.337103218369132, 2.3428241480740577, 2.3535008344651684, 2.363067204556513, 2.3713330847536387, 2.377968609631264, 2.382528250199836, 2.384293331090104, 2.3825108293400215, 2.376572200452519, 2.3667464711843222, 2.3550283296119043, 2.3487317216846297, 2.3425864707241013, 2.336682317393401, 2.3310546087490724, 2.325753465216211, 2.320759730977457, 2.3160829104629146, 2.311730795649694, 2.304093966218211, 2.2979643886461276, 2.293681236275235, 2.2919748955168133], "y": [0.9099559336276137, 0.8993536045404568, 0.8901721280647811, 0.8845290266027858, 0.8828812457460189, 0.883348645883418, 0.8846184258666228, 0.8865460361110715, 0.8890309455316207, 0.8953783846340518, 0.9033008955194105, 0.9126144667900219, 0.9231518855842243, 0.9347848582198355, 0.9471542100179797, 0.9588577875875627, 0.9690990632577521, 0.9758103503169162, 0.9778771080993293, 0.9773137663876506, 0.9758303527885301, 0.9735931572449, 0.9707308215085808, 0.9673645845499985, 0.9635571848638587, 0.9593687003040706, 0.9548437528253283, 0.9449778941694376, 0.9341112199049081, 0.9223530471147233, 0.9099559336276137]}