{"x": [2.2466916903998015, 2.2484882820503396, 2.255341089647347, 2.2720867504009266, 2.287427388141513, 2.307983532971099, 2.3233816782862813, 2.3370787884323816, 2.3486752077924185, 2.358512197888877, 2.3735935496448795, 2.3844250458183156, 2.3917454517908676, 2.3965774059290306, 2.4001631375397916, 2.3973508483184953, 2.388814310582689, 2.381786867780006, 2.372228811534828, 2.3579962761718454, 2.3475409294076783, 2.333791447605818, 2.315977742880606, 2.3031523746474956, 2.285567207810425, 2.273237623663499, 2.2637421211453344, 2.256554194557321, 2.2512446171460585, 2.247846966479004, 2.2466916903998015], "y": [1.1296295985714313, 1.0900647700231416, 1.0510565346406902, 1.0130238930241644, 0.9980846225455674, 0.9920878001815432, 0.9951636995574313, 1.0028417989162346, 1.0132124134891407, 1.0252648080410875, 1.051562140912689, 1.0798760169736055, 1.1081528937072398, 1.1369595304532887, 1.1952119973217505, 1.248901762883292, 1.3019830912408477, 1.3286926605582754, 1.3546046193086567, 1.3792372818070344, 1.389378506269508, 1.394185840222705, 1.387090652965739, 1.372836541701491, 1.339892540025834, 1.3057088642670303, 1.2706321231762918, 1.2357892884660338, 1.2006112014373898, 1.1651923155911537, 1.1296295985714313]}