{"x": [2.2814166477703597, 2.28305361720655, 2.2889341437825554, 2.294481419564095, 2.3023699050768354, 2.3131256925405506, 2.3258942491378725, 2.3348669949551906, 2.3432705476431077, 2.357540132651635, 2.3684035876422236, 2.376560694686096, 2.3822675731117027, 2.3861328064085567, 2.388362046026574, 2.389092365961977, 2.387046054803698, 2.3806249456528525, 2.3751939901462196, 2.367788444780956, 2.3571991269803947, 2.3426177490349605, 2.332530533413738, 2.32384433525691, 2.310666860689179, 2.3012164008063203, 2.293982254449586, 2.288627200719933, 2.2847340027990524, 2.282289014201612, 2.2814166477703597], "y": [0.9321924861588955, 0.9078356584291835, 0.8841427452866679, 0.872566415333911, 0.8624394473727273, 0.8550961467916862, 0.8525319724978627, 0.8538551435721143, 0.8572670713871963, 0.8682550582328024, 0.8822812016892753, 0.8980358505037965, 0.9141924536002161, 0.9308856934457578, 0.9478645270580205, 0.9649734993503412, 0.9940761206808693, 1.022535202095025, 1.0366718953711147, 1.049881712642383, 1.061241653350834, 1.0665863069030497, 1.0644115230517395, 1.0588409247562882, 1.0433882171133526, 1.0260118994477943, 1.0076022624578571, 0.9891785488812498, 0.970391509935498, 0.9513602844264737, 0.9321924861588955]}