{"x": [2.338456536006157, 2.340127535453599, 2.34606547390346, 2.351659584376601, 2.3596715815996014, 2.370873846699454, 2.3845534082247726, 2.3936731718783313, 2.402140927876502, 2.4162600953556623, 2.4267686524602037, 2.4345449289977794, 2.439920546965172, 2.4435345788377165, 2.4456067331410565, 2.446283470691801, 2.4441886830650175, 2.437658919259665, 2.4321658257783496, 2.4246776629014506, 2.41385485447242, 2.3984094877836895, 2.38809898328604, 2.3793891311523288, 2.3664497864884835, 2.357300631077937, 2.3503530096001457, 2.3452455189886336, 2.3415594618945477, 2.3392649248755153, 2.338456536006157], "y": [0.9924497983381425, 0.9663133719399554, 0.9408056101607074, 0.9282210832106955, 0.9170196417391742, 0.9085949555094439, 0.905539521348512, 0.9069766147804698, 0.9106552605889703, 0.9223231972176872, 0.9369465687747115, 0.9531885603805879, 0.9696973451447378, 0.9866789827732066, 1.0039069136160674, 1.0212458135486082, 1.0524614486190735, 1.0830582816692456, 1.0983131969890751, 1.11269422386961, 1.1253528462724267, 1.1315829787974407, 1.1291754096202227, 1.1231553292097947, 1.1068650682043195, 1.0888142327232235, 1.069807121893503, 1.0508500049758005, 1.0315660291078093, 1.0120668586606254, 0.9924497983381425]}