{"x": [2.178722308294464, 2.180552209533275, 2.1875178757003604, 2.2043661110276616, 2.218834829215633, 2.2367672466319743, 2.2507155800131367, 2.2635342958031037, 2.274796088984618, 2.284602580177349, 2.3000886790066652, 2.3114422647996826, 2.3192058574612116, 2.32436524579098, 2.327283351168745, 2.328214218375077, 2.3254773426117703, 2.3171249370349822, 2.3101985287933906, 2.3007709271430232, 2.286851923025193, 2.264974633044962, 2.248756355034209, 2.236250163057022, 2.2185558740351135, 2.2060184132967136, 2.1963051535790017, 2.188931686881187, 2.183452599964179, 2.179925231628265, 2.178722308294464], "y": [0.9668437998026522, 0.9326188715001279, 0.8990603591566781, 0.8672815567072667, 0.8558796595339692, 0.8516635629080045, 0.8539418455913771, 0.859893912593138, 0.8682870900038091, 0.8783422450596557, 0.9010533023976167, 0.926087428545739, 0.9514155500761502, 0.9773995417505653, 1.0037142009964415, 1.030173795030865, 1.0763137756779229, 1.1217739299246419, 1.1445908121923127, 1.1664929941536593, 1.1867287656399277, 1.1978916195043077, 1.192586467324271, 1.1809773181945042, 1.152726638540803, 1.1228315363274124, 1.0919032702303244, 1.0611203742061954, 1.0299445132664877, 0.9984812815623758, 0.9668437998026522]}