{"x": [2.215055137376493, 2.217279012612522, 2.2251498897667643, 2.2388692565063093, 2.2551584133326807, 2.2653704479847367, 2.275359740440795, 2.285013279965632, 2.294292243095392, 2.3031244683124634, 2.311520658523605, 2.3268717057663673, 2.340025659170902, 2.3504976055571714, 2.3576231458193453, 2.3604134441800344, 2.3578891446044845, 2.349144095090338, 2.333791626492298, 2.3146506195122387, 2.3041836279153296, 2.2940440209710147, 2.2844197742098813, 2.2753588830336993, 2.266940451473151, 2.2590899254330505, 2.245069009760116, 2.233409815362, 2.2241091894574554, 2.2176230644103336, 2.215055137376493], "y": [0.9611157342360476, 0.9448821937371961, 0.9305112942867056, 0.9213551380263058, 0.9187629206193593, 0.9195543583282922, 0.9218184390709447, 0.9251970246122067, 0.9294989438180727, 0.9345683862896442, 0.9403313229712316, 0.9536918650573657, 0.9692366707609701, 0.9867010863943259, 1.0058366911851429, 1.0260643685059956, 1.0452211576275072, 1.062451327875892, 1.0745751317125947, 1.0786132950715956, 1.0774747934740616, 1.0746388685822208, 1.0704123288245222, 1.0650841006822613, 1.0589245363858724, 1.0520558055602618, 1.0366340877930966, 1.0196358205211193, 1.0012408140778921, 0.9816203364409031, 0.9611157342360476]}