{"x": [2.206614329326924, 2.2084575818614325, 2.215463008146596, 2.232430788266081, 2.2470607953026995, 2.2652709481143223, 2.279328750284087, 2.2922352413219107, 2.3134047549673156, 2.3289277414185503, 2.340290820413384, 2.3480504315294284, 2.353201565327524, 2.356110820483741, 2.357103821411261, 2.35425746817214, 2.345814343318302, 2.3388216925540553, 2.3293099587903323, 2.3152676133124057, 2.305349617446867, 2.293127305129725, 2.2767966096745296, 2.2642335535012648, 2.246490162274598, 2.233932624992698, 2.224211666938388, 2.21683760826533, 2.211361089643441, 2.2078354793641326, 2.206614329326924], "y": [0.9739870846462155, 0.9392146098840143, 0.9051052770914041, 0.872739555081143, 0.8610572166026863, 0.8567092891890669, 0.8590148484179497, 0.865044765025391, 0.8837103739792865, 0.9066492004208985, 0.9319085215250134, 0.9574424103994956, 0.9836274608352074, 1.0101386507830894, 1.0367904970075936, 1.0835672824591498, 1.1296637359739845, 1.1528023938561969, 1.1750244903844016, 1.1955849028389411, 1.2035194136311191, 1.206974581517383, 1.2015935255329475, 1.1898539771112515, 1.1613384366784303, 1.131188719598294, 1.1000085952062244, 1.0689813647300155, 1.0375636385850255, 1.0058613895594966, 0.9739870846462155]}