{"x": [2.272234804334565, 2.2748085263329814, 2.2844694820906626, 2.29357421573194, 2.306080113963922, 2.3217415170158127, 2.3390980637203973, 2.3631669854118496, 2.3844968128746764, 2.401929961783492, 2.415458868970127, 2.4250461095037887, 2.431478061898566, 2.4351097935720416, 2.4362609213528987, 2.4326507241074284, 2.4282041946787944, 2.4219114927903225, 2.413177448998709, 2.4015749102010933, 2.3854628776141555, 2.3638821274778716, 2.3494560977172467, 2.3368763783595274, 2.317486162806741, 2.303336306325016, 2.292311509249829, 2.2839708945686876, 2.277756992785817, 2.273735737649378, 2.272234804334565], "y": [0.8221797643474755, 0.7889255638802182, 0.7570017196961323, 0.7421018527775836, 0.7299156015787787, 0.7219975147256584, 0.7194040746436634, 0.7241143300453335, 0.7362196164006508, 0.7532044830318996, 0.7734373534583533, 0.7950269551255426, 0.8177570248480378, 0.8410717592047366, 0.8646395596516111, 0.9075604503703176, 0.9286541945062367, 0.9492726223942728, 0.9698038166159947, 0.9888614804438014, 1.0050496798369415, 1.0125280899106066, 1.0095631378967944, 1.001904682701413, 0.9803133231566373, 0.9558098035813467, 0.9297503569356284, 0.9035714812334639, 0.8768079461358447, 0.8496212408840264, 0.8221797643474755]}