{"x": [2.2879008660831137, 2.289195294597591, 2.293826221589993, 2.3047775467573293, 2.314874642452277, 2.329048996745261, 2.3395184814962717, 2.348565092851249, 2.3622856855126297, 2.371824480058932, 2.3787306662608523, 2.3834836707688427, 2.3866817554875346, 2.3885246954208728, 2.389130936832691, 2.3874497856196455, 2.382109103683016, 2.3775657190651165, 2.371265561504222, 2.361743729658457, 2.3548318226569527, 2.346083942159104, 2.3345006179734233, 2.3257833288380505, 2.313692897259739, 2.3052983252750527, 2.2989303789653284, 2.2942107134637784, 2.2907948216314136, 2.2886590262407727, 2.2879008660831137], "y": [1.151965225954696, 1.124358368205937, 1.09711192522469, 1.070354884368924, 1.0593506161265467, 1.054646050110419, 1.0570667070095483, 1.0628657167325049, 1.078996006984601, 1.097311897685206, 1.116773784687691, 1.1361508585968851, 1.1558443676612298, 1.1757043763433555, 1.195640495419108, 1.2293634604588464, 1.2627032528535853, 1.2795069343631928, 1.2957338894309307, 1.310942466053485, 1.3169634940785175, 1.3197024398010626, 1.3156108806035016, 1.3069550660266966, 1.2862564693688434, 1.2645165082709517, 1.2420990149422946, 1.219844442308084, 1.1973528232341388, 1.1747029442482984, 1.151965225954696]}