{"x": [2.226107910693003, 2.2277244164317085, 2.2336965262913164, 2.2393104143411047, 2.247103425546807, 2.257107152121532, 2.26836997482461, 2.277216172059231, 2.2856299485468723, 2.300434169361054, 2.312270733025928, 2.3214798730177466, 2.328133273205026, 2.3327294421577958, 2.3354227583038507, 2.3363181158624164, 2.334304726648838, 2.3278861577992753, 2.3224089847638703, 2.3149690591924568, 2.3046724358787163, 2.2915172616817427, 2.2817055368030332, 2.272953790673495, 2.259051177624393, 2.248719767687027, 2.240652058425691, 2.2345710113414357, 2.2300692001412683, 2.2271790070543913, 2.226107910693003], "y": [0.8197467079606747, 0.798248512261117, 0.7775333146283517, 0.7677126680919464, 0.7595132892266689, 0.7540477433474986, 0.7522883224489626, 0.7534389709617105, 0.7564033533138597, 0.7661847242810178, 0.7791427099338707, 0.794082769243767, 0.8097747703524774, 0.8261876270144192, 0.8430067227463364, 0.8600165513152644, 0.8856912843104706, 0.9106321669015881, 0.9228698199262211, 0.9340236122634893, 0.9430444177753887, 0.9468308112567729, 0.9450530218321528, 0.9402741705038637, 0.9263346818387908, 0.9101032483965569, 0.8926358636421604, 0.8749774122724088, 0.8568519127113798, 0.8383964121942769, 0.8197467079606747]}