{"x": [2.2369904866330206, 2.2393275722914905, 2.2474710057917977, 2.260108248132019, 2.274336262631078, 2.292102641647588, 2.3090448599427345, 2.3248132499702523, 2.3392001482265794, 2.351959015680519, 2.362433828255887, 2.3665892793571506, 2.369821507357183, 2.3719584407185654, 2.372794489687095, 2.3701227996380587, 2.3612143397748686, 2.3470471370824373, 2.330499938435416, 2.3125060177741923, 2.2957198334090116, 2.280609136104362, 2.2672289381267685, 2.2612437256066706, 2.2557437140715644, 2.2507665603803484, 2.2463687011109426, 2.242617018878637, 2.239655479437985, 2.2376645863907236, 2.2369904866330206], "y": [0.8380622672406154, 0.8238025976383144, 0.811865904739195, 0.8050764437225774, 0.8032433375401034, 0.8054773507456753, 0.8112735803478008, 0.8196600970254988, 0.8302427689285362, 0.8429471788875036, 0.8575919401564223, 0.8656419799754231, 0.8741050537136282, 0.8829188789251816, 0.8919494393271182, 0.9085248731156531, 0.9227559052589007, 0.9317586462633676, 0.9345780778830317, 0.9317068868507321, 0.9246182386605241, 0.914575755898318, 0.9023219836161858, 0.8955383594801439, 0.8883557277588653, 0.8808003093380694, 0.8728936513698886, 0.8646155053101312, 0.856022944230899, 0.8471402981736368, 0.8380622672406154]}