{"x": [2.245897257168358, 2.2480984684626684, 2.256233841121181, 2.264071341028314, 2.275285292147189, 2.290353757473853, 2.3079226194831457, 2.3209896788532496, 2.3333709680639916, 2.3547947322666496, 2.37135488452478, 2.3837720450196245, 2.3923520404055805, 2.3980636319573265, 2.4012850442237346, 2.4023057230029083, 2.39916947777534, 2.389726475804662, 2.381956897876391, 2.3714888199003226, 2.356428934004705, 2.334618927779421, 2.3193272750637717, 2.306711559238284, 2.288155938435692, 2.2748753055860385, 2.2645754238023335, 2.2567830332674146, 2.250992541253969, 2.2472617391545864, 2.245897257168358], "y": [0.8900864847180154, 0.8564962973281396, 0.8238319171601903, 0.807955379860294, 0.7942536229753984, 0.7845785770880255, 0.7811144396886001, 0.7826881541118743, 0.7871522660221872, 0.8021554696705994, 0.821954059200551, 0.844582291907354, 0.8679596131502793, 0.892197871983454, 0.9168700308171988, 0.9417306650274805, 0.9861454873056652, 1.029658039355757, 1.0513412489789342, 1.0718582483753631, 1.0901200398169568, 1.099318779855591, 1.095344720416505, 1.0858330693814862, 1.0610061778621542, 1.0339337850976045, 1.0055929648178907, 0.9772977124789576, 0.9485259753500525, 0.9194093886437653, 0.8900864847180154]}