{"x": [2.337856303108667, 2.338738112104928, 2.3415801255761197, 2.3465742905154725, 2.3535509998417354, 2.3710678197911563, 2.3904715986927236, 2.408869986749282, 2.426666035254936, 2.443477777513799, 2.4589615897942507, 2.472827918131281, 2.484114680269569, 2.4918435433461177, 2.4947231342651777, 2.4936572943771025, 2.4903474238631556, 2.484849515901716, 2.477385210062709, 2.468351843437341, 2.4581423844176578, 2.447213072290587, 2.435956457210914, 2.4172128650280142, 2.3994767168368245, 2.383350736755983, 2.369083467805608, 2.356937062392465, 2.3472100775852036, 2.340470657996691, 2.337856303108667], "y": [0.9257837141863429, 0.9158760078634568, 0.9063437892803559, 0.8977094380464613, 0.8905806771689629, 0.8818999465707489, 0.8795151134113222, 0.8813562848544156, 0.8863753737106721, 0.8940268555047636, 0.9040981716395822, 0.9167137915017386, 0.9316816880303247, 0.9488584775437311, 0.9674725952661151, 0.978783986707181, 0.9896526732966886, 0.9996019837199729, 1.0081751924654248, 1.0149876981364847, 1.0198640587293801, 1.022728082118936, 1.023698190615418, 1.0212351221758273, 1.0146915756300228, 1.0049230770068345, 0.9925976627899987, 0.9782251028477571, 0.962116365767741, 0.9444810351457134, 0.9257837141863429]}