{"x": [2.3029550639911385, 2.3048258390499448, 2.312033748886175, 2.31905681812844, 2.329535452866893, 2.3454759653532062, 2.366889713645216, 2.3817652349533973, 2.3950750890920935, 2.415938963895113, 2.430538746792924, 2.440951395702788, 2.4479321677840336, 2.4525140534283487, 2.4558913388608814, 2.4529156623023884, 2.4439869902724167, 2.4367007621656716, 2.4268461688575838, 2.4122555621201576, 2.401556300689085, 2.3874302995576304, 2.3701001689193864, 2.3575509093715157, 2.3403842972306386, 2.3284183672726915, 2.3192520886617474, 2.3123563409641155, 2.307289809392712, 2.3040622674051776, 2.3029550639911385], "y": [1.1442639428005823, 1.1029156245694989, 1.062157444339607, 1.0415467782783128, 1.0224595765166633, 1.0067940372276891, 1.0003940025694111, 1.0032186011749087, 1.0104371380265824, 1.0318842517507287, 1.0572137764750518, 1.0845325470568914, 1.1117779328902608, 1.1395276815738413, 1.1956236156272384, 1.2509021318049505, 1.3055358925904899, 1.3330064296316606, 1.3596636334626337, 1.385032277244104, 1.3955255263288244, 1.4005293811986796, 1.393766684373948, 1.3800341106500595, 1.3481257810109213, 1.3149770880321854, 1.2809477086316796, 1.2471652894533742, 1.2130605472657534, 1.178729044317469, 1.1442639428005823]}