{"x": [2.255749021542546, 2.2570000513507993, 2.261475445056161, 2.2701270916899507, 2.2812482288643556, 2.288210445546419, 2.294943556859089, 2.3013396340345054, 2.3073802963263477, 2.3130140250428286, 2.318279958625354, 2.3276780114543025, 2.3354199105220643, 2.3414296722346917, 2.3454295096175475, 2.346948282749701, 2.345565785417698, 2.340708457902268, 2.331404949700745, 2.319044772417223, 2.3119581435548833, 2.3051750902805006, 2.298831746397499, 2.29293511720299, 2.2875312641387744, 2.282541247974885, 2.2737490564995606, 2.266598349441812, 2.261007715147777, 2.257207926891062, 2.255749021542546], "y": [1.119329294396912, 1.1082582040784397, 1.0980550198890344, 1.090683934986103, 1.0883378339502854, 1.089065130019702, 1.090979975379458, 1.093787112225035, 1.0972942791129359, 1.1013377961924304, 1.1058498769904095, 1.1160320916953603, 1.1273717352276837, 1.1397170696003536, 1.152874840561665, 1.1665430139558193, 1.1788835280282004, 1.1903118243076758, 1.1989662598893738, 1.2019125350994426, 1.2010378929287358, 1.1988073109786141, 1.1955734739040493, 1.1915828000279607, 1.1870585016723971, 1.1820814902966903, 1.1710812733351157, 1.1591983484257464, 1.1465065666746364, 1.1331444062809142, 1.119329294396912]}