{"x": [2.1848374574520095, 2.186130634845728, 2.190720048515912, 2.198965473626711, 2.208940902353141, 2.2158841000959177, 2.222636082607026, 2.229108639295869, 2.2352843516572163, 2.2411169203670007, 2.246632312694604, 2.256660151236807, 2.2651994093989902, 2.2720336624413515, 2.276756711303334, 2.278642047592585, 2.277281794119066, 2.2724108716794054, 2.263547629708732, 2.252408329999442, 2.2453246487444636, 2.238485091874046, 2.2320101895702233, 2.2259154296705206, 2.22024982336856, 2.2149547658821116, 2.2054577714437253, 2.197504316147884, 2.1911175994197536, 2.186628220766307, 2.1848374574520095], "y": [0.9477525919845149, 0.9378125470110792, 0.9289010889929165, 0.9230239041998536, 0.9212863317341654, 0.9219589730647751, 0.9237114494339843, 0.9262791629514185, 0.9294959501106531, 0.9332264084488339, 0.9374115756665057, 0.9469444557044608, 0.9577773831070241, 0.9697592123255786, 0.9827608939891967, 0.9964647775158166, 1.0076003993645908, 1.0177061639600051, 1.0248480503013802, 1.0271889050022196, 1.0264563853085344, 1.024472553904384, 1.0215480782099113, 1.0178969387033205, 1.0137092265103311, 1.0090618192336507, 0.9986693900968634, 0.9872277101488229, 0.9748430688293921, 0.9616106282868734, 0.9477525919845149]}