{"x": [2.321690630131198, 2.3235094375487355, 2.3295732788834993, 2.3391862287394316, 2.350193100635004, 2.3619987187339553, 2.373225663305338, 2.383588213619343, 2.3929199866843516, 2.4010273583516053, 2.407535498642706, 2.411985753504145, 2.4136793488754704, 2.4132074161029973, 2.41168221828651, 2.409026271056565, 2.4052557245906927, 2.400493042571321, 2.394990956975105, 2.3890496166972026, 2.3829172043094, 2.376885441222658, 2.3709772312031494, 2.365273505583455, 2.3598137869131985, 2.3497699557909035, 2.3409301236269986, 2.3334393208930235, 2.327448105543002, 2.323299795712644, 2.321690630131198], "y": [0.9256116030089807, 0.9146043969684935, 0.9052397574395719, 0.899641724206912, 0.898030652488736, 0.8995778506778871, 0.9035429681447358, 0.9093481200257171, 0.9166966061851067, 0.9254583122535937, 0.9354653636940974, 0.9465874439559521, 0.9584464984039729, 0.9645657468532585, 0.9705106348880664, 0.9760566263305485, 0.9809141005833919, 0.984824921242748, 0.9876006576025632, 0.9891937362437045, 0.9896743006624993, 0.9891882879320539, 0.9878800720958444, 0.9858761713239239, 0.9832801019315324, 0.976666486251581, 0.9685132155404329, 0.9591664879113883, 0.9487944687443916, 0.9375183347001143, 0.9256116030089807]}