{"x": [2.318419435720469, 2.3199593242528462, 2.32546184725767, 2.3306758210652023, 2.3381956574258758, 2.348846886175378, 2.3620078762220276, 2.3712369503074093, 2.37974047483538, 2.3937596521891638, 2.4041132333020725, 2.4117704261444994, 2.417075083028301, 2.42065206654229, 2.4227106100550713, 2.4233845644376295, 2.4214502088655414, 2.4153691117238405, 2.410216771593632, 2.403150564856555, 2.3928447316992467, 2.3779381289090145, 2.3675715280658554, 2.358923652016713, 2.3461731544026785, 2.337153741035264, 2.330283802400985, 2.3252096542309593, 2.321533137638071, 2.319233637294302, 2.318419435720469], "y": [0.9816404769164035, 0.9564812147724748, 0.931882800821562, 0.919689878477159, 0.9087671984364831, 0.9004519425678035, 0.8973891831864865, 0.8989115864347993, 0.9028081991594807, 0.9149438266266129, 0.9299204945185741, 0.9464391088908984, 0.963179068880721, 0.9803712425087523, 0.9978014721068472, 1.0153398953748194, 1.0455543179797995, 1.075213605267002, 1.0900369735863953, 1.1040493816413528, 1.1164601364369717, 1.122627001517181, 1.1200683045567719, 1.113805111839375, 1.0971677779312705, 1.0788836519881986, 1.0596882613395129, 1.040548980799822, 1.0210928181522039, 1.0014252597418851, 0.9816404769164035]}