{"x": [2.2475997590130254, 2.24979572107202, 2.257856726535555, 2.2656308152479654, 2.2767367309993607, 2.2915458535961406, 2.308673363468334, 2.3222135118097498, 2.3350488204972044, 2.357335209838392, 2.3747048552869714, 2.3878403236352317, 2.3969973807679414, 2.4031299283516807, 2.4066071052804556, 2.4077150154315143, 2.4046212234026623, 2.3952257682037694, 2.387446955856783, 2.3769363715777905, 2.3618240307265115, 2.3401995007513503, 2.3244384554490845, 2.3113910363580894, 2.2921009511068373, 2.278216996204613, 2.2673982260485706, 2.2591710814518193, 2.2530260748250743, 2.2490473795988604, 2.2475997590130254], "y": [0.8830022838648429, 0.8502654427600864, 0.8184606757306068, 0.8030521430420644, 0.7898416180621395, 0.7806372493311252, 0.7773693874306076, 0.778991839549576, 0.7835986626288397, 0.7990189561769567, 0.819369272977573, 0.8426780577628561, 0.8668521222701279, 0.8919644489298901, 0.9175584688527136, 0.9433638394236059, 0.9871543439184863, 1.0300368025075124, 1.0513939418303433, 1.0715474760042456, 1.0893474087886612, 1.0981565038890864, 1.0941029575326202, 1.0843763629513679, 1.0589261661749074, 1.031120605976454, 1.001985273577672, 0.9728663584649002, 0.9432380608574117, 0.9132341777830567, 0.8830022838648429]}