{"x": [2.2399888990678303, 2.2415809327240255, 2.247443684852773, 2.2529482979441893, 2.260610033085021, 2.2705306935354193, 2.2817891956751537, 2.2903412215138457, 2.2984669622987344, 2.3127047202154167, 2.3239990302177898, 2.3327225960986055, 2.338977288241978, 2.343276347211982, 2.345784101222791, 2.346614973164717, 2.3446327886169622, 2.3383410660941455, 2.332985242937659, 2.325708938494017, 2.315585615871195, 2.3025096012271216, 2.293011990893788, 2.2845672543762032, 2.271225228211382, 2.261366322868943, 2.25369866708375, 2.2479436429635222, 2.243700965803534, 2.2409898640084673, 2.2399888990678303], "y": [0.8161311765614055, 0.7946313231360841, 0.7738850847794656, 0.7640023969351621, 0.7556797712109165, 0.7500411568273039, 0.7481811553464548, 0.7492837732448717, 0.7521691239813266, 0.7617262178329786, 0.7743672935051626, 0.7889019978675728, 0.8041049080443408, 0.8199720988361496, 0.8362080070596698, 0.8526154199525491, 0.878214858161261, 0.9031081207011311, 0.9153483715939077, 0.9265539049254855, 0.9357121939466255, 0.9396331325776732, 0.9378669664688, 0.9331754454023916, 0.919551207002038, 0.9037447405420302, 0.886766829856015, 0.8696307314940505, 0.8520589967984821, 0.8341834324533436, 0.8161311765614055]}