{"x": [2.2866844210348645, 2.2884322560884702, 2.294292548952492, 2.303370868177378, 2.313626924030209, 2.3255427173197494, 2.3368983293691534, 2.347433897811413, 2.3569999228552474, 2.3654259317428368, 2.369085126282924, 2.3723006548260286, 2.375012291612058, 2.377110776226264, 2.378483475162052, 2.378991877015547, 2.377053745209487, 2.370790850268373, 2.361004889728106, 2.349688918902237, 2.337681617807935, 2.3264139946581097, 2.316199915129538, 2.3071207455979152, 2.2993140337412665, 2.2959407969814265, 2.292972093914066, 2.2904545890107277, 2.288482734874038, 2.2871710178523124, 2.2866844210348645], "y": [0.8820591568786764, 0.8717886374653124, 0.8631749585797958, 0.858200860089867, 0.8567969889846504, 0.8583432349892133, 0.8622709673386897, 0.8679880102685635, 0.8752111638128465, 0.8838543258334208, 0.8886614663664893, 0.8937760221610189, 0.8992085742359488, 0.9049061139181372, 0.9108273560516728, 0.9168843304058887, 0.9281953119004385, 0.9378114859953828, 0.943767209240858, 0.9455517168313227, 0.9437669280738173, 0.9392501350708476, 0.932775142485343, 0.9247862983753129, 0.9155763317937199, 0.9105643627039577, 0.9053026745250068, 0.8997825826503977, 0.8940448970101698, 0.8881139265462021, 0.8820591568786764]}