{"x": [2.29349025293191, 2.2949611711900957, 2.3001733993627256, 2.305114558104962, 2.3123398297255755, 2.3230962414504295, 2.3373333079124254, 2.3471438861954423, 2.3559219050112388, 2.369748355424566, 2.379558568373151, 2.386683460090149, 2.3915683028610983, 2.3948434262148433, 2.397334921782632, 2.3954555235931276, 2.3895594125122175, 2.3845770612415906, 2.3777199646328073, 2.3675197046386893, 2.3603532216513003, 2.3516524439381126, 2.340682189345415, 2.3319948163131894, 2.3196652898738885, 2.311086641805876, 2.3045976938745016, 2.299820331891117, 2.296378341104734, 2.2942397818552465, 2.29349025293191], "y": [1.0965279021668821, 1.069077040326101, 1.0420854473053034, 1.028512675407186, 1.0160054520253692, 1.0058235114505512, 1.0017396106657108, 1.0036585271040903, 1.0084414208112735, 1.0225580588776473, 1.0392022782465316, 1.0571607368250726, 1.0751344110660104, 1.093469847293, 1.1306010875088075, 1.163803895227688, 1.196533002335784, 1.212977259637415, 1.228732184216225, 1.2431956114788292, 1.2486682387954369, 1.251035641452507, 1.247686750210112, 1.2401973504891097, 1.2214390549207488, 1.2013783787681063, 1.1805476926267442, 1.1598506833304871, 1.1388901947685262, 1.1177563976762843, 1.0965279021668821]}