{"x": [2.096149557795451, 2.097450202932957, 2.101863756705126, 2.1086776832788963, 2.116305215123546, 2.1284286288213723, 2.1398873900714457, 2.1504943547772077, 2.1601882132215358, 2.168852846717792, 2.1726883480993506, 2.176119949719184, 2.1790866344562483, 2.181451095622654, 2.183054470754464, 2.1836595748142464, 2.182252914579075, 2.177571434802454, 2.1701854171261874, 2.161717310470147, 2.1495121609447803, 2.1381335812443987, 2.1278000396216394, 2.118500196400233, 2.1103221005423043, 2.1067056373546693, 2.103457728476004, 2.1006279416614113, 2.098339783207825, 2.096754635179706, 2.096149557795451], "y": [0.7343148770728803, 0.7266708743678434, 0.7202956882349919, 0.7167311436249874, 0.715753221548185, 0.7175624165286355, 0.7219152474212563, 0.7279729044908497, 0.735404729159355, 0.7441249199393383, 0.7489343920836289, 0.7540398992550467, 0.759476014489103, 0.7651998148489711, 0.7711937900034442, 0.7773689336489462, 0.7858440418955791, 0.7930475063336422, 0.7973826946233522, 0.7986626494207084, 0.796689588545876, 0.7918536224423544, 0.7851754362065388, 0.7771198065026106, 0.7679379534959265, 0.7629612631668954, 0.7577365774792696, 0.752232689604996, 0.7464824890832841, 0.7404868916611747, 0.7343148770728803]}