{"x": [2.2520042030767806, 2.253782626678805, 2.2607197768929055, 2.2675028050699733, 2.2776439330490903, 2.2930920846767777, 2.313827840706839, 2.328549991944464, 2.3417034251798885, 2.3623156068190885, 2.3767658108232306, 2.3870960349846975, 2.394040567344487, 2.398608531949556, 2.4019872319582913, 2.399136482826182, 2.3905344671128317, 2.383488717472025, 2.373937434209276, 2.359763124408613, 2.349365790776488, 2.335676289837982, 2.318596791215112, 2.3062198255048383, 2.2892556821008356, 2.277401516791605, 2.268300000361378, 2.261434970605895, 2.2563756976834544, 2.2531371525684345, 2.2520042030767806], "y": [1.1166152482011138, 1.0766104030795205, 1.0371715089441889, 1.0172196379857819, 0.9987468431430135, 0.9836061825365001, 0.9774487955764777, 0.9802783435903636, 0.987471067215501, 1.0087462195438195, 1.0338269386525063, 1.0608664899717135, 1.0878457505261596, 1.115327394020094, 1.1708891798299814, 1.2243901787421603, 1.2772720185445199, 1.3038691562661495, 1.329672708560727, 1.3542097676658695, 1.364329321499659, 1.369136345579828, 1.3624712256101943, 1.3489455530862509, 1.317519938834547, 1.2848650077890829, 1.251338478660154, 1.2180469814709334, 1.184433648161965, 1.1505923102950417, 1.1166152482011138]}