{"x": [2.199144864202172, 2.2008340932917987, 2.2072135219417923, 2.2195017172345692, 2.235053656941009, 2.2453163999830794, 2.255256711923034, 2.264735581054619, 2.2737317181287975, 2.2821714432747084, 2.290102602834884, 2.3043678764799846, 2.3162625260011867, 2.3255677846617644, 2.3318093397823696, 2.3342410614302715, 2.332241806366589, 2.3250681775818527, 2.3113847176389646, 2.293201794997043, 2.282670519002215, 2.272599979359139, 2.263202532148128, 2.2544837212080897, 2.2465053054377067, 2.2391402994668574, 2.226145716782329, 2.2155265281085668, 2.2071463938266227, 2.2013614200200613, 2.199144864202172], "y": [1.079441463726236, 1.0639774306740815, 1.0497896647028293, 1.0397926239164537, 1.0367796952075132, 1.0377776100796872, 1.0405180347504412, 1.0445167859465618, 1.0495076264453935, 1.0552708823908405, 1.061716096713289, 1.0763296034851926, 1.0927696154384157, 1.1108020540287478, 1.1301487044175391, 1.1503312865471083, 1.1685339127570893, 1.1853824044346477, 1.1981610941578056, 1.2026235274903339, 1.2012561097743786, 1.19788537742274, 1.1930024761072227, 1.1869910640324532, 1.1801974091884928, 1.1727431787524714, 1.156324785209381, 1.138652120111284, 1.119814296214267, 1.099981494028136, 1.079441463726236]}