{"x": [2.2937704596299, 2.295903688526754, 2.3041107591027505, 2.3120730857620555, 2.323626518662825, 2.3396687414531203, 2.3589029533879944, 2.372329615133858, 2.3849276531959345, 2.406299960855142, 2.4224076679483417, 2.434286650673604, 2.442391709562684, 2.4477524194277316, 2.451807868302017, 2.4485120411471537, 2.4445243415404256, 2.4388507547476967, 2.43094417232007, 2.4203012538940123, 2.4048674999157775, 2.381579036508314, 2.365721213220254, 2.3529829731803327, 2.334644249100826, 2.3216707605605014, 2.311672667893965, 2.3041468518718626, 2.2985852612078363, 2.295018866392193, 2.2937704596299], "y": [0.9697760716165551, 0.9330769007781119, 0.8972436229721921, 0.8795897613012611, 0.8640470567125078, 0.8526801367988537, 0.8486052292390154, 0.8504685126387111, 0.8554721620720656, 0.8718326092526032, 0.8928862922219931, 0.9165845108003763, 0.9407925567725999, 0.9657522093970162, 1.0165689669466447, 1.0648948019356443, 1.0887987858248789, 1.1123596136294287, 1.1360837068425569, 1.1587127795554708, 1.1792963082886232, 1.190229280852772, 1.185716556892941, 1.1752488695811083, 1.1486812434383415, 1.1201063659795414, 1.0903595481711985, 1.0607361023055613, 1.0306818985889645, 1.0003206073094655, 0.9697760716165551]}