{"x": [2.207094018352883, 2.209545771050892, 2.2186129130049137, 2.227096856184878, 2.2386223567968484, 2.2527964814805834, 2.268326298862998, 2.292276684496468, 2.3136382913347893, 2.3313266220087074, 2.3452662661239314, 2.3553181379563717, 2.3621436045730926, 2.3660355585803874, 2.3672755673002546, 2.363943837910442, 2.3598044298124496, 2.3539058340155745, 2.3456604795658245, 2.3346711445483708, 2.319517651498798, 2.299725776455191, 2.285577104002926, 2.27313142923137, 2.2536899828821357, 2.2393173602355434, 2.228014351317726, 2.219380203449094, 2.2128901490808697, 2.2086556035825002, 2.207094018352883], "y": [0.7607678970012192, 0.7309395502723675, 0.7024171328317924, 0.6892806194907218, 0.6787114137360558, 0.6719879436772065, 0.669766315388949, 0.6742868007956322, 0.6860229634388891, 0.7025356285159321, 0.7223152006022378, 0.743614288475021, 0.7661554569676341, 0.7893575105810505, 0.8128510198176334, 0.8519082269046507, 0.8710872452053549, 0.8898002356132388, 0.908385870068745, 0.9254927749316911, 0.9397149386053014, 0.9460537061054287, 0.9432583622421215, 0.9359711090589073, 0.9152118164092639, 0.8914619429918973, 0.8661070468476415, 0.8405487493709719, 0.8143637484425621, 0.7877103565498994, 0.7607678970012192]}