{"x": [2.2766502307668945, 2.277968145479466, 2.2826734207080106, 2.2871473766362795, 2.2937491241541546, 2.3038866137333702, 2.3180194414924364, 2.3281445475329035, 2.3369540821313146, 2.350381209701527, 2.359718971805289, 2.3664671583725347, 2.371097101963464, 2.374204814315016, 2.376576953475475, 2.3748636215563463, 2.3694502879155985, 2.3648605875745163, 2.358512727282745, 2.3489483578965205, 2.342029393044346, 2.3333003924930757, 2.3220736091830894, 2.313565946319322, 2.3017403429615633, 2.293542674528532, 2.2873380573969606, 2.2827533636276898, 2.2794436331931376, 2.2773808091609213, 2.2766502307668945], "y": [1.1377292484789325, 1.1102060737608719, 1.0830560750357496, 1.0693106561336505, 1.056451039026112, 1.0455614788497287, 1.0409123504006152, 1.0431642520508675, 1.0486397368268954, 1.0640652145283407, 1.0816903376321245, 1.1004600138036424, 1.1191500507201932, 1.1381525763822526, 1.176557960757755, 1.210050312353779, 1.2431466707726555, 1.25982206831899, 1.2759105394168098, 1.290963831238603, 1.2968972726078205, 1.2995206960359935, 1.2956529002024408, 1.2873691703241852, 1.267437711568377, 1.2464557369485962, 1.224800535427168, 1.2033056821389567, 1.1815779620724076, 1.159696040935614, 1.1377292484789325]}