{"x": [2.2707716626003234, 2.271978428647965, 2.276354845854283, 2.285022263559702, 2.2964360710371348, 2.303309804157602, 2.309942694105702, 2.3162206373629646, 2.322125101646962, 2.32760400128293, 2.3327016412899533, 2.3417350964358405, 2.3490865470747053, 2.3547362787238963, 2.3584569720303303, 2.359860461136878, 2.3585207526287433, 2.353793938389627, 2.344553657562685, 2.338475091922519, 2.3319640321714816, 2.324964485829279, 2.318285744886925, 2.3120686772350885, 2.306315975645493, 2.296247112499697, 2.2877958715908395, 2.280985321104961, 2.2757008300598827, 2.2721386389725624, 2.2707716626003234], "y": [1.13844347324432, 1.1270736195630406, 1.1165106261679993, 1.1086496260626446, 1.1060719427607797, 1.1068072599534382, 1.108754994360798, 1.1116106506206704, 1.115175008309644, 1.1192744259164018, 1.1238392514655768, 1.1341022426675664, 1.1454442604619806, 1.157722930033095, 1.170734117702795, 1.1841938644160324, 1.1967816211030822, 1.2085248601983238, 1.2176572016921758, 1.2201095772965653, 1.2208640355560125, 1.2199704821761221, 1.2176930919890263, 1.2144017471479271, 1.2103531294243577, 1.2007679729079652, 1.1897301398963196, 1.177880534558975, 1.1652761345746037, 1.152061434690828, 1.13844347324432]}