{"x": [2.299163225346439, 2.3008084358106036, 2.3065014447280814, 2.315837941142278, 2.326656748386509, 2.3329045946854876, 2.339040245192334, 2.344997230389139, 2.3507447207754315, 2.3614790736648854, 2.3711028549753674, 2.3794239524692147, 2.3861021627593457, 2.3906853012529696, 2.392452639169208, 2.390615606317774, 2.3845356882827784, 2.3745317455463977, 2.3626237890096156, 2.35629657201041, 2.3501177350243623, 2.3441770712559378, 2.338511413457529, 2.3331717365472873, 2.3281404404860364, 2.3234278717668535, 2.3190427233927147, 2.311349098049405, 2.3051792102765503, 2.3008743768012003, 2.299163225346439], "y": [0.9402523711470511, 0.9294355430075443, 0.9200920887246495, 0.9143842578905924, 0.9127402055998531, 0.9132187582308006, 0.9144909173616028, 0.9164161941496988, 0.9188978705196563, 0.9252418601563815, 0.9331699980054752, 0.9425051185872535, 0.9530780390494171, 0.9647588759323302, 0.9771815819751692, 0.9890763297277688, 0.9994635483392623, 1.0062550458315067, 1.0083535880822254, 1.0077983921134641, 1.006327375111992, 1.0041018709152907, 1.0012479829268905, 0.9978852362903476, 0.9940765259585702, 0.9898819675571708, 0.9853462098638459, 0.9754450195832773, 0.9645290713988262, 0.9527120901531311, 0.9402523711470511]}