{"x": [2.2230642757227588, 2.225355105051084, 2.234077939988603, 2.2424405308332678, 2.254238780474271, 2.2696081328013484, 2.2870652056422394, 2.300321899527514, 2.3129711602451906, 2.3352545952474753, 2.3529219675977777, 2.3663995787666816, 2.375844712708643, 2.3821720233192885, 2.385751788226249, 2.386973369166103, 2.383570073978966, 2.373581438424355, 2.3653602340394158, 2.354314750844148, 2.3386209209366267, 2.3167054964214406, 2.3011772132149884, 2.2880724049648493, 2.2684305436012715, 2.254239214289186, 2.243184226638146, 2.234792910017647, 2.228531309780591, 2.2244784709002015, 2.2230642757227588], "y": [0.8708093125235538, 0.8374632264506837, 0.8051968119296438, 0.7897514272952721, 0.7767401192308417, 0.7679423448588659, 0.7649643534750888, 0.7665130635252518, 0.7707715419957377, 0.7852038130195045, 0.8046365662362035, 0.8271781265310273, 0.8507707214502566, 0.8753834464241566, 0.9005174638200033, 0.92587572257827, 0.9699226171418364, 1.012956772165281, 1.0343119478482456, 1.0543526322420553, 1.071817016883094, 1.0802440683470145, 1.076548405619213, 1.0674352556114202, 1.0429788271675315, 1.0159350431657834, 0.9874649302609737, 0.958968298371917, 0.9299292800324971, 0.9004912986707729, 0.8708093125235538]}