{"x": [2.2277305493916595, 2.2294243569708616, 2.235871721590758, 2.251628461138308, 2.266321972154501, 2.2866019550722445, 2.302028905082868, 2.3155408848601637, 2.3268075002621895, 2.336281105454155, 2.3506848540634984, 2.3609873095735923, 2.367945350615679, 2.3725382211450583, 2.375947876762948, 2.3732880834653596, 2.3651994684797955, 2.358534427623906, 2.3494529496130014, 2.335878129322516, 2.325785634472136, 2.3121936246325716, 2.294494973087406, 2.28206490141204, 2.2651409535255715, 2.2532782267691194, 2.2441415422696362, 2.2372177493940457, 2.23210418235791, 2.2288345952054294, 2.2277305493916595], "y": [1.1400215977923545, 1.1007483432596779, 1.0619709143201272, 1.0238937022291874, 1.008514141418819, 1.0020991239162065, 1.0053988209532063, 1.0135416208196049, 1.0243401174437008, 1.0367415269049092, 1.0634736264669744, 1.0920381592210715, 1.1204747694035864, 1.1493877539281214, 1.2077895845480786, 1.2612919059882755, 1.314246105137081, 1.3409112990419823, 1.3668531974446452, 1.3916914703260503, 1.4021152601075833, 1.407191785911293, 1.3996415102227924, 1.3849533432971735, 1.35154872863487, 1.3170693476090838, 1.281769588426102, 1.2467091036058908, 1.2113392303267954, 1.1757468161725741, 1.1400215977923545]}