{"x": [2.2590708963321147, 2.260381564474068, 2.2650535110797203, 2.276048788696514, 2.2860499678682946, 2.299827529092718, 2.3097849050443604, 2.318492367643753, 2.331848071476805, 2.3411807806238767, 2.347940576677884, 2.3525853748895273, 2.355707219427623, 2.357503610992924, 2.3580935751947854, 2.3564053619071523, 2.351059147999269, 2.346515916233497, 2.340226778353416, 2.3307514147559223, 2.3239311349903256, 2.315410608415671, 2.304385105048721, 2.2959577009073167, 2.2841759634933823, 2.2759868077266208, 2.2697795649349923, 2.2651887877835204, 2.261871700506996, 2.2598023760262294, 2.2590708963321147], "y": [1.103349323499794, 1.0765886022536824, 1.05020627924178, 1.0244210295409224, 1.0139742949755748, 1.0095769486607913, 1.0117418852842175, 1.0170349355868282, 1.0320556859758387, 1.0493051710583792, 1.0677157482613036, 1.0860681423155227, 1.1047400089771124, 1.1235792619628375, 1.1424947693035505, 1.1750536110682566, 1.207214864744301, 1.2234182938035103, 1.2390272275556815, 1.2535693920749296, 1.2592351689037744, 1.2616883036424056, 1.25795173094117, 1.2499203823941536, 1.2304758395982236, 1.2099455751728372, 1.1887318021356252, 1.1676651712374768, 1.1463608265103271, 1.1248986335998727, 1.103349323499794]}