{"x": [2.3269127099254394, 2.329000607574878, 2.33676180813056, 2.3517163600208626, 2.3611177606189107, 2.370995382812253, 2.3808435666727057, 2.3904262658726387, 2.408297290055465, 2.4240511167872523, 2.4375572982191986, 2.4485110673595205, 2.456790656707668, 2.4620872718994233, 2.464002202700055, 2.4614351381717614, 2.4528624271194928, 2.4457828109805724, 2.4368619174626125, 2.4264073727776725, 2.4151523508992514, 2.4049813017873793, 2.395215624109006, 2.3860905467294216, 2.377651497333229, 2.3629524777996957, 2.3507472838076624, 2.3410553595186205, 2.3336355392467905, 2.328712837787893, 2.3269127099254394], "y": [1.2246953613847837, 1.2054961179540904, 1.1878118302715168, 1.1749829411615005, 1.1718207714240194, 1.1709162105033537, 1.1717676261524834, 1.1741932209250021, 1.1824952994880358, 1.1941602999348104, 1.2083672825576537, 1.2244053156560644, 1.2419738091677812, 1.2606750851370954, 1.2800173935670311, 1.3018626914022025, 1.32211893693325, 1.3309661294252757, 1.337952647764666, 1.3423883043473532, 1.343903902052949, 1.3427063985145444, 1.3396216304126076, 1.3350236314602038, 1.329262461714541, 1.315408945227177, 1.299315022960381, 1.2820349860511093, 1.2636643753061165, 1.2444492173386608, 1.2246953613847837]}