{"x": [2.2853610624284113, 2.2875023658359086, 2.2953554511564085, 2.3029885992421817, 2.314285108619507, 2.3309723037003716, 2.352473575226558, 2.3673569507265833, 2.380949222102036, 2.40288999013229, 2.4186033444683703, 2.4299057646268305, 2.4375020798119342, 2.4424919929062328, 2.446169694771738, 2.4429589863464067, 2.433347577298393, 2.4255112510665366, 2.414939247423421, 2.3993847611615977, 2.388208984911251, 2.373938109159163, 2.356457475787515, 2.3433384023281847, 2.325147592667492, 2.312440661804922, 2.302702416406317, 2.295387481001493, 2.290013610883452, 2.286595984780843, 2.2853610624284113], "y": [1.1183877080607423, 1.0770731412078483, 1.0364553167280193, 1.0160552396330447, 0.9974322170247716, 0.9826809227702267, 0.976870717558001, 0.9793311640076717, 0.9858747732458895, 1.0061365150774813, 1.0308116121106345, 1.0577935545286372, 1.0848706042950125, 1.1125467925396673, 1.1686075160810396, 1.2238131514878623, 1.2782703975197292, 1.3056105258512625, 1.332013619703437, 1.3568313839335746, 1.3667981206078332, 1.3713341893904136, 1.3651716391230877, 1.3520781491208003, 1.3208334441470735, 1.2880661151446038, 1.2542973349110988, 1.2207588737728707, 1.1868552135655774, 1.1526956210654273, 1.1183877080607423]}