{"x": [2.1616647241631144, 2.1628957560613586, 2.167464419360465, 2.178374741222863, 2.187874529499588, 2.1999349703639455, 2.209591139950932, 2.2183060316336674, 2.225834738936808, 2.232342678327184, 2.242612703683317, 2.2502456704474025, 2.255594637925746, 2.2592417640596327, 2.261368712496231, 2.2620789657619187, 2.2604758126604794, 2.255295549771954, 2.2508245882362603, 2.2446076764318748, 2.235359681752614, 2.2216161586252334, 2.2109370122805343, 2.2022888098724955, 2.1897112282931865, 2.180773337546416, 2.173899369030725, 2.16875142328664, 2.1649700444593725, 2.1625587392496626, 2.1616647241631144], "y": [0.9639990617882616, 0.9409507157051853, 0.9183261933376488, 0.8967091886692024, 0.8886937060181802, 0.8856870957027644, 0.8875164147321801, 0.8920593963700697, 0.8982552035325246, 0.9055157947578925, 0.9215663566812683, 0.9390257890102452, 0.9566497561503597, 0.9747028484562151, 0.9929901778329416, 1.011387076095513, 1.0394173330600758, 1.0670113592572772, 1.0808662603477377, 1.0940305221537256, 1.1058226598463097, 1.1117972300396928, 1.108832758109192, 1.1019016070079817, 1.0842020531545224, 1.0650654982633243, 1.0450944647159506, 1.025184795721632, 1.0049710024355594, 0.9845462341169922, 0.9639990617882616]}