{"x": [2.2187179068504594, 2.221080977017992, 2.230042405450961, 2.2385297846245122, 2.250304154381759, 2.265274486461181, 2.2820280442437, 2.3060119507641406, 2.327013544655352, 2.3439514764381095, 2.356992306034944, 2.366183205239295, 2.3723459202800927, 2.3758301309367553, 2.377007627378872, 2.3735898168405, 2.369448395904316, 2.3635629381699657, 2.355355315102491, 2.34439150952428, 2.329013845259749, 2.308085138382185, 2.293728735976912, 2.2813599825670976, 2.262499059054718, 2.248789066533663, 2.2381074158734866, 2.2300170105386745, 2.2239888670942594, 2.220093068035388, 2.2187179068504594], "y": [0.8135427902879832, 0.7814651812549974, 0.7505742456535862, 0.736006273373297, 0.7239387285354049, 0.7159559182765827, 0.713281146543461, 0.7182120678722224, 0.7308007457678678, 0.7481772899685315, 0.7686412725931651, 0.7902828798184602, 0.8129732463823662, 0.8361996993178279, 0.859656496669385, 0.9014218810396147, 0.9219806363294998, 0.9421095998819832, 0.9622100459159755, 0.9809500559060038, 0.9970267756387509, 1.0045714892867903, 1.0014471873922464, 0.9935174023108231, 0.9715927049018941, 0.9469699077632698, 0.9208902533746246, 0.8947282405134306, 0.8680155644579621, 0.8409011298733274, 0.8135427902879832]}