{"x": [2.2424872271969045, 2.244773023422669, 2.252776662520352, 2.2664176496446657, 2.282453099869165, 2.2922062424775254, 2.3017636779020467, 2.31102145421598, 2.319938914251644, 2.336548637312734, 2.351395873718845, 2.3641650988002563, 2.3743482333937855, 2.3812781817444875, 2.3839727301918523, 2.3813832535155686, 2.372564320454395, 2.3573946352526804, 2.3387179543217433, 2.328738441817216, 2.3190435601399626, 2.309805969162641, 2.3010794471180134, 2.2929424510898575, 2.285337048427036, 2.2782634092133662, 2.2717198348436978, 2.2603609371602817, 2.2512954289136258, 2.2449793390780073, 2.2424872271969045], "y": [0.9434579559801544, 0.9274647926286629, 0.9134309799048429, 0.9046454717531965, 0.9021703920967081, 0.9028771035664024, 0.9049455957579579, 0.90805411221927, 0.9120350924228651, 0.9221354115124485, 0.9346836750169574, 0.9493887509251787, 0.9659898393381824, 0.9842511615678894, 1.0035964318525197, 1.0222899946097301, 1.0389747510561793, 1.0505208465902962, 1.0543435760609818, 1.053304672129375, 1.0507202456028173, 1.0468399511908826, 1.0419167830247305, 1.036189938451848, 1.029773919167236, 1.0227800643794704, 1.015287934442921, 0.9992103527532087, 0.9817366653976015, 0.9630372728727691, 0.9434579559801544]}