{"x": [2.2236869288820453, 2.2257258938741082, 2.233449531231036, 2.2409244255796184, 2.2517406913556974, 2.266641891515187, 2.2843910609364397, 2.2977026344761917, 2.310210023548182, 2.3314920029304314, 2.3476322278278126, 2.3596151180431555, 2.3678439961768225, 2.373312114428056, 2.3763966313016125, 2.3774479184407595, 2.37436759826889, 2.365273529055525, 2.3577769574938254, 2.3476446950748353, 2.33293204693155, 2.31100532686238, 2.2954566965887917, 2.2829068733099245, 2.264725169416418, 2.2517839850479335, 2.2417638245094835, 2.234184743476741, 2.228560276030743, 2.2249427588383175, 2.2236869288820453], "y": [0.9160412621076885, 0.8820935126075262, 0.8489732393546786, 0.8327058189920257, 0.8184400766195115, 0.8080738980854457, 0.8042698990779585, 0.8060003498779309, 0.8108745337765142, 0.8269156491810433, 0.8476136527519367, 0.870965837952594, 0.8948808831519798, 0.9195738680873403, 0.9446559994906429, 0.9699052045360866, 1.0150642716178024, 1.0594053092375362, 1.081565612823579, 1.1026515061761974, 1.1216943422510086, 1.1316095108410278, 1.1272403514009905, 1.117074162672346, 1.0911854569891117, 1.0632749878243508, 1.034187792623715, 1.0051906200099778, 0.9757518045643678, 0.9459929092964943, 0.9160412621076885]}