{"x": [2.233787876343102, 2.235562578032256, 2.2422683039545834, 2.2554803679492257, 2.272535883537073, 2.2834220102273286, 2.2939484045058927, 2.303960009462034, 2.313433813325003, 2.3305830389884123, 2.3454154647814627, 2.3576534043108706, 2.367128850892117, 2.3734012478058486, 2.3757964371996496, 2.3736501456402297, 2.3660564540246396, 2.3513984928833835, 2.3417866957765647, 2.33148685805963, 2.3202820606073566, 2.3096031983620846, 2.2996902413445914, 2.290540909209279, 2.282217428673962, 2.27456835199561, 2.261155553933124, 2.25029966336243, 2.241799817775949, 2.2359875085691856, 2.233787876343102], "y": [1.1472697327257102, 1.1303193902676105, 1.114651049085885, 1.1033151281870195, 1.099826414146493, 1.1009124412100757, 1.1038927486759842, 1.1082385262846046, 1.1136574797986525, 1.126881038314619, 1.1426594281492437, 1.1603129315765672, 1.1795906196970325, 1.2001678311374706, 1.2215460364287407, 1.2415160342084754, 1.2601102060488123, 1.274562465876483, 1.2784847762160656, 1.2797826610443417, 1.2782863852721058, 1.2745785249349906, 1.2692170959311648, 1.2626367190976193, 1.2552311396212508, 1.2471308580476694, 1.2293642838427403, 1.210368377654884, 1.190207836070227, 1.1690758341757939, 1.1472697327257102]}