{"x": [2.2966495893559014, 2.298392236044386, 2.30462433849478, 2.3104534807286243, 2.3186282078752356, 2.3294609369006736, 2.3420149167244575, 2.3507829483295017, 2.3590753667914957, 2.373422158678157, 2.384570028653747, 2.393029851386541, 2.398988590907573, 2.4030344658725524, 2.4053676895439593, 2.4061306875172734, 2.4039802028206547, 2.3972597053935534, 2.391591641825544, 2.3839024204661166, 2.37307157550559, 2.3586264812188396, 2.348788341811227, 2.340155525581521, 2.3267832330044493, 2.3170798871635787, 2.309624780223143, 2.304097978108659, 2.30007464619905, 2.2975472969778474, 2.2966495893559014], "y": [0.89610142261927, 0.8721399154634135, 0.8489375116718053, 0.8377496550716326, 0.8281412800494518, 0.8213957764002505, 0.8191050498334179, 0.820290923596265, 0.8233764496226753, 0.8335486359761785, 0.8468582638713533, 0.8620191543145422, 0.8777149928049309, 0.894009065910316, 0.9106235013013744, 0.92738360959927, 0.9559152334587278, 0.9837273361987273, 0.9974710784898907, 1.010194807175407, 1.0208899063053192, 1.0256890311218363, 1.0237076465455401, 1.01859009285389, 1.0040040406833721, 0.9873163439877735, 0.9695102910276562, 0.9516272512633761, 0.9333471677523906, 0.9147992247528381, 0.89610142261927]}