{"x": [2.232290993680577, 2.2337654817151353, 2.239124069792534, 2.244200100064782, 2.251432209401221, 2.2612879508164685, 2.2729704535550472, 2.2816258142363766, 2.2897223506095266, 2.303456765304544, 2.3139315206571482, 2.3218292937759064, 2.327384595400889, 2.3311665427259713, 2.3333601126510577, 2.334085275137235, 2.3322427005816526, 2.326391709516805, 2.32140421390551, 2.3145707424472888, 2.3047797533454406, 2.291377887327146, 2.281739325799544, 2.273430539209176, 2.2607805972214026, 2.2516555532258415, 2.244635255645319, 2.239408114475452, 2.235585927197964, 2.233167463296316, 2.232290993680577], "y": [0.8742299195271552, 0.8519301756712407, 0.8302336730770388, 0.8196339495368039, 0.8103702128717221, 0.8036678683512315, 0.8013064724338403, 0.8025671088642236, 0.8058762736367575, 0.8165005378909711, 0.8300168085324529, 0.8451837215840701, 0.8607460468311383, 0.8768315750372732, 0.8931999674042086, 0.9096987599983, 0.9364058644673553, 0.9625292335776553, 0.9755095822420806, 0.987620248274649, 0.9979786944404843, 1.0028316174556071, 1.0007038123768026, 0.9953752583355568, 0.9806211550588152, 0.9640240844002196, 0.9464330467887468, 0.9288067335002688, 0.9108233853868305, 0.8925960742586301, 0.8742299195271552]}