{"x": [2.187131184647637, 2.1882975400639957, 2.192500628117694, 2.200590364161888, 2.210862900058824, 2.217994278586574, 2.22487891533927, 2.231414329359982, 2.237592226646574, 2.243365626676158, 2.248778430538052, 2.2584990039696367, 2.26660611550632, 2.27299209654346, 2.277333120572292, 2.279044019563086, 2.27781536057015, 2.273348386232677, 2.2647182108182435, 2.2532922893177822, 2.2459968503715513, 2.2390165266429007, 2.2324888999099017, 2.226411021423805, 2.2208269061947843, 2.2156517451616473, 2.2064713417143214, 2.1989126757803703, 2.192918731102887, 2.188765294935886, 2.187131184647637], "y": [1.0339991666042634, 1.0237814450839906, 1.0143954838207012, 1.0077382837060032, 1.005679850107845, 1.0064629430170526, 1.00848075643606, 1.011398771294687, 1.0150126379570856, 1.019153435116034, 1.0237555980168698, 1.0341035910720413, 1.0456259225791054, 1.05818413212586, 1.0716172825874015, 1.0856303780907017, 1.097060726624569, 1.1076535832173378, 1.1156324116984269, 1.118387397992371, 1.1175341906345975, 1.1152480425954745, 1.1119313202638954, 1.1078484351444726, 1.103231789811133, 1.098160945176761, 1.0869658712554202, 1.0748560347277958, 1.0619001789617672, 1.0482109664481405, 1.0339991666042634]}