{"x": [2.288042522387689, 2.2897914112806395, 2.295795225734695, 2.305842123747836, 2.317662280065502, 2.3239113354479692, 2.330047866873223, 2.3417352654029324, 2.3523989390625726, 2.3618774762775, 2.3699574885363894, 2.376335091922497, 2.3806119665912555, 2.382211135721296, 2.3802490908935807, 2.3776249329394794, 2.373846429676668, 2.368941927704355, 2.36315536330298, 2.356808378248881, 2.350211248269259, 2.3438680282736284, 2.3376770205709567, 2.331734977049716, 2.3260847289415545, 2.315807001197826, 2.306885252312266, 2.2994546998340812, 2.293590585994579, 2.2895874278988875, 2.288042522387689], "y": [1.0036280061639642, 0.991820581006578, 0.9815041808006714, 0.9749847806306771, 0.9730543291578501, 0.9735258358649124, 0.9747970533187053, 0.9792517770677363, 0.9857161227832942, 0.9938191489905084, 1.0033328232877543, 1.0140623513196578, 1.025822847527864, 1.0382342771831865, 1.051163529895507, 1.057188955480204, 1.0625662104990514, 1.0670296468495706, 1.0702687942806544, 1.072158181809915, 1.0727342725533269, 1.072176227076976, 1.0706865028433972, 1.0684183047059814, 1.065498150546504, 1.058144376506238, 1.0491938414924793, 1.0390948393116408, 1.0280126407907242, 1.0160999778972142, 1.0036280061639642]}