{"x": [2.2835763754633827, 2.2851904893787136, 2.290989208543476, 2.296445898617243, 2.304172534733804, 2.3146151050346933, 2.326920748350047, 2.3356195076830226, 2.3437907332743277, 2.3577394020573537, 2.3684198230856746, 2.3764658851911546, 2.382108571126711, 2.3859361471487093, 2.388145816117026, 2.388871120873661, 2.3868667375118457, 2.3805675089158846, 2.375231239394713, 2.3679556917301383, 2.3575837137112563, 2.343458666270843, 2.3337259355546487, 2.325296491766708, 2.312408819241727, 2.303117286587948, 2.2959894480264613, 2.2907050123767876, 2.286858532155693, 2.2844404634117605, 2.2835763754633827], "y": [0.8942389235691884, 0.8707513551522446, 0.8479336845892687, 0.8368285143957855, 0.8271641796587412, 0.8202190808099622, 0.8177998216044198, 0.8190385143126759, 0.8222686607326559, 0.8327568232829279, 0.8462393426283197, 0.8614416650112914, 0.8770711899570659, 0.8932412739517067, 0.9097002468520474, 0.9262910382404561, 0.9543164381396803, 0.9816981895677462, 0.9952846600215639, 1.0079390805130584, 1.0187275411741548, 1.0236724219883169, 1.0215782160607128, 1.0162814035204093, 1.001503053355373, 0.9847998397886653, 0.9670650198021901, 0.9492905159616041, 0.9311504267439825, 0.9127637648444762, 0.8942389235691884]}