{"x": [2.2576041417812704, 2.2593977920457426, 2.2662387419767756, 2.2829707509614785, 2.2981989548879627, 2.3183715561560594, 2.333881872895899, 2.3477380231034033, 2.35952803701655, 2.369569926299668, 2.3850396647926044, 2.396195909776294, 2.403756452981011, 2.408756576143411, 2.412470669208307, 2.4096651871421435, 2.4011356054144497, 2.3940963305203784, 2.3845112060119384, 2.3702335128777263, 2.3597927617983365, 2.3462097714327004, 2.328292685548203, 2.3152913476643855, 2.297391195903901, 2.2848104048746336, 2.275101509549343, 2.2677380860117595, 2.2622862932039043, 2.258789852499898, 2.2576041417812704], "y": [1.1172865202998983, 1.0785149002809924, 1.0403094411919722, 1.0031701543180989, 0.9887515045318696, 0.9830189820013494, 0.9860268688148132, 0.9936179431709142, 1.0039219453410075, 1.0159359933024181, 1.042254051375209, 1.07067044079446, 1.0991002857047365, 1.128090226434817, 1.1867503290197585, 1.2395951809068595, 1.2918225237087273, 1.3181001561624257, 1.3435597466258187, 1.3676763914271424, 1.377508169872349, 1.3821098568700112, 1.3751182097059518, 1.3609453373827443, 1.3280292261240367, 1.2938094868170034, 1.2586668600977904, 1.2237479336376018, 1.1884799681943539, 1.152959228681146, 1.1172865202998983]}