{"x": [2.3211357670129287, 2.3228577769175054, 2.3289616757075486, 2.33466863230386, 2.34271857847803, 2.353582602308363, 2.3664065772427048, 2.3749902263708553, 2.383071516643764, 2.396893703876751, 2.4074598853896036, 2.4153848561090108, 2.420909137029314, 2.42463647247539, 2.426776243419614, 2.4274734911999123, 2.4253459054060937, 2.4187314605358368, 2.4131732965473143, 2.4056296785314113, 2.3949089843606464, 2.3802656521217456, 2.3706048776686224, 2.362220599598846, 2.3494136902198988, 2.3402218133251464, 2.3332053813151177, 2.328035081059551, 2.3242941988649894, 2.321960497450464, 2.3211357670129287], "y": [0.9177536800499271, 0.8932555648641878, 0.8694676396640759, 0.8579006564877895, 0.8478228184266947, 0.840546300488927, 0.8379927942782277, 0.8391870692051554, 0.8423172564968832, 0.8525821636478418, 0.8658646137256776, 0.8808733615391788, 0.8962965334260097, 0.9122495544944338, 0.9284810058653317, 0.9448380373451705, 0.9739573341358525, 1.0023951467442833, 1.0164957537543597, 1.0296416326601643, 1.0408916410982183, 1.0460944090442756, 1.0440438532767842, 1.0388247323509594, 1.0241804436369601, 1.0075980824199535, 0.9899845936619527, 0.9723459099431339, 0.9543497723444255, 0.9361168421931577, 0.9177536800499271]}