{"x": [2.2368336513603473, 2.2382631235676653, 2.2434207297605786, 2.248344167260714, 2.2554981212363248, 2.2657481547707152, 2.2785239887400834, 2.287976192667885, 2.296621170517286, 2.310752444556288, 2.321154179761665, 2.3288639435372676, 2.3342302639872554, 2.3378655268069704, 2.339967926143166, 2.34065662301955, 2.3388501951026948, 2.33309769048672, 2.3281876827031254, 2.3214181124372884, 2.3114717354409344, 2.2969549064886534, 2.286394264227453, 2.2776792850765366, 2.264898574873709, 2.2558428968573243, 2.2489197005932064, 2.243779135996069, 2.2400356197125766, 2.2376787438631336, 2.2368336513603473], "y": [0.976898065654085, 0.9524915978135462, 0.9285935191961852, 0.9166997411288135, 0.9059981928273534, 0.8977924523050012, 0.8947633548546985, 0.8964126688107563, 0.9005754507653844, 0.9132874742544579, 0.9287675781549192, 0.9457496055537977, 0.9629349589400505, 0.980567843854719, 0.9984400887713243, 1.016422383339605, 1.0459035864163888, 1.0748744891865223, 1.089379154330142, 1.1031147433520736, 1.115324937425618, 1.121430748742506, 1.118708043704385, 1.1121514114825228, 1.0949959713098223, 1.0762628363154578, 1.0566412919179844, 1.0370781259724868, 1.0172002751826341, 0.9971092252204169, 0.976898065654085]}