{"x": [2.308580147127622, 2.3110108141094243, 2.3200339499470752, 2.3286806354361222, 2.3409400715084554, 2.3571613200515866, 2.375852135638173, 2.388852205771057, 2.4012439648835953, 2.42294452563219, 2.439921682186067, 2.4526973204257385, 2.4615248903190374, 2.4673848572658814, 2.4706774017672264, 2.471719603506131, 2.4682448974340425, 2.4578869231125458, 2.4494415439325277, 2.438140909309804, 2.42204156487838, 2.399053370369722, 2.3836774816896473, 2.370810892780127, 2.351736650568221, 2.338095213113252, 2.3275500189241933, 2.319611450664922, 2.3137351035947837, 2.309963687141392, 2.308580147127622], "y": [0.9121097777640482, 0.876401193984779, 0.8417660367431434, 0.8250579264369252, 0.8107879458083596, 0.8008873623730562, 0.7974516864038107, 0.7989707253024625, 0.8031842284450177, 0.8175610394224012, 0.8368990448484227, 0.85923657752508, 0.882455209336709, 0.9065942159609873, 0.9311920273701508, 0.9559873291620131, 1.0026430975072638, 1.048267067853216, 1.0709411309850654, 1.0923358318599332, 1.111262192154671, 1.1206929354106372, 1.1169207877394165, 1.107695933237098, 1.0831453143051988, 1.0561464356165589, 1.0277945900717484, 0.9994777277511905, 0.9706622093140734, 0.9414911078679568, 0.9121097777640482]}