{"x": [2.2738595616805886, 2.276647249299161, 2.2860630568236187, 2.3001196818811414, 2.315734893984011, 2.333786939860617, 2.3511268539628807, 2.36740112723584, 2.382356187678926, 2.395747968561009, 2.406786872137838, 2.411169517334866, 2.4145682481499326, 2.4167978313426346, 2.417647703740119, 2.416903029967665, 2.414408967723343, 2.404105364600687, 2.3883796539835536, 2.370271450726942, 2.3519765040126677, 2.33476712777369, 2.319152696004736, 2.3052685623558875, 2.293311135303643, 2.2881312663029445, 2.2835597058555828, 2.279666925852929, 2.276603989157675, 2.2745550941828743, 2.2738595616805886], "y": [0.8463882586495803, 0.8307222170200085, 0.8178949557667018, 0.810833142474723, 0.8089297071695587, 0.8110003437337995, 0.8164309307221826, 0.8244352982817185, 0.8346953196138007, 0.8472363715496644, 0.8618910768238488, 0.8700232097196368, 0.8786131918619061, 0.887588894741976, 0.8967982378408332, 0.9060209004902209, 0.9149311024460266, 0.9301995651213395, 0.939655210048387, 0.9426217181332323, 0.9399677055475056, 0.9332159481800749, 0.9234407509581587, 0.9113330759949131, 0.8973586108809365, 0.8897517668648331, 0.8817645299317107, 0.8733778153434125, 0.8646537602922625, 0.8556226821549978, 0.8463882586495803]}