{"x": [2.2093503892526094, 2.211966127232892, 2.22090933655583, 2.234006088316601, 2.2483912454457573, 2.2678706310579972, 2.286559952390444, 2.304138920100695, 2.3203976188976574, 2.335140705638997, 2.341675600269315, 2.347504656795954, 2.352509733144069, 2.3564393023257177, 2.3590353957361234, 2.3599705561018776, 2.3566983883836334, 2.3466383813910583, 2.3316690783648317, 2.3147225302807666, 2.295135848229232, 2.276715155329858, 2.259931048369418, 2.244872412407976, 2.231707076172944, 2.2259223138821636, 2.2207536318570145, 2.216279250355757, 2.2126886724847816, 2.210223321949187, 2.2093503892526094], "y": [0.7760144461695158, 0.7615598446816505, 0.7499066650142547, 0.7437485098282686, 0.7421626232158546, 0.744528709965662, 0.7505081830587114, 0.7591307211838877, 0.7700404866675199, 0.7833112358256926, 0.7907856378250144, 0.7988226542543915, 0.8074850584493125, 0.8166854128845116, 0.826365223710724, 0.836343395573201, 0.8532850240382011, 0.8673036586340441, 0.8756361106877645, 0.8781509264569632, 0.8752044350553274, 0.8679244626326588, 0.857544986338269, 0.8447904868347191, 0.8300959017568689, 0.8220966568501608, 0.8136861800526639, 0.8048226171574401, 0.79556569609432, 0.785926020030097, 0.7760144461695158]}