{"x": [2.22337201864085, 2.224625649765405, 2.2291277105295175, 2.2397396595916486, 2.249274087112067, 2.262116583990179, 2.2716075089526644, 2.2799948409855255, 2.293033013656031, 2.3022412311147127, 2.308947377544136, 2.3135717896174803, 2.3166894778851006, 2.3184893742379575, 2.3190841627404843, 2.3174744176923623, 2.312346928085122, 2.3079726237483547, 2.3019102951349506, 2.2928049947471583, 2.2863403471876103, 2.2784283648844186, 2.267939682439102, 2.259763761311543, 2.248212628382641, 2.2401451196470847, 2.23401273191784, 2.229467519172942, 2.226172509620643, 2.2241085154286364, 2.22337201864085], "y": [1.0333705864381062, 1.0085118434243545, 0.9840320529004055, 0.9602381447162458, 0.9507927277007558, 0.9468951021833026, 0.9488363524166677, 0.9536839054573891, 0.96767411548083, 0.9839228545461812, 1.0013538725900988, 1.0187740741320628, 1.036525936813277, 1.054452972585738, 1.0724603173401814, 1.1026773892561044, 1.1324997225756093, 1.1475107704558274, 1.1619230662020281, 1.1752179630289081, 1.1802865461730243, 1.182496238276458, 1.1791165247603574, 1.1717280718366696, 1.1535376303063922, 1.134201881239345, 1.1141681669077415, 1.0942570185324632, 1.0741012327485011, 1.0537815465379998, 1.0333705864381062]}