{"x": [2.1632242357531313, 2.164501932789487, 2.169125511567978, 2.1800793842931134, 2.1898395611793022, 2.2027256796767873, 2.212509853968018, 2.2212134145158715, 2.2286006351902237, 2.2349002432708027, 2.2446772476048262, 2.2518429039788184, 2.256808473327326, 2.2601674188215917, 2.2621120725374855, 2.262755441838976, 2.261111347580728, 2.255856467517839, 2.2513582911897325, 2.2451158024751794, 2.2357651859014442, 2.221281300134754, 2.210442714783116, 2.201891010732169, 2.1897088275393184, 2.18115801100963, 2.174633502651318, 2.1697815026361544, 2.166249725611064, 2.1640247200457963, 2.1632242357531313], "y": [1.030570480393434, 1.0057698472451004, 0.9813705350918032, 0.9577666210879725, 0.9485964944278078, 0.944949546953285, 0.9469228015698743, 0.9518086826708542, 0.9583821615397982, 0.9660042735675197, 0.9826220867497635, 1.0005216648854998, 1.0184638581764485, 1.0367749658494196, 1.0552828982308533, 1.0738815894496556, 1.1040666117330382, 1.1338361406460555, 1.1488099278109498, 1.1631444744374382, 1.1762574587601995, 1.1833002878263832, 1.1799717864111319, 1.1725271768229057, 1.1539897105325774, 1.1341898116505997, 1.113632981891533, 1.0931858027376558, 1.072469731909843, 1.0515715375556218, 1.030570480393434]}