{"x": [2.322502221154392, 2.324169325326616, 2.330140155830282, 2.335739425690801, 2.343633461270815, 2.3542220292161056, 2.366627601014363, 2.375272412220318, 2.383417911454434, 2.397395456444553, 2.4081489963599183, 2.416262457203648, 2.4219523197375823, 2.42580854642671, 2.4280309123759167, 2.4287566593733203, 2.426691061758434, 2.4202310559639146, 2.4147754445119984, 2.4073562494958707, 2.396831138581767, 2.382600583098103, 2.37291360435528, 2.3644771289058553, 2.3515154848819364, 2.3421548432940655, 2.3349757327194567, 2.329659465887975, 2.3257934703056877, 2.3233664804970915, 2.322502221154392], "y": [0.8914943897770136, 0.8678077508770046, 0.8448254689668689, 0.8336796225943449, 0.8240221945416852, 0.8171311396018464, 0.8147423747171846, 0.8159390886143516, 0.8190720947052021, 0.8293331490320138, 0.8426283986739863, 0.8576807751272567, 0.8731912173636852, 0.8892560195643568, 0.9056162315305649, 0.9221107378065106, 0.9503084793682316, 0.977833879416605, 0.9914703774919508, 1.0041460755550102, 1.0149050357642468, 1.0198065125992934, 1.0177812011479783, 1.0126076795591576, 0.9980378966782957, 0.9814883906637469, 0.9638824788265346, 0.9462258131986908, 0.9281959875679553, 0.9099152583101727, 0.8914943897770136]}