{"x": [2.283537701020167, 2.284928073310024, 2.289808140142497, 2.2985523206420737, 2.3092090647153465, 2.3155881949910864, 2.321808773861049, 2.327785380217299, 2.3334899532703557, 2.3388740969771304, 2.3439528968932364, 2.353132093376982, 2.360848296410428, 2.3669169769074685, 2.371002333643138, 2.3725581726512734, 2.3710381901490893, 2.365808630650779, 2.356444111802127, 2.3446802170141043, 2.338200880448081, 2.3319306213338895, 2.3259802683255644, 2.3203773328277557, 2.3151720160187885, 2.3103205260044106, 2.3016751530014234, 2.2945304477323067, 2.2888924835096773, 2.2850299048868834, 2.283537701020167], "y": [1.0262402639898998, 1.015617673576371, 1.0060805089081588, 0.9996889948847284, 0.9977535492312283, 0.9983280662117426, 0.9998537697734906, 1.0021306260714682, 1.005022294175099, 1.008412112592766, 1.0122443004498682, 1.021040488021832, 1.0310798372779848, 1.0421928674572483, 1.054207652980812, 1.0668022778587383, 1.0785427165009476, 1.0891634487625226, 1.0966879716392839, 1.099121782890391, 1.0984397023291794, 1.096670271101726, 1.0940475242555847, 1.0907471279536194, 1.086933081512248, 1.0826780470847683, 1.07311212030325, 1.0625504821187353, 1.051113333263033, 1.0389319509178472, 1.0262402639898998]}