{"x": [2.2798417555829795, 2.2816284541312006, 2.2886798718305363, 2.295583098844551, 2.305920775762387, 2.3217557796740986, 2.3432012472008372, 2.358251298383752, 2.371664414513882, 2.3926029356021576, 2.4072284578482432, 2.4176627267835484, 2.4246661801780345, 2.429267305205364, 2.432664164437458, 2.4297287910091736, 2.4208979392984484, 2.413682492930833, 2.4039139202065476, 2.38943108700442, 2.3787813869966423, 2.3646511048590404, 2.3471866602398324, 2.3346166869262377, 2.3174478933945335, 2.305470170236376, 2.2962835431048028, 2.2893581947301045, 2.284256943110072, 2.2809892913521277, 2.2798417555829795], "y": [1.1550422383745282, 1.1136048001168786, 1.0727326691534915, 1.0520328699278572, 1.0328165053619196, 1.0169545364961579, 1.0104398356018804, 1.0133690440349412, 1.0207968713304776, 1.042682903798918, 1.0684023182642899, 1.0960884197088419, 1.123688317235354, 1.1517887149443824, 1.2085835252445478, 1.2639832437500949, 1.3187533203039992, 1.3462988791301247, 1.3730457567844943, 1.3985389203547245, 1.4091265493406626, 1.4142107527700423, 1.4072854498295118, 1.3933225555174065, 1.361017516070085, 1.32750502813437, 1.2931224950450184, 1.2589889374966292, 1.2245355278986048, 1.1898562328744609, 1.1550422383745282]}