{"x": [2.2493470701771, 2.2512751286747283, 2.2576831259464245, 2.2672919543796843, 2.2779858173228567, 2.291078202839692, 2.303610082061028, 2.3153251158532013, 2.3260669384095225, 2.3356749804930073, 2.339896687696027, 2.3436405990230376, 2.346834465053281, 2.349335395161921, 2.3509954509713427, 2.3516283913241347, 2.3495014051671808, 2.342640481941013, 2.332201958228261, 2.3202817215023948, 2.3070451801470093, 2.2945585702295612, 2.283159832711061, 2.2729469037306136, 2.2640648208310297, 2.2601928323307074, 2.2567605924661946, 2.2538227960295703, 2.251498400564803, 2.249932567980467, 2.2493470701771], "y": [0.8575562211551664, 0.8468321852940289, 0.8380196983756178, 0.8331340455111903, 0.8317774014443228, 0.8334046167059138, 0.8375289822584362, 0.8435339678106583, 0.8511441659948489, 0.8603314971593543, 0.865474124163451, 0.8709743561755374, 0.8768583018375053, 0.8830685309285964, 0.8895639826440221, 0.8962382664848269, 0.9081800726250431, 0.9181829990212044, 0.9242302280538773, 0.9260848742936195, 0.9242730237948574, 0.9195218763490105, 0.9126444163652467, 0.9041047000652587, 0.8941861517842573, 0.8887645179505512, 0.88305433950449, 0.8770371756365813, 0.8707575184294022, 0.8642367492147611, 0.8575562211551664]}