{"x": [2.182675183720441, 2.1847391652473536, 2.1923530999506218, 2.199743348012118, 2.2104667829862374, 2.225290929613348, 2.242974501078735, 2.2564236338847303, 2.269035958947759, 2.2904505883367765, 2.3066800224233983, 2.318739487743242, 2.3270356278161466, 2.3325560066338635, 2.3356744167681223, 2.336666376162413, 2.3336911399465436, 2.3246766394003484, 2.3172331982222816, 2.307161801856543, 2.292517035216634, 2.2706501491966367, 2.2549545568886034, 2.242326541337423, 2.2240588073836483, 2.2110518677395192, 2.2009719170646243, 2.193337960498003, 2.1876646181693156, 2.184009131255973, 2.182675183720441], "y": [0.9188901981665564, 0.8851095878502323, 0.8521335715441176, 0.835911057555395, 0.8216704933502595, 0.8113191462748561, 0.807551254327616, 0.8093567121017385, 0.814363518220606, 0.8307042701536618, 0.8516854819356922, 0.8753112110210329, 0.8994992994161541, 0.9244675788528384, 0.9498294500920782, 0.9753630556165884, 1.0204363102093554, 1.064699038209641, 1.0868259220958543, 1.107887042254324, 1.126920856746385, 1.1368503370874716, 1.1323946352442984, 1.1220632210112709, 1.0958491892685644, 1.0676309837017885, 1.0382397911654775, 1.0089421491255786, 0.979202574334055, 0.9491424127152048, 0.9188901981665564]}