{"x": [2.214075228289216, 2.215944689066556, 2.222838015456468, 2.235120224560798, 2.2498993904495204, 2.2594055142447056, 2.268681244314785, 2.2776142372922603, 2.2861718103205644, 2.2942858979448433, 2.3019764523907096, 2.315980920992558, 2.327905079911283, 2.3373757361064644, 2.3438209978373674, 2.3463505966536924, 2.3441809149766555, 2.3365658016067754, 2.322927702711562, 2.3057649612256297, 2.2960485075536283, 2.2866560304079764, 2.277763659269153, 2.2694077326534376, 2.2616580849239605, 2.2544382711007156, 2.241555184040025, 2.230854085070242, 2.222322549554847, 2.2163735248200878, 2.214075228289216], "y": [0.9773399600542843, 0.9626070394329846, 0.9494527289260186, 0.9408695712479967, 0.9383998522676442, 0.9391817231584217, 0.9414040065260985, 0.9447018196703915, 0.9488781672296287, 0.9537710101493293, 0.9593057822427866, 0.9720492796044949, 0.9867226919251507, 1.0030873265462976, 1.0209141781617652, 1.039700853416535, 1.056870181657903, 1.0724105612930142, 1.0834606457200515, 1.0871406473514837, 1.086044715005887, 1.0833259077794213, 1.0793029822246336, 1.0742595027825488, 1.0684567344117872, 1.062006660842177, 1.0475760342937273, 1.0317243326898486, 1.0146070062441368, 0.9963774422958193, 0.9773399600542843]}