{"x": [2.277347225577197, 2.2795418215110965, 2.287563980021428, 2.3022287607035716, 2.3202960211334016, 2.3302403103213476, 2.3399516996750136, 2.3493028486596605, 2.3582436615159805, 2.3746625922033697, 2.3890254749028474, 2.400999282899938, 2.4102659710000576, 2.4163512027627365, 2.418625946538696, 2.4160046012304215, 2.407144096129994, 2.3999762706418566, 2.3911481590919776, 2.381080184912378, 2.3704128170356427, 2.3601716409921063, 2.350281783986981, 2.3409529918817977, 2.332239252249256, 2.316817040683638, 2.3037803568835096, 2.2932091327775646, 2.284977363381219, 2.2794111638531813, 2.277347225577197], "y": [1.1053344747548, 1.0873378290737332, 1.0710792780953073, 1.0600198512584242, 1.0567121609802312, 1.0575072795040663, 1.0597898258326075, 1.0632224039608218, 1.0676142652299923, 1.078697284310621, 1.0923399452468145, 1.1080219906829383, 1.1254411502110828, 1.1442423147595695, 1.1638723777940718, 1.1846628114028346, 1.2036524146169856, 1.2116481460056467, 1.2177615647816598, 1.2215040186029478, 1.2227599355062346, 1.2216224017370527, 1.2187299290493854, 1.2143982001696247, 1.208933680168221, 1.1956277084343325, 1.17997720145043, 1.1629279881934549, 1.1446341524998307, 1.1253243003334688, 1.1053344747548]}