{"x": [2.2447567408686098, 2.2463806808767, 2.2519632641966956, 2.2607235022707775, 2.270639486590316, 2.283105053548423, 2.2949448908968324, 2.305904146651658, 2.3158546681429035, 2.324631654776435, 2.328457580058943, 2.3318331762318003, 2.3346963226257644, 2.336929918850284, 2.338409474176508, 2.3389750474052953, 2.3371791070507975, 2.3311936123560035, 2.321689331296311, 2.31067003526349, 2.298117100122884, 2.2863831776019223, 2.2757691253430075, 2.2663239812431315, 2.2581734180033237, 2.254633873372981, 2.2515034681182176, 2.2488311882971135, 2.246720088656045, 2.2452971167712987, 2.2447567408686098], "y": [0.8329934539432273, 0.8230598763854315, 0.8146844416073482, 0.8098452613050563, 0.8084914917207712, 0.8101957220885797, 0.8144516605628546, 0.8205595629633482, 0.8282014789852565, 0.8372742341133862, 0.842301664024153, 0.8476418986868619, 0.8533103407086505, 0.8592550770470813, 0.8654386040968092, 0.87177147214067, 0.8827897635719867, 0.8922132449393437, 0.8980503887505192, 0.8997762859881951, 0.8978080774544188, 0.8929331325574228, 0.8860454531010221, 0.8776259824180341, 0.8679819389655774, 0.8627484427497287, 0.8572604174425315, 0.8515039937718223, 0.8455189498100403, 0.8393253745020931, 0.8329934539432273]}