{"x": [2.282075469567395, 2.283517616653658, 2.288828389544787, 2.293870902885289, 2.301074242942971, 2.310948959387888, 2.322726288367626, 2.33136004428531, 2.339426589719132, 2.3530676325127327, 2.363426840380502, 2.371214731722164, 2.3766781593571, 2.3803916242965615, 2.38254260509633, 2.383252006789423, 2.3814114101529933, 2.375577627048416, 2.370606719893477, 2.363794058877503, 2.35400295139779, 2.3405140425589805, 2.330927201012628, 2.3226919034681366, 2.31018940239893, 2.3011849543150005, 2.2942630546885057, 2.28911070878485, 2.285343169422627, 2.2829551814969893, 2.282075469567395], "y": [0.8811373378092124, 0.8586393850637184, 0.836729721505011, 0.8260003493455522, 0.8165844978312868, 0.809712783975548, 0.8072581967830225, 0.8085144410487244, 0.8118387057291235, 0.8225065583218238, 0.8360445758674485, 0.8512083437093719, 0.8667400445702316, 0.8827803984097454, 0.8990944806762392, 0.9155344547588444, 0.9424167805033475, 0.9687229434333601, 0.9818073082191187, 0.9940342526318185, 1.0045333083071233, 1.0094470944329879, 1.007281716337652, 1.0019173647939579, 0.9871521036305121, 0.9705869823206902, 0.9530492904866423, 0.935484873383508, 0.9175722782717466, 0.8994224435737252, 0.8811373378092124]}