{"x": [2.2850774794876214, 2.286357355939797, 2.290989085598235, 2.3005256508151035, 2.3068826629738126, 2.3136823213480353, 2.3210586466937237, 2.3281441010535424, 2.3348029471973604, 2.3410175236781456, 2.3520034208235243, 2.36122661112243, 2.3685726411586296, 2.374108794101472, 2.3776715828387647, 2.3789737897477012, 2.3775115308525545, 2.372450419811487, 2.3623339297187527, 2.355422101187058, 2.3478819684423304, 2.340334512215958, 2.333184363453281, 2.326601250995514, 2.3205758381103143, 2.3102061143791572, 2.301659489412572, 2.294911966036117, 2.289763481933858, 2.2863589963123347, 2.2850774794876214], "y": [1.302919741391725, 1.2897983122686527, 1.2774550118050088, 1.2678010843375183, 1.2652631601156599, 1.264477470014068, 1.2653282650842521, 1.2675487074662615, 1.2707902709578625, 1.274818546643761, 1.284531237011174, 1.2959311953870738, 1.3083658217016183, 1.3217050532937518, 1.3357115582163621, 1.3501053034169692, 1.364629945387673, 1.378322592337169, 1.3894630451665309, 1.3926426934618443, 1.3936575506563866, 1.3926352013252028, 1.3900113365581908, 1.3862371155036444, 1.3816244683501044, 1.37083266714197, 1.3585465226996738, 1.3455328464626772, 1.3318077616772939, 1.3175359377362084, 1.302919741391725]}