{"x": [2.2369357332104003, 2.2386790951109576, 2.2456183913865555, 2.2626410800081036, 2.27805131946675, 2.2983727257301463, 2.313116495914978, 2.326377399107884, 2.3377222452893673, 2.34740104060466, 2.3623118184075933, 2.3730372739646333, 2.380278604770092, 2.385053855169977, 2.3885921163729367, 2.3857414803811916, 2.3771173167339485, 2.3700308858910737, 2.3604128401592837, 2.346145532391287, 2.335763390019378, 2.3223301239844814, 2.3052409969628425, 2.2926741627788307, 2.2753319280545297, 2.2631740473926825, 2.253814992040459, 2.246738271160281, 2.2415026276068795, 2.238131941684621, 2.2369357332104003], "y": [1.0889914247889145, 1.049944585452977, 1.011479781540279, 0.9741651303202232, 0.9597400387229936, 0.9540304682278267, 0.9567869831589424, 0.9637959474431258, 0.9734186196916137, 0.9847156227157791, 1.0096045197369479, 1.0365628782313512, 1.0635422989057834, 1.0910654345443778, 1.1467646946487893, 1.1989628320288261, 1.250522462292126, 1.2764466587336059, 1.3015419702385163, 1.3252660060827124, 1.334897260953934, 1.3393802637713221, 1.3329749764267729, 1.3197409049852433, 1.2886856744543547, 1.2562966743354758, 1.2229909770180127, 1.1899054091588572, 1.1564790301213297, 1.122808801030772, 1.0889914247889145]}