{"x": [2.2239665622136164, 2.2252775917123215, 2.2299020310404054, 2.2384295277355557, 2.2490148997706862, 2.255498906354657, 2.26180094327397, 2.2678288804801117, 2.273558302239914, 2.278940111071286, 2.283997982184865, 2.29309305813656, 2.3006759255986626, 2.306611397347096, 2.310594242372545, 2.3121194943587673, 2.31070676378204, 2.3057720940220414, 2.296658757773224, 2.284955455300309, 2.2783571092505457, 2.2719983832955646, 2.265997740147153, 2.2603748719248977, 2.2551778936964495, 2.250350847290625, 2.2417840295003484, 2.2347441748034926, 2.22920591404155, 2.2254214889413397, 2.2239665622136164], "y": [1.0455951023948413, 1.035053797287523, 1.025490718671673, 1.0189018789607454, 1.0168817533458483, 1.017509382150099, 1.019158803249915, 1.021598969574071, 1.0246753578702765, 1.0282562637514387, 1.0322817690645139, 1.0414536828256502, 1.0518113943866985, 1.0631934962511718, 1.0754230271305798, 1.088194013247778, 1.0998727625919247, 1.110551621533103, 1.1183275511464368, 1.120886982755797, 1.120144219459405, 1.11823202905666, 1.1154244300489462, 1.1119210483486668, 1.107904999470388, 1.1034511411098535, 1.0935098116489206, 1.082631369642877, 1.070916945953919, 1.0584970228506334, 1.0455951023948413]}