{"x": [2.208198571471588, 2.210567190154809, 2.218894666257318, 2.2319714463467126, 2.246748072461249, 2.2653598187531303, 2.283083683305881, 2.299555111830171, 2.314562843584437, 2.3278460143392956, 2.3387300733828744, 2.3430388505290805, 2.346385244246155, 2.3485935474717112, 2.349454202443085, 2.3467073981857087, 2.3375302607540087, 2.322803882281535, 2.305508024773575, 2.2866393429258784, 2.2690914914709994, 2.253352994597929, 2.246169660693822, 2.2394573410251413, 2.227568635524758, 2.2224237059323433, 2.2178808548970617, 2.2140081225516894, 2.210951850345214, 2.2088969213316823, 2.208198571471588], "y": [0.8548381872204894, 0.8400331370338893, 0.8275650575002802, 0.820418206334349, 0.81848663190773, 0.8208939235456401, 0.8270629411642766, 0.8359512713738108, 0.8471351150394071, 0.8605254339147197, 0.8759293465222744, 0.8843830363546329, 0.8932617795859533, 0.9024999280656013, 0.9119592760076252, 0.9292785378715946, 0.9442211585821919, 0.9537750578701258, 0.9567744790781022, 0.9536989448297751, 0.9461121816925928, 0.9354145967999721, 0.9291653424404253, 0.9224126962410714, 0.9076596257728994, 0.8996971509961262, 0.8913764653541321, 0.8826781936328915, 0.8736605893526324, 0.8643486062476198, 0.8548381872204894]}