{"x": [2.2067253261139173, 2.209128888581767, 2.21753571791996, 2.230374591032949, 2.2447009487884517, 2.263901772304516, 2.282236552222813, 2.299362603698254, 2.315077100818326, 2.329150065948529, 2.335333802287721, 2.3408133987913478, 2.3454793783350265, 2.3491171092624, 2.351506362501108, 2.3523716064489752, 2.3493676528817766, 2.339886128058601, 2.325253515621019, 2.308409943604144, 2.289083852325257, 2.2710303754929932, 2.2547218648975402, 2.2402075832071726, 2.2276513687937625, 2.2221723567648803, 2.21730272662105, 2.2131159162366223, 2.2097801553166434, 2.2075099483643257, 2.2067253261139173], "y": [0.8202942166664959, 0.8059159726970552, 0.7940064709165395, 0.7874088394059241, 0.7856422387655259, 0.7880845023728584, 0.7942870922005326, 0.8031997918497937, 0.8144155144943958, 0.8279201080111224, 0.8354739118290249, 0.8435530559290794, 0.8521993356581318, 0.8613260235543558, 0.8708704486377333, 0.8806712615694016, 0.897508706696614, 0.9117433118008408, 0.9205022423060546, 0.9231717538823577, 0.9201032068597625, 0.9125543156023216, 0.9018916049499114, 0.8888917379001419, 0.8740545917543704, 0.8660196774650526, 0.8576014755957921, 0.8487689712461848, 0.8395811960331245, 0.8300553558646525, 0.8202942166664959]}