{"x": [2.1624994245082347, 2.1638169843417314, 2.168610938698186, 2.1731910808400405, 2.179843822521539, 2.189356459994809, 2.2012015652151846, 2.210193195955922, 2.2184242305727793, 2.231888181529662, 2.2418116369250263, 2.249180512719057, 2.254319893737816, 2.257808827299972, 2.2598323623888183, 2.260503605986785, 2.2588301345946196, 2.2534808775683013, 2.248896157575274, 2.242559391854668, 2.233236523418171, 2.2197000099082027, 2.2097437072615778, 2.201503633458135, 2.1893692782832286, 2.1807375536519062, 2.1741218590329097, 2.169195459386327, 2.165598349437381, 2.1633242045285694, 2.1624994245082347], "y": [0.9240819192618294, 0.9014027368656801, 0.8791968980006227, 0.8681543825531175, 0.8582218160385032, 0.8506031549343259, 0.8477347492732639, 0.8492412307837515, 0.8531615597310871, 0.8651945351900284, 0.8798676236860663, 0.8959758254022255, 0.9122822995349052, 0.9290197329849476, 0.9459888889237732, 0.9630650822807295, 0.9904674151115254, 1.0173946095501687, 1.0308785398214164, 1.0436332030147937, 1.0549288412975337, 1.0605208107263842, 1.0579132706459824, 1.0517465526067071, 1.0355956038434762, 1.01793223134795, 0.9994191553546184, 0.9809461445039283, 0.962168968374841, 0.9431844070760426, 0.9240819192618294]}