{"x": [2.268057145192626, 2.269423052660059, 2.274233031999036, 2.2834493006892935, 2.295377032536206, 2.3017519598208813, 2.30793578535802, 2.313824334274447, 2.3193851307450255, 2.3293870479692003, 2.3379257686504777, 2.3448461268323113, 2.350115156429185, 2.353532513830125, 2.3547819521610074, 2.3532829792617336, 2.348167042794832, 2.3438853070519454, 2.3384879556472566, 2.3322160571446884, 2.3255135750351528, 2.3190034693194135, 2.3127496605450215, 2.3068863087836076, 2.301437845476843, 2.2918713063211276, 2.2838610247622646, 2.277450415968685, 2.27253026150998, 2.2692698487094014, 2.268057145192626], "y": [1.1720617802384081, 1.1601784397550028, 1.1492265639790114, 1.141220415183453, 1.1386190232299411, 1.1392486465283673, 1.140920898037276, 1.143414352341968, 1.146571861696435, 1.1543838928564627, 1.1637730583215946, 1.17424681132798, 1.1856410285679186, 1.1977338469783114, 1.2102379859958456, 1.2232248755824076, 1.235255395727145, 1.2404588651047903, 1.2444934595516106, 1.2469826400509372, 1.2477633217761586, 1.2470222337612624, 1.2450676075337535, 1.2421795916983136, 1.2385693594428115, 1.2298713230967397, 1.2197219439510403, 1.2087474888016176, 1.1970288433579883, 1.1847287463048262, 1.1720617802384081]}