{"x": [2.201603556077536, 2.203500167766892, 2.210580059611018, 2.2236500631311396, 2.239709229442117, 2.2500414071208255, 2.26009766756585, 2.269747788003911, 2.27895905735894, 2.287656431405449, 2.2958694287501586, 2.310739688988375, 2.3232700130987585, 2.3331335978446424, 2.339781607224409, 2.342381553343327, 2.340163048306846, 2.3322834122761247, 2.3177294343512482, 2.2988982350824845, 2.288291504133163, 2.278089132247001, 2.268496841432282, 2.259541207957013, 2.2512935944736086, 2.243648076147469, 2.2300913991326117, 2.21893458870117, 2.210091198033056, 2.2039600918437863, 2.201603556077536], "y": [1.0062224267544584, 0.9902317801894944, 0.9757689642485627, 0.9660072496605508, 0.9631403277728531, 0.9640533192144631, 0.9665947902095156, 0.9703454010315974, 0.9750723898063774, 0.9805832608571139, 0.986792986266383, 1.001012986351297, 1.0172390502923654, 1.0352113586942284, 1.0546503817209378, 1.075029584971436, 1.093875369685101, 1.1111379506651877, 1.1238543464902016, 1.128203016438165, 1.1269307345893658, 1.1237632355079898, 1.119116452803632, 1.113337070342477, 1.1067432382124192, 1.099459846155439, 1.0832924252675022, 1.0657242239435256, 1.0468851539491226, 1.0269477285415867, 1.0062224267544584]}