{"x": [2.188312399475092, 2.190230612771579, 2.197209007746528, 2.209156461023018, 2.223191058676191, 2.2326192967701375, 2.241838363998451, 2.250746709844347, 2.2593137375042374, 2.275248298613616, 2.2895115273984796, 2.301832729843508, 2.3117570353253996, 2.31862962395395, 2.3214532155422605, 2.319213615061731, 2.3115513905527245, 2.2981878266636673, 2.281787609827516, 2.272175435597906, 2.262854283769414, 2.253983720752363, 2.24560151358644, 2.237775967138808, 2.230444359722667, 2.223604383711335, 2.217253392994987, 2.206142880674759, 2.1971752396265165, 2.1908237625716507, 2.188312399475092], "y": [0.906884519477321, 0.8928734871130055, 0.8805734637903314, 0.8729032188416685, 0.8707574401764816, 0.8714981793550175, 0.8736074843416428, 0.8767392512248015, 0.8807107278513511, 0.8906636866221249, 0.9028920115553225, 0.9171033968050126, 0.9330809955328742, 0.9506514000060626, 0.9693055930561826, 0.9856954970360137, 1.0003561613577303, 1.01039858425519, 1.0136340108415214, 1.012592177358136, 1.010024018675796, 1.0062176049034743, 1.0014307189561034, 0.9958981433137228, 0.9897259392391411, 0.9830167093722129, 0.975842871197028, 0.9604496498202618, 0.9437171615892207, 0.9257628534954734, 0.906884519477321]}