{"x": [2.194803907606428, 2.196073990229882, 2.2006484878283015, 2.205008692626725, 2.211387513319598, 2.220793950980035, 2.233030634119101, 2.242081678954113, 2.2502225920178285, 2.2631651338825707, 2.2724559449511226, 2.2792650535006422, 2.2839724770417638, 2.2871516505517464, 2.288988320089764, 2.289596432155392, 2.2879789913299904, 2.2828259406163776, 2.2784246800484165, 2.272334827521777, 2.263261347073747, 2.2494203020348844, 2.2393903235318757, 2.2313603897998804, 2.219824211022441, 2.211718357846275, 2.2055428122661977, 2.2009638259933553, 2.197638845101129, 2.195551783346805, 2.194803907606428], "y": [0.9729542532917014, 0.9493758018846647, 0.9262105163835871, 0.914590335301196, 0.9039437095052018, 0.8954067973388999, 0.8919974682921619, 0.8936643214556319, 0.8979567970307525, 0.9107461529756629, 0.9259290315721764, 0.9423751561475546, 0.9588848965564922, 0.9757557062750398, 0.9928179685863823, 1.009968022518909, 1.038519681251649, 1.0666490146877166, 1.0807832211746522, 1.0942762039363036, 1.1065339905327678, 1.112937649792707, 1.1100252965857738, 1.103346791196653, 1.086463024503154, 1.068308860999327, 1.049410682647284, 1.030605427574477, 1.0115384604400177, 0.992295554567768, 0.9729542532917014]}