{"x": [2.2795516979341035, 2.2809362349091487, 2.285889397847519, 2.2906096979822004, 2.297563741064738, 2.308116940490741, 2.3224560616542167, 2.3327191810189256, 2.3417603424985494, 2.355760837276977, 2.3656076369550036, 2.3727538765849387, 2.3776662355185723, 2.380967934742029, 2.3834901012922645, 2.3816929081021967, 2.376012471923196, 2.371192542190172, 2.364530510247938, 2.354532693026983, 2.3473917665872346, 2.338551138237109, 2.327131756930428, 2.3183157143141924, 2.3059401776282744, 2.297333541008372, 2.2908097752950383, 2.2859869144528, 2.282500647185252, 2.280323970363519, 2.2795516979341035], "y": [1.135614107601408, 1.1078786691182019, 1.0805539977130971, 1.0667507665821365, 1.0539268940070359, 1.0432791018042957, 1.0389047331439196, 1.0410890205078218, 1.0464144434470581, 1.061679997931359, 1.079350230909963, 1.0982744972515908, 1.117169641147305, 1.136411691853257, 1.17534182207891, 1.209084524106119, 1.242394169680273, 1.2591633816669547, 1.275289618788063, 1.2902458787547884, 1.2960203338027445, 1.2985063852691694, 1.294771635502544, 1.286609036784281, 1.2666624738210401, 1.2455314049459503, 1.2236673534771954, 1.2019524906418895, 1.1799833942745153, 1.1578454219303482, 1.135614107601408]}