{"x": [2.228566348975233, 2.2306953583388602, 2.2388093040653265, 2.246647670774691, 2.257867579693615, 2.272897267289613, 2.2903343924625994, 2.3036447801302313, 2.3162455935754895, 2.338068683913978, 2.355001022999782, 2.367751983611424, 2.376606520004128, 2.3825206336522027, 2.3858663634557447, 2.3870053198131016, 2.3838222983626034, 2.3744115817125295, 2.3666395185272284, 2.3561486001853025, 2.3410538930056313, 2.3193158631205146, 2.3037651160134427, 2.2909173437882795, 2.2719716060709056, 2.258371494295586, 2.2477968692060655, 2.239773389972557, 2.233792910436016, 2.229925361854439, 2.228566348975233], "y": [0.8852003266816306, 0.8519156747690493, 0.8195650237932177, 0.8038599786699109, 0.7903617536441292, 0.7809277642915657, 0.7776356023819391, 0.7793054609197207, 0.7839070202115969, 0.7992195560167776, 0.819365055603763, 0.8423858780044993, 0.8662070567926181, 0.890922934955105, 0.9160928152217083, 0.9414585314341374, 0.9855905496579914, 1.0288248539798714, 1.050367130963478, 1.0707243237006354, 1.0887768843854098, 1.0977881655835102, 1.0937606899521708, 1.0841180220433677, 1.0589305698693996, 1.0314424725179627, 1.0026547001046735, 0.9738969841864075, 0.9446460643998563, 0.9150334727155947, 0.8852003266816306]}