{"x": [2.2185999892338377, 2.22076254946229, 2.228737245804686, 2.2364784823588124, 2.2477214874118414, 2.2633120071955593, 2.281963580763304, 2.2957865797804655, 2.3087474358146096, 2.3307346483776756, 2.3473586242790474, 2.3596767215272156, 2.368125412302546, 2.3737344669958764, 2.3768972719363215, 2.377904353269363, 2.3747719125834776, 2.365308519263383, 2.3575213529117454, 2.3470050606368624, 2.3317217404800585, 2.3087633805508636, 2.2925529161790696, 2.279551723138328, 2.2608070854462725, 2.247498119904688, 2.237205484180713, 2.2294264276506026, 2.223657964612394, 2.219950130889171, 2.2185999892338377], "y": [0.9614508057324107, 0.9258374842276162, 0.8910612056229106, 0.8739329372255812, 0.8588697649482864, 0.8478832585672201, 0.8438974797180208, 0.845777192655406, 0.8509371183736338, 0.8677743950987309, 0.8893914892117271, 0.9137208914412144, 0.9386058041256623, 0.9642802614826733, 0.9903500401502028, 1.0165916575175435, 1.0640773578152105, 1.1107158408981714, 1.1340319905660505, 1.156251135282089, 1.176401350271167, 1.187009118579486, 1.1823598073276076, 1.1716190331570264, 1.1444378960231323, 1.115222639737173, 1.084813407364505, 1.0545159708046488, 1.0237723012648234, 0.9927072279390948, 0.9614508057324107]}