{"x": [2.1673136729841636, 2.16942148802967, 2.1767943061710335, 2.1890741685511053, 2.203299232887414, 2.2127815360649348, 2.2220736205747746, 2.2310799902320126, 2.2397685743704723, 2.2560157536738723, 2.270657397032516, 2.283424974620396, 2.2937820128690247, 2.301006805381404, 2.303914606113284, 2.3015643021711822, 2.2933921618648325, 2.2795455345944293, 2.2628367971185623, 2.2531758797164545, 2.243781976445196, 2.2348078523521084, 2.226297765498165, 2.2183226527488458, 2.210830637029202, 2.2038241056418335, 2.1973045960041273, 2.185852585938425, 2.176576366477672, 2.1699817603513476, 2.1673136729841636], "y": [0.889739178264308, 0.875535409109722, 0.8632134167741782, 0.85574152127319, 0.853674691072361, 0.8543817829034486, 0.8563995088189252, 0.8594086721453499, 0.8632398944042153, 0.8729024843407813, 0.8848590206016452, 0.8988896113531132, 0.9147830147964969, 0.9324003395072471, 0.9512182153627902, 0.9679365742487809, 0.9827096435058574, 0.9925713728181244, 0.995702009136263, 0.9947056559356633, 0.9922397633830708, 0.988562200046514, 0.9839105554909976, 0.9785028092641578, 0.9724434493082815, 0.9658323043232118, 0.9587404276900736, 0.9434404653087223, 0.9267315115434007, 0.9087269351407831, 0.889739178264308]}