{"x": [2.150997546803689, 2.152343876780177, 2.1571132790916563, 2.165139173322525, 2.174480726229048, 2.181160419249018, 2.1876880636781326, 2.1939903684444513, 2.200048400454383, 2.211321090083259, 2.2214443683709826, 2.23025692841269, 2.2374497657240124, 2.2425416003304917, 2.2446282564187, 2.24320922613833, 2.238167843405231, 2.229511968574281, 2.2190921114961757, 2.212300456974867, 2.205699846795356, 2.1993910109707935, 2.1933961247613762, 2.187762678962594, 2.1824519004309892, 2.177466443526538, 2.172808861611809, 2.164566868006698, 2.157833185333857, 2.152993406892962, 2.150997546803689], "y": [0.8548625549117447, 0.8455283909399544, 0.8373925429172149, 0.8324071514262297, 0.8309913492443891, 0.831579048281583, 0.8331131757881507, 0.835375249006239, 0.8382276635585421, 0.8453257826766253, 0.8539846546119731, 0.8640006429967322, 0.8752364931748525, 0.8876244558783072, 0.9008545075022226, 0.9112801190249677, 0.9205154578221214, 0.9266245697059649, 0.9285408148808442, 0.9279116638263816, 0.9261928422986242, 0.9236333372571772, 0.9204062929664029, 0.9166649929375137, 0.9124782676226372, 0.9079112793517313, 0.9030103515701459, 0.8924033252596274, 0.8807802024692489, 0.8681964126865003, 0.8548625549117447]}