{"x": [2.3056254144162263, 2.3083167656285872, 2.3175303815223796, 2.3323270636279756, 2.3492350377220808, 2.368891890542561, 2.387604412239647, 2.4049528907660203, 2.4206799377022454, 2.4344716945091878, 2.4456205223171166, 2.453293718610144, 2.456267075934491, 2.4531305075260597, 2.442885877056362, 2.435218771152346, 2.426287070132405, 2.4165723922121596, 2.406513125625084, 2.3963984495597406, 2.3865166643152724, 2.377024143036269, 2.3679875946249305, 2.359490420715904, 2.3515009765577948, 2.344031857953586, 2.3370912255411747, 2.324939252800544, 2.3151792032075686, 2.3083372602815206, 2.3056254144162263], "y": [0.9366589839304698, 0.9197587627015608, 0.9053375931548147, 0.8968293923701538, 0.8944945060861502, 0.897006829313233, 0.903529494607379, 0.9130010924787372, 0.9249735971491269, 0.9393236102046695, 0.9558111530484424, 0.974258914635923, 0.9940163688029354, 1.013810823914421, 1.031035981709946, 1.0376407339004856, 1.0423980421028447, 1.0451660550846218, 1.046086934388079, 1.0451517164597623, 1.0427997758009666, 1.0392116007014363, 1.0345938357023525, 1.029146812583423, 1.0229790895560131, 1.0161943531408437, 1.0088698734553747, 0.9929477284678312, 0.9754569716392653, 0.9565664845056585, 0.9366589839304698]}