{"x": [2.1694198049059352, 2.171149838200013, 2.1776971855160614, 2.193654580894335, 2.2077324181849503, 2.2256442151486415, 2.2400936715730073, 2.2531953669962395, 2.264537281129014, 2.2743213175091155, 2.2896255831416945, 2.3007966413149745, 2.3084315140532095, 2.3135089412701872, 2.3163838650669204, 2.317373244699216, 2.3146866443698517, 2.306692813089119, 2.300043401419571, 2.290960402778002, 2.277450914484, 2.2556367999740603, 2.238978911553194, 2.2264631716036862, 2.2089397818064263, 2.196532748660157, 2.186910764122376, 2.179587234233431, 2.174137304268169, 2.1706237992586597, 2.1694198049059352], "y": [0.9944940065555099, 0.9602251126902219, 0.926543035184937, 0.8942479760631283, 0.882264541584435, 0.877686798230155, 0.8802422160044919, 0.8868499787119385, 0.8959827639557324, 0.9067679118275669, 0.9307477750914742, 0.956909996862521, 0.9832483322533104, 1.0101967816659028, 1.0374529567146313, 1.0648424691795721, 1.1114793386809505, 1.157504484847731, 1.1806445719410859, 1.202942048074416, 1.2237499530685227, 1.2355660265431077, 1.2296633212230528, 1.2171860045943173, 1.1874899339932432, 1.1563255302476254, 1.1241918727236648, 1.0922250940242073, 1.0598861501047145, 1.0272733843242203, 0.9944940065555099]}