{"x": [2.281124624427458, 2.282638873932893, 2.2880677946011794, 2.2932461433480116, 2.300820762494673, 2.311966972214599, 2.326360847933189, 2.3366018042696153, 2.34584100913195, 2.360618167514459, 2.3712686989029113, 2.3790711972969545, 2.3844563042895768, 2.388081379507036, 2.390166345475542, 2.39084818425112, 2.3888937885029704, 2.3827403682245305, 2.377519410820263, 2.3703267216327646, 2.35966350745134, 2.343457484722101, 2.3319917147288667, 2.3227889709514655, 2.3095773071109704, 2.300320492479754, 2.293285961928713, 2.2880849218340407, 2.2843180487456243, 2.2819614902805445, 2.281124624427458], "y": [1.0957342826411465, 1.0681514603613809, 1.041065821050866, 1.027481638661863, 1.0150731556077366, 1.0052135263392439, 1.0014364080950697, 1.0033958771744318, 1.008228454051148, 1.0226244312231725, 1.039792910848103, 1.0584292068936971, 1.0771634663377396, 1.0963162907745283, 1.115688983733293, 1.135161616104098, 1.1685872533886248, 1.2014996873535266, 1.2180213821299026, 1.2337849482477878, 1.2480948194980992, 1.255567528456625, 1.2522658076320279, 1.2446714183274925, 1.2254005954078842, 1.2046591779573723, 1.1830626413160592, 1.1615802364131413, 1.139800539316647, 1.1178224760525997, 1.0957342826411465]}