{"x": [2.300001572417581, 2.301428293947346, 2.306501391884758, 2.311320406536135, 2.3183848116856494, 2.328961786956294, 2.3430622044894744, 2.352944410224495, 2.361746431981557, 2.3755422824552093, 2.385309135725075, 2.3924048191152543, 2.397276363173477, 2.4005463953460335, 2.403038148304856, 2.401207376938814, 2.395444336871418, 2.3905642423714974, 2.3838363377846887, 2.3737950723584773, 2.3667050248401766, 2.3580495820098317, 2.3470206917951617, 2.3383570487625436, 2.3260966141551083, 2.3175625535783593, 2.3111006666003324, 2.3063347520009554, 2.3028963588171356, 2.300755306946991, 2.300001572417581], "y": [1.0984671053362418, 1.0712562338907394, 1.0444844066003849, 1.0310029689180613, 1.0185504091781492, 1.0083569632519955, 1.0042390789511413, 1.006218578097075, 1.011127836701614, 1.0254885417688873, 1.0423239557384192, 1.0604478036617195, 1.0785753879326785, 1.09705911435898, 1.134481894876803, 1.167451783553736, 1.19996566754728, 1.2163146231710489, 1.231993876092886, 1.2464285523386234, 1.2519166824550942, 1.254255839439504, 1.2508359695104971, 1.2432022797668716, 1.224237607600741, 1.2040161556295574, 1.1830404237845489, 1.1622011450745597, 1.1411021656813611, 1.1198317327491631, 1.0984671053362418]}