{"x": [2.3338733064905046, 2.3355549009284986, 2.3414133285125134, 2.3520462424343433, 2.365192260906834, 2.3721544877803167, 2.378950538959571, 2.3854840402048696, 2.39171531255224, 2.403107468530466, 2.4130142508661603, 2.4212183688535918, 2.427547467092962, 2.4316931791911327, 2.433215812212568, 2.431330149446255, 2.4250393386027795, 2.419964167938112, 2.4137448481444777, 2.4066999120203922, 2.3992637657899984, 2.3921468243157493, 2.3852605537471954, 2.3787388836917893, 2.3726221690165854, 2.361737656008562, 2.352507000043263, 2.345019338055902, 2.339217106389675, 2.3353333233155285, 2.3338733064905046], "y": [1.132794753751628, 1.119697809298384, 1.107864105731533, 1.0997387457339158, 1.0972362406128668, 1.097853923363162, 1.0994872706583871, 1.1019457182700367, 1.1050924384855052, 1.1130215971137702, 1.1227431421626606, 1.1338432321582754, 1.146109530105857, 1.1592970259413775, 1.1730366971126547, 1.1875125631866634, 1.2006857223215297, 1.2061754690804445, 1.2103245338012, 1.212828558246454, 1.2136063709842546, 1.2128799791207834, 1.2109414800251217, 1.2080333221486952, 1.2043488460491727, 1.1953051637539582, 1.1845787569311268, 1.172805406361089, 1.1601163964165184, 1.1466926055217475, 1.132794753751628]}