{"x": [2.24032197858432, 2.242118701435082, 2.2479692094666444, 2.256549222214495, 2.2660223448026846, 2.2781298687536755, 2.2897292279752883, 2.3005937769456555, 2.3105878820877797, 2.319577104386205, 2.323548977426803, 2.3270891123484967, 2.330130100332641, 2.3325301963950182, 2.3341388235395297, 2.3347581547789007, 2.3328082087619673, 2.3265125531316566, 2.3171028265356926, 2.3064956533519743, 2.294325306731076, 2.282823046371049, 2.272269135443102, 2.262751604245175, 2.254393844195319, 2.2507259110775277, 2.2474581074032893, 2.244643511823962, 2.2424031779662905, 2.2408856744631462, 2.24032197858432], "y": [0.7897589618473009, 0.7802574446765694, 0.7725581851458886, 0.7683802162564038, 0.767226097014768, 0.7687197130405419, 0.7724983226663502, 0.7779880209534568, 0.7849373427923939, 0.7933315597198953, 0.7980343036116185, 0.8030700776631408, 0.8084703415847917, 0.8141843591936684, 0.8201800538650793, 0.8263568220085975, 0.8369753280586206, 0.8457457146172545, 0.8508561717869549, 0.8523216424092257, 0.8505907870556668, 0.8462535985956261, 0.8400291740105257, 0.8323126270374868, 0.823317636353995, 0.818388584626296, 0.8131856293662967, 0.8076843200187604, 0.8019252179169889, 0.7959236706012618, 0.7897589618473009]}