{"x": [2.2719243126080326, 2.2736715072121148, 2.2795340683332093, 2.288762886181564, 2.2992579530513324, 2.311669199364897, 2.323462961998016, 2.334365959266995, 2.344231797648875, 2.3528801803264807, 2.3599113965504546, 2.362676780461868, 2.3648144689338375, 2.366213518616612, 2.366736283196956, 2.36482494928498, 2.3585521875729274, 2.3485559378752887, 2.3368890961753492, 2.3243631644413263, 2.3126613307004997, 2.3021087549329855, 2.2972809691354845, 2.2927680026305555, 2.284774463437826, 2.2813287494727015, 2.2783006739240252, 2.275737629989706, 2.2737344359444966, 2.2724061468882177, 2.2719243126080326], "y": [0.8853090125909643, 0.8748071955082767, 0.8659206197828244, 0.8607084990134839, 0.8592283459162092, 0.8608929872092173, 0.8651021710545717, 0.8711934162767326, 0.8788513435959545, 0.887960064375171, 0.8983680092051444, 0.9040460948608924, 0.9099890144201935, 0.9161543336974556, 0.922454747890109, 0.9341141592527396, 0.9441265281607413, 0.9504348802686491, 0.9523335953824706, 0.9503913253511939, 0.9455191117083162, 0.9385925675736706, 0.93452062454749, 0.930102325209464, 0.9203811313315831, 0.9151098962929866, 0.9095881554413083, 0.9038078552077908, 0.8978104992390255, 0.8916210361285648, 0.8853090125909643]}