{"x": [2.2903650964233506, 2.2917014053728524, 2.296439870504652, 2.3009255694170596, 2.3075426772902654, 2.3177957603747172, 2.332451108893766, 2.3426794931582573, 2.35147929795387, 2.3646953741568066, 2.3737787604065024, 2.3803037124611985, 2.3847629036211053, 2.3877464665348156, 2.3900143395916182, 2.3882776987807772, 2.382818425772537, 2.3782104643165223, 2.3718480512949, 2.3622519475200225, 2.3552305892989827, 2.346182268886863, 2.3348364386262106, 2.3263921227558355, 2.3147721261195273, 2.3067577547195, 2.3007119393009825, 2.2962560152621294, 2.2930518700723996, 2.291063568039476, 2.2903650964233506], "y": [1.1796594917082666, 1.1509231185529996, 1.1225486262769786, 1.1081617306262779, 1.0946222275116404, 1.0829543058615878, 1.077807766426816, 1.080191772282515, 1.085924726507102, 1.1018398875069226, 1.119832318926742, 1.1389022034267064, 1.157843722228817, 1.1770729674732678, 1.215896395553447, 1.2508331168754556, 1.2853843361919874, 1.3027985450993351, 1.319651072541566, 1.3355534434932628, 1.3419587839046063, 1.3448666619579261, 1.3407575958981506, 1.332137513667193, 1.3116764096337568, 1.2902547514103164, 1.2681965169863036, 1.2463165785715087, 1.2242186054138098, 1.2019779349087165, 1.1796594917082666]}