{"x": [2.249712024537085, 2.251272901823261, 2.2565641315404164, 2.2649799525954055, 2.2745761727506753, 2.28684341361843, 2.2984621643277903, 2.3091773098708392, 2.3188728115053285, 2.3273841480105575, 2.334343194423575, 2.3371019336509766, 2.3392504359514916, 2.3406716194448096, 2.341213842817736, 2.339517023628504, 2.3338181273209604, 2.3246297408004737, 2.313900342686986, 2.3015486618752465, 2.2956688369281566, 2.290044097290925, 2.279679677622002, 2.270488386886406, 2.2625904307350413, 2.2591698233196973, 2.2561513099410564, 2.2535819011132325, 2.251560026591457, 2.250207948689234, 2.249712024537085], "y": [0.8626036711717164, 0.8529994819313486, 0.844833719447196, 0.8400218090093489, 0.8386459148189911, 0.8403516551930953, 0.8446411051211296, 0.8507759671692549, 0.8584211044743566, 0.8674483570832043, 0.8777199592849374, 0.8833166210826318, 0.8891747097869158, 0.8952575856637095, 0.9014806986522395, 0.9122045718052965, 0.9214459586947018, 0.9272473555587776, 0.9289685959680919, 0.9269688713564369, 0.9248070215877948, 0.9220487177894503, 0.9151396616387178, 0.9067327343414654, 0.8971476280394315, 0.8919593993437537, 0.8865273786266052, 0.8808394722842148, 0.874934714566704, 0.8688333469654337, 0.8626036711717164]}