{"x": [2.300772111051632, 2.3021737880509883, 2.3071726217120565, 2.3119325435421607, 2.3189315420817325, 2.3294844191581294, 2.3436706973848556, 2.3537805337686053, 2.362733187437884, 2.376684846348937, 2.3865380357032677, 2.3936978509096227, 2.398620620132018, 2.4019286111589326, 2.404453028927084, 2.4026454685437715, 2.3969427812346886, 2.3921076537665886, 2.385431497438079, 2.37544857137072, 2.36837002212872, 2.359679457260357, 2.3483925627232902, 2.339591169407081, 2.3271928901787833, 2.3185684129762807, 2.3120329730266316, 2.307205113323766, 2.3037167924942183, 2.301540802512962, 2.300772111051632], "y": [1.1146181915459443, 1.0872345333331086, 1.0602745426514173, 1.0466746646245846, 1.0340799213712868, 1.0237090675012606, 1.0195058146351, 1.0216086541549865, 1.0267545960542452, 1.0416298968146993, 1.0589500415609987, 1.0775460035069668, 1.0961332800541785, 1.1150747082375372, 1.1534123712853526, 1.1866722714801288, 1.219489455895624, 1.235995922885066, 1.2518474479468262, 1.2664880674696872, 1.2721021337332685, 1.2745714821598968, 1.2710103329005296, 1.2630976059349541, 1.2435663024280568, 1.2228051779681084, 1.20129485671243, 1.1799297191010143, 1.1583054514312079, 1.1365092500277736, 1.1146181915459443]}