{"x": [2.2854197463521997, 2.287410405399643, 2.293992748487013, 2.3041847335136807, 2.315716532536428, 2.3284336690161123, 2.340573172436934, 2.3518477639881583, 2.3620786962643168, 2.3710709280185007, 2.3783664122914474, 2.381222260888084, 2.383416438819818, 2.3848382011365103, 2.3853556025279525, 2.384827648438502, 2.3831270151273505, 2.3801841289241144, 2.376045059132877, 2.365011280905798, 2.3522068826036713, 2.3393680388648797, 2.327318690385384, 2.31641802930499, 2.3067687787628275, 2.2985266512731735, 2.291884701399689, 2.289270910787245, 2.287239451124266, 2.285902170490377, 2.2854197463521997], "y": [0.930783282410958, 0.9192418869241114, 0.9095548186004583, 0.9039277585562278, 0.9023283915488939, 0.903932131011193, 0.908046738793437, 0.9140852449440919, 0.9217603994011111, 0.9309888182366822, 0.9416095458647151, 0.9474260212081251, 0.9535229745318189, 0.9598511570780752, 0.9663164179563418, 0.9728159939101743, 0.9791113151443294, 0.9849437678749348, 0.9899980913037641, 0.9968198617341666, 0.9989002938743669, 0.9970204928054065, 0.9922056447467821, 0.9852550646269752, 0.976651173648701, 0.9667316243618069, 0.955676551974484, 0.9497486554973076, 0.9435968240913352, 0.9372507541285262, 0.930783282410958]}