{"x": [2.250956692605972, 2.253468581198483, 2.2623034128870874, 2.276056008745583, 2.291570193739052, 2.309654697881273, 2.3269370483286522, 2.3430432103939682, 2.357730590214112, 2.3707300847494523, 2.381338360809249, 2.385511614546306, 2.3887308179603957, 2.3908320138950856, 2.3916273804130097, 2.3909384978232135, 2.3886291052471944, 2.378920630238749, 2.363617858793855, 2.34571969195211, 2.3274069386539677, 2.3102963446686218, 2.294900969896823, 2.281308011736782, 2.2697011796664337, 2.2646950857748345, 2.2602888467542526, 2.2565479075917696, 2.2536087425202855, 2.2516393967565964, 2.250956692605972], "y": [0.8700239448340288, 0.8544694870794972, 0.8414235494216388, 0.8339607928919965, 0.8319269069914957, 0.8341248761445308, 0.8398868828680316, 0.8483096328728463, 0.8590162685786442, 0.8719471847957421, 0.8869024491339975, 0.8951281831313663, 0.9037719945550404, 0.9127625218196348, 0.9219609997890348, 0.9310562254461806, 0.9398803058462425, 0.955237281347695, 0.9650277486453187, 0.9681396110307047, 0.9653049293030757, 0.9581901610479425, 0.9480129793328983, 0.9355300277394438, 0.9212748704426572, 0.9135584620770527, 0.9054844920616405, 0.8970400646534866, 0.8882842500853525, 0.879247530667206, 0.8700239448340288]}