{"x": [2.274593477066146, 2.2766854085956623, 2.284191463701332, 2.2985830283715907, 2.316896894595604, 2.3273543867229627, 2.3375173773903515, 2.3472384967131847, 2.356474113972759, 2.37326417270154, 2.387792180974616, 2.399749338107509, 2.408931012885509, 2.414925412748153, 2.417162316200186, 2.4147159985865443, 2.406322208446481, 2.399348751819185, 2.3905783586596625, 2.3803755861681455, 2.3694579507835205, 2.358664702604629, 2.348315749117018, 2.338649637203742, 2.329698310648758, 2.3140393154845804, 2.3009267933167057, 2.2903846051243266, 2.2822081790620317, 2.2766963640370506, 2.274593477066146], "y": [1.158438267247309, 1.1402347370394632, 1.123519360097773, 1.1116195551382169, 1.1079692406774257, 1.1088993742727071, 1.111533365691337, 1.115445549628524, 1.120396177657552, 1.1326951618645744, 1.1475984521139768, 1.164448029942174, 1.1829569123492836, 1.2027561895324859, 1.2233217060501138, 1.2445294966220635, 1.2641585347517084, 1.2726551845665877, 1.279281070110186, 1.283409068287768, 1.2848026869860378, 1.283476225515135, 1.2801366345227807, 1.275212447426302, 1.2690842265599216, 1.254430435675785, 1.2374598882708026, 1.219217486825262, 1.1997992222469942, 1.1794325427633894, 1.158438267247309]}