{"x": [2.219514059541159, 2.2206636655598224, 2.224833425230505, 2.234769735389316, 2.2440708298785217, 2.2574221083176234, 2.2678315576690706, 2.276687882760954, 2.2899473272791115, 2.299132894158422, 2.3057984657565056, 2.310407790455994, 2.313521543133288, 2.3153255051643646, 2.3159244686097287, 2.3144133494766033, 2.309559432651004, 2.3054049680785376, 2.299613937854099, 2.290797705602858, 2.2843256956576905, 2.27602558214176, 2.264621260016932, 2.2562022679844063, 2.244578602537897, 2.236482013218794, 2.2303165959969773, 2.2257217028331726, 2.2223796554171367, 2.220274847143305, 2.219514059541159], "y": [1.1284184189974127, 1.1022655327166164, 1.0764216135265405, 1.0509187955803254, 1.0402516226987653, 1.035556699906663, 1.038101921386457, 1.0441351870070328, 1.0605348100789938, 1.0789179752897793, 1.0983572540143656, 1.1176936177825785, 1.1373263807625216, 1.1571170288129369, 1.1769806959480884, 1.2090810910168308, 1.2408483435901019, 1.256878053918115, 1.2723917626308483, 1.287013581495698, 1.2928716073878432, 1.2955755851440478, 1.2913010863319156, 1.2825004911032953, 1.2617927082682523, 1.240158826332291, 1.217897486824026, 1.1957926769898009, 1.173464076942709, 1.150983998151429, 1.1284184189974127]}