{"x": [2.181936555426146, 2.183853700782927, 2.1911803735482036, 2.208900101951474, 2.223922976289396, 2.242278140255159, 2.2566320939971836, 2.2698970605108175, 2.2816388898805045, 2.2919254463759993, 2.3082950526185066, 2.3203636898385915, 2.3286448666711634, 2.3341541336574103, 2.337268220810664, 2.3383359743887313, 2.335360643205982, 2.326564299355653, 2.3192719987065904, 2.3093577557477563, 2.294778980872996, 2.272259750537426, 2.2555564327597586, 2.2425135501756266, 2.2239380257078625, 2.2107474136513585, 2.2005166205817095, 2.1927446596159395, 2.1869597050502034, 2.183225507955836, 2.181936555426146], "y": [0.9747274883040412, 0.9397571997500468, 0.9055093327499077, 0.8733053494121669, 0.86199558775166, 0.8579108089350722, 0.8601905423132998, 0.8661297203453312, 0.8745554057643492, 0.884706735095629, 0.9078142029403836, 0.9334319131109098, 0.9594502972347646, 0.9861931874941033, 1.0133010761556593, 1.0405663483674288, 1.0876429590260495, 1.1339860728793203, 1.1572230093135534, 1.1794680233652035, 1.1998723916224001, 1.2109070273625488, 1.2056541125290376, 1.1939717688888936, 1.165221302696476, 1.134659043719439, 1.102982951893415, 1.0714402282515614, 1.0394733533234084, 1.007195274974003, 0.9747274883040412]}