{"x": [2.2858523048571096, 2.2876112528655006, 2.2944336204482023, 2.3010874749986985, 2.31107520919512, 2.3266300113971603, 2.3483741732263455, 2.363794468267895, 2.377305606024003, 2.3979459468907534, 2.4121483234533967, 2.4222300056517154, 2.428989730816476, 2.4334284483970166, 2.4367057814747928, 2.43385876687418, 2.4252818589488183, 2.418271957328322, 2.4087680185250027, 2.3946277337943602, 2.3840968556120297, 2.3697341187858227, 2.351981723646868, 2.339524373568497, 2.32267608398243, 2.31093124556121, 2.3019278523374465, 2.29513722856606, 2.290143253217494, 2.2869557159783125, 2.2858523048571096], "y": [1.19145306671585, 1.1491677912355738, 1.1073994572838157, 1.0861828130234228, 1.066316637254724, 1.0495225474342866, 1.042368195556742, 1.0456336066881178, 1.0537513382407628, 1.0770017160870367, 1.103789102923562, 1.1323833554511047, 1.1607915541335059, 1.1896535953454865, 1.2479163157194715, 1.3047592402947326, 1.361023440429852, 1.38934169000356, 1.416923153468551, 1.4434153790886737, 1.4546528896307687, 1.4602110214514368, 1.452554812589809, 1.437770378331869, 1.4041200245783112, 1.369417483574433, 1.3339048591695164, 1.298652842680424, 1.263101788575522, 1.2273398354410845, 1.19145306671585]}