{"x": [2.2521851025468718, 2.2534890228917086, 2.258167591660283, 2.2673793573983785, 2.2794041251942083, 2.2868325126689393, 2.2940020793430085, 2.3007950186993784, 2.30719367717412, 2.3131437203893017, 2.318690938795955, 2.3285527552907577, 2.336622105667649, 2.3428483972242633, 2.3469636524256137, 2.348515525509072, 2.347060729757792, 2.3419520452597995, 2.3320328814303237, 2.325546941444462, 2.3186157917749086, 2.311035229522081, 2.3038032636073416, 2.297070740949256, 2.290839169818264, 2.2799238171222713, 2.2707486641860006, 2.2633368815985935, 2.2575705309972944, 2.253672273133282, 2.2521851025468718], "y": [1.1662674305987524, 1.1543033769207909, 1.1432151046048467, 1.135054293254275, 1.1324350511177879, 1.1332458462633879, 1.1353519428777294, 1.1384242516349594, 1.1422505129855058, 1.1466481704044826, 1.1515441660117214, 1.1625579567667448, 1.1747635369966027, 1.188004530075091, 1.202066718085297, 1.2166362804307989, 1.230042745348411, 1.2425227723902523, 1.252158444162661, 1.2547248311404524, 1.2555077256916072, 1.2545323427746027, 1.2520594972655101, 1.248491872679897, 1.2441075451642012, 1.2337344009979245, 1.2217944004548635, 1.2089736965284739, 1.1953335289696045, 1.181023845470477, 1.1662674305987524]}