{"x": [2.2394901962360985, 2.2408262679909816, 2.2456932164151784, 2.2503363773991794, 2.257036467908983, 2.2664269334625313, 2.277853698181082, 2.2866077643774014, 2.2946932712635086, 2.3081226222634084, 2.31817037255188, 2.325689437505403, 2.3309617173882646, 2.334551507208902, 2.33663820414142, 2.3373312392409002, 2.335653516296858, 2.3302839160436846, 2.325677800603437, 2.319322803420911, 2.310061347858356, 2.2969551587792663, 2.2872346463035473, 2.2790535645936405, 2.2668352198968797, 2.258084339428199, 2.2513559312299294, 2.246337336629491, 2.242663655465967, 2.2403358589140034, 2.2394901962360985], "y": [0.8822703113697298, 0.8604396304039875, 0.8391164849465643, 0.8285834552358519, 0.8192233032087458, 0.8122310483538884, 0.8096812406484826, 0.8110742773694538, 0.8147072932888005, 0.8260424138643883, 0.8400844506598765, 0.8556279298537386, 0.8714491216580339, 0.8877347120469383, 0.9042719461132651, 0.9209258981068176, 0.9472270646755913, 0.9730288768266101, 0.9859154496199672, 0.9980354359490626, 1.008610451531634, 1.013693100598012, 1.0113636901039984, 1.005620483848251, 0.9902469264054704, 0.9732504732429014, 0.9553567354499753, 0.9374710650851387, 0.919261519158018, 0.9008294910661219, 0.8822703113697298]}