{"x": [2.2410812639818283, 2.243038913565733, 2.2505431016834754, 2.2578405946085622, 2.2684366352063026, 2.283070030355082, 2.3004672367281915, 2.3138413267908358, 2.326359175013873, 2.347585763691878, 2.363675282898839, 2.3756424311511615, 2.3838892916670797, 2.3893829875201305, 2.392488876306092, 2.3934751008942907, 2.3905736924132692, 2.381770277558867, 2.374483151389142, 2.364606062733982, 2.3502200789315575, 2.3287447602609075, 2.3131288850517935, 2.3005723467246844, 2.282390513762019, 2.269418747056902, 2.259348839303602, 2.2517070605620324, 2.2460179203622737, 2.2423451340574676, 2.2410812639818283], "y": [0.9098856297077376, 0.8767270002210861, 0.8443694004643068, 0.8284545996679665, 0.8145169452372553, 0.8044581873755977, 0.8009012120156604, 0.8028022568683895, 0.807880025315338, 0.8242668565024841, 0.8452094696283613, 0.8687520488319715, 0.892855539281269, 0.9177313963736901, 0.9429985461626788, 0.9684367608144892, 1.0126593348148965, 1.056093815464451, 1.0778138619773894, 1.0984852370655596, 1.1171554387675284, 1.1268685046866842, 1.122414427103576, 1.1121174512901235, 1.0860272345244109, 1.0579494853172366, 1.0287052775175205, 0.9995444843686808, 0.9699407291475606, 0.9400121884359065, 0.9098856297077376]}