{"x": [2.814119414443366, 2.8140991739413987, 2.8150237460716903, 2.8160713849431422, 2.8185010088360922, 2.821972289398397, 2.826957963025919, 2.8333833925718213, 2.8405011241609093, 2.8453182198806743, 2.849922780254773, 2.8545768810471803, 2.8588407357888728, 2.8627812871275222, 2.8678105328254127, 2.871088285209975, 2.8750437887231173, 2.8783895653986726, 2.8828568491583497, 2.8855307439331557, 2.889459258644445, 2.892540882765898, 2.8965251160156433, 2.899089883453764, 2.9026286170782085, 2.905442160908997, 2.9090175315203894, 2.91460693638482, 2.920518147980752, 2.92571143277104, 2.9311954887384544, 2.9360118130877377, 2.941098289535196, 2.945546198231926, 2.95019306908949, 2.9542288446710363, 2.9585003812528017, 2.9621607829059635, 2.9660460649750844, 2.969307679262895, 2.9727827511374345, 2.975607572069382, 2.9786392607051946, 2.9809727474206102, 2.983488956963272, 2.9852357218329493, 2.987135645818317, 2.988150716828571, 2.9892580494076193, 2.989287920606788, 2.9892816754439053, 2.9882850693929757, 2.9870747267597233, 2.984472912424132, 2.9807282611141757, 2.9753358355854087, 2.972135093441352, 2.9681833968234037, 2.9642238541902963, 2.960061113443532, 2.9551635762028328, 2.950477022433067, 2.9457630212956722, 2.9414625230831204, 2.9370567781758816, 2.9331174862221197, 2.92901931853654, 2.925319797058567, 2.9219598935979927, 2.9176507870628665, 2.9149767204934416, 2.9112113612125583, 2.9081848588730863, 2.9043542758793897, 2.9018529037997505, 2.8984653086251635, 2.8957487547176903, 2.892326700853521, 2.886978780371429, 2.8813230238485876, 2.876367485171077, 2.87112794868167, 2.866531612137676, 2.8616658243729307, 2.8574096417640473, 2.8529561464325357, 2.8490814798112107, 2.8449598781359273, 2.8414187117874596, 2.8376328165572953, 2.8344453011815216, 2.8310130780690326, 2.8282165941192074, 2.8251669497773073, 2.822819704903996, 2.820224748293526, 2.818435541895628, 2.816404240499023, 2.8153514847572234, 2.814093873102096, 2.814119414443366], "y": [1.9567573972547627, 1.9499721770955467, 1.9432502139401258, 1.9365249551480583, 1.9301670010145293, 1.9239157472713906, 1.9187902209000631, 1.915576986008675, 1.9146028605843695, 1.9145901661333773, 1.9160052972522976, 1.91715910410885, 1.919352609793788, 1.9224952035203116, 1.922827660875131, 1.9263848923060736, 1.929169052521527, 1.932639433291765, 1.9344508250394703, 1.938432951476234, 1.941185008232243, 1.9448039469593874, 1.9473960523099405, 1.9513907178110417, 1.9545550105934115, 1.9582730226231586, 1.9612657416765118, 1.9686556464580822, 1.9757855834735927, 1.9834542350802309, 1.9909132570758903, 1.9988198934497197, 2.006554032006939, 2.014672236863825, 2.022554710297878, 2.0307668544552104, 2.0388585322418873, 2.0472443973678174, 2.0555289058506028, 2.0640781964524906, 2.0725432743986554, 2.0812469549919608, 2.0899014506678806, 2.098769723957423, 2.107589208243099, 2.1165927312212416, 2.1255742487666667, 2.1346982281294826, 2.1438164362433287, 2.1530015879763966, 2.1607455607832793, 2.16842513956177, 2.176091519812058, 2.183403761437919, 2.190651955512264, 2.1967740856717124, 2.199467768854542, 2.2008406392788324, 2.202125626289357, 2.202153175442477, 2.2021236238869215, 2.200701316577803, 2.199442311780832, 2.1971374007356954, 2.1951223758631406, 2.1923022885723458, 2.189738262705998, 2.186626551302857, 2.183128937449561, 2.18090321177013, 2.1768676099747957, 2.1738247850777497, 2.170088010600273, 2.167181150810955, 2.1630763455225073, 2.1596659954422397, 2.1558129657576215, 2.152570273938548, 2.144861090093987, 2.1373794962325974, 2.1294168041647006, 2.121642434853388, 2.113471311846919, 2.1054590298454148, 2.0971069365124233, 2.0890019888939118, 2.0806049206471844, 2.0723264662930454, 2.063783600980064, 2.055345843368169, 2.0466643399303956, 2.0380760795751454, 2.0292602954953343, 2.0205065373229676, 2.011538870164945, 2.0026376359322255, 1.9935401356633784, 1.9844813136096127, 1.9752574235564004, 1.966050138310105, 1.9567573972547627]}