{"x": [2.7573636754602004, 2.757160545807379, 2.759365401559112, 2.7624360646876593, 2.7674848798632485, 2.775757067257467, 2.781170495116015, 2.788838955816621, 2.7987157449881424, 2.8046636453729294, 2.8118297289418495, 2.819925502932519, 2.8297848161785795, 2.839825681624013, 2.8519624880871324, 2.863627705101368, 2.8738291069626256, 2.8841998013065413, 2.893274534552194, 2.902131587243254, 2.9100394797092473, 2.917788193202275, 2.92478932776846, 2.931367842789034, 2.93807666320617, 2.949190845159696, 2.9600053364954375, 2.969160158113593, 2.9778985354863923, 2.9853728539904045, 2.99273806122921, 2.999024416044282, 3.0052471104183485, 3.010527893920901, 3.015778715983973, 3.020182516886075, 3.028719709150486, 3.0345317891429024, 3.0403521728105254, 3.0439384031551735, 3.047520215796523, 3.0492235087904422, 3.0508922018699054, 3.050943042499851, 3.050915523396591, 3.0497645828640745, 3.0484952974265007, 3.046170674683732, 3.0436845495755183, 3.040178949951494, 3.0364385055790395, 3.031664776995821, 3.026438783367495, 3.0200457113080805, 3.012972550959938, 3.0044485669227283, 2.9995870654894334, 2.9941705468304303, 2.9882105488941315, 2.981516600382814, 2.9732272818457584, 2.9637108524909705, 2.950690936291876, 2.942057568580767, 2.9322616975069655, 2.924675197642135, 2.918068142090608, 2.9061856558089945, 2.8974487568209875, 2.8896065558340545, 2.8831184177127063, 2.877250012683216, 2.8667892506893655, 2.8577232903742873, 2.8497741102923047, 2.8423473178532586, 2.8356726918438815, 2.829454655364456, 2.823219252560892, 2.818152678224228, 2.8129238703892967, 2.8080635777066822, 2.8029417827473435, 2.7989721787407187, 2.7946783430766082, 2.7908094057175243, 2.7865301681902204, 2.7834825450438836, 2.7799962532888842, 2.776975352650473, 2.7733746066554734, 2.7712294760634757, 2.7685165305857242, 2.766395055644402, 2.7634688905727165, 2.762405986795894, 2.7606048232018128, 2.7591139663747204, 2.7582899106179433, 2.757412251548497, 2.7573636754602004], "y": [1.9055803084297092, 1.8645228605591904, 1.8235241545014347, 1.7825868390928943, 1.741846168624306, 1.6997975049390663, 1.6790315103452877, 1.6589883957387253, 1.6388911441661693, 1.6293753812927994, 1.6207397279687707, 1.6125669423976619, 1.60663989230378, 1.5996408420450194, 1.6012231227706637, 1.5999238600445738, 1.6057287520922991, 1.6100647049119459, 1.616698030212983, 1.6233490452873007, 1.6311045994671964, 1.639001589829178, 1.6475683355567232, 1.6561713514238385, 1.66467314361704, 1.683263536332591, 1.7020070007775585, 1.7216146503916852, 1.7407710624607216, 1.760455115025393, 1.7801766062290636, 1.8002680281823753, 1.820371139637613, 1.8407419604618678, 1.8611192884523626, 1.8816962942108515, 1.9217751491621837, 1.962338901357108, 2.002893439909371, 2.0437062616096697, 2.0845054746497973, 2.125426177960815, 2.166345481244118, 2.2072987635669645, 2.2438651874413416, 2.2804135040667655, 2.316957402794794, 2.353449371073721, 2.3899309536485314, 2.426328720839561, 2.462703227847788, 2.4989566028576924, 2.535627167480392, 2.5721123692585652, 2.6084746196054605, 2.6445243705579182, 2.6627919773520574, 2.68090277467818, 2.6988439726692093, 2.7165244481741797, 2.7340988774963084, 2.751040274727428, 2.766167240211318, 2.771396316481897, 2.7738292543323566, 2.7724668556766097, 2.76849723009788, 2.7590794799652034, 2.7469002349690665, 2.7341265394864305, 2.721068139078808, 2.7077197466700813, 2.680506233041883, 2.6534699020636245, 2.626084406537257, 2.5985561309385075, 2.570835875329868, 2.543420762070187, 2.516009593459968, 2.4883583915670244, 2.4607374084154663, 2.4330510644593737, 2.405411901971877, 2.377583723084958, 2.3498037253991884, 2.322189139079368, 2.294635152433363, 2.2669177965069887, 2.239252193383427, 2.2115306999800635, 2.1838785451732607, 2.1560756421849745, 2.1283223914444296, 2.1005111237937673, 2.072772976374794, 2.044901648837008, 2.017068279065011, 1.9892202295500465, 1.961344479372221, 1.9334692793777224, 1.9055803084297092]}