{"x": [2.174406158753261, 2.177923482643126, 2.1881111775885884, 2.2028489539567544, 2.220476579931303, 2.2391464416548392, 2.258853269862126, 2.2790376254798033, 2.299506629020484, 2.3379886185888057, 2.3568041930352357, 2.3747157755215316, 2.3921433314756664, 2.4068085647416995, 2.417585964133198, 2.421103297628526, 2.416656011045052, 2.4053089598970323, 2.389752096876516, 2.37155545187508, 2.3521420496825574, 2.3317598052002135, 2.3106705113272383, 2.2893096590438304, 2.251570438785949, 2.233490354414166, 2.2162124802566345, 2.2004622952128297, 2.187033655177521, 2.178148043462577, 2.174406158753261], "y": [1.0044977598327889, 0.9834146441514198, 0.9646242155805113, 0.9493824116487565, 0.9376018581017638, 0.9291108298548328, 0.9234273257002994, 0.9198736344379028, 0.9188456133579247, 0.9225037828724256, 0.9271552015622077, 0.934560385585134, 0.9446473189105999, 0.9584457559126571, 0.9757393370699398, 0.995810427024649, 1.0175900706785477, 1.0367048729503625, 1.052284242024506, 1.0646783873552341, 1.0737363469502659, 1.0803311120390178, 1.0840298068659104, 1.085496997790647, 1.0810987256619102, 1.0751649429041779, 1.0671915939651644, 1.0555887235268822, 1.0413631634984064, 1.0238114013531172, 1.0044977598327889]}