{"x": [-0.48723052686792134, -0.4774582178372505, -0.46712406552552393, -0.4445593406678821, -0.3994244072577576, -0.35435324348555186, -0.3092149001458615, -0.21910470408814342, -0.12891078975891082, -0.03883707249259397, 0.05126829707609761, 0.2315055837984808, 0.41161430407407706, 0.5917360482199556, 0.7718623635471099, 0.9519933889477015, 1.1713957976231346, 1.2810913535311674, 1.3907915107452917, 1.610187765326798, 1.7198753807923728, 1.8295695910644727, 1.939258371263986, 2.048952286666422, 2.1586300834097387, 2.268315211998679, 2.377994171442491, 2.487679020315778, 2.5973446918425376, 2.707017447251121, 2.8167086472841887, 2.9264054613250092, 3.0360797394386134, 3.145759680090512, 3.2554319750752816, 3.36510769401315, 3.4747558871132807, 3.584405075328341, 3.6940908850356866, 3.80375693649779, 3.913408072406886, 4.023032784516743, 4.132689699716624, 4.187499530644768, 4.24228613757832, 4.297099732536548, 4.351870145779909, 4.406615953445147, 4.43336145113928, 4.4466910176263275, 4.4597574260952655, 4.446462454612139, 4.432874591709018, 4.405612283523968, 4.349844057985532, 4.294121960257562, 4.23836827701262, 4.126955584593941, 4.01550577701969, 3.90411663639549, 3.7927147053375685, 3.6813055193281587, 3.5698879261541525, 3.4585160206963295, 3.347144152119609, 3.235764414844633, 3.1243852601743547, 3.0130047380973624, 2.901625083526117, 2.67886110780604, 2.480795469737334, 2.2827321513443026, 2.0846687775101373, 1.886612618915341, 1.6885557055898632, 1.4905123302461414, 1.2924676952983696, 1.193460822633312, 1.0944462009854337, 0.9953957016905468, 0.8963356031240522, 0.7973058959680989, 0.6982649089051738, 0.5992301139323807, 0.5002108688687371, 0.40119269610501107, 0.3021965923445269, 0.20312944865882343, 0.10409581244876819, 0.005072959057630479, -0.09389273297489621, -0.192954245680049, -0.24243646681704523, -0.2919021962857211, -0.34139946994040943, -0.3908195801240473, -0.4155477291233984, -0.4402122879206259, -0.4648087743218655, -0.4762622415399965, -0.48723052686792134], "y": [0.9751305774275741, 0.9689941328481726, 0.9638600046977429, 0.9591558799682469, 0.9529221911166064, 0.9485047775751118, 0.9448369026146204, 0.9391312131260168, 0.9349526794033096, 0.9313959580263282, 0.9287602068970733, 0.9245924109098116, 0.9217986910415396, 0.9200342432916634, 0.9187261491732848, 0.9188456133579247, 0.9188913665316278, 0.9200430746855381, 0.9206060354661333, 0.9221842028996293, 0.9239128230569104, 0.9251543330054747, 0.9267827332728104, 0.9280176878351372, 0.9302672932249837, 0.9321253538552672, 0.9343129015391205, 0.9361819754249445, 0.9389562357596983, 0.9414346935279712, 0.9441967521488476, 0.9467260448984506, 0.9500930189512565, 0.9532701894862737, 0.9567059675041272, 0.9600306529442908, 0.9641643794620082, 0.9682716253549309, 0.9726239047657464, 0.9774484611119061, 0.9826024199498834, 0.9882907758361982, 0.994907950892277, 0.9985159244662679, 1.002460888393974, 1.0070925422823214, 1.012209596428765, 1.0189626657710453, 1.025728767740048, 1.0293068761537618, 1.033750880235194, 1.0382136722650137, 1.0416839404339762, 1.0481944535611691, 1.0536915705130727, 1.0575325200972636, 1.0608839188405281, 1.0658599660651025, 1.0699206888606994, 1.0729916566654336, 1.0755570511422452, 1.0777832970340784, 1.079539095815798, 1.0810513309623735, 1.0825662798640163, 1.0833038684578686, 1.084124732216845, 1.0847019901918684, 1.0854275744415043, 1.085496997790647, 1.0854875525284933, 1.0845289181261082, 1.083572461385093, 1.0816300642211034, 1.0797291503686826, 1.0767331744082238, 1.0738025245977045, 1.0715136666121194, 1.0695889833341132, 1.067283455053414, 1.065435823267631, 1.062366733283294, 1.0596862306574215, 1.056795297215972, 1.0534134015209322, 1.049996381766923, 1.0459906356803825, 1.0418886962553577, 1.0370447552870108, 1.0319733165562164, 1.025887531064923, 1.0191426632517582, 1.0151191340306245, 1.0108976882858967, 1.0057235981391692, 0.9998581043380766, 0.9961937317492179, 0.9921232872105714, 0.9866356389160665, 0.9813558839276436, 0.9751305774275741]}