{"x": [2.089120459979963, 2.089141288003296, 2.0904710487101585, 2.091961646174733, 2.094773185501798, 2.097631248605241, 2.1017863645287593, 2.1058503369820936, 2.1111587446593614, 2.11630709390585, 2.122393503478886, 2.1284392159264116, 2.1351813879318944, 2.1419177213544778, 2.149181725417485, 2.1564506930084053, 2.164122474950234, 2.171685153464437, 2.1789853895930635, 2.1948604146721427, 2.2107227830116716, 2.227170192924144, 2.243580400868421, 2.2602940559742266, 2.27699230747797, 2.2937853121553964, 2.3093892690079665, 2.32492487532356, 2.340475472248385, 2.3557991229285595, 2.3711689736824564, 2.386105556655572, 2.401108006890337, 2.415354634994719, 2.4303233450347625, 2.436784547810064, 2.4438207115464508, 2.4506093787069716, 2.4568076492416857, 2.463100032941707, 2.4685285577220983, 2.474260354657384, 2.478656657515314, 2.4833972382327856, 2.486439898039559, 2.489786435746056, 2.491333352493065, 2.4930640261802988, 2.49299278990655, 2.4930988964912593, 2.491014540670431, 2.4892059191759075, 2.4854308789715462, 2.4820585686514045, 2.476958614086485, 2.4723231759556628, 2.466221431861812, 2.460545312658965, 2.4538660315438956, 2.4473723187219614, 2.4401501258242426, 2.4330324668091707, 2.425355378032244, 2.417736027390846, 2.4096847438757862, 2.4016452727476842, 2.3940458574019257, 2.3854770958556673, 2.3772281145383034, 2.3687288208162776, 2.3604615959706363, 2.351637069054843, 2.3429638268441044, 2.3341613232093397, 2.3254732906738584, 2.307581206888359, 2.289675874646032, 2.2716443980993906, 2.256321451032099, 2.2410879009263485, 2.2258821776925815, 2.2109567318772663, 2.1960929365384576, 2.1817578379449913, 2.1675750714874287, 2.154282719279064, 2.14085324220868, 2.134990914094883, 2.1289856885098897, 2.123386109605018, 2.117318694154109, 2.1131581138935127, 2.1083212888307354, 2.1043235407251624, 2.099368576674593, 2.097283830371943, 2.094314749716347, 2.0919028864365163, 2.090523252263037, 2.089295788203791, 2.089120459979963], "y": [1.0095136727832497, 1.0007067006709887, 0.9920006724114904, 0.9833188236693455, 0.974970672676746, 0.9666429649518667, 0.9588806036927908, 0.95106750880333, 0.9440403378373509, 0.9369943057241307, 0.9307406918078734, 0.9244567596388484, 0.918926700041379, 0.9134052813421815, 0.9085991917253856, 0.903805093248775, 0.8996862303136535, 0.8959828166996476, 0.8917856830143952, 0.8861902868669852, 0.8805968167734395, 0.877077677077805, 0.8734983333126404, 0.8718369003263897, 0.8700547222970254, 0.8701072171975784, 0.8700370240988632, 0.8714976174491366, 0.87282455340862, 0.8757855589119806, 0.8785782934405928, 0.8831532434328452, 0.8875466472931222, 0.8939816374393099, 0.9004654656042927, 0.9054695124202895, 0.9096264374514875, 0.914135783596246, 0.919427441828603, 0.9246210726343048, 0.9307119684865505, 0.9367088335891935, 0.9437436333978586, 0.9505667135413934, 0.9582978033406523, 0.9659123279918879, 0.9740846807047306, 0.9822159538379199, 0.990529061534294, 0.9999690425522012, 1.0091766459883809, 1.0184341351122703, 1.0270782827304477, 1.0358570426135372, 1.0437582808339703, 1.0519323033850405, 1.0590786766150955, 1.0664151190393294, 1.0728516491942262, 1.0794632958563648, 1.085270369779337, 1.0911917931060777, 1.096367373458123, 1.1016226462185865, 1.1061887418969047, 1.1103224259072444, 1.1152182737316334, 1.1180985163018826, 1.121796323615128, 1.1248421759821028, 1.128470977956074, 1.1303788813782838, 1.1328863183784703, 1.1348556853910081, 1.1372806735007799, 1.1395395560290016, 1.1416692281211755, 1.141716971981983, 1.1415684500096166, 1.1399090173418371, 1.1379956987538558, 1.134516349059569, 1.130697870054666, 1.125218988590308, 1.1193356213613825, 1.111649383848207, 1.1033210826732527, 1.098022716745675, 1.0928868781491385, 1.0872704293584674, 1.0821629592727808, 1.0754073256819077, 1.0691181177324844, 1.0621795303829775, 1.0558887183861116, 1.0481645286712964, 1.0407352733951982, 1.0331561927908322, 1.0253231756942442, 1.0174651027472041, 1.0095136727832497]}