{"x": [2.2229171973930093, 2.222834724506638, 2.2233485754676967, 2.223838567921582, 2.2249034700272885, 2.22599667585721, 2.2277834676385693, 2.229641260490434, 2.2323588602058737, 2.235373512237381, 2.239616988750015, 2.244454618254903, 2.250254386802111, 2.253496148366399, 2.2572589650478005, 2.2610133210317955, 2.2653488619784343, 2.269599252247534, 2.274333567883203, 2.2789860883138653, 2.283789752443943, 2.2874075718043376, 2.2909521244306723, 2.297687476095769, 2.3046422632400745, 2.31056419213062, 2.316707285441195, 2.321979011577529, 2.3273493956858373, 2.331974789176027, 2.3365448192566203, 2.340489765026065, 2.344442090107779, 2.347840671192677, 2.351235854232466, 2.3541354165574404, 2.3570316132659164, 2.359479563388219, 2.361659287718351, 2.3641743600461584, 2.3674114281392646, 2.370652009124383, 2.3726515259359906, 2.3746521437020474, 2.375579080379022, 2.376464252973634, 2.3765314485425146, 2.376389294428812, 2.3756739495856207, 2.3748977620069374, 2.3734500875128997, 2.3719478214001564, 2.3697754736171075, 2.3675097208330063, 2.364537439599416, 2.3613020436656913, 2.3572089801645473, 2.3527983191404367, 2.350080909745216, 2.3472878882574344, 2.344206913511248, 2.340733399596678, 2.3370053726095343, 2.332757648458398, 2.3280780769328064, 2.322635675477729, 2.316814253152269, 2.310355130824627, 2.3060378620639885, 2.3018928597986634, 2.297825409928163, 2.2941636753458567, 2.290657895732123, 2.287265700405611, 2.2814735650583806, 2.276191082177619, 2.271611370674446, 2.2672482588271468, 2.263406816301191, 2.259886428870327, 2.2562854058699675, 2.253541934482612, 2.2506172585983317, 2.2479507313673235, 2.2450994358290615, 2.243032086044256, 2.240729839787429, 2.238729848276347, 2.2364942960687846, 2.2350008539917945, 2.2332500047721684, 2.2317575293935055, 2.2299788728621532, 2.2289873409079233, 2.22770628334537, 2.2267087912747523, 2.2253846186639987, 2.22414855097518, 2.2237141138993466, 2.222830381746867, 2.2229171973930093], "y": [0.9679791345465408, 0.9591601190185823, 0.9503557000230336, 0.9415502432824795, 0.9327956933500219, 0.9240361121246222, 0.9153913022735606, 0.906757151750641, 0.8983539023006056, 0.8895413656284928, 0.8812502959414663, 0.8732976196620302, 0.8660167952560385, 0.8625273409491048, 0.8596073203974589, 0.8566493849523972, 0.8546375063149724, 0.8523796719261278, 0.8515137105938674, 0.8503051308387554, 0.8504823942235844, 0.8511377314576847, 0.8501608842362692, 0.8526181142002142, 0.8542646155325005, 0.8582659639396178, 0.8616906731201708, 0.8663463290285566, 0.8708563435436809, 0.8761276803246425, 0.8812589232574584, 0.886884954882791, 0.8925012344547536, 0.8984689070656937, 0.9044311206848928, 0.9106494643098644, 0.9168678823308724, 0.9232760192096306, 0.9295187511316316, 0.935634085234625, 0.9484514290194391, 0.9612607392183655, 0.9743214331284732, 0.9873686709083224, 1.0005358146201024, 1.0137011118983374, 1.0268959619430356, 1.0386447062760251, 1.050372514381094, 1.0620977960621132, 1.0737592254863244, 1.0854155758738446, 1.0969658231846007, 1.1084988161915654, 1.1198702324466243, 1.131558675338423, 1.142975080869868, 1.1542796983527293, 1.1597046005237486, 1.1650909637082312, 1.170538066932552, 1.175743644711083, 1.180776123227531, 1.185378390578657, 1.1897279550216187, 1.1930742017113254, 1.1959102971444289, 1.1963708771630912, 1.1962589441750264, 1.1950463870564345, 1.1936256393305058, 1.1913553150368188, 1.1889365905179952, 1.1863609877021837, 1.180117868936606, 1.173701122852632, 1.1667653101216362, 1.1596983653311834, 1.1523348218239364, 1.1450784333718764, 1.1378617212131814, 1.1302769330229325, 1.1227601572436443, 1.1151522754733514, 1.107611695505076, 1.099819294214956, 1.0920930328181402, 1.0844888287634245, 1.0769505138537505, 1.0692306783814507, 1.061565121913272, 1.0538448844167907, 1.0461855155980517, 1.0383851043035341, 1.0306269831713706, 1.0228247665797774, 1.0150713066379187, 0.9993919783367841, 0.9915336491379992, 0.9837130934766665, 0.9679791345465408]}