{"x": [2.229294691350974, 2.2292074928906023, 2.2297506084940864, 2.230285403142601, 2.231425511391662, 2.2326159723263976, 2.2345097896832056, 2.236439246706465, 2.2391493363796693, 2.2418427226947317, 2.24529137684719, 2.248696872674296, 2.252516191486136, 2.2563221839602927, 2.260312540843599, 2.26430068987731, 2.268337557800088, 2.2733065745102463, 2.2782043493040467, 2.2831101515816856, 2.2878611772756523, 2.292635826711075, 2.297199204995091, 2.3018172721813435, 2.3061796437582034, 2.3106037598127576, 2.3147330299559563, 2.318970227575408, 2.322868318124927, 2.3269063041303695, 2.3305536825360345, 2.334376579831804, 2.3377542487354694, 2.3413180807159106, 2.3444307551563393, 2.3477099255772966, 2.350525768763289, 2.3534907125932847, 2.3559765055922317, 2.3585911440975695, 2.3607061195512604, 2.362934624627876, 2.3646346435120407, 2.3664165565353197, 2.3676384411756795, 2.368913565459064, 2.3695900757174053, 2.370248224506207, 2.370414622621032, 2.370340314124421, 2.3697865540791, 2.369159594308538, 2.3678509732243556, 2.366489256632825, 2.364378555470668, 2.3622390328455256, 2.3592838231389086, 2.3563430942606973, 2.3525053993924585, 2.348735876852571, 2.3443602056367783, 2.339993876003787, 2.335314277670023, 2.3306308989296656, 2.325866659888129, 2.3233246175492055, 2.3207759494744495, 2.318295901517485, 2.3157743100584347, 2.313297944643585, 2.3107650689013504, 2.308438906817373, 2.3059879047205905, 2.3011744787173605, 2.2966841750149785, 2.292103621063802, 2.2879116006274174, 2.2836128933124256, 2.2797476823422387, 2.2756970991684438, 2.2721258143717287, 2.2683449078477467, 2.265043161451237, 2.261540207941339, 2.2584950930037473, 2.2553024075472576, 2.2525462878428604, 2.2496259918837516, 2.24713920877839, 2.244500047181846, 2.242300449441426, 2.239959454966986, 2.2380742747140094, 2.2360526602324113, 2.2345186358799918, 2.2328672597949146, 2.231748622696143, 2.23053073372408, 2.229913420436146, 2.22919653514125, 2.229294691350974], "y": [0.9649401511725282, 0.9609339029324694, 0.9569636820351242, 0.9529928147909053, 0.9491517283342223, 0.9453060781810295, 0.9417536595462209, 0.9382086128024966, 0.9352176974270667, 0.9321575286187226, 0.929983650168932, 0.9277704335189796, 0.9263889366562981, 0.925037274716003, 0.924413078706702, 0.9237801787037537, 0.9238781200273003, 0.9238011054385559, 0.9246430439053794, 0.9253799220175861, 0.9268073813672005, 0.9281203271835534, 0.9300430030753329, 0.9318274509621328, 0.9341685005179621, 0.9363432096424483, 0.9390360317169218, 0.9415560037696017, 0.9445741145827309, 0.9474027442685314, 0.9507198375209781, 0.9538344503785867, 0.9574270413327585, 0.9608393322235471, 0.9646676328042333, 0.9683533478768244, 0.9724040862537021, 0.9763474578997751, 0.9806091365620476, 0.9847928103756101, 0.989249977628717, 0.9936680841951067, 0.9983152162463789, 1.0029319404860988, 1.0077273919407381, 1.0125117697142052, 1.0174167209359486, 1.0223208734591174, 1.0272661928083693, 1.031949081938675, 1.036599707936496, 1.041247882464455, 1.0457518935495111, 1.0502557829037824, 1.054461045320712, 1.058660476687986, 1.0623319227875299, 1.066121229401216, 1.0689985248406804, 1.0719537968036277, 1.073902240789217, 1.0758348111945502, 1.0767840331233625, 1.077660117948463, 1.0777200128689328, 1.0775151576454278, 1.0776059098365502, 1.0770196356705863, 1.076650946397403, 1.0760366186654309, 1.075729495392889, 1.0746774710517657, 1.0739630664207507, 1.072330676765301, 1.0699493035194263, 1.0677500663646238, 1.0648786410698214, 1.0622423736208655, 1.05900371111941, 1.0560005860936792, 1.052440823620037, 1.049109924033614, 1.0453035324443185, 1.0416846190710405, 1.0376728249197096, 1.0338479973666417, 1.0296975334877694, 1.0256618259241326, 1.0213454647466045, 1.017120672332729, 1.0126512411996487, 1.0082542083002248, 1.0036433245604452, 0.9990738656608856, 0.9943184846001129, 0.9896016388024547, 0.9847308762035893, 0.9798770231429916, 0.9749109313811846, 0.9699508296632202, 0.9649401511725282]}