{"x": [2.2528312615213495, 2.252831328984282, 2.2531839977850736, 2.253551145270891, 2.2543241207652986, 2.2551307282606015, 2.256404858992436, 2.2577017906949637, 2.2595161767265584, 2.2613177038473817, 2.263635967970218, 2.2659217183690608, 2.268497278574571, 2.2710640818997887, 2.2737629128751538, 2.2764604371713064, 2.279191162653953, 2.282477223285896, 2.285716475300994, 2.288961067711508, 2.2920962639262767, 2.295248637987145, 2.298250882088357, 2.3012923763506485, 2.304151770350891, 2.307056428953064, 2.3097517426064593, 2.3125257896773155, 2.315060277300416, 2.3176967065559517, 2.320059045285731, 2.322542481555913, 2.3247286581138122, 2.327033085651408, 2.329039641341338, 2.331155555758616, 2.3329680307028577, 2.334878827154607, 2.336477414582219, 2.3381621347343162, 2.339521967208468, 2.3409593406439493, 2.3420527726153204, 2.3432042665284176, 2.343989815527048, 2.3448158119295055, 2.345247256895489, 2.3456976065635238, 2.3457162269070766, 2.3457307536483927, 2.3453441372360055, 2.344935157586049, 2.3440854089168295, 2.3432010734573567, 2.3418274608009124, 2.340434086565427, 2.3385056529231805, 2.3365908290763775, 2.334092581316479, 2.3316390285805566, 2.3288131464903783, 2.3259929562215427, 2.3229865814094537, 2.319978863169667, 2.3169224532147545, 2.315252200861906, 2.313580508771765, 2.311957363672493, 2.3102993456417047, 2.308673797773175, 2.3070125246090964, 2.3054800566210822, 2.3038695037761636, 2.30070419300584, 2.29773822847779, 2.294717159314473, 2.2919362611552945, 2.2890907994891494, 2.2865151337551994, 2.2838267980923312, 2.2814391050164, 2.278918395930091, 2.276711312309075, 2.2743715424096727, 2.272333554820805, 2.270195197207707, 2.268347248563929, 2.26639131822016, 2.264724927635458, 2.262958996050058, 2.261487349093337, 2.2599242624874107, 2.258666368477453, 2.257321459522858, 2.2563020339080087, 2.2552093667137205, 2.2544702301677146, 2.2536710778578897, 2.253266567865396, 2.2528230594184304, 2.2528312615213495], "y": [0.9776371693290812, 0.9749308604966734, 0.9722476288223919, 0.9695641256024885, 0.966968264340283, 0.9643695471020487, 0.9619652721980558, 0.9595657542149462, 0.9575291585946418, 0.9554393763180548, 0.9539432675695442, 0.9524154538135431, 0.9514534977923932, 0.9505111565332728, 0.9500720691554047, 0.949647335395618, 0.9496605427218222, 0.9496677789175676, 0.950220493330278, 0.9507249634080976, 0.9517008807533042, 0.9525996573227565, 0.9539156329677317, 0.9551362730960223, 0.9567376836060797, 0.9582226543461027, 0.9600604421477067, 0.9617772840934526, 0.9638313668343254, 0.9657529157953924, 0.9680029080964916, 0.9701184212589417, 0.9725398843923063, 0.9748427489373804, 0.9774093236298835, 0.9798858438236783, 0.9825923509210298, 0.9852305415491349, 0.9880688000127915, 0.9908566893629143, 0.9938166665016186, 0.9967511425215466, 0.9998303629470022, 1.0028886561044807, 1.0060607229448433, 1.0092253884571263, 1.012467491648395, 1.0157080140435903, 1.0189796273306502, 1.0219894892436758, 1.024974452813197, 1.0279581806565738, 1.0308474406650503, 1.0337365527439135, 1.0364276874635383, 1.039114839691157, 1.0414479540351105, 1.043857341965251, 1.0456546896479093, 1.0475017328366816, 1.048704180333061, 1.0498923662472097, 1.0504641786362432, 1.051007994278568, 1.050986484971361, 1.0508908561699397, 1.0509566843221156, 1.0505490236269392, 1.05032150776977, 1.0499261825858093, 1.049729054839747, 1.049055690922683, 1.0485996244441753, 1.0475566344707379, 1.046036741456159, 1.0446317401897287, 1.0427966672003106, 1.041108308149945, 1.0390314946283674, 1.0371029082586432, 1.034812599153547, 1.0326720001731913, 1.030209294307209, 1.027874395120429, 1.0252719186109869, 1.0227911360325705, 1.0200870758829383, 1.0174606949281662, 1.0146417087897686, 1.0118840352826064, 1.0089587091860501, 1.006081215926294, 1.0030578221614528, 1.0000614914790227, 0.9969393849673208, 0.993841594583574, 0.9906409846377253, 0.9874510442871856, 0.9841874978235555, 0.9809273429356354, 0.9776371693290812]}